"brand","gtin","imageUrl","name","offerDescription","onOffer","price","productUrl","query","scrapedAt","store","unitPrice","unitPriceMeasure","unitSize"
"COWBELLE",,"https://dm.emea.cms.aldi.cx/is/image/aldiprodeu/product/jpg/scaleWidth/232/cf896a43-3b9a-4396-97d3-86ffba627c76/Whole%20Milk%203.6%25%20Fat","Whole Milk 3.6% Fat",,"false","1.65","https://www.aldi.co.uk/product/cowbelle-whole-milk-3-6-fat-000000000000416772","whole milk","2026-04-10T17:57:56.997Z","aldi","0.73","per 1 L","2.272 L"
"COWBELLE",,"https://dm.emea.cms.aldi.cx/is/image/aldiprodeu/product/jpg/scaleWidth/232/2b00d045-24dd-4612-b27e-4ff72888ac4a/Filtered%20British%20Whole%20Milk","Filtered British Whole Milk",,"false","1.75","https://www.aldi.co.uk/product/cowbelle-filtered-british-whole-milk-000000000000423400","whole milk","2026-04-10T17:57:56.997Z","aldi","0.88","per 1 L","2 L"
"COWBELLE",,"https://dm.emea.cms.aldi.cx/is/image/aldiprodeu/product/jpg/scaleWidth/232/6b81977c-9bc2-4837-987e-be9f5f7f8a09/British%20Whole%20Milk%203.7%25%20Fat","British Whole Milk 3.7% Fat",,"false","1.2","https://www.aldi.co.uk/product/cowbelle-british-whole-milk-3-7-fat-000000000417019001","whole milk","2026-04-10T17:57:56.997Z","aldi","1.06","per 1 L","1.136 L"
"COWBELLE",,"https://dm.emea.cms.aldi.cx/is/image/aldiprodeu/product/jpg/scaleWidth/232/5c1acaf4-5c0d-4741-888b-5df17e8898b7/British%20Whole%20Milk%203.7%25%20Fat","British Whole Milk 3.7% Fat",,"false","0.85","https://www.aldi.co.uk/product/cowbelle-british-whole-milk-3-7-fat-000000000417493001","whole milk","2026-04-10T17:57:56.997Z","aldi","1.5","per 1 L","0.568 L"
"THE FOODIE MARKET",,"https://dm.emea.cms.aldi.cx/is/image/aldiprodeu/product/jpg/scaleWidth/232/608e8668-b435-44b2-878e-7c24001f5be7/Whole%20Almonds","Whole Almonds","Was £1.75","true","1.69","https://www.aldi.co.uk/product/the-foodie-market-whole-almonds-000000000000384091","whole milk","2026-04-10T17:57:56.997Z","aldi","8.45","per 1 KG","0.2 KG"
"COWBELLE",,"https://dm.emea.cms.aldi.cx/is/image/aldiprodeu/product/jpg/scaleWidth/232/ac801d8b-1277-411d-9f97-f13a805607a6/UHT%20Semi%20Skimmed%20Milk","UHT Semi Skimmed Milk",,"false","0.99","https://www.aldi.co.uk/product/cowbelle-uht-semi-skimmed-milk-000000000000416563","semi skimmed milk","2026-04-10T17:57:57.367Z","aldi","0.99","per 1 L","1 L"
"COWBELLE",,"https://dm.emea.cms.aldi.cx/is/image/aldiprodeu/product/jpg/scaleWidth/232/fa1bf699-a7a0-40fe-9362-1ce0e46f7434/Semi%20Skimmed%20Milk%201.7%25%20Fat","Semi Skimmed Milk 1.7% Fat",,"false","2.4","https://www.aldi.co.uk/product/cowbelle-semi-skimmed-milk-1-7-fat-000000000000416713","semi skimmed milk","2026-04-10T17:57:57.367Z","aldi","0.7","per 1 L","3.408 L"
"COWBELLE",,"https://dm.emea.cms.aldi.cx/is/image/aldiprodeu/product/jpg/scaleWidth/232/c8b92940-471c-4eff-934e-2776c1b922fb/Semi%20Skimmed%20Milk%201.7%25%20Fat","Semi Skimmed Milk 1.7% Fat",,"false","1.65","https://www.aldi.co.uk/product/cowbelle-semi-skimmed-milk-1-7-fat-000000000000416770","semi skimmed milk","2026-04-10T17:57:57.367Z","aldi","0.73","per 1 L","2.272 L"
"COWBELLE",,"https://dm.emea.cms.aldi.cx/is/image/aldiprodeu/product/jpg/scaleWidth/232/fb259109-9f17-403f-83f8-15a183c4cba5/Filtered%20British%20Semi%20Skimmed%20Milk","Filtered British Semi Skimmed Milk",,"false","1.75","https://www.aldi.co.uk/product/cowbelle-filtered-british-semi-skimmed-milk-000000000000417584","semi skimmed milk","2026-04-10T17:57:57.367Z","aldi","0.88","per 1 L","2 L"
"COWBELLE",,"https://dm.emea.cms.aldi.cx/is/image/aldiprodeu/product/jpg/scaleWidth/232/126b843a-42b1-4eff-bb02-704aa64bf8f7/Organic%20Semi%20Skimmed%20Milk%201.7%25%20Fat","Organic Semi Skimmed Milk 1.7% Fat",,"false","2.09","https://www.aldi.co.uk/product/cowbelle-organic-semi-skimmed-milk-1-7-fat-000000000000423466","semi skimmed milk","2026-04-10T17:57:57.368Z","aldi","0.92","per 1 L","2.272 L"
"COWBELLE",,"https://dm.emea.cms.aldi.cx/is/image/aldiprodeu/product/jpg/scaleWidth/232/ac801d8b-1277-411d-9f97-f13a805607a6/UHT%20Semi%20Skimmed%20Milk","UHT Semi Skimmed Milk",,"false","0.99","https://www.aldi.co.uk/product/cowbelle-uht-semi-skimmed-milk-000000000000416563","skimmed milk","2026-04-10T17:58:03.383Z","aldi","0.99","per 1 L","1 L"
"COWBELLE",,"https://dm.emea.cms.aldi.cx/is/image/aldiprodeu/product/jpg/scaleWidth/232/d5a9ef42-80e2-4dce-a6f2-759326efd0b7/UHT%20Red%20Skimmed%20Milk","UHT Red Skimmed Milk",,"false","0.99","https://www.aldi.co.uk/product/cowbelle-uht-red-skimmed-milk-000000000000416564","skimmed milk","2026-04-10T17:58:03.383Z","aldi","0.99","per 1 L","1 L"
"COWBELLE",,"https://dm.emea.cms.aldi.cx/is/image/aldiprodeu/product/jpg/scaleWidth/232/0fdfa0f4-3845-46af-94f6-9dc8bf11d285/Skimmed%20Milk%200.5%25%20Fat","Skimmed Milk <0.5% Fat",,"false","1.65","https://www.aldi.co.uk/product/cowbelle-skimmed-milk-0-5-fat-000000000000416864","skimmed milk","2026-04-10T17:58:03.383Z","aldi","0.73","per 1 L","2.272 L"
"COWBELLE",,"https://dm.emea.cms.aldi.cx/is/image/aldiprodeu/product/jpg/scaleWidth/232/fa1bf699-a7a0-40fe-9362-1ce0e46f7434/Semi%20Skimmed%20Milk%201.7%25%20Fat","Semi Skimmed Milk 1.7% Fat",,"false","2.4","https://www.aldi.co.uk/product/cowbelle-semi-skimmed-milk-1-7-fat-000000000000416713","skimmed milk","2026-04-10T17:58:03.383Z","aldi","0.7","per 1 L","3.408 L"
"COWBELLE",,"https://dm.emea.cms.aldi.cx/is/image/aldiprodeu/product/jpg/scaleWidth/232/c8b92940-471c-4eff-934e-2776c1b922fb/Semi%20Skimmed%20Milk%201.7%25%20Fat","Semi Skimmed Milk 1.7% Fat",,"false","1.65","https://www.aldi.co.uk/product/cowbelle-semi-skimmed-milk-1-7-fat-000000000000416770","skimmed milk","2026-04-10T17:58:03.383Z","aldi","0.73","per 1 L","2.272 L"
"EVERYDAY ESSENTIALS",,"https://dm.emea.cms.aldi.cx/is/image/aldiprodeu/product/jpg/scaleWidth/232/7d68d27d-a19b-45b1-be0a-415b05426de0/Low%20Fat%20Cottage%20Cheese","Low Fat Cottage Cheese",,"false","0.89","https://www.aldi.co.uk/product/everyday-essentials-low-fat-cottage-cheese-000000000000416217","cottage cheese","2026-04-10T17:58:04.550Z","aldi","2.97","per 1 KG","0.3 KG"
"EMPORIUM",,"https://dm.emea.cms.aldi.cx/is/image/aldiprodeu/product/jpg/scaleWidth/232/d6876544-f565-4a4f-89a8-cbe227130494/Full%20Fat%20Plain%20Cottage%20Cheese","Full Fat Plain Cottage Cheese",,"false","1.39","https://www.aldi.co.uk/product/emporium-full-fat-plain-cottage-cheese-000000000422469001","cottage cheese","2026-04-10T17:58:04.550Z","aldi","4.63","per 1 KG","0.3 KG"
"EMPORIUM",,"https://dm.emea.cms.aldi.cx/is/image/aldiprodeu/product/jpg/scaleWidth/232/55111026-d2e8-4505-8961-65fe7e997572/Fat%20Free%20Plain%20Cottage%20Cheese","Fat Free Plain Cottage Cheese",,"false","1.39","https://www.aldi.co.uk/product/emporium-fat-free-plain-cottage-cheese-000000000422469002","cottage cheese","2026-04-10T17:58:04.550Z","aldi","4.63","per 1 KG","0.3 KG"
"CRESTWOOD",,"https://dm.emea.cms.aldi.cx/is/image/aldiprodeu/product/jpg/scaleWidth/232/aa1bf61d-fb96-4706-95bf-75db85a1e3c7/Cottage%20Pie","Cottage Pie",,"false","5.49","https://www.aldi.co.uk/product/crestwood-cottage-pie-000000000000405555","cottage cheese","2026-04-10T17:58:04.550Z","aldi","4.58","per 1 KG","1.2 KG"
"SPECIALLY SELECTED",,"https://dm.emea.cms.aldi.cx/is/image/aldiprodeu/product/jpg/scaleWidth/232/940ff38c-5a61-4902-9fb7-993c0fa3787b/Cottage%20Pie","Cottage Pie","Was £5.49","true","4.99","https://www.aldi.co.uk/product/specially-selected-cottage-pie-000000000403439001","cottage cheese","2026-04-10T17:58:04.550Z","aldi","6.24","per 1 KG","0.8 KG"
"MEREVALE",,"https://dm.emea.cms.aldi.cx/is/image/aldiprodeu/product/jpg/scaleWidth/232/48bac52d-70a2-44da-bbe6-2e5ec382ec62/Free%20Range%20Eggs%206%20Pack","Free Range Eggs 6 Pack",,"false","0.99","https://www.aldi.co.uk/product/merevale-free-range-eggs-6-pack-000000000000548465","free range eggs","2026-04-10T17:58:14.866Z","aldi","0.17","per 1 Each","6 Each"
"MEREVALE",,"https://dm.emea.cms.aldi.cx/is/image/aldiprodeu/product/jpg/scaleWidth/232/01ca41a4-98a4-44db-8ca6-ecea88de494d/British%20Large%20Free%20Range%20Eggs%206%20Pack","British Large Free Range Eggs 6 Pack",,"false","1.79","https://www.aldi.co.uk/product/merevale-british-large-free-range-eggs-6-pack-000000000000416688","free range eggs","2026-04-10T17:58:14.866Z","aldi","0.3","per 1 Each","6 Each"
"MEREVALE",,"https://dm.emea.cms.aldi.cx/is/image/aldiprodeu/product/jpg/scaleWidth/232/5a12d16b-7c31-4f4a-be67-fcc7a0caeb0c/British%20Medium%20Free%20Range%20Eggs%206%20Pack","British Medium Free Range Eggs 6 Pack",,"false","1.55","https://www.aldi.co.uk/product/merevale-british-medium-free-range-eggs-6-pack-000000000000416701","free range eggs","2026-04-10T17:58:14.866Z","aldi","0.26","per 1 Each","6 Each"
"MEREVALE",,"https://dm.emea.cms.aldi.cx/is/image/aldiprodeu/product/jpg/scaleWidth/232/f5fd44cf-aaf4-40ce-bc79-183829ddb3d6/British%20Large%20Free%20Range%20Eggs%20%2012%20Pack","British Large Free Range Eggs  12 Pack",,"false","2.89","https://www.aldi.co.uk/product/merevale-british-large-free-range-eggs-12-pack-000000000000417009","free range eggs","2026-04-10T17:58:14.866Z","aldi","0.24","per 1 Each","12 Each"
"MEREVALE",,"https://dm.emea.cms.aldi.cx/is/image/aldiprodeu/product/jpg/scaleWidth/232/1f1e9423-aa43-4c8d-a4db-31edfcd21778/British%20Medium%20Free%20Range%20Eggs%2012%20Pack","British Medium Free Range Eggs 12 Pack",,"false","2.49","https://www.aldi.co.uk/product/merevale-british-medium-free-range-eggs-12-pack-000000000000417633","free range eggs","2026-04-10T17:58:14.866Z","aldi","0.21","per 1 Each","12 Each"
"ACTILEAF",,"https://dm.emea.cms.aldi.cx/is/image/aldiprodeu/product/jpg/scaleWidth/232/4a64fd74-dab7-4f7f-96b0-072fc4abe53b/No%20Sugars%20Oat%20Drink","No Sugars Oat Drink",,"false","1.09","https://www.aldi.co.uk/product/actileaf-no-sugars-oat-drink-000000000000633294","oat milk","2026-04-10T17:58:19.069Z","aldi","1.09","per 1 L","1 L"
"ACTILEAF",,"https://dm.emea.cms.aldi.cx/is/image/aldiprodeu/product/jpg/scaleWidth/232/d8cfa282-c33b-4b48-880a-04492a5ad3f9/Barista%20Style%20Oat%20Drink","Barista Style Oat Drink",,"false","1.25","https://www.aldi.co.uk/product/actileaf-barista-style-oat-drink-000000000000417675","oat milk","2026-04-10T17:58:19.069Z","aldi","1.25","per 1 L","1 L"
"ACTILEAF",,"https://dm.emea.cms.aldi.cx/is/image/aldiprodeu/product/jpg/scaleWidth/232/f91f11c0-db27-4dfd-9fb7-70ea9d3409d8/UHT%20Unsweetened%20Almond%20Drink","UHT Unsweetened Almond Drink",,"false","0.99","https://www.aldi.co.uk/product/actileaf-uht-unsweetened-almond-drink-000000000000417610","oat milk","2026-04-10T17:58:19.069Z","aldi","0.99","per 1 L","1 L"
"ACTILEAF",,"https://dm.emea.cms.aldi.cx/is/image/aldiprodeu/product/jpg/scaleWidth/232/8b5eac83-bdb8-423f-85d7-bf07789e7f38/UHT%20Sweetened%20Soya%20Drink","UHT Sweetened Soya Drink",,"false","0.99","https://www.aldi.co.uk/product/actileaf-uht-sweetened-soya-drink-000000000000417611","oat milk","2026-04-10T17:58:19.069Z","aldi","0.99","per 1 L","1 L"
"ACTILEAF",,"https://dm.emea.cms.aldi.cx/is/image/aldiprodeu/product/jpg/scaleWidth/232/4206b2a7-7980-433f-a08b-337e7ceda7f3/UHT%20Unsweetened%20Soya%20Drink","UHT Unsweetened Soya Drink",,"false","0.85","https://www.aldi.co.uk/product/actileaf-uht-unsweetened-soya-drink-000000000000417612","oat milk","2026-04-10T17:58:19.069Z","aldi","0.85","per 1 L","1 L"
"CHOCEUR",,"https://dm.emea.cms.aldi.cx/is/image/aldiprodeu/product/jpg/scaleWidth/232/660be3d3-56fc-4c0d-b03b-97d40d77e06a/Milk%20Almond%20Chocolate","Milk Almond Chocolate",,"false","2.25","https://www.aldi.co.uk/product/choceur-milk-almond-chocolate-000000000297424003","almond milk","2026-04-10T17:58:20.454Z","aldi","11.25","per 1 KG","0.2 KG"
"ACTILEAF",,"https://dm.emea.cms.aldi.cx/is/image/aldiprodeu/product/jpg/scaleWidth/232/f91f11c0-db27-4dfd-9fb7-70ea9d3409d8/UHT%20Unsweetened%20Almond%20Drink","UHT Unsweetened Almond Drink",,"false","0.99","https://www.aldi.co.uk/product/actileaf-uht-unsweetened-almond-drink-000000000000417610","almond milk","2026-04-10T17:58:20.454Z","aldi","0.99","per 1 L","1 L"
"SPECIALLY SELECTED",,"https://dm.emea.cms.aldi.cx/is/image/aldiprodeu/product/jpg/scaleWidth/232/4e6046ea-93e0-48d4-bcf7-34a2d33d8c61/Milk%20Chocolate%20Almonds%20%20Honey%20Swiss%20Mountain%20Bar","Milk Chocolate Almonds & Honey Swiss Mountain Bar","Was £2.29","true","0.99","https://www.aldi.co.uk/product/specially-selected-milk-chocolate-almonds-honey-swiss-mountain-bar-000000000513699001","almond milk","2026-04-10T17:58:20.454Z","aldi","9.9","per 1 KG","0.1 KG"
"THE FOODIE MARKET",,"https://dm.emea.cms.aldi.cx/is/image/aldiprodeu/product/jpg/scaleWidth/232/608e8668-b435-44b2-878e-7c24001f5be7/Whole%20Almonds","Whole Almonds","Was £1.75","true","1.69","https://www.aldi.co.uk/product/the-foodie-market-whole-almonds-000000000000384091","almond milk","2026-04-10T17:58:20.454Z","aldi","8.45","per 1 KG","0.2 KG"
"THE PANTRY",,"https://dm.emea.cms.aldi.cx/is/image/aldiprodeu/product/jpg/scaleWidth/232/8d7512c3-c686-4624-bea7-2f870e47f710/Ground%20Almonds","Ground Almonds",,"false","0.99","https://www.aldi.co.uk/product/the-pantry-ground-almonds-000000000496633001","almond milk","2026-04-10T17:58:20.454Z","aldi","6.6","per 1 KG","0.15 KG"
"NATURE'S PICK",,"https://dm.emea.cms.aldi.cx/is/image/aldiprodeu/product/jpg/scaleWidth/232/07378999-9bce-4375-a805-a09e76e1dd4a/Brown%20Onions","Brown Onions",,"false","0.99","https://www.aldi.co.uk/product/nature-s-pick-brown-onions-000000000000339777","brown onions","2026-04-10T17:58:26.751Z","aldi","0.99","per 1 KG","1 KG"
"NATURE'S PICK",,"https://dm.emea.cms.aldi.cx/is/image/aldiprodeu/product/jpg/scaleWidth/232/125c23db-b235-478e-8a33-d496139d44ca/Large%20Brown%20Onions","Large Brown Onions",,"false","0.95","https://www.aldi.co.uk/product/nature-s-pick-large-brown-onions-000000000000339858","brown onions","2026-04-10T17:58:26.751Z","aldi","0.32","per 1 Each","3 Each"
"EVERYDAY ESSENTIALS",,"https://dm.emea.cms.aldi.cx/is/image/aldiprodeu/product/jpg/scaleWidth/232/e4b2dc71-77b9-4280-a225-b7d838912136/British%20Wonky%20Brown%20Onions","British Wonky Brown Onions",,"false","0.8","https://www.aldi.co.uk/product/everyday-essentials-british-wonky-brown-onions-000000000000339830","brown onions","2026-04-10T17:58:26.751Z","aldi","0.8","per 1 KG","1 KG"
"FOUR SEASONS",,"https://dm.emea.cms.aldi.cx/is/image/aldiprodeu/product/jpg/scaleWidth/232/b58a1a20-6af4-403b-9846-1d22e367228c/Hash%20Browns","Hash Browns",,"false","1.75","https://www.aldi.co.uk/product/four-seasons-hash-browns-000000000000270164","brown onions","2026-04-10T17:58:26.751Z","aldi","2.33","per 1 KG","0.75 KG"
"WORLDWIDE FOODS",,"https://dm.emea.cms.aldi.cx/is/image/aldiprodeu/product/jpg/scaleWidth/232/0b086c40-97e7-43a3-9fd2-79de35942b6e/Brown%20Rice","Brown Rice",,"false","1.39","https://www.aldi.co.uk/product/worldwide-foods-brown-rice-000000000000467442","brown onions","2026-04-10T17:58:26.751Z","aldi","1.39","per 1 KG","1 KG"
"MEREVALE",,"https://dm.emea.cms.aldi.cx/is/image/aldiprodeu/product/jpg/scaleWidth/232/5a12d16b-7c31-4f4a-be67-fcc7a0caeb0c/British%20Medium%20Free%20Range%20Eggs%206%20Pack","British Medium Free Range Eggs 6 Pack",,"false","1.55","https://www.aldi.co.uk/product/merevale-british-medium-free-range-eggs-6-pack-000000000000416701","medium eggs","2026-04-10T17:58:30.377Z","aldi","0.26","per 1 Each","6 Each"
"MEREVALE",,"https://dm.emea.cms.aldi.cx/is/image/aldiprodeu/product/jpg/scaleWidth/232/1f1e9423-aa43-4c8d-a4db-31edfcd21778/British%20Medium%20Free%20Range%20Eggs%2012%20Pack","British Medium Free Range Eggs 12 Pack",,"false","2.49","https://www.aldi.co.uk/product/merevale-british-medium-free-range-eggs-12-pack-000000000000417633","medium eggs","2026-04-10T17:58:30.377Z","aldi","0.21","per 1 Each","12 Each"
"NATURE'S PICK",,"https://dm.emea.cms.aldi.cx/is/image/aldiprodeu/product/jpg/scaleWidth/232/80f3c1fc-9e10-4dea-8681-9097a0252803/Avocado%20Medium","Avocado Medium",,"false","0.69","https://www.aldi.co.uk/product/nature-s-pick-avocado-medium-000000000000672124","medium eggs","2026-04-10T17:58:30.377Z","aldi",,,""
"ASHFIELDS",,"https://dm.emea.cms.aldi.cx/is/image/aldiprodeu/product/jpg/scaleWidth/232/b462a08e-afd8-487f-b997-e0c0cd05f8ed/Medium%20Whole%20Chicken","Medium Whole Chicken",,"false","4.25","https://www.aldi.co.uk/product/ashfields-medium-whole-chicken-000000000000591840","medium eggs","2026-04-10T17:58:30.377Z","aldi","2.74","per 1 KG","1.55 KG"
"BEAUTIFUL BLOOMS",,"https://dm.emea.cms.aldi.cx/is/image/aldiprodeu/product/jpg/scaleWidth/232/72db7539-e760-46cd-8a69-304c66a9bff5/Medium%20Mixed%20Bouquet","Medium Mixed Bouquet",,"false","3.99","https://www.aldi.co.uk/product/beautiful-blooms-medium-mixed-bouquet-000000000422869002","medium eggs","2026-04-10T17:58:30.377Z","aldi","3.99","per 1 Each","1 Each"
"NATURE'S PICK",,"https://dm.emea.cms.aldi.cx/is/image/aldiprodeu/product/jpg/scaleWidth/232/ac0958e5-1625-4764-8d15-69b20e4c9a8f/Red%20Onions","Red Onions",,"false","0.95","https://www.aldi.co.uk/product/nature-s-pick-red-onions-000000000000339914","red onions","2026-04-10T17:58:37.467Z","aldi","0.95","per 1 KG","1 KG"
"NATURE'S PICK",,"https://dm.emea.cms.aldi.cx/is/image/aldiprodeu/product/jpg/scaleWidth/232/e6db7b4e-6383-4d9a-81e3-e6dd83c591a0/Large%20Red%20Onions","Large Red Onions",,"false","0.95","https://www.aldi.co.uk/product/nature-s-pick-large-red-onions-000000000000339862","red onions","2026-04-10T17:58:37.467Z","aldi","0.32","per 1 Each","3 Each"
"SPECIALLY SELECTED",,"https://dm.emea.cms.aldi.cx/is/image/aldiprodeu/product/jpg/scaleWidth/232/92cd2d7c-d0be-446d-bef1-9d846d650660/Caramelised%20Red%20Onion%20Chutney","Caramelised Red Onion Chutney",,"false","1.89","https://www.aldi.co.uk/product/specially-selected-caramelised-red-onion-chutney-000000000335772001","red onions","2026-04-10T17:58:37.467Z","aldi","0.61","per 100 G","310 G"
"SPECIALLY SELECTED",,"https://dm.emea.cms.aldi.cx/is/image/aldiprodeu/product/jpg/scaleWidth/232/cb69f197-2c4d-4f4b-a6c9-908d082b62ef/Red%20Onion%20Baking%20Camembert","Red Onion Baking Camembert","Was £2.99","true","2.49","https://www.aldi.co.uk/product/specially-selected-red-onion-baking-camembert-000000000581629002","red onions","2026-04-10T17:58:37.467Z","aldi","8.89","per 1 KG","0.28 KG"
"SPECIALLY SELECTED",,"https://dm.emea.cms.aldi.cx/is/image/aldiprodeu/product/jpg/scaleWidth/232/bef5e6e2-a029-4a3c-b485-2020f947027d/Caramelised%20Red%20Onion%20Flavoured%20Pork%20Burgers","Caramelised Red Onion Flavoured Pork Burgers",,"false","1.99","https://www.aldi.co.uk/product/specially-selected-caramelised-red-onion-flavoured-pork-burgers-000000000637595002","red onions","2026-04-10T17:58:37.467Z","aldi","6.63","per 1 KG","0.3 KG"
"ASIA SPECIALITIES",,"https://dm.emea.cms.aldi.cx/is/image/aldiprodeu/product/jpg/scaleWidth/232/a19ab66f-929d-462d-a140-740c20949a9b/Dark%20Soy%20Sauce","Dark Soy Sauce",,"false","0.55","https://www.aldi.co.uk/product/asia-specialities-dark-soy-sauce-000000000334630001","soy milk","2026-04-10T17:58:44.586Z","aldi","3.67","per 1 L","0.15 L"
"ASIA SPECIALITIES",,"https://dm.emea.cms.aldi.cx/is/image/aldiprodeu/product/jpg/scaleWidth/232/1fc6124e-4971-4756-8115-744afd26e58d/Light%20Soy%20Sauce","Light Soy Sauce",,"false","0.55","https://www.aldi.co.uk/product/asia-specialities-light-soy-sauce-000000000334630002","soy milk","2026-04-10T17:58:44.586Z","aldi","3.67","per 1 L","0.15 L"
"THE FISHMONGER",,"https://dm.emea.cms.aldi.cx/is/image/aldiprodeu/product/jpg/scaleWidth/232/cf605880-f8e5-4b0d-8f79-6599955eb218/Soy%20%20Ginger%20Fusions%20Tuna","Soy & Ginger Fusions Tuna",,"false","0.89","https://www.aldi.co.uk/product/the-fishmonger-soy-ginger-fusions-tuna-000000000262127003","soy milk","2026-04-10T17:58:44.586Z","aldi","11.13","per 1 KG","0.08 KG"
"READY, SET…COOK!",,"https://dm.emea.cms.aldi.cx/is/image/aldiprodeu/product/jpg/scaleWidth/232/27f43a17-b9e3-4ba5-8b69-34ae360b26e9/Khao%20Soi%20Meal%20Kit","Khao Soi Meal Kit",,"false","2.25","https://www.aldi.co.uk/product/ready-set-cook-khao-soi-meal-kit-000000000336498002","soy milk","2026-04-10T17:58:44.586Z","aldi","0.86","per 100 G","262 G"
"BELMONT",,"https://dm.emea.cms.aldi.cx/is/image/aldiprodeu/product/jpg/scaleWidth/232/5bbdd2b1-f87e-4c8b-aa8b-d27407c5224d/Milk%20Chocolate%20Malted%20Milk%20Biscuits","Milk Chocolate Malted Milk Biscuits",,"false","1.29","https://www.aldi.co.uk/product/belmont-milk-chocolate-malted-milk-biscuits-000000000000467832","soy milk","2026-04-10T17:58:44.586Z","aldi","0.52","per 100 G","250 G"
"NATURE'S PICK",,"https://dm.emea.cms.aldi.cx/is/image/aldiprodeu/product/jpg/scaleWidth/232/c781def0-558d-4cf4-9153-5a5380c32ddd/Spring%20Onions","Spring Onions",,"false","0.69","https://www.aldi.co.uk/product/nature-s-pick-spring-onions-000000000000339978","spring onions","2026-04-10T17:58:51.888Z","aldi","6.9","per 1 KG","0.1 KG"
"NATURE'S PICK",,"https://dm.emea.cms.aldi.cx/is/image/aldiprodeu/product/jpg/scaleWidth/232/8f3d552f-f6fc-4bac-a1fc-c09b8f5eb72f/Jumbo%20Spring%20Onions","Jumbo Spring Onions",,"false","0.89","https://www.aldi.co.uk/product/nature-s-pick-jumbo-spring-onions-000000000000339855","spring onions","2026-04-10T17:58:51.888Z","aldi","6.85","per 1 KG","0.13 KG"
"NATURE'S PICK",,"https://dm.emea.cms.aldi.cx/is/image/aldiprodeu/product/jpg/scaleWidth/232/07378999-9bce-4375-a805-a09e76e1dd4a/Brown%20Onions","Brown Onions",,"false","0.99","https://www.aldi.co.uk/product/nature-s-pick-brown-onions-000000000000339777","spring onions","2026-04-10T17:58:51.888Z","aldi","0.99","per 1 KG","1 KG"
"NATURE'S PICK",,"https://dm.emea.cms.aldi.cx/is/image/aldiprodeu/product/jpg/scaleWidth/232/ac0958e5-1625-4764-8d15-69b20e4c9a8f/Red%20Onions","Red Onions",,"false","0.95","https://www.aldi.co.uk/product/nature-s-pick-red-onions-000000000000339914","spring onions","2026-04-10T17:58:51.888Z","aldi","0.95","per 1 KG","1 KG"
"READY, SET…COOK!",,"https://dm.emea.cms.aldi.cx/is/image/aldiprodeu/product/jpg/scaleWidth/232/f6178548-16fc-446e-b747-b5b70b9f4340/Onion%20Granules","Onion Granules",,"false","0.65","https://www.aldi.co.uk/product/ready-set-cook-onion-granules-000000000000490854","spring onions","2026-04-10T17:58:51.888Z","aldi","0.18","per 10 G","36 G"
"MEREVALE",,"https://dm.emea.cms.aldi.cx/is/image/aldiprodeu/product/jpg/scaleWidth/232/e43e7551-3f17-4d69-9be5-79bcb7129041/British%20Organic%20Eggs%206%20Pack","British Organic Eggs 6 Pack",,"false","2.25","https://www.aldi.co.uk/product/merevale-british-organic-eggs-6-pack-000000000000417565","organic eggs","2026-04-10T17:58:59.341Z","aldi","0.38","per 1 Pack","6 Pack"
"ORGANIC",,"https://dm.emea.cms.aldi.cx/is/image/aldiprodeu/product/jpg/scaleWidth/232/a4df215b-6001-4630-a38c-bad9184ebb3a/Organic%20Carrots","Organic Carrots",,"false","1.09","https://www.aldi.co.uk/product/organic-organic-carrots-000000000000632823","organic eggs","2026-04-10T17:58:59.341Z","aldi","1.56","per 1 KG","0.7 KG"
"SPECIALLY SELECTED",,"https://dm.emea.cms.aldi.cx/is/image/aldiprodeu/product/jpg/scaleWidth/232/967e2f79-2ee8-4530-8cc8-9da499c32a3c/Egg%20Tagliatelle","Egg Tagliatelle",,"false","1.45","https://www.aldi.co.uk/product/specially-selected-egg-tagliatelle-000000000000476098","organic eggs","2026-04-10T17:58:59.341Z","aldi","2.9","per 1 KG","0.5 KG"
"CUCINA",,"https://dm.emea.cms.aldi.cx/is/image/aldiprodeu/product/jpg/scaleWidth/232/a329d78d-8d58-4c7e-906a-551794511554/Egg%20Pappardelle","Egg Pappardelle",,"false","1.19","https://www.aldi.co.uk/product/cucina-egg-pappardelle-000000000000624961","organic eggs","2026-04-10T17:58:59.341Z","aldi","4.76","per 1 KG","0.25 KG"
"KAVANAGH'S",,"https://dm.emea.cms.aldi.cx/is/image/aldiprodeu/product/jpg/scaleWidth/232/cbd2a86f-bc39-4f6c-9f70-29a4d6247ad4/Organic%20Porridge%20Oats","Organic Porridge Oats",,"false","2.25","https://www.aldi.co.uk/product/kavanagh-s-organic-porridge-oats-000000000000336884","organic eggs","2026-04-10T17:58:59.341Z","aldi","0.23","per 100 G","1,000 G"
"COWBELLE",,"https://dm.emea.cms.aldi.cx/is/image/aldiprodeu/product/jpg/scaleWidth/232/ce2b1081-ea01-4f4e-b131-6e67664d72c3/Lactose%20Free%20Milk","Lactose Free Milk",,"false","0.99","https://www.aldi.co.uk/product/cowbelle-lactose-free-milk-000000000000422329","lactose free milk","2026-04-10T17:59:02.101Z","aldi","0.99","per 1 L","1 L"
"BELMONT",,"https://dm.emea.cms.aldi.cx/is/image/aldiprodeu/product/jpg/scaleWidth/232/5bbdd2b1-f87e-4c8b-aa8b-d27407c5224d/Milk%20Chocolate%20Malted%20Milk%20Biscuits","Milk Chocolate Malted Milk Biscuits",,"false","1.29","https://www.aldi.co.uk/product/belmont-milk-chocolate-malted-milk-biscuits-000000000000467832","lactose free milk","2026-04-10T17:59:02.101Z","aldi","0.52","per 100 G","250 G"
"DESSERT MENU",,"https://dm.emea.cms.aldi.cx/is/image/aldiprodeu/product/jpg/scaleWidth/232/b37d6374-3e77-47e7-b1ee-373dab35162f/Evaporated%20Milk","Evaporated Milk",,"false","0.55","https://www.aldi.co.uk/product/dessert-menu-evaporated-milk-000000000000335591","lactose free milk","2026-04-10T17:59:02.101Z","aldi","0.13","per 100 G","410 G"
"CHOCEUR",,"https://dm.emea.cms.aldi.cx/is/image/aldiprodeu/product/jpg/scaleWidth/232/afc13a71-d4ed-4e8a-8d29-98e3a8eecdc5/Milk%20Chocolate","Milk Chocolate",,"false","2.25","https://www.aldi.co.uk/product/choceur-milk-chocolate-000000000297448002","lactose free milk","2026-04-10T17:59:02.101Z","aldi","11.25","per 1 KG","0.2 KG"
"DAIRYFINE",,"https://dm.emea.cms.aldi.cx/is/image/aldiprodeu/product/jpg/scaleWidth/232/63820525-b157-4bee-8272-8e2391e0c0ca/Milk%20Chocolate","Milk Chocolate",,"false","1.95","https://www.aldi.co.uk/product/dairyfine-milk-chocolate-000000000307934001","lactose free milk","2026-04-10T17:59:02.101Z","aldi","0.98","per 100 G","200 G"
"SPECIALLY SELECTED",,"https://dm.emea.cms.aldi.cx/is/image/aldiprodeu/product/jpg/scaleWidth/232/d113e843-a346-4743-bddd-88ba0ae27bef/West%20Country%20Salted%20Butter","West Country Salted Butter",,"false","2.29","https://www.aldi.co.uk/product/specially-selected-west-country-salted-butter-000000000000416405","salted butter","2026-04-10T17:59:15.274Z","aldi","9.16","per 1 KG","0.25 KG"
"COWBELLE",,"https://dm.emea.cms.aldi.cx/is/image/aldiprodeu/product/jpg/scaleWidth/232/c40772f3-a397-4b30-ade0-c052ccd3a585/British%20Salted%20Butter%20250g","British Salted Butter 250g",,"false","1.99","https://www.aldi.co.uk/product/cowbelle-british-salted-butter-250g-000000000000416554","salted butter","2026-04-10T17:59:15.274Z","aldi","7.96","per 1 KG","0.25 KG"
"FOUR SEASONS",,"https://dm.emea.cms.aldi.cx/is/image/aldiprodeu/product/jpg/scaleWidth/232/dd3d896a-00f7-4d1c-bd01-6afdfc3f4cdb/Salt%20%20Pepper%20Parmentier%20Potatoes%20Coated%20in%20Butter%20with%20Salt%20%20Crushed%20Black%20Pepper","Salt & Pepper Parmentier Potatoes Coated in Butter with Salt & Crushed Black Pepper",,"false","1.89","https://www.aldi.co.uk/product/four-seasons-salt-pepper-parmentier-potatoes-coated-in-butter-with-salt-crushed-black-pepper-000000000484614004","salted butter","2026-04-10T17:59:15.274Z","aldi","3.78","per 1 KG","0.5 KG"
"NORDPAK",,"https://dm.emea.cms.aldi.cx/is/image/aldiprodeu/product/jpg/scaleWidth/232/5155de8a-8fe7-4fa1-9218-7486f42ad2aa/Slightly%20Salted%20Spreadable%20Butter%20Blended%20with%20Rapeseed%20Oil","Slightly Salted Spreadable Butter Blended with Rapeseed Oil",,"false","2.18","https://www.aldi.co.uk/product/nordpak-slightly-salted-spreadable-butter-blended-with-rapeseed-oil-000000000000423841","salted butter","2026-04-10T17:59:15.274Z","aldi","4.36","per 1 KG","0.5 KG"
"FOUR SEASONS",,"https://dm.emea.cms.aldi.cx/is/image/aldiprodeu/product/jpg/scaleWidth/232/3daa3b0c-0b50-45fa-ba5e-84710895fe9b/Garlic%20%20Herb%20Parmentier%20Potatoes%20with%20Salted%20Parsley%20Butter","Garlic & Herb Parmentier Potatoes with Salted Parsley Butter",,"false","1.89","https://www.aldi.co.uk/product/four-seasons-garlic-herb-parmentier-potatoes-with-salted-parsley-butter-000000000484614002","salted butter","2026-04-10T17:59:15.274Z","aldi","3.78","per 1 KG","0.5 KG"
"BROOKLEA",,"https://dm.emea.cms.aldi.cx/is/image/aldiprodeu/product/jpg/scaleWidth/232/6060eb94-d0c5-4a06-a869-13513fa97f0b/Mango%20Authentic%20Greek%20Yogurt","Mango Authentic Greek Yogurt",,"false","0.89","https://www.aldi.co.uk/product/brooklea-mango-authentic-greek-yogurt-000000000423873006","greek yoghurt","2026-04-10T17:59:16.073Z","aldi","0.59","per 100 G","150 G"
"BROOKLEA",,"https://dm.emea.cms.aldi.cx/is/image/aldiprodeu/product/jpg/scaleWidth/232/19979a7e-6fa6-438f-a891-5a647b42bce9/Honey%20Authentic%20Greek%20Yogurt","Honey Authentic Greek Yogurt",,"false","0.89","https://www.aldi.co.uk/product/brooklea-honey-authentic-greek-yogurt-000000000423873007","greek yoghurt","2026-04-10T17:59:16.073Z","aldi","0.59","per 100 G","150 G"
"BROOKLEA",,"https://dm.emea.cms.aldi.cx/is/image/aldiprodeu/product/jpg/scaleWidth/232/b85c03fe-e746-4944-aefd-ed53ed7476aa/Greek%20Yoghurt%200%25%20Fat","Greek Yoghurt 0% Fat",,"false","1.99","https://www.aldi.co.uk/product/brooklea-greek-yoghurt-0-fat-000000000000268889","greek yoghurt","2026-04-10T17:59:16.073Z","aldi","0.4","per 100 G","500 G"
"LYTTOS",,"https://dm.emea.cms.aldi.cx/is/image/aldiprodeu/product/jpg/scaleWidth/232/9174a1df-acca-4431-a67c-58a60223edae/Greek%20Yoghurt%2010%25%20Fat","Greek Yoghurt 10% Fat",,"false","1.99","https://www.aldi.co.uk/product/lyttos-greek-yoghurt-10-fat-000000000000268881","greek yoghurt","2026-04-10T17:59:16.073Z","aldi","0.4","per 100 G","500 G"
"BROOKLEA",,"https://dm.emea.cms.aldi.cx/is/image/aldiprodeu/product/jpg/scaleWidth/232/41ea8fe0-bf06-4449-a298-2674181bae39/Vanilla%20Flavoured%20Authentic%20Greek%20Yogurt","Vanilla Flavoured Authentic Greek Yogurt",,"false","0.89","https://www.aldi.co.uk/product/brooklea-vanilla-flavoured-authentic-greek-yogurt-000000000423873002","greek yoghurt","2026-04-10T17:59:16.073Z","aldi","0.59","per 100 G","150 G"
"VILLAGE BAKERY",,"https://dm.emea.cms.aldi.cx/is/image/aldiprodeu/product/jpg/scaleWidth/232/d5883ec8-de92-43c0-bb3f-28e5eee3a0ad/Original%20Bagels","Original Bagels",,"false","0.99","https://www.aldi.co.uk/product/village-bakery-original-bagels-000000000000383950","bagels","2026-04-10T17:59:26.975Z","aldi","0.2","per 1 Each","5 Each"
"VILLAGE BAKERY",,"https://dm.emea.cms.aldi.cx/is/image/aldiprodeu/product/jpg/scaleWidth/232/cd97ce09-1e5f-4673-819e-380c6b7ab889/Original%20Bagel%20Thins","Original Bagel Thins",,"false","1.19","https://www.aldi.co.uk/product/village-bakery-original-bagel-thins-000000000000381861","bagels","2026-04-10T17:59:26.975Z","aldi","0.2","per 1 Each","6 Each"
"VILLAGE BAKERY",,"https://dm.emea.cms.aldi.cx/is/image/aldiprodeu/product/jpg/scaleWidth/232/0313774a-30c6-4581-95e6-4ba61eb04779/High%20Protein%20Bagel%20Thins","High Protein Bagel Thins",,"false","1.19","https://www.aldi.co.uk/product/village-bakery-high-protein-bagel-thins-000000000000557400","bagels","2026-04-10T17:59:26.975Z","aldi","0.3","per 1 Each","4 Each"
"VILLAGE BAKERY",,"https://dm.emea.cms.aldi.cx/is/image/aldiprodeu/product/jpg/scaleWidth/232/2c555717-2b30-4cbc-bdef-1f359ee93557/Sesame%20Bagels%205%20Pack","Sesame Bagels 5 Pack",,"false","0.99","https://www.aldi.co.uk/product/village-bakery-sesame-bagels-5-pack-000000000660665001","bagels","2026-04-10T17:59:26.975Z","aldi","0.2","per 1 Each","5 Each"
"VILLAGE BAKERY",,"https://dm.emea.cms.aldi.cx/is/image/aldiprodeu/product/jpg/scaleWidth/232/2921ea9c-8d69-45ff-b060-501ef85345bf/Cinnamon%20%20Raisin%20Bagels%205%20Pack","Cinnamon & Raisin Bagels 5 Pack",,"false","0.99","https://www.aldi.co.uk/product/village-bakery-cinnamon-raisin-bagels-5-pack-000000000660665002","bagels","2026-04-10T17:59:26.975Z","aldi","0.2","per 1 Each","5 Each"
"NATURE'S PICK",,"https://dm.emea.cms.aldi.cx/is/image/aldiprodeu/product/jpg/scaleWidth/232/03bbd6b8-dc1e-41d5-bfad-f599ed2af19a/Garlic","Garlic",,"false","0.87","https://www.aldi.co.uk/product/nature-s-pick-garlic-000000000000273810","garlic","2026-04-10T17:59:27.275Z","aldi","0.22","per 1 Each","4 Each"
"NATURE'S PICK",,"https://dm.emea.cms.aldi.cx/is/image/aldiprodeu/product/jpg/scaleWidth/232/7c3c9db5-0774-4ea6-ac52-a0fabe422350/Loose%20Garlic","Loose Garlic",,"false","0.42","https://www.aldi.co.uk/product/nature-s-pick-loose-garlic-000000000000618715","garlic","2026-04-10T17:59:27.275Z","aldi","0.42","per 1 Each","1 Each"
"CARLOS",,"https://dm.emea.cms.aldi.cx/is/image/aldiprodeu/product/jpg/scaleWidth/232/2db4936d-59c4-4ba8-991d-64ee608b0487/Garlic%20Flatbread","Garlic Flatbread",,"false","1.65","https://www.aldi.co.uk/product/carlos-garlic-flatbread-000000000538848001","garlic","2026-04-10T17:59:27.275Z","aldi","0.66","per 100 G","250 G"
"READY, SET…COOK!",,"https://dm.emea.cms.aldi.cx/is/image/aldiprodeu/product/jpg/scaleWidth/232/1662e928-04c2-4ad1-a75b-6407b9f342b1/Garlic%20Granules","Garlic Granules",,"false","0.69","https://www.aldi.co.uk/product/ready-set-cook-garlic-granules-000000000000335924","garlic","2026-04-10T17:59:27.275Z","aldi","0.13","per 10 G","52 G"
"READY, SET…COOK!",,"https://dm.emea.cms.aldi.cx/is/image/aldiprodeu/product/jpg/scaleWidth/232/36c7133a-8e25-4ab3-8256-32042c7d54fe/Garlic%20Pure","Garlic Purée",,"false","0.85","https://www.aldi.co.uk/product/ready-set-cook-garlic-puree-000000000445707001","garlic","2026-04-10T17:59:27.275Z","aldi","11.33","per 1 KG","0.075 KG"
"NATURE'S PICK",,"https://dm.emea.cms.aldi.cx/is/image/aldiprodeu/product/jpg/scaleWidth/232/26b331a0-b0c2-45d6-b930-3ffd635446b7/Ginger","Ginger",,"false","0.99","https://www.aldi.co.uk/product/nature-s-pick-ginger-000000000000266261","ginger root","2026-04-10T17:59:34.205Z","aldi","7.92","per 1 KG","0.125 KG"
"BELMONT",,"https://dm.emea.cms.aldi.cx/is/image/aldiprodeu/product/jpg/scaleWidth/232/887b8534-0396-42a6-a426-f5d365300e24/Ginger%20Nuts","Ginger Nuts",,"false","0.59","https://www.aldi.co.uk/product/belmont-ginger-nuts-000000000000382265","ginger root","2026-04-10T17:59:34.205Z","aldi","0.2","per 100 G","300 G"
"PETERS CRAFT BAKERY",,"https://dm.emea.cms.aldi.cx/is/image/aldiprodeu/product/jpg/scaleWidth/232/6188fda3-bcc3-41ab-851c-4fd4e98dfbc3/Ginger%20Parkin","Ginger Parkin",,"false","1.19","https://www.aldi.co.uk/product/peters-craft-bakery-ginger-parkin-000000000000383134","ginger root","2026-04-10T17:59:34.205Z","aldi","0.2","per 1 Each","6 Each"
"READY, SET…COOK!",,"https://dm.emea.cms.aldi.cx/is/image/aldiprodeu/product/jpg/scaleWidth/232/aedefa38-cbc0-4520-b4ef-374bd94e21fc/Ginger%20Pure","Ginger Purée",,"false","0.85","https://www.aldi.co.uk/product/ready-set-cook-ginger-puree-000000000445707003","ginger root","2026-04-10T17:59:34.205Z","aldi","11.33","per 1 KG","0.075 KG"
"SPECIALLY SELECTED",,"https://dm.emea.cms.aldi.cx/is/image/aldiprodeu/product/jpg/scaleWidth/232/f0d4b23f-66d6-45cf-aec3-0f2b3d002d89/Stem%20Ginger%20Cookies","Stem Ginger Cookies",,"false","1.99","https://www.aldi.co.uk/product/specially-selected-stem-ginger-cookies-000000000383318006","ginger root","2026-04-10T17:59:34.205Z","aldi","9.95","per 1 KG","0.2 KG"
"BON APPETIT!",,"https://dm.emea.cms.aldi.cx/is/image/aldiprodeu/product/jpg/scaleWidth/232/98e178a2-c662-485a-ad23-991e973277f7/Croissants","Croissants",,"false","1.49","https://www.aldi.co.uk/product/bon-appetit-croissants-000000000000381932","croissants","2026-04-10T17:59:42.771Z","aldi","0.19","per 1 Each","8 Each"
"SPECIALLY SELECTED",,"https://dm.emea.cms.aldi.cx/is/image/aldiprodeu/product/jpg/scaleWidth/232/bdb9521c-dfe4-418f-ab50-a6529b34886e/All%20Butter%20Croissants","All Butter Croissants",,"false","2.09","https://www.aldi.co.uk/product/specially-selected-all-butter-croissants-000000000000387544","croissants","2026-04-10T17:59:42.771Z","aldi","0.52","per 1 Each","4 Each"
"BON APPETIT!",,"https://dm.emea.cms.aldi.cx/is/image/aldiprodeu/product/jpg/scaleWidth/232/78903b4d-9f7a-4d3b-a796-d0738621be31/Bake%20from%20Frozen%20All%20Butter%20Croissants%208%20Pack","Bake from Frozen All Butter Croissants 8 Pack",,"false","2.79","https://www.aldi.co.uk/product/bon-appetit-bake-from-frozen-all-butter-croissants-8-pack-000000000367456001","croissants","2026-04-10T17:59:42.771Z","aldi","0.63","per 100 G","440 G"
"HOTEL COLLECTION",,"https://dm.emea.cms.aldi.cx/is/image/aldiprodeu/product/jpg/scaleWidth/232/0673b394-0d76-4214-a9d0-61842bc4a7e0/Parisian%20Classics%20Candle","Parisian Classics Candle",,"false","2.99","https://www.aldi.co.uk/product/hotel-collection-parisian-classics-candle-000000000704243003","croissants","2026-04-10T17:59:42.771Z","aldi","13.59","per 1 KG","0.22 KG"
"DOMINION",,"https://dm.emea.cms.aldi.cx/is/image/aldiprodeu/product/jpg/scaleWidth/232/1e9f8e97-8094-4e3b-adcd-aa431ba9ba8b/Butter%20Mintoes","Butter Mintoes",,"false","0.89","https://www.aldi.co.uk/product/dominion-butter-mintoes-000000000405520001","unsalted butter","2026-04-10T17:59:49.954Z","aldi","3.96","per 1 KG","0.225 KG"
"SPECIALLY SELECTED DINE IN",,"https://dm.emea.cms.aldi.cx/is/image/aldiprodeu/product/jpg/scaleWidth/232/7239c084-9ddb-46c9-a4c1-7e4ed8047101/Butter%20Chicken","Butter Chicken",,"false","3.99","https://www.aldi.co.uk/product/specially-selected-dine-in-butter-chicken-000000000404198005","unsalted butter","2026-04-10T17:59:49.954Z","aldi","8.67","per 1 KG","0.46 KG"
"BELMONT",,"https://dm.emea.cms.aldi.cx/is/image/aldiprodeu/product/jpg/scaleWidth/232/ce8e8da5-9edd-41c6-a1cd-abef22de6242/Danish%20Butter%20Cookies","Danish Butter Cookies",,"false","0.06","https://www.aldi.co.uk/product/belmont-danish-butter-cookies-000000000000265509","unsalted butter","2026-04-10T17:59:49.954Z","aldi","0.02","per 100 G","340 G"
"SPECIALLY SELECTED",,"https://dm.emea.cms.aldi.cx/is/image/aldiprodeu/product/jpg/scaleWidth/232/bdb9521c-dfe4-418f-ab50-a6529b34886e/All%20Butter%20Croissants","All Butter Croissants",,"false","2.09","https://www.aldi.co.uk/product/specially-selected-all-butter-croissants-000000000000387544","unsalted butter","2026-04-10T17:59:49.954Z","aldi","0.52","per 1 Each","4 Each"
"SPECIALLY SELECTED",,"https://dm.emea.cms.aldi.cx/is/image/aldiprodeu/product/jpg/scaleWidth/232/ab58b72c-e265-4d8f-8df2-70d174bd8d3f/Ranch%20Steaks%20with%20Butters","Ranch Steaks with Butters",,"false","5.99","https://www.aldi.co.uk/product/specially-selected-ranch-steaks-with-butters-000000000000678480","unsalted butter","2026-04-10T17:59:49.954Z","aldi","18.72","per 1 KG","0.32 KG"
"EVERYDAY ESSENTIALS",,"https://dm.emea.cms.aldi.cx/is/image/aldiprodeu/product/jpg/scaleWidth/232/12d26ef7-8cea-4eb8-b9fa-3c817896a56a/Fat%20Free%20Natural%20Yogurt","Fat Free Natural Yogurt",,"false","0.55","https://www.aldi.co.uk/product/everyday-essentials-fat-free-natural-yogurt-000000000000416735","natural yoghurt","2026-04-10T17:59:56.181Z","aldi","0.11","per 100 G","500 G"
"GRAHAM'S THE FAMILY DAIRY",,"https://dm.emea.cms.aldi.cx/is/image/aldiprodeu/product/jpg/scaleWidth/232/fba0fdaa-d7a0-4317-bbdf-bfc9c34eed21/Natural%20Kefir%20Yogurt","Natural Kefir Yogurt",,"false","1.09","https://www.aldi.co.uk/product/graham-s-the-family-dairy-natural-kefir-yogurt-000000000423298001","natural yoghurt","2026-04-10T17:59:56.181Z","aldi","0.31","per 100 G","350 G"
"BIO-TIFUL DAIRY LTD",,"https://dm.emea.cms.aldi.cx/is/image/aldiprodeu/product/jpg/scaleWidth/232/7f1556a8-9053-4d15-8c8a-52256b6c4d51/Natural%20Kefir%20Drink","Natural Kefir Drink",,"false","2.09","https://www.aldi.co.uk/product/bio-tiful-dairy-ltd-natural-kefir-drink-000000000572598002","natural yoghurt","2026-04-10T17:59:56.181Z","aldi","2.79","per 1 L","0.75 L"
"SPECIALLY SELECTED",,"https://dm.emea.cms.aldi.cx/is/image/aldiprodeu/product/jpg/scaleWidth/232/775fb49f-7f3f-4f74-83fa-dc2e29a18059/Cherry%20Farmhouse%20Yogurt","Cherry Farmhouse Yogurt",,"false","0.75","https://www.aldi.co.uk/product/specially-selected-cherry-farmhouse-yogurt-000000000416149002","natural yoghurt","2026-04-10T17:59:56.181Z","aldi","0.6","per 100 G","125 G"
"BROOKLEA",,"https://dm.emea.cms.aldi.cx/is/image/aldiprodeu/product/jpg/scaleWidth/232/0a6ac6ba-b10d-4133-99a8-1bebb7279b78/Raspberry%20Protein%20Yogurt","Raspberry Protein Yogurt",,"false","0.75","https://www.aldi.co.uk/product/brooklea-raspberry-protein-yogurt-000000000422420003","natural yoghurt","2026-04-10T17:59:56.181Z","aldi","0.38","per 100 G","200 G"
"SPECIALLY SELECTED",,"https://dm.emea.cms.aldi.cx/is/image/aldiprodeu/product/jpg/scaleWidth/232/ec942bee-693f-44fa-b2c6-40993e44f4f3/Sliced%20Brioche%20Burger%20Buns","Sliced Brioche Burger Buns",,"false","1.09","https://www.aldi.co.uk/product/specially-selected-sliced-brioche-burger-buns-000000000000310384","burger buns","2026-04-10T18:00:07.961Z","aldi","0.27","per 1 Each","4 Each"
"SPECIALLY SELECTED",,"https://dm.emea.cms.aldi.cx/is/image/aldiprodeu/product/jpg/scaleWidth/232/1c8256d3-c827-4bd5-8f8d-900edde10fdf/Seeded%20Brioche%20Burger%20Bun","Seeded Brioche Burger Bun",,"false","1.09","https://www.aldi.co.uk/product/specially-selected-seeded-brioche-burger-bun-000000000000310386","burger buns","2026-04-10T18:00:07.961Z","aldi","0.27","per 1 Each","4 Each"
"VILLAGE BAKERY",,"https://dm.emea.cms.aldi.cx/is/image/aldiprodeu/product/jpg/scaleWidth/232/d3d2873a-0050-4382-9024-295d051d500b/Sliced%20Plain%20Burger%20Buns","Sliced Plain Burger Buns",,"false","1.29","https://www.aldi.co.uk/product/village-bakery-sliced-plain-burger-buns-000000000538283001","burger buns","2026-04-10T18:00:07.961Z","aldi","0.22","per 1 Each","6 Each"
"VILLAGE BAKERY",,"https://dm.emea.cms.aldi.cx/is/image/aldiprodeu/product/jpg/scaleWidth/232/003e3b32-269a-4ab1-8dbe-419b05c1b7d1/Sliced%20Seeded%20Burger%20Buns%206%20Pack","Sliced Seeded Burger Buns 6 Pack",,"false","1.29","https://www.aldi.co.uk/product/village-bakery-sliced-seeded-burger-buns-6-pack-000000000538283002","burger buns","2026-04-10T18:00:07.961Z","aldi","0.22","per 1 Each","6 Each"
"VILLAGE BAKERY",,"https://dm.emea.cms.aldi.cx/is/image/aldiprodeu/product/jpg/scaleWidth/232/b70e3997-9d8f-4809-bc0e-2c4a5eeac0d0/Belgian%20Buns","Belgian Buns",,"false","1.49","https://www.aldi.co.uk/product/village-bakery-belgian-buns-000000000000381674","burger buns","2026-04-10T18:00:07.961Z","aldi","0.75","per 1 Each","2 Each"
"NATURE'S PICK",,"https://dm.emea.cms.aldi.cx/is/image/aldiprodeu/product/jpg/scaleWidth/232/e0b4096b-db88-446b-a58d-5e587fcdb77a/Carrots","Carrots",,"false","0.69","https://www.aldi.co.uk/product/nature-s-pick-carrots-000000000000339791","carrots","2026-04-10T18:00:11.835Z","aldi","0.69","per 1 KG","1 KG"
"NATURE'S PICK",,"https://dm.emea.cms.aldi.cx/is/image/aldiprodeu/product/jpg/scaleWidth/232/ee92714c-4b52-4ed1-9771-87a7afcc85fe/British%20Carrots","British Carrots",,"false","0.44","https://www.aldi.co.uk/product/nature-s-pick-british-carrots-000000000000339792","carrots","2026-04-10T18:00:11.835Z","aldi","0.88","per 1 KG","0.5 KG"
"ORGANIC",,"https://dm.emea.cms.aldi.cx/is/image/aldiprodeu/product/jpg/scaleWidth/232/a4df215b-6001-4630-a38c-bad9184ebb3a/Organic%20Carrots","Organic Carrots",,"false","1.09","https://www.aldi.co.uk/product/organic-organic-carrots-000000000000632823","carrots","2026-04-10T18:00:11.835Z","aldi","1.56","per 1 KG","0.7 KG"
"FOUR SEASONS",,"https://dm.emea.cms.aldi.cx/is/image/aldiprodeu/product/jpg/scaleWidth/232/7959cb9d-60f4-4c41-9857-59246f154e54/Sliced%20Carrots%20in%20Water","Sliced Carrots in Water",,"false","0.49","https://www.aldi.co.uk/product/four-seasons-sliced-carrots-in-water-000000000000335759","carrots","2026-04-10T18:00:11.835Z","aldi","0.16","per 100 G","300 G"
"NATURE'S PICK",,"https://dm.emea.cms.aldi.cx/is/image/aldiprodeu/product/jpg/scaleWidth/232/3e335fac-d953-4ce1-a0cd-9901d695920d/British%20Chantenay%20Carrots","British Chantenay Carrots",,"false","0.99","https://www.aldi.co.uk/product/nature-s-pick-british-chantenay-carrots-000000000000339797","carrots","2026-04-10T18:00:11.835Z","aldi","1.98","per 1 KG","0.5 KG"
"BROOKLEA",,"https://dm.emea.cms.aldi.cx/is/image/aldiprodeu/product/jpg/scaleWidth/232/41ea8fe0-bf06-4449-a298-2674181bae39/Vanilla%20Flavoured%20Authentic%20Greek%20Yogurt","Vanilla Flavoured Authentic Greek Yogurt",,"false","0.89","https://www.aldi.co.uk/product/brooklea-vanilla-flavoured-authentic-greek-yogurt-000000000423873002","flavoured yoghurt","2026-04-10T18:00:12.995Z","aldi","0.59","per 100 G","150 G"
"BROOKLEA",,"https://dm.emea.cms.aldi.cx/is/image/aldiprodeu/product/jpg/scaleWidth/232/ea2f56ab-33c3-473b-8815-363022612b8c/Raspberry%20Flavoured%20Authentic%20Greek%20Yogurt","Raspberry Flavoured Authentic Greek Yogurt",,"false","0.89","https://www.aldi.co.uk/product/brooklea-raspberry-flavoured-authentic-greek-yogurt-000000000423873004","flavoured yoghurt","2026-04-10T18:00:12.995Z","aldi","0.59","per 100 G","150 G"
"BROOKLEA",,"https://dm.emea.cms.aldi.cx/is/image/aldiprodeu/product/jpg/scaleWidth/232/ab868ede-39c4-4885-96c0-01437f5c9420/Apricot%20Flavour%20Thick%20%20Creamy%20Yogurt","Apricot Flavour Thick & Creamy Yogurt",,"false","0.49","https://www.aldi.co.uk/product/brooklea-apricot-flavour-thick-creamy-yogurt-000000000625295001","flavoured yoghurt","2026-04-10T18:00:12.995Z","aldi","0.33","per 100 G","150 G"
"BROOKLEA",,"https://dm.emea.cms.aldi.cx/is/image/aldiprodeu/product/jpg/scaleWidth/232/4ed58388-aac4-4134-a57e-c55fe4902b6c/Raspberry%20Flavour%20Thick%20%20Creamy%20Yogurt","Raspberry Flavour Thick & Creamy Yogurt",,"false","0.49","https://www.aldi.co.uk/product/brooklea-raspberry-flavour-thick-creamy-yogurt-000000000625295003","flavoured yoghurt","2026-04-10T18:00:12.995Z","aldi","0.33","per 100 G","150 G"
"BROOKLEA",,"https://dm.emea.cms.aldi.cx/is/image/aldiprodeu/product/jpg/scaleWidth/232/831e7f96-c90f-4597-a60b-f11fee0654c3/Strawberry%20Flavour%20Thick%20%20Creamy%20Yogurt","Strawberry Flavour Thick & Creamy Yogurt",,"false","0.49","https://www.aldi.co.uk/product/brooklea-strawberry-flavour-thick-creamy-yogurt-000000000625295004","flavoured yoghurt","2026-04-10T18:00:12.995Z","aldi","0.33","per 100 G","150 G"
"NATURE'S PICK",,"https://dm.emea.cms.aldi.cx/is/image/aldiprodeu/product/jpg/scaleWidth/232/7ae4b692-0cd0-4b74-9046-d39459aa71cc/British%20Parsnips","British Parsnips",,"false","0.74","https://www.aldi.co.uk/product/nature-s-pick-british-parsnips-000000000000339898","parsnips","2026-04-10T18:00:24.104Z","aldi","1.48","per 1 KG","0.5 KG"
"SOUPREME",,"https://dm.emea.cms.aldi.cx/is/image/aldiprodeu/product/jpg/scaleWidth/232/57ecde8e-2643-41dc-9b35-2d0857a060d3/Honey%20Carrot%20%20Parsnip%20Soup","Honey Carrot & Parsnip Soup",,"false","1.49","https://www.aldi.co.uk/product/soupreme-honey-carrot-parsnip-soup-000000000561932004","parsnips","2026-04-10T18:00:24.104Z","aldi","2.48","per 1 KG","0.6 KG"
"MAMIA",,"https://dm.emea.cms.aldi.cx/is/image/aldiprodeu/product/jpg/scaleWidth/232/9a05cb3c-134a-461a-b64b-04686d569086/Organic%20Apples%20Carrots%20%20Parsnips%20Pouch","Organic Apples, Carrots & Parsnips Pouch","Was £0.65","true","0.59","https://www.aldi.co.uk/product/mamia-organic-apples-carrots-parsnips-pouch-000000000346206002","parsnips","2026-04-10T18:00:24.104Z","aldi","4.92","per 1 KG","0.12 KG"
"NORDPAK",,"https://dm.emea.cms.aldi.cx/is/image/aldiprodeu/product/jpg/scaleWidth/232/7ecda682-e502-44dd-a501-3512cf5d0604/Lighter%20Spreadable%20Butter%20Blended%20with%20Rapeseed%20Oil","Lighter Spreadable Butter Blended with Rapeseed Oil",,"false","2.18","https://www.aldi.co.uk/product/nordpak-lighter-spreadable-butter-blended-with-rapeseed-oil-000000000000423842","spreadable butter","2026-04-10T18:00:24.480Z","aldi","4.36","per 1 KG","0.5 KG"
"NORDPAK",,"https://dm.emea.cms.aldi.cx/is/image/aldiprodeu/product/jpg/scaleWidth/232/5155de8a-8fe7-4fa1-9218-7486f42ad2aa/Slightly%20Salted%20Spreadable%20Butter%20Blended%20with%20Rapeseed%20Oil","Slightly Salted Spreadable Butter Blended with Rapeseed Oil",,"false","2.18","https://www.aldi.co.uk/product/nordpak-slightly-salted-spreadable-butter-blended-with-rapeseed-oil-000000000000423841","spreadable butter","2026-04-10T18:00:24.480Z","aldi","4.36","per 1 KG","0.5 KG"
"GREENVALE",,"https://dm.emea.cms.aldi.cx/is/image/aldiprodeu/product/jpg/scaleWidth/232/c82d76b6-ff57-4a9b-bc67-6478fe446304/Valley%20Spreadable","Valley Spreadable",,"false","1.99","https://www.aldi.co.uk/product/greenvale-valley-spreadable-000000000000421214","spreadable butter","2026-04-10T18:00:24.480Z","aldi","3.98","per 1 KG","0.5 KG"
"LURPAK",,"https://dm.emea.cms.aldi.cx/is/image/aldiprodeu/product/jpg/scaleWidth/232/3db0e7d4-a2dd-4145-9ef7-8f37e67bf598/Lurpak%20Spreadable","Lurpak Spreadable","Was £4.88","true","4.39","https://www.aldi.co.uk/product/lurpak-lurpak-spreadable-000000000000423201","spreadable butter","2026-04-10T18:00:24.480Z","aldi","8.78","per 1 KG","0.5 KG"
"SERIOUSLY",,"https://dm.emea.cms.aldi.cx/is/image/aldiprodeu/product/jpg/scaleWidth/232/32f181ee-6a66-4aad-b590-b295e90867bb/Original%20Spreadable%20Cheese","Original Spreadable Cheese",,"false","1.19","https://www.aldi.co.uk/product/seriously-original-spreadable-cheese-000000000462929001","spreadable butter","2026-04-10T18:00:24.480Z","aldi","10.82","per 1 KG","0.11 KG"
"BROOKLEA",,"https://dm.emea.cms.aldi.cx/is/image/aldiprodeu/product/jpg/scaleWidth/232/825c9422-3e16-46bc-b585-b316010a184e/Passionfruit%20%20Skyr%20Yogurt%20Pouch","Passionfruit  Skyr Yogurt Pouch",,"false","0.69","https://www.aldi.co.uk/product/brooklea-passionfruit-skyr-yogurt-pouch-000000000423184001","skyr yoghurt","2026-04-10T18:00:31.892Z","aldi","4.6","per 1 KG","0.15 KG"
"BROOKLEA",,"https://dm.emea.cms.aldi.cx/is/image/aldiprodeu/product/jpg/scaleWidth/232/f19e1511-be54-4cac-a70d-80f41e701d97/Raspberry%20%20Skyr%20Yogurt%20Pouch","Raspberry  Skyr Yogurt Pouch",,"false","0.69","https://www.aldi.co.uk/product/brooklea-raspberry-skyr-yogurt-pouch-000000000423184002","skyr yoghurt","2026-04-10T18:00:31.892Z","aldi","4.6","per 1 KG","0.15 KG"
"BROOKLEA",,"https://dm.emea.cms.aldi.cx/is/image/aldiprodeu/product/jpg/scaleWidth/232/9c707ef1-591b-42ea-813b-0395fedb8421/Superberry%20%20Skyr%20Yogurt%20Pouch","Superberry  Skyr Yogurt Pouch",,"false","0.69","https://www.aldi.co.uk/product/brooklea-superberry-skyr-yogurt-pouch-000000000423184003","skyr yoghurt","2026-04-10T18:00:31.892Z","aldi","4.6","per 1 KG","0.15 KG"
"SPECIALLY SELECTED",,"https://dm.emea.cms.aldi.cx/is/image/aldiprodeu/product/jpg/scaleWidth/232/775fb49f-7f3f-4f74-83fa-dc2e29a18059/Cherry%20Farmhouse%20Yogurt","Cherry Farmhouse Yogurt",,"false","0.75","https://www.aldi.co.uk/product/specially-selected-cherry-farmhouse-yogurt-000000000416149002","skyr yoghurt","2026-04-10T18:00:31.892Z","aldi","0.6","per 100 G","125 G"
"BROOKLEA",,"https://dm.emea.cms.aldi.cx/is/image/aldiprodeu/product/jpg/scaleWidth/232/0a6ac6ba-b10d-4133-99a8-1bebb7279b78/Raspberry%20Protein%20Yogurt","Raspberry Protein Yogurt",,"false","0.75","https://www.aldi.co.uk/product/brooklea-raspberry-protein-yogurt-000000000422420003","skyr yoghurt","2026-04-10T18:00:31.892Z","aldi","0.38","per 100 G","200 G"
"BON APPETIT!",,"https://dm.emea.cms.aldi.cx/is/image/aldiprodeu/product/jpg/scaleWidth/232/354547bd-0d80-4b72-b2e8-5ba1afd9bdf2/Raisin%20Brioche%20Swirls","Raisin Brioche Swirls",,"false","1.89","https://www.aldi.co.uk/product/bon-appetit-raisin-brioche-swirls-000000000309182002","brioche","2026-04-10T18:00:40.769Z","aldi","0.32","per 1 Each","6 Each"
"BON APPETIT!",,"https://dm.emea.cms.aldi.cx/is/image/aldiprodeu/product/jpg/scaleWidth/232/2c1e2f06-c088-451d-964e-8c89fa9d72a7/Sliced%20Brioche%20Loaf","Sliced Brioche Loaf",,"false","1.69","https://www.aldi.co.uk/product/bon-appetit-sliced-brioche-loaf-000000000309622001","brioche","2026-04-10T18:00:40.769Z","aldi","3.38","per 1 KG","0.5 KG"
"BON APPETIT",,"https://dm.emea.cms.aldi.cx/is/image/aldiprodeu/product/jpg/scaleWidth/232/fa096764-6139-4552-8098-2840e9446fad/Milk%20Brioche%20Rolls","Milk Brioche Rolls",,"false","1.65","https://www.aldi.co.uk/product/bon-appetit-milk-brioche-rolls-000000000000262586","brioche","2026-04-10T18:00:40.769Z","aldi","0.17","per 1 Each","10 Each"
"SPECIALLY SELECTED",,"https://dm.emea.cms.aldi.cx/is/image/aldiprodeu/product/jpg/scaleWidth/232/ec942bee-693f-44fa-b2c6-40993e44f4f3/Sliced%20Brioche%20Burger%20Buns","Sliced Brioche Burger Buns",,"false","1.09","https://www.aldi.co.uk/product/specially-selected-sliced-brioche-burger-buns-000000000000310384","brioche","2026-04-10T18:00:40.769Z","aldi","0.27","per 1 Each","4 Each"
"SPECIALLY SELECTED",,"https://dm.emea.cms.aldi.cx/is/image/aldiprodeu/product/jpg/scaleWidth/232/1c8256d3-c827-4bd5-8f8d-900edde10fdf/Seeded%20Brioche%20Burger%20Bun","Seeded Brioche Burger Bun",,"false","1.09","https://www.aldi.co.uk/product/specially-selected-seeded-brioche-burger-bun-000000000000310386","brioche","2026-04-10T18:00:40.769Z","aldi","0.27","per 1 Each","4 Each"
"GREENVALE",,"https://dm.emea.cms.aldi.cx/is/image/aldiprodeu/product/jpg/scaleWidth/232/caa41995-614c-4d77-9a40-9844c55fba59/Olive%20Spread","Olive Spread",,"false","1.29","https://www.aldi.co.uk/product/greenvale-olive-spread-000000000523435001","olive spread","2026-04-10T18:00:48.242Z","aldi","2.58","per 1 KG","0.5 KG"
"GREENVALE",,"https://dm.emea.cms.aldi.cx/is/image/aldiprodeu/product/jpg/scaleWidth/232/3e11d416-d88b-465b-99cc-c681d7b2323a/Light%20Olive%20Spread","Light Olive Spread",,"false","1.29","https://www.aldi.co.uk/product/greenvale-light-olive-spread-000000000523435002","olive spread","2026-04-10T18:00:48.242Z","aldi","2.58","per 1 KG","0.5 KG"
"SPECIALLY SELECTED",,"https://dm.emea.cms.aldi.cx/is/image/aldiprodeu/product/jpg/scaleWidth/232/c15ba617-a709-4833-b0b1-630a15d48d08/Kalamata%20Olives","Kalamata Olives",,"false","1.89","https://www.aldi.co.uk/product/specially-selected-kalamata-olives-000000000200213001","olive spread","2026-04-10T18:00:48.242Z","aldi","5.4","per 1 KG","0.35 KG"
"THE DELI",,"https://dm.emea.cms.aldi.cx/is/image/aldiprodeu/product/jpg/scaleWidth/232/74f78b17-42db-4d86-b172-a0ef72108c9e/Chimichurri%20Olives","Chimichurri Olives",,"false","1.85","https://www.aldi.co.uk/product/the-deli-chimichurri-olives-000000000522567006","olive spread","2026-04-10T18:00:48.242Z","aldi","1.32","per 100 G","140 G"
"SPECIALLY SELECTED",,"https://dm.emea.cms.aldi.cx/is/image/aldiprodeu/product/jpg/scaleWidth/232/6ecb6a38-b64b-40cd-80e8-30d66291e895/Pitted%20Colossal%20Olives","Pitted Colossal Olives",,"false","1.89","https://www.aldi.co.uk/product/specially-selected-pitted-colossal-olives-000000000200213002","olive spread","2026-04-10T18:00:48.242Z","aldi","0.55","per 100 G","345 G"
"COWBELLE",,"https://dm.emea.cms.aldi.cx/is/image/aldiprodeu/product/jpg/scaleWidth/232/e7829dff-1d2a-4780-b62b-ef3e60d21cca/Fresh%20British%20Double%20Cream","Fresh British Double Cream",,"false","1.39","https://www.aldi.co.uk/product/cowbelle-fresh-british-double-cream-000000000000416559","double cream","2026-04-10T18:00:58.239Z","aldi","0.46","per 100 ML","300 ML"
"ELMLEA",,"https://dm.emea.cms.aldi.cx/is/image/aldiprodeu/product/jpg/scaleWidth/232/03d93650-38e5-48d6-a422-4e8406be4315/Double%20Elmlea","Double Elmlea",,"false","1.25","https://www.aldi.co.uk/product/elmlea-double-elmlea-000000000000420594","double cream","2026-04-10T18:00:58.239Z","aldi","0.46","per 100 ML","270 ML"
"CUCINA",,"https://dm.emea.cms.aldi.cx/is/image/aldiprodeu/product/jpg/scaleWidth/232/58a150ee-14fc-47cd-b4bb-626d9510ced1/Double%20Concentrate%20Tomato%20Pure","Double Concentrate Tomato Purée",,"false","0.59","https://www.aldi.co.uk/product/cucina-double-concentrate-tomato-puree-000000000000278743","double cream","2026-04-10T18:00:58.239Z","aldi","0.3","per 100 G","200 G"
"SUN QUENCH",,"https://dm.emea.cms.aldi.cx/is/image/aldiprodeu/product/jpg/scaleWidth/232/e09a9c55-345d-4b07-883c-981e6699f19b/Double%20Strength%20Orange%20Squash","Double Strength Orange Squash",,"false","0.99","https://www.aldi.co.uk/product/sun-quench-double-strength-orange-squash-000000000336000002","double cream","2026-04-10T18:00:58.239Z","aldi","0.66","per 1 L","1.5 L"
"SUN QUENCH FRUITY BLAST",,"https://dm.emea.cms.aldi.cx/is/image/aldiprodeu/product/jpg/scaleWidth/232/6a377062-b2bf-4203-a468-22308a48224c/Double%20Strength%20Lemon%20Squash","Double Strength Lemon Squash",,"false","0.99","https://www.aldi.co.uk/product/sun-quench-fruity-blast-double-strength-lemon-squash-000000000336612001","double cream","2026-04-10T18:00:58.239Z","aldi","0.66","per 1 L","1.5 L"
"ORGANIC",,"https://dm.emea.cms.aldi.cx/is/image/aldiprodeu/product/jpg/scaleWidth/232/e9e6971d-51f5-44c6-a805-8b46fd3ce7a4/Broccoli","Broccoli",,"false","1.25","https://www.aldi.co.uk/product/organic-broccoli-000000000000339893","broccoli","2026-04-10T18:01:07.849Z","aldi","4.17","per 1 KG","0.3 KG"
"NATURE'S PICK",,"https://dm.emea.cms.aldi.cx/is/image/aldiprodeu/product/jpg/scaleWidth/232/a8b8ce79-4720-4bc3-90b2-1de86ebe45ec/British%20Broccoli","British Broccoli",,"false","0.79","https://www.aldi.co.uk/product/nature-s-pick-british-broccoli-000000000000339776","broccoli","2026-04-10T18:01:07.849Z","aldi","2.19","per 1 KG","0.36 KG"
"FOUR SEASONS",,"https://dm.emea.cms.aldi.cx/is/image/aldiprodeu/product/jpg/scaleWidth/232/5d74d22e-b187-43e7-9b62-2cc58dc8070e/Broccoli%20Florets","Broccoli Florets",,"false","1.19","https://www.aldi.co.uk/product/four-seasons-broccoli-florets-000000000275878002","broccoli","2026-04-10T18:01:07.849Z","aldi","1.19","per 1 KG","1 KG"
"NATURE'S PICK",,"https://dm.emea.cms.aldi.cx/is/image/aldiprodeu/product/jpg/scaleWidth/232/d9638771-d074-43e4-b6b8-38e3733ed82a/British%20Tenderstem%20Broccoli","British Tenderstem Broccoli",,"false","1.49","https://www.aldi.co.uk/product/nature-s-pick-british-tenderstem-broccoli-000000000000339996","broccoli","2026-04-10T18:01:07.849Z","aldi","7.45","per 1 KG","0.2 KG"
"NATURE'S PICK",,"https://dm.emea.cms.aldi.cx/is/image/aldiprodeu/product/jpg/scaleWidth/232/2a881f58-084a-4e26-a741-1d2eafee7827/British%20Broccoli%20%20Cauliflower%20Florets","British Broccoli & Cauliflower Florets",,"false","1.35","https://www.aldi.co.uk/product/nature-s-pick-british-broccoli-cauliflower-florets-000000000000339793","broccoli","2026-04-10T18:01:07.849Z","aldi","3.38","per 1 KG","0.4 KG"
"NATURE'S PICK",,"https://dm.emea.cms.aldi.cx/is/image/aldiprodeu/product/jpg/scaleWidth/232/a03ad0b3-9df6-49a2-a8c3-cc2274d31bb2/Bananas","Bananas",,"false","0.78","https://www.aldi.co.uk/product/nature-s-pick-bananas-000000000000267180","bananas","2026-04-10T18:01:08.263Z","aldi","0.16","per 1 Each","5 Each"
"NATURE'S PICK",,"https://dm.emea.cms.aldi.cx/is/image/aldiprodeu/product/jpg/scaleWidth/232/d76dff17-6329-4207-9693-cdbbc26c07e8/Banana","Banana",,"false","0.16","https://www.aldi.co.uk/product/nature-s-pick-banana-000000000000267186","bananas","2026-04-10T18:01:08.263Z","aldi","0.16","per 1 Each","1 Each"
"NATURE'S PICK",,"https://dm.emea.cms.aldi.cx/is/image/aldiprodeu/product/jpg/scaleWidth/232/c287f63a-9b4a-48ed-9a3b-51b47aec3fb1/Mini%20Bananas","Mini Bananas",,"false","0.88","https://www.aldi.co.uk/product/nature-s-pick-mini-bananas-000000000000267193","bananas","2026-04-10T18:01:08.263Z","aldi","0.13","per 1 Each","7 Each"
"ORGANIC",,"https://dm.emea.cms.aldi.cx/is/image/aldiprodeu/product/jpg/scaleWidth/232/1c5434c1-98e3-429b-97bd-0ad1cbc748f8/Organic%20Fairtrade%20Bananas%206%20Pack","Organic Fairtrade Bananas 6 Pack",,"false","1.59","https://www.aldi.co.uk/product/organic-organic-fairtrade-bananas-6-pack-000000000000674760","bananas","2026-04-10T18:01:08.263Z","aldi","0.27","per 1 Each","6 Each"
"THE FOODIE MARKET",,"https://dm.emea.cms.aldi.cx/is/image/aldiprodeu/product/jpg/scaleWidth/232/fb646ccf-8942-48cb-8419-6f6a2a3fc37a/Banana%20Chips","Banana Chips",,"false","1.25","https://www.aldi.co.uk/product/the-foodie-market-banana-chips-000000000662977002","bananas","2026-04-10T18:01:08.263Z","aldi",,,""
"EMPORIUM",,"https://dm.emea.cms.aldi.cx/is/image/aldiprodeu/product/jpg/scaleWidth/232/f0840c93-249c-4dc3-8578-fe340daa7b3e/Grated%20Mature%20Cheddar","Grated Mature Cheddar","Was £2.19","true","1.99","https://www.aldi.co.uk/product/emporium-grated-mature-cheddar-000000000000416860","mature cheddar","2026-04-10T18:01:08.447Z","aldi","7.96","per 1 KG","0.25 KG"
"CATHEDRAL CITY",,"https://dm.emea.cms.aldi.cx/is/image/aldiprodeu/product/jpg/scaleWidth/232/a3a42a2b-c96f-447c-8b7a-336fa01778b2/Mature%20Cheddar%20Cheese","Mature Cheddar Cheese","Was £3.39","true","2.99","https://www.aldi.co.uk/product/cathedral-city-mature-cheddar-cheese-000000000482344002","mature cheddar","2026-04-10T18:01:08.447Z","aldi","8.54","per 1 KG","0.35 KG"
"EMPORIUM",,"https://dm.emea.cms.aldi.cx/is/image/aldiprodeu/product/jpg/scaleWidth/232/e102f30b-d537-4fb4-adf1-bf824cf82a90/British%20Mature%20Cheddar%20Cheese","British Mature Cheddar Cheese",,"false","2.49","https://www.aldi.co.uk/product/emporium-british-mature-cheddar-cheese-000000000000522537","mature cheddar","2026-04-10T18:01:08.447Z","aldi","6.23","per 1 KG","0.4 KG"
"CATHEDRAL CITY",,"https://dm.emea.cms.aldi.cx/is/image/aldiprodeu/product/jpg/scaleWidth/232/87103aef-0cb2-418e-be74-2337a18556de/Extra%20Mature%20Cheddar%20Cheese","Extra Mature Cheddar Cheese","Was £3.39","true","2.99","https://www.aldi.co.uk/product/cathedral-city-extra-mature-cheddar-cheese-000000000482344001","mature cheddar","2026-04-10T18:01:08.447Z","aldi","8.54","per 1 KG","0.35 KG"
"EMPORIUM",,"https://dm.emea.cms.aldi.cx/is/image/aldiprodeu/product/jpg/scaleWidth/232/ac6a8a60-17ab-44a3-a4d4-0e7da93b401c/British%20Extra%20Mature%20Cheddar%20Cheese","British Extra Mature Cheddar Cheese",,"false","2.49","https://www.aldi.co.uk/product/emporium-british-extra-mature-cheddar-cheese-000000000000522620","mature cheddar","2026-04-10T18:01:08.447Z","aldi","6.23","per 1 KG","0.4 KG"
"NATURE'S PICK",,"https://dm.emea.cms.aldi.cx/is/image/aldiprodeu/product/jpg/scaleWidth/232/92891736-a9a4-40eb-929f-e3e0072e8e38/Strawberries","Strawberries","Was £2.15","true","1.99","https://www.aldi.co.uk/product/nature-s-pick-strawberries-000000000000339979","strawberries","2026-04-10T18:01:18.639Z","aldi","8.77","per 1 KG","0.227 KG"
"EVERYDAY ESSENTIALS",,"https://dm.emea.cms.aldi.cx/is/image/aldiprodeu/product/jpg/scaleWidth/232/45286a86-f5a7-48f0-bd79-e9c72fda2448/Strawberry%20Jam","Strawberry Jam",,"false","0.49","https://www.aldi.co.uk/product/everyday-essentials-strawberry-jam-000000000000335836","strawberries","2026-04-10T18:01:18.639Z","aldi","0.11","per 100 G","454 G"
"GRANDESSA",,"https://dm.emea.cms.aldi.cx/is/image/aldiprodeu/product/jpg/scaleWidth/232/6643f5ea-83d9-456d-a721-d9e46370a6d6/Strawberry%20Jam","Strawberry Jam",,"false","0.89","https://www.aldi.co.uk/product/grandessa-strawberry-jam-000000000000336264","strawberries","2026-04-10T18:01:18.639Z","aldi","0.2","per 100 G","454 G"
"EVERYDAY ESSENTIALS",,"https://dm.emea.cms.aldi.cx/is/image/aldiprodeu/product/jpg/scaleWidth/232/1fefaf9f-7179-4b4a-98c8-1454f9d8de8e/Wonky%20Strawberries","Wonky Strawberries","Was £1.99","true","1.79","https://www.aldi.co.uk/product/everyday-essentials-wonky-strawberries-000000000000339837","strawberries","2026-04-10T18:01:18.639Z","aldi","7.89","per 1 KG","0.227 KG"
"SPECIALLY SELECTED",,"https://dm.emea.cms.aldi.cx/is/image/aldiprodeu/product/jpg/scaleWidth/232/df9222ee-c0a1-4f9a-9196-0849ee736e02/Strawberry%20Conserve","Strawberry Conserve",,"false","1.59","https://www.aldi.co.uk/product/specially-selected-strawberry-conserve-000000000000632268","strawberries","2026-04-10T18:01:18.639Z","aldi","0.35","per 100 G","450 G"
"COWBELLE",,"https://dm.emea.cms.aldi.cx/is/image/aldiprodeu/product/jpg/scaleWidth/232/698442d1-9985-49a8-b843-3bb217f1387d/Fresh%20British%20Single%20Cream","Fresh British Single Cream",,"false","1.09","https://www.aldi.co.uk/product/cowbelle-fresh-british-single-cream-000000000000416440","single cream","2026-04-10T18:01:26.348Z","aldi","0.36","per 100 ML","300 ML"
"EVERYDAY ESSENTIALS",,"https://dm.emea.cms.aldi.cx/is/image/aldiprodeu/product/jpg/scaleWidth/232/15affb36-e473-4622-8043-bac4fe0f277d/Cheese%20Singles%2015%20Pack","Cheese Singles 15 Pack",,"false","0.83","https://www.aldi.co.uk/product/everyday-essentials-cheese-singles-15-pack-000000000000494377","single cream","2026-04-10T18:01:26.348Z","aldi","3.69","per 1 KG","0.225 KG"
"CRESTWOOD",,"https://dm.emea.cms.aldi.cx/is/image/aldiprodeu/product/jpg/scaleWidth/232/e9aa0665-f31f-4e44-b673-1e18a4946a0a/Peppered%20Steak%20Single%20Slices","Peppered Steak Single Slices",,"false","0.99","https://www.aldi.co.uk/product/crestwood-peppered-steak-single-slices-000000000497406001","single cream","2026-04-10T18:01:26.348Z","aldi","6.6","per 1 KG","0.15 KG"
"CRESTWOOD",,"https://dm.emea.cms.aldi.cx/is/image/aldiprodeu/product/jpg/scaleWidth/232/d06cf22b-22a9-4488-867f-c2724d6beba0/Chicken%20%20Bacon%20Single%20Slices","Chicken & Bacon Single Slices",,"false","0.99","https://www.aldi.co.uk/product/crestwood-chicken-bacon-single-slices-000000000497406002","single cream","2026-04-10T18:01:26.348Z","aldi","6.6","per 1 KG","0.15 KG"
"SPECIALLY SELECTED",,"https://dm.emea.cms.aldi.cx/is/image/aldiprodeu/product/jpg/scaleWidth/232/0c2bcea2-6fcb-4321-a961-e3dd6f5e4745/Speyside%20Single%20Malt%20Scotch%20Whisky","Speyside Single Malt Scotch Whisky",,"false","18.49","https://www.aldi.co.uk/product/specially-selected-speyside-single-malt-scotch-whisky-000000000400419002","single cream","2026-04-10T18:01:26.348Z","aldi","26.41","per 1 L","0.7 L"
"NATURE'S PICK",,"https://dm.emea.cms.aldi.cx/is/image/aldiprodeu/product/jpg/scaleWidth/232/d68dcda8-4491-4346-a2ba-a6731131bb10/British%20Cauliflower","British Cauliflower",,"false","1.19","https://www.aldi.co.uk/product/nature-s-pick-british-cauliflower-000000000000334794","cauliflower","2026-04-10T18:01:29.672Z","aldi","1.19","per 1 Each","1 Each"
"FOUR SEASONS",,"https://dm.emea.cms.aldi.cx/is/image/aldiprodeu/product/jpg/scaleWidth/232/e1b82334-2bd0-438f-b6db-50ee2d687255/Cauliflower%20Cheese","Cauliflower Cheese","Was £2.19","true","1.99","https://www.aldi.co.uk/product/four-seasons-cauliflower-cheese-000000000000371142","cauliflower","2026-04-10T18:01:29.672Z","aldi","2.65","per 1 KG","0.75 KG"
"INSPIRED CUISINE",,"https://dm.emea.cms.aldi.cx/is/image/aldiprodeu/product/jpg/scaleWidth/232/6e708f21-f087-4b64-a8ad-e9d2b92f5e7b/Cauliflower%20Cheese","Cauliflower Cheese",,"false","1.65","https://www.aldi.co.uk/product/inspired-cuisine-cauliflower-cheese-000000000000556962","cauliflower","2026-04-10T18:01:29.672Z","aldi","4.13","per 1 KG","0.4 KG"
"NATURE'S PICK",,"https://dm.emea.cms.aldi.cx/is/image/aldiprodeu/product/jpg/scaleWidth/232/2a881f58-084a-4e26-a741-1d2eafee7827/British%20Broccoli%20%20Cauliflower%20Florets","British Broccoli & Cauliflower Florets",,"false","1.35","https://www.aldi.co.uk/product/nature-s-pick-british-broccoli-cauliflower-florets-000000000000339793","cauliflower","2026-04-10T18:01:29.672Z","aldi","3.38","per 1 KG","0.4 KG"
"VEGGIE MENU",,"https://dm.emea.cms.aldi.cx/is/image/aldiprodeu/product/jpg/scaleWidth/232/f64b1450-934d-4cef-b623-9d03356fd135/Cauliflower%20Cheese%20Grills%204%20Pack","Cauliflower Cheese Grills 4 Pack",,"false","1.79","https://www.aldi.co.uk/product/veggie-menu-cauliflower-cheese-grills-4-pack-000000000563364002","cauliflower","2026-04-10T18:01:29.672Z","aldi","0.45","per 100 G","397 G"
"EMPORIUM",,"https://dm.emea.cms.aldi.cx/is/image/aldiprodeu/product/jpg/scaleWidth/232/f6d36c4e-7fe0-4b2b-bbb7-3f7bb623d3ea/British%20Mild%20Cheddar%20Cheese","British Mild Cheddar Cheese",,"false","2.49","https://www.aldi.co.uk/product/emporium-british-mild-cheddar-cheese-000000000000423477","mild cheddar","2026-04-10T18:01:31.978Z","aldi","6.23","per 1 KG","0.4 KG"
"EVERYDAY ESSENTIALS",,"https://dm.emea.cms.aldi.cx/is/image/aldiprodeu/product/jpg/scaleWidth/232/16f24a2b-cb1d-4459-8a6e-f0f874c2504f/Mild%20Cheddar%20Slices%2010%20Pack","Mild Cheddar Slices 10 Pack",,"false","1.39","https://www.aldi.co.uk/product/everyday-essentials-mild-cheddar-slices-10-pack-000000000000416893","mild cheddar","2026-04-10T18:01:31.978Z","aldi","6.95","per 1 KG","0.2 KG"
"EMPORIUM",,"https://dm.emea.cms.aldi.cx/is/image/aldiprodeu/product/jpg/scaleWidth/232/a3adcf1a-65b3-43c5-aea2-d02732fbc11a/Mild%20Cheddar%20Cheese%20Sticks%206%20Pack","Mild Cheddar Cheese Sticks 6 Pack",,"false","1.25","https://www.aldi.co.uk/product/emporium-mild-cheddar-cheese-sticks-6-pack-000000000522690001","mild cheddar","2026-04-10T18:01:31.978Z","aldi","10.42","per 1 KG","0.12 KG"
"EVERYDAY ESSENTIALS",,"https://dm.emea.cms.aldi.cx/is/image/aldiprodeu/product/jpg/scaleWidth/232/43da56ce-9a85-4566-a8fa-119b0230470c/British%20Mild%20White%20Cheddar%20Cheese","British Mild White Cheddar Cheese",,"false","4.99","https://www.aldi.co.uk/product/everyday-essentials-british-mild-white-cheddar-cheese-000000000000487119","mild cheddar","2026-04-10T18:01:31.978Z","aldi","5.54","per 1 KG","0.9 KG"
"SNACKRITE",,"https://dm.emea.cms.aldi.cx/is/image/aldiprodeu/product/jpg/scaleWidth/232/6b0cf7c6-1ae5-4609-8476-9e36f5bbc707/Mild%20Salsa%20Dip","Mild Salsa Dip",,"false","0.95","https://www.aldi.co.uk/product/snackrite-mild-salsa-dip-000000000336730002","mild cheddar","2026-04-10T18:01:31.978Z","aldi","0.32","per 100 G","300 G"
"CATHEDRAL CITY",,"https://dm.emea.cms.aldi.cx/is/image/aldiprodeu/product/jpg/scaleWidth/232/87103aef-0cb2-418e-be74-2337a18556de/Extra%20Mature%20Cheddar%20Cheese","Extra Mature Cheddar Cheese","Was £3.39","true","2.99","https://www.aldi.co.uk/product/cathedral-city-extra-mature-cheddar-cheese-000000000482344001","extra mature cheddar","2026-04-10T18:01:38.152Z","aldi","8.54","per 1 KG","0.35 KG"
"EMPORIUM",,"https://dm.emea.cms.aldi.cx/is/image/aldiprodeu/product/jpg/scaleWidth/232/ac6a8a60-17ab-44a3-a4d4-0e7da93b401c/British%20Extra%20Mature%20Cheddar%20Cheese","British Extra Mature Cheddar Cheese",,"false","2.49","https://www.aldi.co.uk/product/emporium-british-extra-mature-cheddar-cheese-000000000000522620","extra mature cheddar","2026-04-10T18:01:38.152Z","aldi","6.23","per 1 KG","0.4 KG"
"SPECIALLY SELECTED",,"https://dm.emea.cms.aldi.cx/is/image/aldiprodeu/product/jpg/scaleWidth/232/e4a7559e-a089-419f-92c4-73fbb75a2b2e/West%20Country%20Extra%20Mature%20Cheddar%20Cheese","West Country Extra Mature Cheddar Cheese",,"false","3.39","https://www.aldi.co.uk/product/specially-selected-west-country-extra-mature-cheddar-cheese-000000000460495002","extra mature cheddar","2026-04-10T18:01:38.152Z","aldi","9.69","per 1 KG","0.35 KG"
"SPECIALLY SELECTED",,"https://dm.emea.cms.aldi.cx/is/image/aldiprodeu/product/jpg/scaleWidth/232/4390f487-92d7-4b54-9ea7-d0f1f1e22da8/Caramelised%20Red%20Onion%20%20Extra%20Mature%20Cheddar%20Flatbread","Caramelised Red Onion & Extra Mature Cheddar Flatbread",,"false","1.99","https://www.aldi.co.uk/product/specially-selected-caramelised-red-onion-extra-mature-cheddar-flatbread-000000000584951001","extra mature cheddar","2026-04-10T18:01:38.152Z","aldi","7.65","per 1 KG","0.26 KG"
"EMPORIUM",,"https://dm.emea.cms.aldi.cx/is/image/aldiprodeu/product/jpg/scaleWidth/232/f0840c93-249c-4dc3-8578-fe340daa7b3e/Grated%20Mature%20Cheddar","Grated Mature Cheddar","Was £2.19","true","1.99","https://www.aldi.co.uk/product/emporium-grated-mature-cheddar-000000000000416860","extra mature cheddar","2026-04-10T18:01:38.152Z","aldi","7.96","per 1 KG","0.25 KG"
"SNACKRITE",,"https://dm.emea.cms.aldi.cx/is/image/aldiprodeu/product/jpg/scaleWidth/232/66b0192a-19c8-499d-a050-9eb00b924aad/Sour%20Cream%20Dip","Sour Cream Dip",,"false","0.95","https://www.aldi.co.uk/product/snackrite-sour-cream-dip-000000000336730004","sour cream","2026-04-10T18:01:44.367Z","aldi","0.34","per 100 G","280 G"
"THE DELI",,"https://dm.emea.cms.aldi.cx/is/image/aldiprodeu/product/jpg/scaleWidth/232/d30118d5-78e1-4c90-bb7c-5365ac82aeb1/Sour%20Cream%20%20Chive%20Dip","Sour Cream & Chive Dip",,"false","0.99","https://www.aldi.co.uk/product/the-deli-sour-cream-chive-dip-000000000402132001","sour cream","2026-04-10T18:01:44.367Z","aldi","6.6","per 1 KG","0.15 KG"
"SNACKRITE",,"https://dm.emea.cms.aldi.cx/is/image/aldiprodeu/product/jpg/scaleWidth/232/8a440f66-3394-42fa-8be7-520cf6d40663/Sour%20Cream%20%20Onion%20Stackz","Sour Cream & Onion Stackz",,"false","1.29","https://www.aldi.co.uk/product/snackrite-sour-cream-onion-stackz-000000000511400001","sour cream","2026-04-10T18:01:44.367Z","aldi","7.82","per 1 KG","0.165 KG"
"THE DELI",,"https://dm.emea.cms.aldi.cx/is/image/aldiprodeu/product/jpg/scaleWidth/232/2b441e9e-db80-4988-a43b-a7d18e00357c/Reduced%20Fat%20Sour%20Cream","Reduced Fat Sour Cream",,"false","0.99","https://www.aldi.co.uk/product/the-deli-reduced-fat-sour-cream-000000000655320003","sour cream","2026-04-10T18:01:44.367Z","aldi","0.5","per 100 G","200 G"
"COWBELLE",,"https://dm.emea.cms.aldi.cx/is/image/aldiprodeu/product/jpg/scaleWidth/232/3979c7a9-b1b2-4687-b967-2e0489fc0c41/Fresh%20British%20Soured%20Cream","Fresh British Soured Cream","Was £0.99","true","0.85","https://www.aldi.co.uk/product/cowbelle-fresh-british-soured-cream-000000000000416778","sour cream","2026-04-10T18:01:44.367Z","aldi","0.28","per 100 ML","300 ML"
"NATURE'S PICK",,"https://dm.emea.cms.aldi.cx/is/image/aldiprodeu/product/jpg/scaleWidth/232/b40a55b0-d957-4c74-b60f-d62abdd5e222/Blueberries","Blueberries",,"false","1.59","https://www.aldi.co.uk/product/nature-s-pick-blueberries-000000000000276890","blueberries","2026-04-10T18:01:51.291Z","aldi","10.6","per 1 KG","0.15 KG"
"NATURE'S PICK",,"https://dm.emea.cms.aldi.cx/is/image/aldiprodeu/product/jpg/scaleWidth/232/7a9f0411-6687-44c4-a5ef-9cfc62c40f3c/Blueberries","Blueberries","Was £2.69","true","2.55","https://www.aldi.co.uk/product/nature-s-pick-blueberries-000000000000547970","blueberries","2026-04-10T18:01:51.291Z","aldi","8.5","per 1 KG","0.3 KG"
"EVERYDAY ESSENTIALS",,"https://dm.emea.cms.aldi.cx/is/image/aldiprodeu/product/jpg/scaleWidth/232/3d1a47f8-5b1c-44ea-91fb-c453c30b0c7a/Wonky%20Blueberries","Wonky Blueberries",,"false","1.19","https://www.aldi.co.uk/product/everyday-essentials-wonky-blueberries-000000000000276894","blueberries","2026-04-10T18:01:51.291Z","aldi","9.52","per 1 KG","0.125 KG"
"FOUR SEASONS",,"https://dm.emea.cms.aldi.cx/is/image/aldiprodeu/product/jpg/scaleWidth/232/5f01138b-31c1-4373-8626-14cae38c2051/Frozen%20Blueberries","Frozen Blueberries",,"false","1.99","https://www.aldi.co.uk/product/four-seasons-frozen-blueberries-000000000000285771","blueberries","2026-04-10T18:01:51.291Z","aldi","4.98","per 1 KG","0.4 KG"
"SPECIALLY SELECTED",,"https://dm.emea.cms.aldi.cx/is/image/aldiprodeu/product/jpg/scaleWidth/232/9fae985d-37f2-4b62-94a1-e847ef97aa8f/Premium%20Blueberries","Premium Blueberries","Was £1.99","true","1.75","https://www.aldi.co.uk/product/specially-selected-premium-blueberries-000000000000661458","blueberries","2026-04-10T18:01:51.291Z","aldi","11.67","per 1 KG","0.15 KG"
"NATURE'S PICK",,"https://dm.emea.cms.aldi.cx/is/image/aldiprodeu/product/jpg/scaleWidth/232/c6a064ff-d20c-43a0-990a-022a37798a53/Cucumber","Cucumber","Was £0.99","true","0.79","https://www.aldi.co.uk/product/nature-s-pick-cucumber-000000000000273659","cucumber","2026-04-10T18:01:59.875Z","aldi","0.79","per 1 Each","1 Each"
"ORGANIC",,"https://dm.emea.cms.aldi.cx/is/image/aldiprodeu/product/jpg/scaleWidth/232/8fe44069-81a9-41ef-af68-cbee303aefbd/Cucumber","Cucumber",,"false","1.09","https://www.aldi.co.uk/product/organic-cucumber-000000000000273682","cucumber","2026-04-10T18:01:59.875Z","aldi","1.09","per 1 Each","1 Each"
"NATURE'S PICK",,"https://dm.emea.cms.aldi.cx/is/image/aldiprodeu/product/jpg/scaleWidth/232/3a256bce-ab8a-45ca-bdad-4af6c66ad4e0/Cucumber","Cucumber",,"false","0.89","https://www.aldi.co.uk/product/nature-s-pick-cucumber-000000000000339813","cucumber","2026-04-10T18:01:59.875Z","aldi","0.89","per 1 Each","1 Each"
"NATURE'S PICK",,"https://dm.emea.cms.aldi.cx/is/image/aldiprodeu/product/jpg/scaleWidth/232/b1f67ccc-03a3-424b-af84-6c0dc32bccdc/Baby%20Cucumbers","Baby Cucumbers",,"false","0.95","https://www.aldi.co.uk/product/nature-s-pick-baby-cucumbers-000000000000273691","cucumber","2026-04-10T18:01:59.875Z","aldi","4.75","per 1 KG","0.2 KG"
"MAMIA",,"https://dm.emea.cms.aldi.cx/is/image/aldiprodeu/product/jpg/scaleWidth/232/19df53f7-4452-476f-94b1-8ca26ab5e1c0/Squishy%20Snacks%20Pear%20%20Cucumber","Squishy Snacks Pear & Cucumber","Was £2.59","true","1.99","https://www.aldi.co.uk/product/mamia-squishy-snacks-pear-cucumber-000000000645124002","cucumber","2026-04-10T18:01:59.875Z","aldi","0.5","per 100 G","400 G"
"SPECIALLY SELECTED",,"https://dm.emea.cms.aldi.cx/is/image/aldiprodeu/product/jpg/scaleWidth/232/8f129d50-bc50-4c8f-b447-149d0fd5d21b/Regal%20Vine%20Tomatoes","Regal Vine Tomatoes",,"false","1.89","https://www.aldi.co.uk/product/specially-selected-regal-vine-tomatoes-000000000000339960","vine tomatoes","2026-04-10T18:02:09.067Z","aldi","4.2","per 1 KG","0.45 KG"
"NATURE'S PICK",,"https://dm.emea.cms.aldi.cx/is/image/aldiprodeu/product/jpg/scaleWidth/232/97393e8c-17ce-420f-a448-0ca1caff5f87/Vine%20Ripened%20Tomatoes","Vine Ripened Tomatoes",,"false","1.29","https://www.aldi.co.uk/product/nature-s-pick-vine-ripened-tomatoes-000000000000275557","vine tomatoes","2026-04-10T18:02:09.067Z","aldi","2.58","per 1 KG","0.5 KG"
"EVERYDAY ESSENTIALS",,"https://dm.emea.cms.aldi.cx/is/image/aldiprodeu/product/jpg/scaleWidth/232/176db4ee-2596-4f94-bb37-180c453522a0/Chopped%20Tomatoes%20in%20Tomato%20Juice","Chopped Tomatoes in Tomato Juice",,"false","0.43","https://www.aldi.co.uk/product/everyday-essentials-chopped-tomatoes-in-tomato-juice-000000000000278702","vine tomatoes","2026-04-10T18:02:09.067Z","aldi","0.11","per 100 G","400 G"
"CUCINA",,"https://dm.emea.cms.aldi.cx/is/image/aldiprodeu/product/jpg/scaleWidth/232/d0aed977-f72b-4f96-bed7-36aa9dee8e55/Chopped%20Tomatoes%20in%20a%20Rich%20Tomato%20Juice","Chopped Tomatoes in a Rich Tomato Juice",,"false","0.47","https://www.aldi.co.uk/product/cucina-chopped-tomatoes-in-a-rich-tomato-juice-000000000000278588","vine tomatoes","2026-04-10T18:02:09.067Z","aldi","0.12","per 100 G","400 G"
"EVERYDAY ESSENTIALS",,"https://dm.emea.cms.aldi.cx/is/image/aldiprodeu/product/jpg/scaleWidth/232/642f2f02-563a-4803-a007-f8b889680089/Peeled%20Plum%20Tomatoes%20in%20Tomato%20Juice","Peeled Plum Tomatoes in Tomato Juice",,"false","0.43","https://www.aldi.co.uk/product/everyday-essentials-peeled-plum-tomatoes-in-tomato-juice-000000000000278692","vine tomatoes","2026-04-10T18:02:09.067Z","aldi","0.11","per 100 G","400 G"
"COWBELLE",,"https://dm.emea.cms.aldi.cx/is/image/aldiprodeu/product/jpg/scaleWidth/232/1c4a9120-bca1-4a6b-b1f7-8507407c1dc1/Fresh%20British%20Crme%20Frache","Fresh British Crème Fraîche","Was £0.85","true","0.75","https://www.aldi.co.uk/product/cowbelle-fresh-british-creme-fraiche-000000000000417568","creme fraiche","2026-04-10T18:02:16.772Z","aldi","0.25","per 100 ML","300 ML"
"COWBELLE",,"https://dm.emea.cms.aldi.cx/is/image/aldiprodeu/product/jpg/scaleWidth/232/727bae32-2c11-4450-bf05-11acb73b9f6c/Fresh%20British%20Lighter%20Crme%20Frache","Fresh British Lighter Crème Fraîche","Was £0.85","true","0.75","https://www.aldi.co.uk/product/cowbelle-fresh-british-lighter-creme-fraiche-000000000000416732","creme fraiche","2026-04-10T18:02:16.772Z","aldi","0.25","per 100 ML","300 ML"
"DAIRYFINE",,"https://dm.emea.cms.aldi.cx/is/image/aldiprodeu/product/jpg/scaleWidth/232/2efc10ca-614d-483f-8927-426881fe56b1/Mint%20Crme%20Chocolate","Mint Crème Chocolate","Was £1.55","true","1.45","https://www.aldi.co.uk/product/dairyfine-mint-creme-chocolate-000000000400102001","creme fraiche","2026-04-10T18:02:16.772Z","aldi","9.67","per 1 KG","0.15 KG"
"NATURE'S PICK",,"https://dm.emea.cms.aldi.cx/is/image/aldiprodeu/product/jpg/scaleWidth/232/b45b54a5-1bf3-4964-8f0c-c4e1ba31dae9/Raspberries","Raspberries",,"false","2.99","https://www.aldi.co.uk/product/nature-s-pick-raspberries-000000000000339910","raspberries","2026-04-10T18:02:16.977Z","aldi","13.29","per 1 KG","0.225 KG"
"NATURE'S PICK",,"https://dm.emea.cms.aldi.cx/is/image/aldiprodeu/product/jpg/scaleWidth/232/6e809d98-833e-42f7-a959-2362f1c22e88/British%20Raspberries","British Raspberries",,"false","1.99","https://www.aldi.co.uk/product/nature-s-pick-british-raspberries-000000000000339909","raspberries","2026-04-10T18:02:16.977Z","aldi","13.27","per 1 KG","0.15 KG"
"FOUR SEASONS",,"https://dm.emea.cms.aldi.cx/is/image/aldiprodeu/product/jpg/scaleWidth/232/93924bee-2fe7-4de9-a282-39df3c7a20fc/Frozen%20Raspberries","Frozen Raspberries",,"false","1.99","https://www.aldi.co.uk/product/four-seasons-frozen-raspberries-000000000287524002","raspberries","2026-04-10T18:02:16.977Z","aldi","5.69","per 1 KG","0.35 KG"
"GIANNI'S",,"https://dm.emea.cms.aldi.cx/is/image/aldiprodeu/product/jpg/scaleWidth/232/03c61332-53e4-41e4-9f78-35be55d02019/Raspberry%20Sorbet","Raspberry Sorbet","Was £2.29","true","1.99","https://www.aldi.co.uk/product/gianni-s-raspberry-sorbet-000000000371311002","raspberries","2026-04-10T18:02:16.977Z","aldi","3.98","per 1 L","0.5 L"
"THE JUICE COMPANY",,"https://dm.emea.cms.aldi.cx/is/image/aldiprodeu/product/jpg/scaleWidth/232/66f7fb97-348e-471c-86e5-bcb0003dacac/Dragonfruit%20%20Raspberry","Dragonfruit & Raspberry",,"false","1.79","https://www.aldi.co.uk/product/the-juice-company-dragonfruit-raspberry-000000000630966001","raspberries","2026-04-10T18:02:16.977Z","aldi","1.79","per 1 L","1 L"
"EMPORIUM",,"https://dm.emea.cms.aldi.cx/is/image/aldiprodeu/product/jpg/scaleWidth/232/8d0c8125-0321-4d4b-a1ba-e3fc4a709d42/British%20Red%20Leicester%20Cheese%20400g","British Red Leicester Cheese 400g",,"false","2.49","https://www.aldi.co.uk/product/emporium-british-red-leicester-cheese-400g-000000000540856001","red leicester","2026-04-10T18:02:26.746Z","aldi","6.23","per 1 KG","0.4 KG"
"EMPORIUM",,"https://dm.emea.cms.aldi.cx/is/image/aldiprodeu/product/jpg/scaleWidth/232/8cfd0273-acea-4f90-b4cd-fcb76db0a73f/British%20Grated%20Red%20Leicester%20Cheese","British Grated Red Leicester Cheese","Was £2.19","true","1.99","https://www.aldi.co.uk/product/emporium-british-grated-red-leicester-cheese-000000000563000001","red leicester","2026-04-10T18:02:26.746Z","aldi","7.96","per 1 KG","0.25 KG"
"SPECIALLY SELECTED",,"https://dm.emea.cms.aldi.cx/is/image/aldiprodeu/product/jpg/scaleWidth/232/a394eb4b-36a4-4f67-8e1d-f78cfec6a53b/Bombay%20Spiced%20Red%20Leicester%20Cheese","Bombay Spiced Red Leicester Cheese","Was £2.25","true","1.79","https://www.aldi.co.uk/product/specially-selected-bombay-spiced-red-leicester-cheese-000000000632143002","red leicester","2026-04-10T18:02:26.746Z","aldi","8.95","per 1 KG","0.2 KG"
"SPECIALLY SELECTED",,"https://dm.emea.cms.aldi.cx/is/image/aldiprodeu/product/jpg/scaleWidth/232/736cf01c-2fa2-43b6-951c-eb178eda85b3/Red%20Leicester%20%20Harissa%20Burger%20Melts","Red Leicester & Harissa Burger Melts",,"false","0.49","https://www.aldi.co.uk/product/specially-selected-red-leicester-harissa-burger-melts-000000000637785003","red leicester","2026-04-10T18:02:26.746Z","aldi","4.9","per 1 KG","0.1 KG"
"SPECIALLY SELECTED",,"https://dm.emea.cms.aldi.cx/is/image/aldiprodeu/product/jpg/scaleWidth/232/eade9582-4b8a-4814-bda3-7f16771c3290/Belton%20Farm%20Red%20Fox%20Vintage%20Red%20Leicester%20Cheese","Belton Farm Red Fox Vintage Red Leicester Cheese",,"false","2.45","https://www.aldi.co.uk/product/specially-selected-belton-farm-red-fox-vintage-red-leicester-cheese-000000000552214001","red leicester","2026-04-10T18:02:26.746Z","aldi","11.14","per 1 KG","0.22 KG"
"NATURE'S PICK",,"https://dm.emea.cms.aldi.cx/is/image/aldiprodeu/product/jpg/scaleWidth/232/61c8d20c-7ea8-4c58-8cf5-afd038ab3aa8/Braeburn%20Apples","Braeburn Apples",,"false","1.59","https://www.aldi.co.uk/product/nature-s-pick-braeburn-apples-000000000000339768","braeburn apples","2026-04-10T18:02:32.668Z","aldi","0.27","per 1 Each","6 Each"
"NATURE'S PICK",,"https://dm.emea.cms.aldi.cx/is/image/aldiprodeu/product/jpg/scaleWidth/232/94b85bfd-0040-441c-b30e-9e1a61e47017/Jazz%20Apples","Jazz Apples",,"false","2.19","https://www.aldi.co.uk/product/nature-s-pick-jazz-apples-000000000000306530","braeburn apples","2026-04-10T18:02:32.668Z","aldi","0.37","per 1 Each","6 Each"
"THE JUICE COMPANY",,"https://dm.emea.cms.aldi.cx/is/image/aldiprodeu/product/jpg/scaleWidth/232/712d7102-daf8-4f5b-82ec-fc329f8fe411/Apple%20Juice","Apple Juice",,"false","1.09","https://www.aldi.co.uk/product/the-juice-company-apple-juice-000000000000335750","braeburn apples","2026-04-10T18:02:32.668Z","aldi","0.11","per 100 ML","1,000 ML"
"THE JUICE COMPANY",,"https://dm.emea.cms.aldi.cx/is/image/aldiprodeu/product/jpg/scaleWidth/232/e285eafe-cb3e-4e36-9dd3-8c29ca630950/Apple%20Juice","Apple Juice",,"false","1.75","https://www.aldi.co.uk/product/the-juice-company-apple-juice-000000000000398854","braeburn apples","2026-04-10T18:02:32.668Z","aldi","0.18","per 100 ML","1,000 ML"
"EVERYDAY ESSENTIALS",,"https://dm.emea.cms.aldi.cx/is/image/aldiprodeu/product/jpg/scaleWidth/232/90f2e312-c172-4deb-a8e0-0afd180bb4d9/Wonky%20Apples","Wonky Apples",,"false","0.99","https://www.aldi.co.uk/product/everyday-essentials-wonky-apples-000000000000491850","braeburn apples","2026-04-10T18:02:32.668Z","aldi","0.17","per 1 Each","6 Each"
"EMPORIUM",,"https://dm.emea.cms.aldi.cx/is/image/aldiprodeu/product/jpg/scaleWidth/232/8cb14f95-d01b-4acb-a70d-014877017c3a/Grated%20Mozzarella","Grated Mozzarella","Was £2.19","true","1.99","https://www.aldi.co.uk/product/emporium-grated-mozzarella-000000000000280873","mozzarella","2026-04-10T18:02:37.468Z","aldi","7.96","per 1 KG","0.25 KG"
"EVERYDAY ESSENTIALS",,"https://dm.emea.cms.aldi.cx/is/image/aldiprodeu/product/jpg/scaleWidth/232/f4de508b-ea83-4f89-b935-1498b1f8a570/Classic%20Mozzarella","Classic Mozzarella",,"false","0.69","https://www.aldi.co.uk/product/everyday-essentials-classic-mozzarella-000000000283052001","mozzarella","2026-04-10T18:02:37.468Z","aldi","5.52","per 1 Kg","0.125 Kg drained"
"EVERYDAY ESSENTIALS",,"https://dm.emea.cms.aldi.cx/is/image/aldiprodeu/product/jpg/scaleWidth/232/06a55a5c-bae5-48dc-8662-b3c07fd0eb0e/Light%20Mozzarella","Light Mozzarella",,"false","0.69","https://www.aldi.co.uk/product/everyday-essentials-light-mozzarella-000000000283052002","mozzarella","2026-04-10T18:02:37.468Z","aldi","5.52","per 1 Kg","0.125 Kg drained"
"THE DELI",,"https://dm.emea.cms.aldi.cx/is/image/aldiprodeu/product/jpg/scaleWidth/232/1b214ec9-ca2b-4e6b-bdd2-ad87f452eab9/Pepperoni%20and%20Mozzarella%20Selection","Pepperoni and Mozzarella Selection","Was £1.99","true","1.89","https://www.aldi.co.uk/product/the-deli-pepperoni-and-mozzarella-selection-000000000405534002","mozzarella","2026-04-10T18:02:37.468Z","aldi","1.45","per 100 G","130 G"
"EAT & GO",,"https://dm.emea.cms.aldi.cx/is/image/aldiprodeu/product/jpg/scaleWidth/232/d5b5d4fa-e373-4d34-8fa6-4fe600b7270a/Tomato%20%20Mozzarella%20Salad","Tomato & Mozzarella Salad",,"false","2.29","https://www.aldi.co.uk/product/eat-go-tomato-mozzarella-salad-000000000405547019","mozzarella","2026-04-10T18:02:37.468Z","aldi","11.45","per 1 KG","0.2 KG"
"EVERYDAY ESSENTIALS",,"https://dm.emea.cms.aldi.cx/is/image/aldiprodeu/product/jpg/scaleWidth/232/5402121d-af52-4276-b0f6-4131f043664c/Chicken%20Breast%20Fillets","Chicken Breast Fillets",,"false","4.25","https://www.aldi.co.uk/product/everyday-essentials-chicken-breast-fillets-000000000000365448","chicken breast","2026-04-10T18:02:46.571Z","aldi","4.25","per 1 KG","1 KG"
"ASHFIELDS",,"https://dm.emea.cms.aldi.cx/is/image/aldiprodeu/product/jpg/scaleWidth/232/0ad90187-d477-4747-97a9-9e851dfb2160/Chicken%20Breast%20Fillets","Chicken Breast Fillets",,"false","4.49","https://www.aldi.co.uk/product/ashfields-chicken-breast-fillets-000000000000383730","chicken breast","2026-04-10T18:02:46.571Z","aldi","6.91","per 1 KG","0.65 KG"
"ASHFIELDS",,"https://dm.emea.cms.aldi.cx/is/image/aldiprodeu/product/jpg/scaleWidth/232/626d6fa7-a799-4b84-9b3e-f03fc866e07a/Hunters%20Chicken%20Breasts","Hunters Chicken Breasts",,"false","3.59","https://www.aldi.co.uk/product/ashfields-hunters-chicken-breasts-000000000000384149","chicken breast","2026-04-10T18:02:46.571Z","aldi","8.35","per 1 KG","0.43 KG"
"ASHFIELDS",,"https://dm.emea.cms.aldi.cx/is/image/aldiprodeu/product/jpg/scaleWidth/232/c50a9bf0-bf96-46ce-83eb-1342fc602c81/Diced%20Chicken%20Breast","Diced Chicken Breast",,"false","2.99","https://www.aldi.co.uk/product/ashfields-diced-chicken-breast-000000000000384368","chicken breast","2026-04-10T18:02:46.571Z","aldi","7.48","per 1 KG","0.4 KG"
"ASHFIELDS",,"https://dm.emea.cms.aldi.cx/is/image/aldiprodeu/product/jpg/scaleWidth/232/29021e31-ba07-4295-8ccc-d130a4682700/Chicken%20Breast%20Fillets","Chicken Breast Fillets",,"false","12.29","https://www.aldi.co.uk/product/ashfields-chicken-breast-fillets-000000000000386210","chicken breast","2026-04-10T18:02:46.571Z","aldi","6.15","per 1 KG","2 KG"
"NATURE'S PICK",,"https://dm.emea.cms.aldi.cx/is/image/aldiprodeu/product/jpg/scaleWidth/232/2e64e7b4-2085-4e57-8268-87e6350a7f2a/Cherry%20Tomatoes","Cherry Tomatoes",,"false","0.99","https://www.aldi.co.uk/product/nature-s-pick-cherry-tomatoes-000000000000275529","cherry tomatoes","2026-04-10T18:02:55.951Z","aldi","3","per 1 KG","0.33 KG"
"EVERYDAY ESSENTIALS",,"https://dm.emea.cms.aldi.cx/is/image/aldiprodeu/product/jpg/scaleWidth/232/8e5885d1-524a-4e48-ac14-da9cfc5d7145/Cherry%20Tomatoes","Cherry Tomatoes",,"false","0.62","https://www.aldi.co.uk/product/everyday-essentials-cherry-tomatoes-000000000000275531","cherry tomatoes","2026-04-10T18:02:55.951Z","aldi","2.48","per 1 KG","0.25 KG"
"SPECIALLY SELECTED",,"https://dm.emea.cms.aldi.cx/is/image/aldiprodeu/product/jpg/scaleWidth/232/60367d3f-ad99-47d9-8a4f-fd0e0c02e3de/Cherry%20Tomatoes%20in%20Rich%20Tomato%20Juice","Cherry Tomatoes in Rich Tomato Juice",,"false","0.75","https://www.aldi.co.uk/product/specially-selected-cherry-tomatoes-in-rich-tomato-juice-000000000000278727","cherry tomatoes","2026-04-10T18:02:55.951Z","aldi","0.19","per 100 G","400 G"
"SPECIALLY SELECTED",,"https://dm.emea.cms.aldi.cx/is/image/aldiprodeu/product/jpg/scaleWidth/232/9232fcf7-9b8c-4afb-ac32-6bfd0ea011be/Mozzarella%20%20SemiDried%20Cherry%20Tomato%20Wood%20Fired%20Pizza","Mozzarella & Semi-Dried Cherry Tomato Wood Fired Pizza",,"false","3.99","https://www.aldi.co.uk/product/specially-selected-mozzarella-semi-dried-cherry-tomato-wood-fired-pizza-000000000000405092","cherry tomatoes","2026-04-10T18:02:55.951Z","aldi","8.14","per 1 KG","0.49 KG"
"HOLLY LANE",,"https://dm.emea.cms.aldi.cx/is/image/aldiprodeu/product/jpg/scaleWidth/232/6fb565b4-ae74-4d85-a82b-44a5d6e746d3/Cherry%20Bakewells","Cherry Bakewells",,"false","1.19","https://www.aldi.co.uk/product/holly-lane-cherry-bakewells-000000000000474194","cherry tomatoes","2026-04-10T18:02:55.951Z","aldi","0.2","per 1 Each","6 Each"
"EMPORIUM",,"https://dm.emea.cms.aldi.cx/is/image/aldiprodeu/product/jpg/scaleWidth/232/0550e6f0-31fd-4068-bc9e-d4a60d5f8aef/French%20Soft%20Goats%20Cheese","French Soft Goat's Cheese",,"false","1.99","https://www.aldi.co.uk/product/emporium-french-soft-goat-s-cheese-000000000422367003","cream cheese","2026-04-10T18:03:01.853Z","aldi","13.27","per 1 KG","0.15 KG"
"THE CHEESE EMPORIUM",,"https://dm.emea.cms.aldi.cx/is/image/aldiprodeu/product/jpg/scaleWidth/232/d4b6a8b6-9965-485d-b56e-470acbf4dfd9/Full%20Fat%20Soft%20Cheese","Full Fat Soft Cheese",,"false","0.95","https://www.aldi.co.uk/product/the-cheese-emporium-full-fat-soft-cheese-000000000000416748","cream cheese","2026-04-10T18:03:01.853Z","aldi","4.75","per 1 KG","0.2 KG"
"EMPORIUM",,"https://dm.emea.cms.aldi.cx/is/image/aldiprodeu/product/jpg/scaleWidth/232/14a5107a-2ae6-4ae6-b01a-5af94b8cbef0/Reduced%20Fat%20Soft%20Cheese%20Lighter","Reduced Fat Soft Cheese Lighter",,"false","0.95","https://www.aldi.co.uk/product/emporium-reduced-fat-soft-cheese-lighter-000000000422498002","cream cheese","2026-04-10T18:03:01.853Z","aldi","4.75","per 1 KG","0.2 KG"
"EMPORIUM",,"https://dm.emea.cms.aldi.cx/is/image/aldiprodeu/product/jpg/scaleWidth/232/2d780119-07d1-4d93-993b-2e21cd80fd1c/Reduced%20Fat%20Soft%20Cheese%20Garlic%20%20Herbs","Reduced Fat Soft Cheese Garlic & Herbs",,"false","0.95","https://www.aldi.co.uk/product/emporium-reduced-fat-soft-cheese-garlic-herbs-000000000422498001","cream cheese","2026-04-10T18:03:01.853Z","aldi","4.75","per 1 KG","0.2 KG"
"PLANT MENU",,"https://dm.emea.cms.aldi.cx/is/image/aldiprodeu/product/jpg/scaleWidth/232/d43347fd-6351-40a4-9f71-2205318e305f/Garlic%20%20Herb%20Coconut%20Oil%20Based%20Vegan%20Cheese%20Soft%20Spread","Garlic & Herb Coconut Oil Based Vegan Cheese Soft Spread",,"false","1.95","https://www.aldi.co.uk/product/plant-menu-garlic-herb-coconut-oil-based-vegan-cheese-soft-spread-000000000542956004","cream cheese","2026-04-10T18:03:01.853Z","aldi","11.47","per 1 KG","0.17 KG"
"NATURE'S PICK",,"https://dm.emea.cms.aldi.cx/is/image/aldiprodeu/product/jpg/scaleWidth/232/44085d56-7f83-481d-abae-48007228c0de/British%20Royal%20Gala%20Apples","British Royal Gala Apples",,"false","1.59","https://www.aldi.co.uk/product/nature-s-pick-british-royal-gala-apples-000000000000339923","gala apples","2026-04-10T18:03:03.444Z","aldi","0.27","per 1 Each","6 Each"
"NATURE'S PICK",,"https://dm.emea.cms.aldi.cx/is/image/aldiprodeu/product/jpg/scaleWidth/232/94b85bfd-0040-441c-b30e-9e1a61e47017/Jazz%20Apples","Jazz Apples",,"false","2.19","https://www.aldi.co.uk/product/nature-s-pick-jazz-apples-000000000000306530","gala apples","2026-04-10T18:03:03.444Z","aldi","0.37","per 1 Each","6 Each"
"THE JUICE COMPANY",,"https://dm.emea.cms.aldi.cx/is/image/aldiprodeu/product/jpg/scaleWidth/232/712d7102-daf8-4f5b-82ec-fc329f8fe411/Apple%20Juice","Apple Juice",,"false","1.09","https://www.aldi.co.uk/product/the-juice-company-apple-juice-000000000000335750","gala apples","2026-04-10T18:03:03.444Z","aldi","0.11","per 100 ML","1,000 ML"
"NATURE'S PICK",,"https://dm.emea.cms.aldi.cx/is/image/aldiprodeu/product/jpg/scaleWidth/232/61c8d20c-7ea8-4c58-8cf5-afd038ab3aa8/Braeburn%20Apples","Braeburn Apples",,"false","1.59","https://www.aldi.co.uk/product/nature-s-pick-braeburn-apples-000000000000339768","gala apples","2026-04-10T18:03:03.444Z","aldi","0.27","per 1 Each","6 Each"
"THE JUICE COMPANY",,"https://dm.emea.cms.aldi.cx/is/image/aldiprodeu/product/jpg/scaleWidth/232/e285eafe-cb3e-4e36-9dd3-8c29ca630950/Apple%20Juice","Apple Juice",,"false","1.75","https://www.aldi.co.uk/product/the-juice-company-apple-juice-000000000000398854","gala apples","2026-04-10T18:03:03.444Z","aldi","0.18","per 100 ML","1,000 ML"
"ASHFIELDS",,"https://dm.emea.cms.aldi.cx/is/image/aldiprodeu/product/jpg/scaleWidth/232/d258a8d3-4720-4140-98ba-b5b936431f98/Chicken%20Thighs","Chicken Thighs",,"false","2.99","https://www.aldi.co.uk/product/ashfields-chicken-thighs-000000000000382103","chicken thighs","2026-04-10T18:03:14.173Z","aldi","2.99","per 1 KG","1 KG"
"ASHFIELDS",,"https://dm.emea.cms.aldi.cx/is/image/aldiprodeu/product/jpg/scaleWidth/232/df74f142-3b90-49ea-b0bd-09908f80770f/Chicken%20Thigh%20Fillets","Chicken Thigh Fillets",,"false","5.69","https://www.aldi.co.uk/product/ashfields-chicken-thigh-fillets-000000000000383807","chicken thighs","2026-04-10T18:03:14.173Z","aldi","6.32","per 1 KG","0.9 KG"
"ASHFIELDS",,"https://dm.emea.cms.aldi.cx/is/image/aldiprodeu/product/jpg/scaleWidth/232/5954a266-37b7-4f49-8170-4626b0c5a6f3/Chicken%20Thigh%20Fillets","Chicken Thigh Fillets",,"false","4.59","https://www.aldi.co.uk/product/ashfields-chicken-thigh-fillets-000000000000416054","chicken thighs","2026-04-10T18:03:14.173Z","aldi","7.65","per 1 KG","0.6 KG"
"GASTRO BY ROOSTERS",,"https://dm.emea.cms.aldi.cx/is/image/aldiprodeu/product/jpg/scaleWidth/232/a00e06d7-7a91-40ac-8ec4-6684e90d52d9/Katsu%20Chicken%20Thigh%20Bites","Katsu Chicken Thigh Bites",,"false","2.39","https://www.aldi.co.uk/product/gastro-by-roosters-katsu-chicken-thigh-bites-000000000367979008","chicken thighs","2026-04-10T18:03:14.173Z","aldi","7.97","per 1 KG","0.3 KG"
"ROOSTERS",,"https://dm.emea.cms.aldi.cx/is/content/aldiprodeu/GB%20Fallback%20Image%203-no%20text","Peri Peri Chicken Thigh",,"false","3.29","https://www.aldi.co.uk/product/roosters-peri-peri-chicken-thigh-000000000612582002","chicken thighs","2026-04-10T18:03:14.173Z","aldi","13.71","per 1 KG","0.24 KG"
"NATURE'S PICK",,"https://dm.emea.cms.aldi.cx/is/image/aldiprodeu/product/jpg/scaleWidth/232/e964581b-fad8-4817-be3d-34066fec0b80/Baby%20Spinach","Baby Spinach",,"false","1.15","https://www.aldi.co.uk/product/nature-s-pick-baby-spinach-000000000000339750","baby spinach","2026-04-10T18:03:23.686Z","aldi","4.79","per 1 KG","0.24 KG"
"NATURE'S PICK",,"https://dm.emea.cms.aldi.cx/is/image/aldiprodeu/product/jpg/scaleWidth/232/c3d23738-c26e-4859-8bef-3b53c62c1640/British%20Baby%20Spinach","British Baby Spinach",,"false","1.59","https://www.aldi.co.uk/product/nature-s-pick-british-baby-spinach-000000000000340023","baby spinach","2026-04-10T18:03:23.686Z","aldi","3.53","per 1 KG","0.45 KG"
"CUCINA",,"https://dm.emea.cms.aldi.cx/is/image/aldiprodeu/product/jpg/scaleWidth/232/251679a3-3031-4aaf-9294-93c4b5d21893/Spinach%20%20Ricotta%20Tortelloni","Spinach & Ricotta Tortelloni","Was £1.75","true","1.69","https://www.aldi.co.uk/product/cucina-spinach-ricotta-tortelloni-000000000000565386","baby spinach","2026-04-10T18:03:23.686Z","aldi","5.63","per 1 KG","0.3 KG"
"CUCINA",,"https://dm.emea.cms.aldi.cx/is/image/aldiprodeu/product/jpg/scaleWidth/232/253278c4-3e75-4d2f-bc98-5e51d26c2169/Spinach%20%20Ricotta%20Cannelloni","Spinach & Ricotta Cannelloni",,"false","2.79","https://www.aldi.co.uk/product/cucina-spinach-ricotta-cannelloni-000000000562319002","baby spinach","2026-04-10T18:03:23.686Z","aldi","6.98","per 1 KG","0.4 KG"
"SPECIALLY SELECTED GASTRO",,"https://dm.emea.cms.aldi.cx/is/image/aldiprodeu/product/jpg/scaleWidth/232/c714b52a-bc0a-4a22-9afc-9703451e9d2c/Spinach%20%20Ricotta%20Mezzaluna","Spinach & Ricotta Mezzaluna",,"false","3.29","https://www.aldi.co.uk/product/specially-selected-gastro-spinach-ricotta-mezzaluna-000000000563611002","baby spinach","2026-04-10T18:03:23.686Z","aldi","8.23","per 1 KG","0.4 KG"
"ASHFIELDS",,"https://dm.emea.cms.aldi.cx/is/image/aldiprodeu/product/jpg/scaleWidth/232/49117fe0-b627-4277-8531-0ba928e60290/Large%20Whole%20Chicken","Large Whole Chicken",,"false","4.79","https://www.aldi.co.uk/product/ashfields-large-whole-chicken-000000000000591830","whole chicken","2026-04-10T18:03:32.663Z","aldi","2.59","per 1 KG","1.85 KG"
"ASHFIELDS",,"https://dm.emea.cms.aldi.cx/is/image/aldiprodeu/product/jpg/scaleWidth/232/b462a08e-afd8-487f-b997-e0c0cd05f8ed/Medium%20Whole%20Chicken","Medium Whole Chicken",,"false","4.25","https://www.aldi.co.uk/product/ashfields-medium-whole-chicken-000000000000591840","whole chicken","2026-04-10T18:03:32.663Z","aldi","2.74","per 1 KG","1.55 KG"
"ASHFIELDS",,"https://dm.emea.cms.aldi.cx/is/image/aldiprodeu/product/jpg/scaleWidth/232/4e35eda7-d62c-4a57-8be2-ee7bfc55f073/Extra%20Large%20Whole%20Chicken","Extra Large Whole Chicken",,"false","5.49","https://www.aldi.co.uk/product/ashfields-extra-large-whole-chicken-000000000000591930","whole chicken","2026-04-10T18:03:32.663Z","aldi","2.55","per 1 KG","2.15 KG"
"DELIMORE",,"https://dm.emea.cms.aldi.cx/is/image/aldiprodeu/product/jpg/scaleWidth/232/e56a2a38-d18c-4496-8bbe-ed6798e004b2/Ready%20To%20Eat%20Roast%20Whole%20Chicken","Ready To Eat Roast Whole Chicken",,"false","4.99","https://www.aldi.co.uk/product/delimore-ready-to-eat-roast-whole-chicken-000000000000604482","whole chicken","2026-04-10T18:03:32.663Z","aldi","0.55","per 100 G","900 G"
"SPECIALLY SELECTED",,"https://dm.emea.cms.aldi.cx/is/image/aldiprodeu/product/jpg/scaleWidth/232/c5fbdcb0-d3dd-4bcd-b9a0-cd87b0302a40/Free%20Range%20Corn%20Fed%20Whole%20Chicken","Free Range Corn Fed Whole Chicken",,"false","2.63","https://www.aldi.co.uk/product/specially-selected-free-range-corn-fed-whole-chicken-000000000000383624","whole chicken","2026-04-10T18:03:32.663Z","aldi","5.25","per 1 KG",""
"NATURE'S PICK",,"https://dm.emea.cms.aldi.cx/is/image/aldiprodeu/product/jpg/scaleWidth/232/ccfeb10a-5dc1-4804-bb36-d9aee2465061/Oranges","Oranges","Was £1.39","true","0.99","https://www.aldi.co.uk/product/nature-s-pick-oranges-000000000000266773","oranges","2026-04-10T18:03:39.541Z","aldi","0.2","per 1 Each","5 Each"
"NATURE'S PICK",,"https://dm.emea.cms.aldi.cx/is/image/aldiprodeu/product/jpg/scaleWidth/232/e6c59b62-33a8-4702-a1aa-2b9ed8783208/Large%20Oranges","Large Oranges",,"false","1.79","https://www.aldi.co.uk/product/nature-s-pick-large-oranges-000000000000267083","oranges","2026-04-10T18:03:39.541Z","aldi","0.45","per 1 Each","4 Each"
"EVERYDAY ESSENTIALS",,"https://dm.emea.cms.aldi.cx/is/image/aldiprodeu/product/jpg/scaleWidth/232/146b7b3f-9bb2-421c-80bd-c01703e5d3fb/Wonky%20Oranges","Wonky Oranges",,"false","0.99","https://www.aldi.co.uk/product/everyday-essentials-wonky-oranges-000000000000537836","oranges","2026-04-10T18:03:39.541Z","aldi","0.2","per 1 Each","5 Each"
"VIVE",,"https://dm.emea.cms.aldi.cx/is/image/aldiprodeu/product/jpg/scaleWidth/232/6b101a4f-1571-46e9-976f-3a60288baac3/Orange%20Zero","Orange Zero",,"false","1.99","https://www.aldi.co.uk/product/vive-orange-zero-000000000000569774","oranges","2026-04-10T18:03:39.541Z","aldi","0.1","per 100 ML","1,980 ML"
"SPECIALLY SELECTED",,"https://dm.emea.cms.aldi.cx/is/image/aldiprodeu/product/jpg/scaleWidth/232/8755b285-1482-441a-a1bf-8b1a3657ef3a/Orange%20Lollies","Orange Lollies",,"false","2.25","https://www.aldi.co.uk/product/specially-selected-orange-lollies-000000000635418001","oranges","2026-04-10T18:03:39.541Z","aldi","7.71","per 1 L","0.292 L"
"SPECIALLY SELECTED",,"https://dm.emea.cms.aldi.cx/is/image/aldiprodeu/product/jpg/scaleWidth/232/5f3bd1d8-247e-41db-96d7-c98ca25daa87/Parmigiano%20Reggiano%20PDO","Parmigiano Reggiano PDO",,"false","3.19","https://www.aldi.co.uk/product/specially-selected-parmigiano-reggiano-pdo-000000000000504638","parmesan","2026-04-10T18:03:44.380Z","aldi","18.76","per 1 KG","0.17 KG"
"EMPORIUM",,"https://dm.emea.cms.aldi.cx/is/image/aldiprodeu/product/jpg/scaleWidth/232/80405f6e-ec5d-4161-9938-d03dd1956b25/Italian%20Grana%20Padano","Italian Grana Padano",,"false","2.85","https://www.aldi.co.uk/product/emporium-italian-grana-padano-000000000000284856","parmesan","2026-04-10T18:03:44.380Z","aldi","14.25","per 1 KG","0.2 KG"
"SPECIALLY SELECTED",,"https://dm.emea.cms.aldi.cx/is/image/aldiprodeu/product/jpg/scaleWidth/232/eefb7788-afbf-49d3-a0a7-95b0d69751d4/Parmigiano%20Reggiano%20%20Roasted%20Tomato%20Spiralli%20Pasta%20Salad","Parmigiano Reggiano & Roasted Tomato Spiralli Pasta Salad",,"false","1.99","https://www.aldi.co.uk/product/specially-selected-parmigiano-reggiano-roasted-tomato-spiralli-pasta-salad-000000000403994004","parmesan","2026-04-10T18:03:44.380Z","aldi","0.87","per 100 G","230 G"
"ASHFIELDS",,"https://dm.emea.cms.aldi.cx/is/image/aldiprodeu/product/jpg/scaleWidth/232/a6173217-81e0-4ff6-b210-7967d46bdc0f/Garlic%20%20Parmesan%20Chicken%20En%20Crote","Garlic & Parmesan Chicken En Croûte",,"false","3.59","https://www.aldi.co.uk/product/ashfields-garlic-parmesan-chicken-en-croute-000000000477323005","parmesan","2026-04-10T18:03:44.380Z","aldi","8.84","per 1 KG","0.406 KG"
"EMPORIUM",,"https://dm.emea.cms.aldi.cx/is/image/aldiprodeu/product/jpg/scaleWidth/232/660c2779-1b3a-4731-b144-a485b2c4d317/Somerset%20Brie%20Cheese","Somerset Brie Cheese",,"false","1.69","https://www.aldi.co.uk/product/emporium-somerset-brie-cheese-000000000584602001","brie","2026-04-10T18:03:57.175Z","aldi","12.52","per 1 KG","0.135 KG"
"SPECIALLY SELECTED",,"https://dm.emea.cms.aldi.cx/is/image/aldiprodeu/product/jpg/scaleWidth/232/4496112f-cd00-4c28-a072-782b931f5d79/Brie%20de%20Meaux%20A.O.P%20French%20Cheese","Brie de Meaux A.O.P French Cheese",,"false","2.59","https://www.aldi.co.uk/product/specially-selected-brie-de-meaux-a-o-p-french-cheese-000000000283099004","brie","2026-04-10T18:03:57.175Z","aldi","15.7","per 1 KG","0.165 KG"
"EAT & GO",,"https://dm.emea.cms.aldi.cx/is/image/aldiprodeu/product/jpg/scaleWidth/232/4fd11b4c-dc25-4d9d-9036-dd33e6ac3f53/Brie%20%20Bacon%20with%20Tomato%20%20Chilli%20Relish%20Sandwich","Brie & Bacon with Tomato & Chilli Relish Sandwich",,"false","1.99","https://www.aldi.co.uk/product/eat-go-brie-bacon-with-tomato-chilli-relish-sandwich-000000000398787010","brie","2026-04-10T18:03:57.175Z","aldi","1.99","per 1 Each","1 Each"
"NATURE'S PICK",,"https://dm.emea.cms.aldi.cx/is/image/aldiprodeu/product/jpg/scaleWidth/232/d86308ee-eefc-43ef-9115-9f5fc727d62d/Iceberg%20Lettuce","Iceberg Lettuce",,"false","0.89","https://www.aldi.co.uk/product/nature-s-pick-iceberg-lettuce-000000000000339848","iceberg lettuce","2026-04-10T18:03:57.476Z","aldi","0.89","per 1 Each","1 Each"
"NATURE'S PICK",,"https://dm.emea.cms.aldi.cx/is/image/aldiprodeu/product/jpg/scaleWidth/232/34a09d62-c7cd-44b5-827c-6482f4e9eb28/Chopped%20Iceberg%20Lettuce","Chopped Iceberg Lettuce",,"false","0.64","https://www.aldi.co.uk/product/nature-s-pick-chopped-iceberg-lettuce-000000000000339803","iceberg lettuce","2026-04-10T18:03:57.476Z","aldi","3.2","per 1 KG","0.2 KG"
"NATURE'S PICK",,"https://dm.emea.cms.aldi.cx/is/image/aldiprodeu/product/jpg/scaleWidth/232/2d9e61ce-8ad0-498f-ae58-87176f5cd059/British%20Romaine%20Lettuce","British Romaine Lettuce",,"false","1.15","https://www.aldi.co.uk/product/nature-s-pick-british-romaine-lettuce-000000000000339921","iceberg lettuce","2026-04-10T18:03:57.476Z","aldi","0.58","per 1 Each","2 Each"
"NATURE'S PICK",,"https://dm.emea.cms.aldi.cx/is/image/aldiprodeu/product/jpg/scaleWidth/232/52b3856f-d882-475c-a548-35ff836921c9/British%20Sweet%20Gem%20Lettuce","British Sweet Gem Lettuce",,"false","0.95","https://www.aldi.co.uk/product/nature-s-pick-british-sweet-gem-lettuce-000000000000339986","iceberg lettuce","2026-04-10T18:03:57.476Z","aldi","0.48","per 1 Each","2 Each"
"NATURE'S PICK",,"https://dm.emea.cms.aldi.cx/is/image/aldiprodeu/product/jpg/scaleWidth/232/d86af5fa-e932-47da-adfe-baa5c911a871/British%20Little%20Gem%20Lettuce%202%20Pack","British Little Gem Lettuce 2 Pack",,"false","0.77","https://www.aldi.co.uk/product/nature-s-pick-british-little-gem-lettuce-2-pack-000000000000339865","iceberg lettuce","2026-04-10T18:03:57.476Z","aldi","0.39","per 1 Each","2 Each"
"NATURE'S PICK",,"https://dm.emea.cms.aldi.cx/is/image/aldiprodeu/product/jpg/scaleWidth/232/d757e84f-13b9-4449-805d-7b5f1fdf076a/Watercress%20Spinach%20%20Rocket%20Salad","Watercress Spinach & Rocket Salad","Was £0.95","true","0.85","https://www.aldi.co.uk/product/nature-s-pick-watercress-spinach-rocket-salad-000000000000340022","rocket salad","2026-04-10T18:03:57.867Z","aldi","10.63","per 1 KG","0.08 KG"
"NATURE'S PICK",,"https://dm.emea.cms.aldi.cx/is/image/aldiprodeu/product/jpg/scaleWidth/232/ca338d36-db7c-440c-9782-b764a972021c/Rocket%20%20Baby%20Leaf%20Salad","Rocket & Baby Leaf Salad",,"false","0.99","https://www.aldi.co.uk/product/nature-s-pick-rocket-baby-leaf-salad-000000000000339755","rocket salad","2026-04-10T18:03:57.867Z","aldi","11","per 1 KG","0.09 KG"
"NATURE'S PICK",,"https://dm.emea.cms.aldi.cx/is/image/aldiprodeu/product/jpg/scaleWidth/232/ed9b3ace-fea1-4043-b4a0-90e8a903be4b/Wild%20Rocket","Wild Rocket",,"false","0.89","https://www.aldi.co.uk/product/nature-s-pick-wild-rocket-000000000000340018","rocket salad","2026-04-10T18:03:57.867Z","aldi","14.83","per 1 KG","0.06 KG"
"SNACKRITE",,"https://dm.emea.cms.aldi.cx/is/image/aldiprodeu/product/jpg/scaleWidth/232/910b1c00-cc1f-48b7-8df5-cf764518d212/Beef%20Rocket%20Racers","Beef Rocket Racers",,"false","1.15","https://www.aldi.co.uk/product/snackrite-beef-rocket-racers-000000000516684002","rocket salad","2026-04-10T18:03:57.867Z","aldi","14.74","per 1 KG","0.078 KG"
"GIANNI'S",,"https://dm.emea.cms.aldi.cx/is/image/aldiprodeu/product/jpg/scaleWidth/232/76ded37f-59ff-4c72-a12c-3d821feacda5/Rocket%20Lollies%208%20Pack","Rocket Lollies 8 Pack",,"false","1.39","https://www.aldi.co.uk/product/gianni-s-rocket-lollies-8-pack-000000000000634326","rocket salad","2026-04-10T18:03:57.867Z","aldi","0.3","per 100 ML","464 ML"
"ASHFIELDS",,"https://dm.emea.cms.aldi.cx/is/image/aldiprodeu/product/jpg/scaleWidth/232/6df200e6-2c1d-4cea-b530-01c843e8fea8/Chicken%20Drumsticks","Chicken Drumsticks",,"false","2.15","https://www.aldi.co.uk/product/ashfields-chicken-drumsticks-000000000000382102","chicken drumsticks","2026-04-10T18:04:07.797Z","aldi","2.15","per 1 KG","1 KG"
"ASHFIELD",,"https://dm.emea.cms.aldi.cx/is/image/aldiprodeu/product/jpg/scaleWidth/232/90424b2c-035b-41dc-a49f-f2378a36aa7d/Ready%20To%20Eat%20Roast%20Chicken%20Drumsticks","Ready To Eat Roast Chicken Drumsticks",,"false","2.59","https://www.aldi.co.uk/product/ashfield-ready-to-eat-roast-chicken-drumsticks-000000000403867001","chicken drumsticks","2026-04-10T18:04:07.797Z","aldi","0.58","per 100 G","450 G"
"ROOSTERS",,"https://dm.emea.cms.aldi.cx/is/image/aldiprodeu/product/jpg/scaleWidth/232/717a5ef0-5c01-4451-95d4-1b7e00a98c3b/Southern%20Fried%20Chicken%20Thighs%20%20Drumsticks","Southern Fried Chicken Thighs & Drumsticks",,"false","3.79","https://www.aldi.co.uk/product/roosters-southern-fried-chicken-thighs-drumsticks-000000000581094001","chicken drumsticks","2026-04-10T18:04:07.797Z","aldi","4.74","per 1 KG","0.8 KG"
"SWIZZELS",,"https://dm.emea.cms.aldi.cx/is/image/aldiprodeu/product/jpg/scaleWidth/232/22a003ea-ede4-42af-b8a6-ac7d62ef1412/Original%20Raspberry%20%20Milk%20Drumstick%20Squashies","Original Raspberry & Milk Drumstick Squashies",,"false","0.89","https://www.aldi.co.uk/product/swizzels-original-raspberry-milk-drumstick-squashies-000000000538189001","chicken drumsticks","2026-04-10T18:04:07.797Z","aldi","6.36","per 1 KG","0.14 KG"
"SWIZZELS",,"https://dm.emea.cms.aldi.cx/is/image/aldiprodeu/product/jpg/scaleWidth/232/128dfad2-17b2-4498-aa51-08a1bb7e6e50/Sour%20Cherry%20%20Apple%20Flavour%20Drumstick%20Squashies","Sour Cherry & Apple Flavour Drumstick Squashies",,"false","0.89","https://www.aldi.co.uk/product/swizzels-sour-cherry-apple-flavour-drumstick-squashies-000000000538189002","chicken drumsticks","2026-04-10T18:04:07.797Z","aldi","6.36","per 1 KG","0.14 KG"
"CRESTWOOD",,"https://dm.emea.cms.aldi.cx/is/image/aldiprodeu/product/jpg/scaleWidth/232/75184932-661a-4ca8-a6f5-0cff335b883c/Halloumi%20Burger","Halloumi Burger",,"false","1.85","https://www.aldi.co.uk/product/crestwood-halloumi-burger-000000000560309002","halloumi","2026-04-10T18:04:29.749Z","aldi","1.23","per 100 G","150 G"
"CRESTWOOD",,"https://dm.emea.cms.aldi.cx/is/image/aldiprodeu/product/jpg/scaleWidth/232/7cedaa9d-06d6-4ebc-b6c9-37f4937da8e8/Halloumi%20Style%20Nuggets","Halloumi Style Nuggets",,"false","1.85","https://www.aldi.co.uk/product/crestwood-halloumi-style-nuggets-000000000560309003","halloumi","2026-04-10T18:04:29.749Z","aldi","1.23","per 100 G","150 G"
"CRESTWOOD",,"https://dm.emea.cms.aldi.cx/is/image/aldiprodeu/product/jpg/scaleWidth/232/ecae7365-4799-4f14-9d93-d96beda4b180/Halloumi%20Style%20Fries%2010%20Pack","Halloumi Style Fries 10 Pack",,"false","1.85","https://www.aldi.co.uk/product/crestwood-halloumi-style-fries-10-pack-000000000560309001","halloumi","2026-04-10T18:04:29.749Z","aldi","1.09","per 100 G","170 G"
"SPECIALLY SELECTED",,"https://dm.emea.cms.aldi.cx/is/image/aldiprodeu/product/jpg/scaleWidth/232/177b9961-9e59-4a7a-92c9-5d6f82de118e/Slow%20Roasted%20Tomato%20%20Halloumi%20Vegetable%20Burgers%202%20Pack","Slow Roasted Tomato & Halloumi Vegetable Burgers 2 Pack",,"false","1.99","https://www.aldi.co.uk/product/specially-selected-slow-roasted-tomato-halloumi-vegetable-burgers-2-pack-000000000639389001","halloumi","2026-04-10T18:04:29.749Z","aldi","8.77","per 1 KG","0.227 KG"
"ASHFIELDS",,"https://dm.emea.cms.aldi.cx/is/image/aldiprodeu/product/jpg/scaleWidth/232/b56466d0-9f43-4426-a746-599094094af2/Chicken%20Wings","Chicken Wings",,"false","2.19","https://www.aldi.co.uk/product/ashfields-chicken-wings-000000000000382085","chicken wings","2026-04-10T18:04:35.542Z","aldi","2.19","per 1 KG","1 KG"
"ROOSTERS",,"https://dm.emea.cms.aldi.cx/is/image/aldiprodeu/product/jpg/scaleWidth/232/83927ab5-00fe-4065-b631-39c1cb307e2f/BBQ%20Cooked%20Chicken%20Wings","BBQ Cooked Chicken Wings","Was £2.89","true","2.79","https://www.aldi.co.uk/product/roosters-bbq-cooked-chicken-wings-000000000610160001","chicken wings","2026-04-10T18:04:35.542Z","aldi","3.72","per 1 KG","0.75 KG"
"ROOSTERS",,"https://dm.emea.cms.aldi.cx/is/image/aldiprodeu/product/jpg/scaleWidth/232/5ebfa2eb-9a9d-4c7e-aa13-a151426206df/Hot%20%20Spicy%20Cooked%20Chicken%20Wings","Hot & Spicy Cooked Chicken Wings","Was £2.89","true","2.79","https://www.aldi.co.uk/product/roosters-hot-spicy-cooked-chicken-wings-000000000610160002","chicken wings","2026-04-10T18:04:35.542Z","aldi","3.72","per 1 KG","0.75 KG"
"SNACKRITE",,"https://dm.emea.cms.aldi.cx/is/image/aldiprodeu/product/jpg/scaleWidth/232/bd9f71b8-a7ac-4bb2-85bc-6573d06d12ed/Fully%20Loaded%20Buffalo%20Wing%20Peanuts","Fully Loaded Buffalo Wing Peanuts",,"false","1.49","https://www.aldi.co.uk/product/snackrite-fully-loaded-buffalo-wing-peanuts-000000000386540003","chicken wings","2026-04-10T18:04:35.542Z","aldi","7.45","per 1 KG","0.2 KG"
"ASHFIELDS",,"https://dm.emea.cms.aldi.cx/is/image/aldiprodeu/product/jpg/scaleWidth/232/1314b634-d99f-4d9b-b010-7b16654ad75c/Chicken%20Legs","Chicken Legs",,"false","2.25","https://www.aldi.co.uk/product/ashfields-chicken-legs-000000000000382089","chicken wings","2026-04-10T18:04:35.542Z","aldi","2.25","per 1 KG","1 KG"
"NATURE'S PICK",,"https://dm.emea.cms.aldi.cx/is/image/aldiprodeu/product/jpg/scaleWidth/232/2d9e61ce-8ad0-498f-ae58-87176f5cd059/British%20Romaine%20Lettuce","British Romaine Lettuce",,"false","1.15","https://www.aldi.co.uk/product/nature-s-pick-british-romaine-lettuce-000000000000339921","romaine lettuce","2026-04-10T18:04:48.285Z","aldi","0.58","per 1 Each","2 Each"
"NATURE'S PICK",,"https://dm.emea.cms.aldi.cx/is/image/aldiprodeu/product/jpg/scaleWidth/232/d86308ee-eefc-43ef-9115-9f5fc727d62d/Iceberg%20Lettuce","Iceberg Lettuce",,"false","0.89","https://www.aldi.co.uk/product/nature-s-pick-iceberg-lettuce-000000000000339848","romaine lettuce","2026-04-10T18:04:48.285Z","aldi","0.89","per 1 Each","1 Each"
"NATURE'S PICK",,"https://dm.emea.cms.aldi.cx/is/image/aldiprodeu/product/jpg/scaleWidth/232/34a09d62-c7cd-44b5-827c-6482f4e9eb28/Chopped%20Iceberg%20Lettuce","Chopped Iceberg Lettuce",,"false","0.64","https://www.aldi.co.uk/product/nature-s-pick-chopped-iceberg-lettuce-000000000000339803","romaine lettuce","2026-04-10T18:04:48.285Z","aldi","3.2","per 1 KG","0.2 KG"
"NATURE'S PICK",,"https://dm.emea.cms.aldi.cx/is/image/aldiprodeu/product/jpg/scaleWidth/232/52b3856f-d882-475c-a548-35ff836921c9/British%20Sweet%20Gem%20Lettuce","British Sweet Gem Lettuce",,"false","0.95","https://www.aldi.co.uk/product/nature-s-pick-british-sweet-gem-lettuce-000000000000339986","romaine lettuce","2026-04-10T18:04:48.285Z","aldi","0.48","per 1 Each","2 Each"
"NATURE'S PICK",,"https://dm.emea.cms.aldi.cx/is/image/aldiprodeu/product/jpg/scaleWidth/232/d86af5fa-e932-47da-adfe-baa5c911a871/British%20Little%20Gem%20Lettuce%202%20Pack","British Little Gem Lettuce 2 Pack",,"false","0.77","https://www.aldi.co.uk/product/nature-s-pick-british-little-gem-lettuce-2-pack-000000000000339865","romaine lettuce","2026-04-10T18:04:48.285Z","aldi","0.39","per 1 Each","2 Each"
"NATURE'S PICK",,"https://dm.emea.cms.aldi.cx/is/image/aldiprodeu/product/jpg/scaleWidth/232/6dba88e1-1cfb-4dff-af5a-f957d2e95c96/Lemons","Lemons",,"false","1.45","https://www.aldi.co.uk/product/nature-s-pick-lemons-000000000000665507","lemons","2026-04-10T18:04:49.573Z","aldi","1.93","per 1 KG","0.75 KG"
"EVERYDAY ESSENTIALS",,"https://dm.emea.cms.aldi.cx/is/image/aldiprodeu/product/jpg/scaleWidth/232/15e4b503-386a-4a01-a0f6-12c4730502ec/Wonky%20Lemons","Wonky Lemons",,"false","0.89","https://www.aldi.co.uk/product/everyday-essentials-wonky-lemons-000000000000268496","lemons","2026-04-10T18:04:49.573Z","aldi","0.22","per 1 Each","4 Each"
"VIVE",,"https://dm.emea.cms.aldi.cx/is/image/aldiprodeu/product/jpg/scaleWidth/232/040f543f-ee2f-4a2d-910b-7c0137a9526c/Lemon","Lemon",,"false","0.79","https://www.aldi.co.uk/product/vive-lemon-000000000568521001","lemons","2026-04-10T18:04:49.573Z","aldi","0.4","per 1 L","2 L"
"THE PANTRY",,"https://dm.emea.cms.aldi.cx/is/image/aldiprodeu/product/jpg/scaleWidth/232/b8cf1b06-6ca4-4868-bed2-c751348e6f0c/Lemon%20Juice","Lemon Juice",,"false","0.69","https://www.aldi.co.uk/product/the-pantry-lemon-juice-000000000000383353","lemons","2026-04-10T18:04:49.573Z","aldi","0.28","per 100 ML","250 ML"
"GIANNI'S",,"https://dm.emea.cms.aldi.cx/is/image/aldiprodeu/product/jpg/scaleWidth/232/b896906b-2a51-4471-b47c-d97741ffb4ea/Lemon%20Sorbet","Lemon Sorbet","Was £2.29","true","1.99","https://www.aldi.co.uk/product/gianni-s-lemon-sorbet-000000000371311001","lemons","2026-04-10T18:04:49.573Z","aldi","3.98","per 1 L","0.5 L"
"EVERYDAY ESSENTIALS",,"https://dm.emea.cms.aldi.cx/is/image/aldiprodeu/product/jpg/scaleWidth/232/8c7aa047-4d12-47fe-a256-153a738788d2/Pork%20Chops","Pork Chops",,"false","2.38","https://www.aldi.co.uk/product/everyday-essentials-pork-chops-000000000000435348","pork chops","2026-04-10T18:04:50.188Z","aldi","4.75","per 1 KG",""
"ASHFIELDS",,"https://dm.emea.cms.aldi.cx/is/image/aldiprodeu/product/jpg/scaleWidth/232/eb74326a-d242-42ef-b182-4d99ed2181e9/British%20Pork%20Chops%204%20Pack","British Pork Chops 4 Pack",,"false","4.49","https://www.aldi.co.uk/product/ashfields-british-pork-chops-4-pack-000000000000387262","pork chops","2026-04-10T18:04:50.188Z","aldi","6.41","per 1 KG","0.7 KG"
"NATURE'S PICK",,"https://dm.emea.cms.aldi.cx/is/image/aldiprodeu/product/jpg/scaleWidth/232/34a09d62-c7cd-44b5-827c-6482f4e9eb28/Chopped%20Iceberg%20Lettuce","Chopped Iceberg Lettuce",,"false","0.64","https://www.aldi.co.uk/product/nature-s-pick-chopped-iceberg-lettuce-000000000000339803","pork chops","2026-04-10T18:04:50.188Z","aldi","3.2","per 1 KG","0.2 KG"
"ASHFIELDS",,"https://dm.emea.cms.aldi.cx/is/image/aldiprodeu/product/jpg/scaleWidth/232/2ecc242c-1a11-4ce2-af9f-c2e370e2c01a/British%20Lamb%20Chops","British Lamb Chops",,"false","5.49","https://www.aldi.co.uk/product/ashfields-british-lamb-chops-000000000661917001","pork chops","2026-04-10T18:04:50.188Z","aldi","16.15","per 1 KG","0.34 KG"
"EVERYDAY ESSENTIALS",,"https://dm.emea.cms.aldi.cx/is/image/aldiprodeu/product/jpg/scaleWidth/232/176db4ee-2596-4f94-bb37-180c453522a0/Chopped%20Tomatoes%20in%20Tomato%20Juice","Chopped Tomatoes in Tomato Juice",,"false","0.43","https://www.aldi.co.uk/product/everyday-essentials-chopped-tomatoes-in-tomato-juice-000000000000278702","pork chops","2026-04-10T18:04:50.188Z","aldi","0.11","per 100 G","400 G"
"NATURE'S PICK",,"https://dm.emea.cms.aldi.cx/is/image/aldiprodeu/product/jpg/scaleWidth/232/c33b1208-e26b-49be-89fa-6a99a3275317/Sliced%20Mushrooms","Sliced Mushrooms",,"false","0.95","https://www.aldi.co.uk/product/nature-s-pick-sliced-mushrooms-000000000000339976","mushrooms","2026-04-10T18:04:57.481Z","aldi","3.8","per 1 KG","0.25 KG"
"READY, SET…COOK!",,"https://dm.emea.cms.aldi.cx/is/image/aldiprodeu/product/jpg/scaleWidth/232/0f4ce05c-d169-4ad2-add1-f68129544b0d/Sliced%20Mushrooms","Sliced Mushrooms",,"false","0.99","https://www.aldi.co.uk/product/ready-set-cook-sliced-mushrooms-000000000367190001","mushrooms","2026-04-10T18:04:57.481Z","aldi","1.98","per 1 KG","0.5 KG"
"NATURE'S PICK",,"https://dm.emea.cms.aldi.cx/is/image/aldiprodeu/product/jpg/scaleWidth/232/dddbe009-fc4c-4a5c-9b58-00aad96bdd95/British%20Chestnut%20Mushrooms","British Chestnut Mushrooms",,"false","0.95","https://www.aldi.co.uk/product/nature-s-pick-british-chestnut-mushrooms-000000000000339800","mushrooms","2026-04-10T18:04:57.481Z","aldi","3.8","per 1 KG","0.25 KG"
"EVERYDAY ESSENTIALS",,"https://dm.emea.cms.aldi.cx/is/image/aldiprodeu/product/jpg/scaleWidth/232/3ccc698d-d8c9-44de-a793-d41839a35170/British%20Wonky%20Mushrooms","British Wonky Mushrooms",,"false","1.69","https://www.aldi.co.uk/product/everyday-essentials-british-wonky-mushrooms-000000000000339829","mushrooms","2026-04-10T18:04:57.481Z","aldi","2.6","per 1 KG","0.65 KG"
"BRAMWELLS",,"https://dm.emea.cms.aldi.cx/is/image/aldiprodeu/product/jpg/scaleWidth/232/6981facf-61d1-4d1c-ae2f-b7b2087538f8/Cream%20Of%20Mushroom%20Soup","Cream Of Mushroom Soup",,"false","0.59","https://www.aldi.co.uk/product/bramwells-cream-of-mushroom-soup-000000000335614002","mushrooms","2026-04-10T18:04:57.481Z","aldi","1.48","per 1 KG","0.4 KG"
"OAKHURST",,"https://dm.emea.cms.aldi.cx/is/image/aldiprodeu/product/jpg/scaleWidth/232/ff2dd1da-e350-4dd2-9d1b-94e78473e6fe/Smoked%20Bacon%20Lardons","Smoked Bacon Lardons",,"false","1.99","https://www.aldi.co.uk/product/oakhurst-smoked-bacon-lardons-000000000386241001","smoked bacon","2026-04-10T18:05:01.081Z","aldi","9.95","per 1 KG","0.2 KG"
"OAKHURST",,"https://dm.emea.cms.aldi.cx/is/image/aldiprodeu/product/jpg/scaleWidth/232/3201c131-7525-4e4b-b387-b727f5f7f533/Lean%20Smoked%20Bacon%208%20Pack","Lean Smoked Bacon 8 Pack",,"false","1.99","https://www.aldi.co.uk/product/oakhurst-lean-smoked-bacon-8-pack-000000000386279001","smoked bacon","2026-04-10T18:05:01.081Z","aldi","7.96","per 1 KG","0.25 KG"
"SPECIALLY SELECTED",,"https://dm.emea.cms.aldi.cx/is/image/aldiprodeu/product/jpg/scaleWidth/232/2dcb13a3-2008-41b7-9986-6ae52c8e79ab/Cherrywood%20Smoked%20Bacon%20%20Cheddar%20Quiche","Cherrywood Smoked Bacon & Cheddar Quiche",,"false","3.49","https://www.aldi.co.uk/product/specially-selected-cherrywood-smoked-bacon-cheddar-quiche-000000000403303001","smoked bacon","2026-04-10T18:05:01.081Z","aldi","0.87","per 100 G","400 G"
"EVERYDAY ESSENTIALS",,"https://dm.emea.cms.aldi.cx/is/image/aldiprodeu/product/jpg/scaleWidth/232/19343dca-6957-4ab3-9fa5-1079f3624168/Smoked%20Back%20Bacon%20Rashers","Smoked Back Bacon Rashers","Was £1.45","true","1.25","https://www.aldi.co.uk/product/everyday-essentials-smoked-back-bacon-rashers-000000000387996003","smoked bacon","2026-04-10T18:05:01.081Z","aldi","4.34","per 1 KG","0.288 KG"
"OAKHURST",,"https://dm.emea.cms.aldi.cx/is/image/aldiprodeu/product/jpg/scaleWidth/232/ef48d195-be04-4f56-a1dc-6367966b1c61/XXL%20Back%20Bacon%20Smoked","XXL Back Bacon Smoked",,"false","3.29","https://www.aldi.co.uk/product/oakhurst-xxl-back-bacon-smoked-000000000725580001","smoked bacon","2026-04-10T18:05:01.081Z","aldi",,,""
"EVERYDAY ESSENTIALS",,"https://dm.emea.cms.aldi.cx/is/image/aldiprodeu/product/jpg/scaleWidth/232/1a90aefe-0116-4990-bdfe-0ec9d9ff2d58/Beef%20Mince%2025%25%20Fat","Beef Mince 25% Fat",,"false","3.09","https://www.aldi.co.uk/product/everyday-essentials-beef-mince-25-fat-000000000000576030","beef mince","2026-04-10T18:05:08.204Z","aldi","6.18","per 1 KG","0.5 KG"
"ASHFIELDS",,"https://dm.emea.cms.aldi.cx/is/image/aldiprodeu/product/jpg/scaleWidth/232/d7470120-7610-4d2b-b3a8-10acfd437e70/British%20Beef%20Mince%2010%25%20Fat","British Beef Mince 10% Fat",,"false","4.39","https://www.aldi.co.uk/product/ashfields-british-beef-mince-10-fat-000000000000575299","beef mince","2026-04-10T18:05:08.204Z","aldi","8.78","per 1 KG","0.5 KG"
"ASHFIELDS",,"https://dm.emea.cms.aldi.cx/is/image/aldiprodeu/product/jpg/scaleWidth/232/149e9c61-8b41-4aea-a844-f1fb1607ce68/British%20Beef%20Mince%2020%25%20Fat","British Beef Mince 20% Fat",,"false","3.25","https://www.aldi.co.uk/product/ashfields-british-beef-mince-20-fat-000000000000575311","beef mince","2026-04-10T18:05:08.204Z","aldi","6.5","per 1 KG","0.5 KG"
"ASHFIELDS",,"https://dm.emea.cms.aldi.cx/is/image/aldiprodeu/product/jpg/scaleWidth/232/960faa54-3d63-4207-a15d-a6c04b58c888/British%20Beef%20Mince%203%25%20Fat","British Beef Mince 3% Fat",,"false","5.29","https://www.aldi.co.uk/product/ashfields-british-beef-mince-3-fat-000000000000675340","beef mince","2026-04-10T18:05:08.204Z","aldi","10.58","per 1 KG","0.5 KG"
"ASHFIELDS",,"https://dm.emea.cms.aldi.cx/is/image/aldiprodeu/product/jpg/scaleWidth/232/5df43c41-4383-4e8e-a983-8d2cf83b35c7/Beef%20and%20Pork%20Mince%20XXL","Beef and Pork Mince XXL",,"false","5.69","https://www.aldi.co.uk/product/ashfields-beef-and-pork-mince-xxl-000000000000387149","beef mince","2026-04-10T18:05:08.204Z","aldi","5.69","per 1 KG","1 KG"
"NATURE'S PICK",,"https://dm.emea.cms.aldi.cx/is/image/aldiprodeu/product/jpg/scaleWidth/232/34e0d4ff-ba06-44ee-90ca-6a859676a059/Limes","Limes","Was £1.18","true","0.79","https://www.aldi.co.uk/product/nature-s-pick-limes-000000000000285988","limes","2026-04-10T18:05:15.502Z","aldi","0.16","per 1 Pack","5 Pack"
"THE JUICE COMPANY",,"https://dm.emea.cms.aldi.cx/is/image/aldiprodeu/product/jpg/scaleWidth/232/411b356b-992d-41af-b798-6d3c337f01b5/Pineapple%20%20Lime","Pineapple & Lime",,"false","1.79","https://www.aldi.co.uk/product/the-juice-company-pineapple-lime-000000000630966002","limes","2026-04-10T18:05:15.502Z","aldi","1.79","per 1 L","1 L"
"SNACKRITE",,"https://dm.emea.cms.aldi.cx/is/image/aldiprodeu/product/jpg/scaleWidth/232/43fa2a8a-84a6-42ff-9eb9-f9bfefecf648/Honey%20%20Lime%20Cashews","Honey & Lime Cashews",,"false","1.79","https://www.aldi.co.uk/product/snackrite-honey-lime-cashews-000000000489102001","limes","2026-04-10T18:05:15.502Z","aldi","11.93","per 1 KG","0.15 KG"
"STEFANOFF",,"https://dm.emea.cms.aldi.cx/is/image/aldiprodeu/product/jpg/scaleWidth/232/5abfb272-a18a-4a4b-99b9-a9cbc9fe4aa5/Strawberry%20%20Lime%20Cider%20Cocktail","Strawberry & Lime Cider Cocktail",,"false","0.99","https://www.aldi.co.uk/product/stefanoff-strawberry-lime-cider-cocktail-000000000618577003","limes","2026-04-10T18:05:15.502Z","aldi","3.96","per 1 L","0.25 L"
"ÄLSKA",,"https://dm.emea.cms.aldi.cx/is/image/aldiprodeu/product/jpg/scaleWidth/232/94402b11-8cb2-476b-bf49-e7de87327548/Strawberry%20%20Lime%200%25%20Cider","Strawberry & Lime 0% Cider",,"false","0.99","https://www.aldi.co.uk/product/aelska-strawberry-lime-0-cider-000000000503635002","limes","2026-04-10T18:05:15.502Z","aldi","1.98","per 1 L","0.5 L"
"ASHFIELDS",,"https://dm.emea.cms.aldi.cx/is/image/aldiprodeu/product/jpg/scaleWidth/232/2c2a1cd9-ce8d-49aa-8012-b7a5f36cdde9/British%20Lean%20Beef%20Steak%20Mince%205%25%20Fat","British Lean Beef Steak Mince 5% Fat",,"false","2.69","https://www.aldi.co.uk/product/ashfields-british-lean-beef-steak-mince-5-fat-000000000000575273","lean beef mince","2026-04-10T18:05:26.363Z","aldi","10.76","per 1 KG","0.25 KG"
"ASHFIELDS",,"https://dm.emea.cms.aldi.cx/is/image/aldiprodeu/product/jpg/scaleWidth/232/8e7b809f-5868-4ddb-8518-3df281314078/British%20Lean%20Beef%20Steak%20Mince%205%25%20Fat","British Lean Beef Steak Mince 5% Fat",,"false","5.19","https://www.aldi.co.uk/product/ashfields-british-lean-beef-steak-mince-5-fat-000000000000575278","lean beef mince","2026-04-10T18:05:26.363Z","aldi","10.38","per 1 KG","0.5 KG"
"ASHFIELDS",,"https://dm.emea.cms.aldi.cx/is/image/aldiprodeu/product/jpg/scaleWidth/232/3b346ca5-f008-4bf5-b0eb-04775236f01b/British%20Lean%20Beef%20Steak%20Mince%205%25%20Fat","British Lean Beef Steak Mince 5% Fat",,"false","7.15","https://www.aldi.co.uk/product/ashfields-british-lean-beef-steak-mince-5-fat-000000000000575288","lean beef mince","2026-04-10T18:05:26.363Z","aldi","9.53","per 1 KG","0.75 KG"
"ASHFIELDS",,"https://dm.emea.cms.aldi.cx/is/image/aldiprodeu/product/jpg/scaleWidth/232/635360c4-3aff-4e60-9403-5efc3d244611/3%25%20Lean%20Diced%20Beef","3% Lean Diced Beef",,"false","4.39","https://www.aldi.co.uk/product/ashfields-3-lean-diced-beef-000000000000387739","lean beef mince","2026-04-10T18:05:26.363Z","aldi","12.54","per 1 KG","0.35 KG"
"ASHFIELDS",,"https://dm.emea.cms.aldi.cx/is/image/aldiprodeu/product/jpg/scaleWidth/232/5df43c41-4383-4e8e-a983-8d2cf83b35c7/Beef%20and%20Pork%20Mince%20XXL","Beef and Pork Mince XXL",,"false","5.69","https://www.aldi.co.uk/product/ashfields-beef-and-pork-mince-xxl-000000000000387149","lean beef mince","2026-04-10T18:05:26.363Z","aldi","5.69","per 1 KG","1 KG"
"SPECIALLY SELECTED",,"https://dm.emea.cms.aldi.cx/is/image/aldiprodeu/product/jpg/scaleWidth/232/4df3005d-78f4-4298-99aa-e6139966ef90/Long%20Clawson%20Mature%20Stilton%20Blue%20Stilton","Long Clawson Mature Stilton Blue Stilton",,"false","2.79","https://www.aldi.co.uk/product/specially-selected-long-clawson-mature-stilton-blue-stilton-000000000470032002","stilton","2026-04-10T18:05:26.541Z","aldi","12.68","per 1 KG","0.22 KG"
"SPECIALLY SELECTED",,"https://dm.emea.cms.aldi.cx/is/image/aldiprodeu/product/jpg/scaleWidth/232/4cb59e7a-cd98-4434-8ec0-70ef4b21c33b/Shropshire%20Blue%20Blue%20Stilton","Shropshire Blue Blue Stilton",,"false","2.79","https://www.aldi.co.uk/product/specially-selected-shropshire-blue-blue-stilton-000000000470032001","stilton","2026-04-10T18:05:26.541Z","aldi","13.95","per 1 KG","0.2 KG"
"SPECIALLY SELECTED",,"https://dm.emea.cms.aldi.cx/is/image/aldiprodeu/product/jpg/scaleWidth/232/e489d68c-08d2-46d0-b446-a3d1cc22b77e/Blue%20Stilton%20Cheese%20Burger%20Melts","Blue Stilton Cheese Burger Melts",,"false","0.49","https://www.aldi.co.uk/product/specially-selected-blue-stilton-cheese-burger-melts-000000000637785001","stilton","2026-04-10T18:05:26.541Z","aldi","4.9","per 1 KG","0.1 KG"
"NATURE'S PICK",,"https://dm.emea.cms.aldi.cx/is/image/aldiprodeu/product/jpg/scaleWidth/232/57598c21-543e-4e38-ad80-9f2ea928cd8b/Avocado","Avocado",,"false","1.45","https://www.aldi.co.uk/product/nature-s-pick-avocado-000000000000662140","avocado","2026-04-10T18:05:35.252Z","aldi","2.9","per 1 KG","0.5 KG"
"NATURE'S PICK",,"https://dm.emea.cms.aldi.cx/is/image/aldiprodeu/product/jpg/scaleWidth/232/80f3c1fc-9e10-4dea-8681-9097a0252803/Avocado%20Medium","Avocado Medium",,"false","0.69","https://www.aldi.co.uk/product/nature-s-pick-avocado-medium-000000000000672124","avocado","2026-04-10T18:05:35.252Z","aldi",,,""
"SPECIALLY SELECTED",,"https://dm.emea.cms.aldi.cx/is/image/aldiprodeu/product/jpg/scaleWidth/232/1f48cb7d-81ab-46ab-bfa4-cb86816e7675/Classic%20Smashed%20Avocado","Classic Smashed Avocado",,"false","1.49","https://www.aldi.co.uk/product/specially-selected-classic-smashed-avocado-000000000404749001","avocado","2026-04-10T18:05:35.252Z","aldi","0.99","per 100 G","150 G"
"SPECIALLY SELECTED",,"https://dm.emea.cms.aldi.cx/is/image/aldiprodeu/product/jpg/scaleWidth/232/0c27a543-608a-4711-aad5-70a4a63ca61c/Smashed%20Spicy%20Avocado","Smashed Spicy Avocado",,"false","1.49","https://www.aldi.co.uk/product/specially-selected-smashed-spicy-avocado-000000000404749002","avocado","2026-04-10T18:05:35.252Z","aldi","0.99","per 100 G","150 G"
"NATURE'S PICK",,"https://dm.emea.cms.aldi.cx/is/image/aldiprodeu/product/jpg/scaleWidth/232/2d0dd50a-02a0-49b2-9393-c5e3751978fc/Ripe%20%20Ready%20Hass%20Avocados","Ripe & Ready Hass Avocados",,"false","1.39","https://www.aldi.co.uk/product/nature-s-pick-ripe-ready-hass-avocados-000000000000264102","avocado","2026-04-10T18:05:35.252Z","aldi","0.7","per 1 Each","2 Each"
"NATURE'S PICK",,"https://dm.emea.cms.aldi.cx/is/image/aldiprodeu/product/jpg/scaleWidth/232/7cb5ae7c-0838-4709-9081-afa2f857554a/Mixed%20Peppers","Mixed Peppers",,"false","1.79","https://www.aldi.co.uk/product/nature-s-pick-mixed-peppers-000000000000275392","peppers mixed","2026-04-10T18:05:36.178Z","aldi","0.6","per 1 Each","3 Each"
"EVERYDAY ESSENTIALS",,"https://dm.emea.cms.aldi.cx/is/image/aldiprodeu/product/jpg/scaleWidth/232/08583bcc-4bb2-403f-a625-6be7976c939b/Wonky%20Mixed%20Peppers","Wonky Mixed Peppers",,"false","1.69","https://www.aldi.co.uk/product/everyday-essentials-wonky-mixed-peppers-000000000000275381","peppers mixed","2026-04-10T18:05:36.178Z","aldi","2.82","per 1 KG","0.6 KG"
"READY, SET…COOK!",,"https://dm.emea.cms.aldi.cx/is/image/aldiprodeu/product/jpg/scaleWidth/232/bb6147a9-8f19-4006-af4a-a3ba87c73521/Mixed%20Pepper%20Stir%20Fry","Mixed Pepper Stir Fry",,"false","0.95","https://www.aldi.co.uk/product/ready-set-cook-mixed-pepper-stir-fry-000000000334802002","peppers mixed","2026-04-10T18:05:36.178Z","aldi","2.97","per 1 KG","0.32 KG"
"WORLDWIDE FOODS",,"https://dm.emea.cms.aldi.cx/is/image/aldiprodeu/product/jpg/scaleWidth/232/b7636da4-2a1f-4273-b40e-629c478998b1/Special%20Mixed%20Pepper%20Rice%20Pouch","Special Mixed Pepper Rice Pouch",,"false","0.75","https://www.aldi.co.uk/product/worldwide-foods-special-mixed-pepper-rice-pouch-000000000336925003","peppers mixed","2026-04-10T18:05:36.178Z","aldi","3","per 1 KG","0.25 KG"
"NATURE'S PICK",,"https://dm.emea.cms.aldi.cx/is/image/aldiprodeu/product/jpg/scaleWidth/232/6e2d9955-c3c9-430b-bad7-e2c267a27586/Red%20Pepper","Red Pepper",,"false","0.7","https://www.aldi.co.uk/product/nature-s-pick-red-pepper-000000000000275192","peppers mixed","2026-04-10T18:05:36.178Z","aldi","0.7","per 1 Each","1 Each"
"OAKHURST",,"https://dm.emea.cms.aldi.cx/is/image/aldiprodeu/product/jpg/scaleWidth/232/7cf50d63-965f-4fad-a423-1d1acddde976/Unsmoked%20Bacon%20Lardons","Unsmoked Bacon Lardons",,"false","1.99","https://www.aldi.co.uk/product/oakhurst-unsmoked-bacon-lardons-000000000386241002","unsmoked bacon","2026-04-10T18:05:36.472Z","aldi","9.95","per 1 KG","0.2 KG"
"OAKHURST",,"https://dm.emea.cms.aldi.cx/is/content/aldiprodeu/GB%20Fallback%20Image%203-no%20text","Unsmoked Bacon 16 Pack",,"false","2.39","https://www.aldi.co.uk/product/oakhurst-unsmoked-bacon-16-pack-000000000000619577","unsmoked bacon","2026-04-10T18:05:36.472Z","aldi","4.78","per 1 KG","0.5 KG"
"OAKHURST",,"https://dm.emea.cms.aldi.cx/is/image/aldiprodeu/product/jpg/scaleWidth/232/e541de91-5d90-482c-9b46-342a153afe64/Lean%20Unsmoked%20Bacon%208%20Pack","Lean Unsmoked Bacon 8 Pack",,"false","1.99","https://www.aldi.co.uk/product/oakhurst-lean-unsmoked-bacon-8-pack-000000000386279002","unsmoked bacon","2026-04-10T18:05:36.472Z","aldi","7.96","per 1 KG","0.25 KG"
"EVERYDAY ESSENTIALS",,"https://dm.emea.cms.aldi.cx/is/image/aldiprodeu/product/jpg/scaleWidth/232/155f64f0-5927-4b81-94a1-054f1c0dbae4/Unsmoked%20Back%20Bacon%20Rashers","Unsmoked Back Bacon Rashers","Was £1.45","true","1.25","https://www.aldi.co.uk/product/everyday-essentials-unsmoked-back-bacon-rashers-000000000387996004","unsmoked bacon","2026-04-10T18:05:36.472Z","aldi","4.34","per 1 KG","0.288 KG"
"OAKHURST",,"https://dm.emea.cms.aldi.cx/is/image/aldiprodeu/product/jpg/scaleWidth/232/79e0cbdd-e95c-431d-a3e3-fd0a3129ec76/XXL%20Back%20Bacon%20Unsmoked","XXL Back Bacon Unsmoked",,"false","3.29","https://www.aldi.co.uk/product/oakhurst-xxl-back-bacon-unsmoked-000000000725580002","unsmoked bacon","2026-04-10T18:05:36.472Z","aldi",,,""
"THE DELI",,"https://dm.emea.cms.aldi.cx/is/image/aldiprodeu/product/jpg/scaleWidth/232/f75bffc7-338e-452e-b494-cb858e899896/Chorizo%20%20Gouda%20Rollitos%208%20Pack","Chorizo & Gouda Rollitos 8 Pack","Was £1.99","true","1.89","https://www.aldi.co.uk/product/the-deli-chorizo-gouda-rollitos-8-pack-000000000404527002","gouda","2026-04-10T18:05:45.478Z","aldi","2.36","per 100 G","80 G"
"THE DELI",,"https://dm.emea.cms.aldi.cx/is/image/aldiprodeu/product/jpg/scaleWidth/232/90b6b4e7-49dc-40ef-8de5-5745d4a9bf70/Serrano%20%20Gouda%20Rollitos%208%20Pack","Serrano & Gouda Rollitos 8 Pack","Was £1.99","true","1.89","https://www.aldi.co.uk/product/the-deli-serrano-gouda-rollitos-8-pack-000000000404527003","gouda","2026-04-10T18:05:45.478Z","aldi","2.36","per 100 G","80 G"
"EMPORIUM",,"https://dm.emea.cms.aldi.cx/is/image/aldiprodeu/product/jpg/scaleWidth/232/2ed4f004-899a-4479-86f5-ed9fba80135f/Dutch%20Gouda%20Cheese%2016%20Slices","Dutch Gouda Cheese 16 Slices",,"false","2.99","https://www.aldi.co.uk/product/emporium-dutch-gouda-cheese-16-slices-000000000423385002","gouda","2026-04-10T18:05:45.478Z","aldi","7.48","per 1 KG","0.4 KG"
"SPECIALLY SELECTED",,"https://dm.emea.cms.aldi.cx/is/image/aldiprodeu/product/jpg/scaleWidth/232/01121c21-311e-4734-a855-5d4fbd720ad1/Extra%20Mature%20Gouda%20Holland%20P.G.I%20Cheese","Extra Mature Gouda Holland P.G.I Cheese",,"false","2.99","https://www.aldi.co.uk/product/specially-selected-extra-mature-gouda-holland-p-g-i-cheese-000000000282692003","gouda","2026-04-10T18:05:45.478Z","aldi","16.61","per 1 KG","0.18 KG"
"NATURE'S PICK",,"https://dm.emea.cms.aldi.cx/is/image/aldiprodeu/product/jpg/scaleWidth/232/b2040cd4-5cea-41e1-8072-f38b3dfdcd9e/Red%20Chillies","Red Chillies",,"false","0.55","https://www.aldi.co.uk/product/nature-s-pick-red-chillies-000000000340668002","red chillies","2026-04-10T18:05:45.756Z","aldi","8.46","per 1 KG","0.065 KG"
"FOUR SEASONS",,"https://dm.emea.cms.aldi.cx/is/image/aldiprodeu/product/jpg/scaleWidth/232/d94aa39a-888c-4f5a-8475-e48f5ddbaede/Midly%20Spiced%20Red%20Kidney%20Beans%20in%20Chilli%20Sauce","Midly Spiced Red Kidney Beans in Chilli Sauce",,"false","0.69","https://www.aldi.co.uk/product/four-seasons-midly-spiced-red-kidney-beans-in-chilli-sauce-000000000336007001","red chillies","2026-04-10T18:05:45.756Z","aldi","0.18","per 100 G","390 G"
"NATURE'S PICK",,"https://dm.emea.cms.aldi.cx/is/image/aldiprodeu/product/jpg/scaleWidth/232/7cd89c2e-be73-4ce2-b2bc-1010723f01ee/Red%20Grapefruit","Red Grapefruit",,"false","0.44","https://www.aldi.co.uk/product/nature-s-pick-red-grapefruit-000000000000265633","red chillies","2026-04-10T18:05:45.756Z","aldi","0.44","per 1 Each","1 Each"
"NATURE'S PICK",,"https://dm.emea.cms.aldi.cx/is/image/aldiprodeu/product/jpg/scaleWidth/232/6e2d9955-c3c9-430b-bad7-e2c267a27586/Red%20Pepper","Red Pepper",,"false","0.7","https://www.aldi.co.uk/product/nature-s-pick-red-pepper-000000000000275192","red chillies","2026-04-10T18:05:45.756Z","aldi","0.7","per 1 Each","1 Each"
"WORLDWIDE FOODS",,"https://dm.emea.cms.aldi.cx/is/image/aldiprodeu/product/jpg/scaleWidth/232/b5a63c3c-5a17-481f-afec-9b7be8b24fce/Red%20Lentils","Red Lentils",,"false","0.99","https://www.aldi.co.uk/product/worldwide-foods-red-lentils-000000000000336258","red chillies","2026-04-10T18:05:45.756Z","aldi","1.98","per 1 KG","0.5 KG"
"NATURE'S PICK",,"https://dm.emea.cms.aldi.cx/is/image/aldiprodeu/product/jpg/scaleWidth/232/1179d1ec-f1f7-4dde-aede-71e130393e51/Large%20Mango","Large Mango",,"false","0.95","https://www.aldi.co.uk/product/nature-s-pick-large-mango-000000000000264487","mango","2026-04-10T18:05:52.557Z","aldi","0.95","per 1 Each","1 Each"
"NATURE'S PICK",,"https://dm.emea.cms.aldi.cx/is/image/aldiprodeu/product/jpg/scaleWidth/232/7f606629-cf5d-46b7-9edd-5d89947dd889/Mango%20Chunks","Mango Chunks",,"false","2.19","https://www.aldi.co.uk/product/nature-s-pick-mango-chunks-000000000000488937","mango","2026-04-10T18:05:52.557Z","aldi","9.13","per 1 KG","0.24 KG"
"GIANNI'S",,"https://dm.emea.cms.aldi.cx/is/image/aldiprodeu/product/jpg/scaleWidth/232/bdda25a3-42ab-4e31-84ae-a5f364910a27/Mango%20Sorbet","Mango Sorbet","Was £2.29","true","1.99","https://www.aldi.co.uk/product/gianni-s-mango-sorbet-000000000371311003","mango","2026-04-10T18:05:52.557Z","aldi","3.98","per 1 L","0.5 L"
"THE FOODIE MARKET",,"https://dm.emea.cms.aldi.cx/is/image/aldiprodeu/product/jpg/scaleWidth/232/dd92de71-bb23-424e-b99d-4dffb095b924/Sugared%20Mango","Sugared Mango",,"false","1.25","https://www.aldi.co.uk/product/the-foodie-market-sugared-mango-000000000662977001","mango","2026-04-10T18:05:52.557Z","aldi",,,""
"NATURE'S PICK",,"https://dm.emea.cms.aldi.cx/is/image/aldiprodeu/product/jpg/scaleWidth/232/92377175-9dd9-481d-8df1-d302adeeadb0/Ripe%20%20Ready%20Mangoes","Ripe & Ready Mangoes",,"false","1.65","https://www.aldi.co.uk/product/nature-s-pick-ripe-ready-mangoes-000000000000264490","mango","2026-04-10T18:05:52.557Z","aldi","0.83","per 1 Each","2 Each"
"OAKHURST",,"https://dm.emea.cms.aldi.cx/is/image/aldiprodeu/product/jpg/scaleWidth/232/8510bfc7-f1ae-4f0d-a304-9d881ae31e2e/Smoked%20Streaky%20Bacon%2014%20Pack","Smoked Streaky Bacon 14 Pack",,"false","2.29","https://www.aldi.co.uk/product/oakhurst-smoked-streaky-bacon-14-pack-000000000384652001","streaky bacon","2026-04-10T18:05:59.578Z","aldi","7.63","per 1 KG","0.3 KG"
"OAKHURST",,"https://dm.emea.cms.aldi.cx/is/image/aldiprodeu/product/jpg/scaleWidth/232/e3e28673-bb9f-458d-aded-cc89c45ee6ba/Unsmoked%20Streaky%20Bacon%2014%20Pack","Unsmoked Streaky Bacon 14 Pack",,"false","2.29","https://www.aldi.co.uk/product/oakhurst-unsmoked-streaky-bacon-14-pack-000000000384652002","streaky bacon","2026-04-10T18:05:59.578Z","aldi","7.63","per 1 KG","0.3 KG"
"EVERYDAY ESSENTIALS",,"https://dm.emea.cms.aldi.cx/is/image/aldiprodeu/product/jpg/scaleWidth/232/b63ae8ee-8451-403e-acf5-9a73a93ed2bb/Smoked%20Streaky%20Bacon%20Rashers%2012%20Pack","Smoked Streaky Bacon Rashers 12 Pack*","Was £1.45","true","1.25","https://www.aldi.co.uk/product/everyday-essentials-smoked-streaky-bacon-rashers-12-pack-000000000387996001","streaky bacon","2026-04-10T18:05:59.578Z","aldi","4.34","per 1 KG","0.288 KG"
"EVERYDAY ESSENTIALS",,"https://dm.emea.cms.aldi.cx/is/image/aldiprodeu/product/jpg/scaleWidth/232/0ea5c472-11d3-4324-af03-1b3f2fd647d1/Unsmoked%20Streaky%20Bacon%20Rashers%2012%20Pack","Unsmoked Streaky Bacon Rashers 12 Pack*","Was £1.45","true","1.25","https://www.aldi.co.uk/product/everyday-essentials-unsmoked-streaky-bacon-rashers-12-pack-000000000387996002","streaky bacon","2026-04-10T18:05:59.578Z","aldi","4.34","per 1 KG","0.288 KG"
"SPECIALLY SELECTED",,"https://dm.emea.cms.aldi.cx/is/image/aldiprodeu/product/jpg/scaleWidth/232/f8a91a94-9a92-49fe-b338-c13410234cc9/100%25%20British%20Pork%20Dry%20Cured%20Smoked%20Streaky%20Bacon%2014%20Pack","100% British Pork Dry Cured Smoked Streaky Bacon 14 Pack",,"false","2.29","https://www.aldi.co.uk/product/specially-selected-100-british-pork-dry-cured-smoked-streaky-bacon-14-pack-000000000529543001","streaky bacon","2026-04-10T18:05:59.578Z","aldi","10.41","per 1 KG","0.22 KG"
"ASHFIELDS",,"https://dm.emea.cms.aldi.cx/is/image/aldiprodeu/product/jpg/scaleWidth/232/c1ccdf9c-198a-443a-94c3-5b04dc9e7202/Sirloin%20Steaks%20with%20Peppercorn%20Sauce","Sirloin Steaks with Peppercorn Sauce",,"false","12.99","https://www.aldi.co.uk/product/ashfields-sirloin-steaks-with-peppercorn-sauce-000000000000734838","sirloin steak","2026-04-10T18:06:08.370Z","aldi","28.55","per 1 KG","0.455 KG"
"ASHFIELDS",,"https://dm.emea.cms.aldi.cx/is/image/aldiprodeu/product/jpg/scaleWidth/232/1aacdd9c-7fa1-48cb-b047-7981d21c8288/British%20Sirloin%20Steak%2021%20Day%20Matured","British Sirloin Steak 21 Day Matured",,"false","5.29","https://www.aldi.co.uk/product/ashfields-british-sirloin-steak-21-day-matured-000000000000382068","sirloin steak","2026-04-10T18:06:08.370Z","aldi","27.13","per 1 KG","0.195 KG"
"SPECIALLY SELECTED",,"https://dm.emea.cms.aldi.cx/is/image/aldiprodeu/product/jpg/scaleWidth/232/532e1b4f-8da8-4177-bb9d-b1913769ae17/100%25%20British%20Beef%20Wagyu%20Sirloin%20Steak","100% British Beef Wagyu Sirloin Steak",,"false","9.49","https://www.aldi.co.uk/product/specially-selected-100-british-beef-wagyu-sirloin-steak-000000000000465878","sirloin steak","2026-04-10T18:06:08.370Z","aldi","41.81","per 1 KG","0.227 KG"
"ASHFIELDS",,"https://dm.emea.cms.aldi.cx/is/image/aldiprodeu/product/jpg/scaleWidth/232/1c8f39b9-879d-4859-8bcb-c598078f1480/100%25%20British%20Sirloin%20Steak%2030%20Day%20Matured","100% British Sirloin Steak 30 Day Matured",,"false","6.49","https://www.aldi.co.uk/product/ashfields-100-british-sirloin-steak-30-day-matured-000000000000382071","sirloin steak","2026-04-10T18:06:08.370Z","aldi","28.59","per 1 KG","0.227 KG"
"ASHFIELDS",,"https://dm.emea.cms.aldi.cx/is/image/aldiprodeu/product/jpg/scaleWidth/232/ee92c0a3-093a-459c-8c38-c5df8d5d96da/King%20of%20Steaks%2012oz%20Thick%20Cut%20Sirloin%20Steak%2030%20Day%20Matured","King of Steaks 12oz Thick Cut Sirloin Steak 30 Day Matured",,"false","8.99","https://www.aldi.co.uk/product/ashfields-king-of-steaks-12oz-thick-cut-sirloin-steak-30-day-matured-000000000000386948","sirloin steak","2026-04-10T18:06:08.370Z","aldi","26.44","per 1 KG","0.34 KG"
"EMPORIUM",,"https://dm.emea.cms.aldi.cx/is/image/aldiprodeu/product/jpg/scaleWidth/232/b2c04456-0320-487c-a7c1-fd363f1f10d2/Dutch%20Edam%20Cheese%2016%20Slices","Dutch Edam Cheese 16 Slices",,"false","2.99","https://www.aldi.co.uk/product/emporium-dutch-edam-cheese-16-slices-000000000423385001","edam","2026-04-10T18:06:14.767Z","aldi","7.48","per 1 KG","0.4 KG"
"NATURE'S PICK",,"https://dm.emea.cms.aldi.cx/is/image/aldiprodeu/product/jpg/scaleWidth/232/f509014c-1c1a-4775-bcc7-8407611ad96e/Courgettes","Courgettes",,"false","1.39","https://www.aldi.co.uk/product/nature-s-pick-courgettes-000000000000339808","courgettes","2026-04-10T18:06:21.484Z","aldi","2.78","per 1 KG","0.5 KG"
"EVERYDAY ESSENTIALS",,"https://dm.emea.cms.aldi.cx/is/image/aldiprodeu/product/jpg/scaleWidth/232/56d94fd1-28ed-4179-8708-b026d67fdc60/Grated%20Cheddar%20Cheese","Grated Cheddar Cheese",,"false","2.99","https://www.aldi.co.uk/product/everyday-essentials-grated-cheddar-cheese-000000000417607001","grated cheddar","2026-04-10T18:06:24.959Z","aldi","5.98","per 1 KG","0.5 KG"
"EMPORIUM",,"https://dm.emea.cms.aldi.cx/is/image/aldiprodeu/product/jpg/scaleWidth/232/e024a068-c958-4cff-ac5c-5719d408b954/Grated%20Cheddar%20%20Mozzarella%20Cheese%20Mix","Grated Cheddar & Mozzarella Cheese Mix","Was £2.19","true","1.99","https://www.aldi.co.uk/product/emporium-grated-cheddar-mozzarella-cheese-mix-000000000563000002","grated cheddar","2026-04-10T18:06:24.959Z","aldi","7.96","per 1 KG","0.25 KG"
"EMPORIUM",,"https://dm.emea.cms.aldi.cx/is/image/aldiprodeu/product/jpg/scaleWidth/232/f0840c93-249c-4dc3-8578-fe340daa7b3e/Grated%20Mature%20Cheddar","Grated Mature Cheddar","Was £2.19","true","1.99","https://www.aldi.co.uk/product/emporium-grated-mature-cheddar-000000000000416860","grated cheddar","2026-04-10T18:06:24.959Z","aldi","7.96","per 1 KG","0.25 KG"
"EMPORIUM",,"https://dm.emea.cms.aldi.cx/is/image/aldiprodeu/product/jpg/scaleWidth/232/cbd1b3d4-457a-408d-bbe0-4941a3b770fe/Grated%20Lighter%20Cheddar%20Cheese","Grated Lighter Cheddar Cheese","Was £2.19","true","1.99","https://www.aldi.co.uk/product/emporium-grated-lighter-cheddar-cheese-000000000422926001","grated cheddar","2026-04-10T18:06:24.959Z","aldi","7.96","per 1 KG","0.25 KG"
"EMPORIUM",,"https://dm.emea.cms.aldi.cx/is/image/aldiprodeu/product/jpg/scaleWidth/232/6e77adc6-7692-404a-ae44-879ead1735ca/Grated%20Half%20Fat%20Cheddar%20Cheese","Grated Half Fat Cheddar Cheese","Was £2.19","true","1.99","https://www.aldi.co.uk/product/emporium-grated-half-fat-cheddar-cheese-000000000422926002","grated cheddar","2026-04-10T18:06:24.959Z","aldi","7.96","per 1 KG","0.25 KG"
"NATURE'S PICK",,"https://dm.emea.cms.aldi.cx/is/image/aldiprodeu/product/jpg/scaleWidth/232/da600d97-a5b2-4ad1-bf7c-850b93ef4cd7/White%20Seedless%20Grapes","White Seedless Grapes",,"false","1.89","https://www.aldi.co.uk/product/nature-s-pick-white-seedless-grapes-000000000000266267","grapes","2026-04-10T18:06:33.672Z","aldi","3.78","per 1 KG","0.5 KG"
"NATURE'S PICK",,"https://dm.emea.cms.aldi.cx/is/image/aldiprodeu/product/jpg/scaleWidth/232/93b2015a-cc93-472a-aa23-ab9010e3dfd6/Seedless%20Red%20Grapes","Seedless Red Grapes",,"false","1.89","https://www.aldi.co.uk/product/nature-s-pick-seedless-red-grapes-000000000000266293","grapes","2026-04-10T18:06:33.672Z","aldi","3.78","per 1 KG","0.5 KG"
"NATURE'S PICK",,"https://dm.emea.cms.aldi.cx/is/image/aldiprodeu/product/jpg/scaleWidth/232/7f6b9cd0-35a2-4a97-9bb4-5fca2e7ea6a9/Black%20Seedless%20Grapes","Black Seedless Grapes",,"false","1.89","https://www.aldi.co.uk/product/nature-s-pick-black-seedless-grapes-000000000000266312","grapes","2026-04-10T18:06:33.672Z","aldi","3.78","per 1 KG","0.5 KG"
"SPECIALLY SELECTED",,"https://dm.emea.cms.aldi.cx/is/image/aldiprodeu/product/jpg/scaleWidth/232/4f49a39c-aaa4-4ecc-806f-a7272a09d5fa/Seedless%20Sable%20Grapes","Seedless Sable Grapes",,"false","1.79","https://www.aldi.co.uk/product/specially-selected-seedless-sable-grapes-000000000000266315","grapes","2026-04-10T18:06:33.672Z","aldi","4.48","per 1 KG","0.4 KG"
"NATURE'S PICK",,"https://dm.emea.cms.aldi.cx/is/image/aldiprodeu/product/jpg/scaleWidth/232/ecc7bd17-a523-4fd1-92f8-8ed25d6735da/Mixed%20Seedless%20Grapes","Mixed Seedless Grapes",,"false","1.89","https://www.aldi.co.uk/product/nature-s-pick-mixed-seedless-grapes-000000000000266331","grapes","2026-04-10T18:06:33.672Z","aldi","3.78","per 1 KG","0.5 KG"
"SPECIALLY SELECTED",,"https://dm.emea.cms.aldi.cx/is/image/aldiprodeu/product/jpg/scaleWidth/232/df9755a4-5105-4829-b950-e3044e327bd3/Cumberland%20Pork%20Sausages","Cumberland Pork Sausages",,"false","3.69","https://www.aldi.co.uk/product/specially-selected-cumberland-pork-sausages-000000000000622205","pork sausages","2026-04-10T18:06:35.369Z","aldi","5.53","per 1 KG","0.667 KG"
"PLANT MENU",,"https://dm.emea.cms.aldi.cx/is/image/aldiprodeu/product/jpg/scaleWidth/232/55db35e5-a8be-4d2c-8057-820df97761a8/Battered%20NoPork%20Sausages","Battered No-Pork Sausages",,"false","1.99","https://www.aldi.co.uk/product/plant-menu-battered-no-pork-sausages-000000000463517003","pork sausages","2026-04-10T18:06:35.369Z","aldi","11.06","per 1 KG","0.18 KG"
"SPECIALLY SELECTED",,"https://dm.emea.cms.aldi.cx/is/image/aldiprodeu/product/jpg/scaleWidth/232/41855a76-436e-4e7c-856a-eec6c9a477ed/The%20Ultimate%20Pork%20Sausages","The Ultimate Pork Sausages",,"false","3.49","https://www.aldi.co.uk/product/specially-selected-the-ultimate-pork-sausages-000000000479898002","pork sausages","2026-04-10T18:06:35.369Z","aldi","7.27","per 1 KG","0.48 KG"
"SPECIALLY SELECTED",,"https://dm.emea.cms.aldi.cx/is/image/aldiprodeu/product/jpg/scaleWidth/232/3a48d63a-5744-46ba-9f2f-f13e7a2ccb47/Pork%20Sausages%206%20Pack","Pork Sausages 6 Pack",,"false","2.49","https://www.aldi.co.uk/product/specially-selected-pork-sausages-6-pack-000000000000386876","pork sausages","2026-04-10T18:06:35.369Z","aldi","6.23","per 1 KG","0.4 KG"
"SPECIALLY SELECTED",,"https://dm.emea.cms.aldi.cx/is/image/aldiprodeu/product/jpg/scaleWidth/232/1a151a66-c71c-4b85-af95-ad3106cdc5dd/Pork%20Sausages%2010%20Pack","Pork Sausages 10 Pack",,"false","3.69","https://www.aldi.co.uk/product/specially-selected-pork-sausages-10-pack-000000000000452227","pork sausages","2026-04-10T18:06:35.369Z","aldi","5.53","per 1 KG","0.667 KG"
"ASHFIELDS",,"https://dm.emea.cms.aldi.cx/is/image/aldiprodeu/product/jpg/scaleWidth/232/55972cbf-7deb-4a8c-9c63-df6ac35f5e5f/British%20Ribeye%20Steak%2021%20Day%20Matured","British Ribeye Steak 21 Day Matured",,"false","5.39","https://www.aldi.co.uk/product/ashfields-british-ribeye-steak-21-day-matured-000000000000382069","ribeye steak","2026-04-10T18:06:38.149Z","aldi","27.64","per 1 KG","0.195 KG"
"SPECIALLY SELECTED",,"https://dm.emea.cms.aldi.cx/is/image/aldiprodeu/product/jpg/scaleWidth/232/be785c67-3f78-4249-843c-3c2c39c118e9/100%25%20British%20Beef%20Wagyu%20Ribeye%20Steak","100% British Beef Wagyu Ribeye Steak",,"false","9.99","https://www.aldi.co.uk/product/specially-selected-100-british-beef-wagyu-ribeye-steak-000000000000465941","ribeye steak","2026-04-10T18:06:38.149Z","aldi","44.01","per 1 KG","0.227 KG"
"ASHFIELDS",,"https://dm.emea.cms.aldi.cx/is/image/aldiprodeu/product/jpg/scaleWidth/232/82930b72-085a-4a23-a362-bdfc40811b70/100%25%20British%20Ribeye%20Steak%2030%20Day%20Matured","100% British Ribeye Steak 30 Day Matured",,"false","6.69","https://www.aldi.co.uk/product/ashfields-100-british-ribeye-steak-30-day-matured-000000000000382072","ribeye steak","2026-04-10T18:06:38.149Z","aldi","29.47","per 1 KG","0.227 KG"
"SPECIALLY SELECTED",,"https://dm.emea.cms.aldi.cx/is/image/aldiprodeu/product/jpg/scaleWidth/232/3e9ced7f-af9e-45b6-af1e-98b1b9cc0bc5/100%25%20British%20Beef%20Salt%20Dry%20Aged%20Aberdeen%20Angus%208oz%20Ribeye%20Steak","100% British Beef Salt Dry Aged Aberdeen Angus 8oz Ribeye Steak",,"false","7.29","https://www.aldi.co.uk/product/specially-selected-100-british-beef-salt-dry-aged-aberdeen-angus-8oz-ribeye-steak-000000000595221001","ribeye steak","2026-04-10T18:06:38.149Z","aldi","32.11","per 1 KG","0.227 KG"
"SPECIALLY SELECTED",,"https://dm.emea.cms.aldi.cx/is/image/aldiprodeu/product/jpg/scaleWidth/232/ab84b62f-f534-4ac5-94e0-d63609513793/100%25%20Scotch%20Beef%20Salt%20Dry%20Aged%20Aberdeen%20Angus%208oz%20Ribeye%20Steak","100% Scotch Beef Salt Dry Aged Aberdeen Angus 8oz Ribeye Steak",,"false","7.29","https://www.aldi.co.uk/product/specially-selected-100-scotch-beef-salt-dry-aged-aberdeen-angus-8oz-ribeye-steak-000000000595221002","ribeye steak","2026-04-10T18:06:38.149Z","aldi","32.11","per 1 KG","0.227 KG"
"EMPORIUM",,"https://dm.emea.cms.aldi.cx/is/image/aldiprodeu/product/jpg/scaleWidth/232/58fc1778-f391-49b2-a544-958a8adcc426/Cheese%20Slices%208%20Pack","Cheese Slices 8 Pack",,"false","0.99","https://www.aldi.co.uk/product/emporium-cheese-slices-8-pack-000000000282227001","cheese slices","2026-04-10T18:06:43.440Z","aldi","4.95","per 1 KG","0.2 KG"
"EMPORIUM",,"https://dm.emea.cms.aldi.cx/is/image/aldiprodeu/product/jpg/scaleWidth/232/2acc1221-ec91-4df8-b3ed-f173990a3eba/Light%20Cheese%20Slices%208%20Pack","Light Cheese Slices 8 Pack",,"false","0.99","https://www.aldi.co.uk/product/emporium-light-cheese-slices-8-pack-000000000282227002","cheese slices","2026-04-10T18:06:43.440Z","aldi","4.95","per 1 KG","0.2 KG"
"CRESTWOOD",,"https://dm.emea.cms.aldi.cx/is/image/aldiprodeu/product/jpg/scaleWidth/232/3184c24d-f63b-4d56-bd01-a2af113f2024/Puff%20Pastry%20Ham%20%20Cheese%20Slices%202%20Pack","Puff Pastry Ham & Cheese Slices 2 Pack",,"false","1.65","https://www.aldi.co.uk/product/crestwood-puff-pastry-ham-cheese-slices-2-pack-000000000595729001","cheese slices","2026-04-10T18:06:43.440Z","aldi","0.55","per 100 G","300 G"
"EMPORIUM",,"https://dm.emea.cms.aldi.cx/is/image/aldiprodeu/product/jpg/scaleWidth/232/c099d0e4-d5a8-4aff-95ab-484e04ce3a6f/Mozzarella%20Cheese%2010%20Slices","Mozzarella Cheese 10 Slices","Was £2.19","true","1.99","https://www.aldi.co.uk/product/emporium-mozzarella-cheese-10-slices-000000000422938001","cheese slices","2026-04-10T18:06:43.440Z","aldi","7.96","per 1 KG","0.25 KG"
"EMPORIUM",,"https://dm.emea.cms.aldi.cx/is/image/aldiprodeu/product/jpg/scaleWidth/232/907faac5-5ec9-4752-940c-f9d9e0eb065b/Welsh%20Rarebit%20Slices","Welsh Rarebit Slices",,"false","0.99","https://www.aldi.co.uk/product/emporium-welsh-rarebit-slices-000000000000634695","cheese slices","2026-04-10T18:06:43.440Z","aldi","7.07","per 1 KG","0.14 KG"
"CRESTWOOD",,"https://dm.emea.cms.aldi.cx/is/image/aldiprodeu/product/jpg/scaleWidth/232/4e558b49-e8eb-4dbc-a8da-333c71374ac1/Beef%20Stew%20%20Dumplings","Beef Stew & Dumplings",,"false","2.79","https://www.aldi.co.uk/product/crestwood-beef-stew-dumplings-000000000405068001","beef stewing steak","2026-04-10T18:06:49.181Z","aldi","6.98","per 1 KG","0.4 KG"
"ASHFIELDS",,"https://dm.emea.cms.aldi.cx/is/image/aldiprodeu/product/jpg/scaleWidth/232/9f0b86e8-7cc5-4216-95fb-225dee287178/Beef%20Medallion%20Steaks","Beef Medallion Steaks",,"false","4.49","https://www.aldi.co.uk/product/ashfields-beef-medallion-steaks-000000000000382076","beef stewing steak","2026-04-10T18:06:49.181Z","aldi","13.21","per 1 KG","0.34 KG"
"ASHFIELDS",,"https://dm.emea.cms.aldi.cx/is/image/aldiprodeu/product/jpg/scaleWidth/232/f0cab7a4-1508-4a02-9c50-4c746c5f2597/British%20Beef%20Braising%20Steaks","British Beef Braising Steaks",,"false","3.89","https://www.aldi.co.uk/product/ashfields-british-beef-braising-steaks-000000000600388001","beef stewing steak","2026-04-10T18:06:49.181Z","aldi","11.11","per 1 KG","0.35 KG"
"ASHFIELDS",,"https://dm.emea.cms.aldi.cx/is/image/aldiprodeu/product/jpg/scaleWidth/232/ab0a86b2-9ac1-4c6d-b6ac-96d16a2c6184/XXL%20Rump%20Steaks","XXL Rump Steaks",,"false","14.99","https://www.aldi.co.uk/product/ashfields-xxl-rump-steaks-000000000000596279","beef stewing steak","2026-04-10T18:06:49.181Z","aldi","18.74","per 1 KG","0.8 KG"
"SPECIALLY SELECTED",,"https://dm.emea.cms.aldi.cx/is/image/aldiprodeu/product/jpg/scaleWidth/232/ab58b72c-e265-4d8f-8df2-70d174bd8d3f/Ranch%20Steaks%20with%20Butters","Ranch Steaks with Butters",,"false","5.99","https://www.aldi.co.uk/product/specially-selected-ranch-steaks-with-butters-000000000000678480","beef stewing steak","2026-04-10T18:06:49.181Z","aldi","18.72","per 1 KG","0.32 KG"
"SPECIALLY SELECTED",,"https://dm.emea.cms.aldi.cx/is/image/aldiprodeu/product/jpg/scaleWidth/232/227c6bba-0042-460b-9cb2-7db701d8088e/Chicken%20Sausages%206%20Pack","Chicken Sausages 6 Pack",,"false","2.09","https://www.aldi.co.uk/product/specially-selected-chicken-sausages-6-pack-000000000533109002","chicken sausages","2026-04-10T18:06:56.099Z","aldi","6.15","per 1 KG","0.34 KG"
"ASHFIELD FARM",,"https://dm.emea.cms.aldi.cx/is/image/aldiprodeu/product/jpg/scaleWidth/232/fdf80016-83f3-429c-8e2b-b6ceb6cea9bd/Italian%20Style%20Chicken%20Chipolatas%2010%20Pack","Italian Style Chicken Chipolatas 10 Pack",,"false","2.49","https://www.aldi.co.uk/product/ashfield-farm-italian-style-chicken-chipolatas-10-pack-000000000000454215","chicken sausages","2026-04-10T18:06:56.099Z","aldi","7.32","per 1 KG","0.34 KG"
"THE DELI",,"https://dm.emea.cms.aldi.cx/is/content/aldiprodeu/GB%20Fallback%20Image%203-no%20text","Chicken Kabanos",,"false","1.89","https://www.aldi.co.uk/product/the-deli-chicken-kabanos-000000000591281002","chicken sausages","2026-04-10T18:06:56.099Z","aldi","1.58","per 100 G","120 G"
"BRAMWELLS",,"https://dm.emea.cms.aldi.cx/is/image/aldiprodeu/product/jpg/scaleWidth/232/d5e03281-73f8-4d65-b111-d071b2ee913a/Bockwurst%20Sausages","Bockwurst Sausages","Was £2.29","true","1.99","https://www.aldi.co.uk/product/bramwells-bockwurst-sausages-000000000000335859","chicken sausages","2026-04-10T18:06:56.099Z","aldi","0.55","per 100 G","360 G"
"INSPIRED CUISINE",,"https://dm.emea.cms.aldi.cx/is/image/aldiprodeu/product/jpg/scaleWidth/232/2d825cb8-ded5-411d-be8f-1ec001da12f6/Sausage%20%20Mash","Sausage & Mash",,"false","2.79","https://www.aldi.co.uk/product/inspired-cuisine-sausage-mash-000000000405539001","chicken sausages","2026-04-10T18:06:56.099Z","aldi","6.98","per 1 KG","0.4 KG"
"NATURE'S PICK",,"https://dm.emea.cms.aldi.cx/is/image/aldiprodeu/product/jpg/scaleWidth/232/e00c5145-2d1d-4eee-a74b-5a8abe73f064/Pineapple%20Chunks","Pineapple Chunks",,"false","1.49","https://www.aldi.co.uk/product/nature-s-pick-pineapple-chunks-000000000000556782","pineapple","2026-04-10T18:07:02.984Z","aldi","4.97","per 1 KG","0.3 KG"
"COCOBAY",,"https://dm.emea.cms.aldi.cx/is/image/aldiprodeu/product/jpg/scaleWidth/232/9685afec-6172-437d-997f-5cfe8e62f539/Pineapple%20Cocktail","Pineapple Cocktail",,"false","0.95","https://www.aldi.co.uk/product/cocobay-pineapple-cocktail-000000000620882001","pineapple","2026-04-10T18:07:02.984Z","aldi","3.8","per 1 L","0.25 L"
"THE JUICE COMPANY",,"https://dm.emea.cms.aldi.cx/is/image/aldiprodeu/product/jpg/scaleWidth/232/411b356b-992d-41af-b798-6d3c337f01b5/Pineapple%20%20Lime","Pineapple & Lime",,"false","1.79","https://www.aldi.co.uk/product/the-juice-company-pineapple-lime-000000000630966002","pineapple","2026-04-10T18:07:02.984Z","aldi","1.79","per 1 L","1 L"
"FOUR SEASONS",,"https://dm.emea.cms.aldi.cx/is/image/aldiprodeu/product/jpg/scaleWidth/232/c782327e-5666-48e2-ac9d-afa0119b433e/Pineapple%20Slices%20in%20Juice","Pineapple Slices in Juice",,"false","0.95","https://www.aldi.co.uk/product/four-seasons-pineapple-slices-in-juice-000000000000201269","pineapple","2026-04-10T18:07:02.984Z","aldi","3.73","per 1 Kg","0.255 Kg drained"
"NATURE'S PICK",,"https://dm.emea.cms.aldi.cx/is/image/aldiprodeu/product/jpg/scaleWidth/232/a1189ed0-b092-48d6-9bb2-debff6e5ff11/Apple%20Pineapple%20%20Grape","Apple, Pineapple & Grape",,"false","1.19","https://www.aldi.co.uk/product/nature-s-pick-apple-pineapple-grape-000000000000339805","pineapple","2026-04-10T18:07:02.984Z","aldi","5.95","per 1 KG","0.2 KG"
"NATURE'S PICK",,"https://dm.emea.cms.aldi.cx/is/image/aldiprodeu/product/jpg/scaleWidth/232/287d74e4-fb46-4fe1-9f30-729fd588d393/Aubergine","Aubergine",,"false","0.99","https://www.aldi.co.uk/product/nature-s-pick-aubergine-000000000000334444","aubergine","2026-04-10T18:07:09.747Z","aldi","0.99","per 1 Each","1 Each"
"NATURE'S PICK",,"https://dm.emea.cms.aldi.cx/is/image/aldiprodeu/product/jpg/scaleWidth/232/321c32c5-deb2-4b3d-9458-8cd8157ed241/British%20Green%20Beans","British Green Beans","Was £0.85","true","0.69","https://www.aldi.co.uk/product/nature-s-pick-british-green-beans-000000000000339847","green beans","2026-04-10T18:07:14.967Z","aldi","3.14","per 1 KG","0.22 KG"
"FOUR SEASONS",,"https://dm.emea.cms.aldi.cx/is/image/aldiprodeu/product/jpg/scaleWidth/232/755e5bfd-ae78-48cb-8a40-a6353f5eb476/Whole%20Green%20Beans","Whole Green Beans",,"false","1.19","https://www.aldi.co.uk/product/four-seasons-whole-green-beans-000000000275878001","green beans","2026-04-10T18:07:14.967Z","aldi","1.19","per 1 KG","1 KG"
"FOUR SEASONS",,"https://dm.emea.cms.aldi.cx/is/image/aldiprodeu/product/jpg/scaleWidth/232/1a67998f-35ff-4d9c-8857-8666bd6125a8/Tinned%20Black%20BeansGreen%20Lentils","Tinned Black Beans/Green Lentils",,"false","0.49","https://www.aldi.co.uk/product/four-seasons-tinned-black-beans-green-lentils-000000000627180001","green beans","2026-04-10T18:07:14.967Z","aldi","1.23","per 1 KG","0.4 KG"
"FOUR SEASONS",,"https://dm.emea.cms.aldi.cx/is/image/aldiprodeu/product/jpg/scaleWidth/232/705229ea-da06-4bdf-92d4-fdf39e4b077b/Tinned%20Black%20BeansGreen%20Lentils","Tinned Black Beans/Green Lentils",,"false","0.49","https://www.aldi.co.uk/product/four-seasons-tinned-black-beans-green-lentils-000000000627180002","green beans","2026-04-10T18:07:14.967Z","aldi","1.23","per 1 KG","0.4 KG"
"NATURE'S PICK",,"https://dm.emea.cms.aldi.cx/is/image/aldiprodeu/product/jpg/scaleWidth/232/d04b758a-e604-43a6-a5d4-2e1b8f5f4c28/British%20Stringless%20Beans","British Stringless Beans",,"false","1.19","https://www.aldi.co.uk/product/nature-s-pick-british-stringless-beans-000000000000339983","green beans","2026-04-10T18:07:14.967Z","aldi","5.29","per 1 KG","0.225 KG"
"NATURE'S PICK",,"https://dm.emea.cms.aldi.cx/is/image/aldiprodeu/product/jpg/scaleWidth/232/7fbd6ffc-42d4-4493-a47b-99da8823a7e3/Galia%20Melon","Galia Melon",,"false","1.85","https://www.aldi.co.uk/product/nature-s-pick-galia-melon-000000000000265489","melon","2026-04-10T18:07:26.678Z","aldi","1.85","per 1 Each","1 Each"
"NATURE'S PICK",,"https://dm.emea.cms.aldi.cx/is/image/aldiprodeu/product/jpg/scaleWidth/232/f5b3e86e-19c7-49e2-82bd-de3fe8638606/Honeydew%20Melon","Honeydew Melon",,"false","1.87","https://www.aldi.co.uk/product/nature-s-pick-honeydew-melon-000000000000457927","melon","2026-04-10T18:07:26.678Z","aldi","1.87","per 1 Each","1 Each"
"NATURE'S PICK",,"https://dm.emea.cms.aldi.cx/is/image/aldiprodeu/product/jpg/scaleWidth/232/77d8c732-178b-45bc-8b7a-ac9868615251/Melon%20Medley","Melon Medley",,"false","1.69","https://www.aldi.co.uk/product/nature-s-pick-melon-medley-000000000000471024","melon","2026-04-10T18:07:26.678Z","aldi","5.63","per 1 KG","0.3 KG"
"NATURE'S PICK",,"https://dm.emea.cms.aldi.cx/is/image/aldiprodeu/product/jpg/scaleWidth/232/ddd625a2-1fd9-49ad-be10-4319289e56ac/Melon%20Mango%20%20Pineapple%20Fingers","Melon, Mango & Pineapple Fingers",,"false","1.89","https://www.aldi.co.uk/product/nature-s-pick-melon-mango-pineapple-fingers-000000000000568463","melon","2026-04-10T18:07:26.678Z","aldi","7.88","per 1 KG","0.24 KG"
"ASHFIELDS",,"https://dm.emea.cms.aldi.cx/is/image/aldiprodeu/product/jpg/scaleWidth/232/f0b2040a-c005-4409-a5e8-a8585334ed4a/20%25%20Lamb%20Mince","20% Lamb Mince",,"false","2.99","https://www.aldi.co.uk/product/ashfields-20-lamb-mince-000000000000479046","lamb mince","2026-04-10T18:07:28.072Z","aldi","4.98","per 1 KG","0.6 KG"
"ASHFIELDS",,"https://dm.emea.cms.aldi.cx/is/image/aldiprodeu/product/jpg/scaleWidth/232/c47899f3-a263-4f51-9c09-c079e72b9635/British%20Lamb%20Mince%2020%25%20Fat","British Lamb Mince 20% Fat",,"false","5.49","https://www.aldi.co.uk/product/ashfields-british-lamb-mince-20-fat-000000000000575324","lamb mince","2026-04-10T18:07:28.072Z","aldi","11.56","per 1 KG","0.475 KG"
"SPECIALLY SELECTED",,"https://dm.emea.cms.aldi.cx/is/image/aldiprodeu/product/jpg/scaleWidth/232/afbf64f2-1a2d-4a57-9c2b-14921d3c1196/Wagyu%20Mince","Wagyu Mince","Was £6.29","true","5.99","https://www.aldi.co.uk/product/specially-selected-wagyu-mince-000000000000669724","lamb mince","2026-04-10T18:07:28.072Z","aldi","11.98","per 1 KG","0.5 KG"
"ASHFIELDS",,"https://dm.emea.cms.aldi.cx/is/image/aldiprodeu/product/jpg/scaleWidth/232/9290ce32-16f1-421a-ae80-1fc727943e75/Diced%20Lamb","Diced Lamb",,"false","5.49","https://www.aldi.co.uk/product/ashfields-diced-lamb-000000000000387561","lamb mince","2026-04-10T18:07:28.072Z","aldi","18.3","per 1 KG","0.3 KG"
"PLANT MENU",,"https://dm.emea.cms.aldi.cx/is/image/aldiprodeu/product/jpg/scaleWidth/232/c9f22f82-34c6-4a76-9193-fb241c6d3d06/MeatFree%20Mince","Meat-Free Mince",,"false","1.39","https://www.aldi.co.uk/product/plant-menu-meat-free-mince-000000000371357006","lamb mince","2026-04-10T18:07:28.072Z","aldi","0.35","per 100 G","400 G"
"SPECIALLY SELECTED GASTRO",,"https://dm.emea.cms.aldi.cx/is/image/aldiprodeu/product/jpg/scaleWidth/232/912de4aa-a966-488a-9d41-adeca5598664/Chorizo%20Mac%20%20Cheese","Chorizo Mac & Cheese",,"false","3.59","https://www.aldi.co.uk/product/specially-selected-gastro-chorizo-mac-cheese-000000000590500002","chorizo","2026-04-10T18:07:28.575Z","aldi","8.98","per 1 KG","0.4 KG"
"THE DELI",,"https://dm.emea.cms.aldi.cx/is/image/aldiprodeu/product/jpg/scaleWidth/232/f5da8f87-8478-42e0-a7c9-acfa0d716712/Spanish%20Chorizo%2024%20Slices","Spanish Chorizo 24 Slices",,"false","0.99","https://www.aldi.co.uk/product/the-deli-spanish-chorizo-24-slices-000000000403842002","chorizo","2026-04-10T18:07:28.575Z","aldi","0.83","per 100 G","120 G"
"SPECIALLY SELECTED",,"https://dm.emea.cms.aldi.cx/is/image/aldiprodeu/product/jpg/scaleWidth/232/1a7a20e6-1261-4eb7-af68-6d36417c285c/Classic%20Spanish%20Chorizo%20Ring","Classic Spanish Chorizo Ring",,"false","1.89","https://www.aldi.co.uk/product/specially-selected-classic-spanish-chorizo-ring-000000000404018001","chorizo","2026-04-10T18:07:28.575Z","aldi","9.45","per 1 KG","0.2 KG"
"SPECIALLY SELECTED",,"https://dm.emea.cms.aldi.cx/is/image/aldiprodeu/product/jpg/scaleWidth/232/68bdc67e-d19c-440a-9ea7-407883ee3443/Spicy%20Spanish%20Chorizo%20Ring","Spicy Spanish Chorizo Ring",,"false","1.89","https://www.aldi.co.uk/product/specially-selected-spicy-spanish-chorizo-ring-000000000404018002","chorizo","2026-04-10T18:07:28.575Z","aldi","9.45","per 1 KG","0.2 KG"
"SPECIALLY SELECTED",,"https://dm.emea.cms.aldi.cx/is/image/aldiprodeu/product/jpg/scaleWidth/232/d3b054f2-85b3-4e91-9523-a520647d0c32/Cod%20%20Chorizo%20Fishcakes%202%20Pack","Cod & Chorizo Fishcakes 2 Pack",,"false","2.39","https://www.aldi.co.uk/product/specially-selected-cod-chorizo-fishcakes-2-pack-000000000383169003","chorizo","2026-04-10T18:07:28.575Z","aldi","8.24","per 1 KG","0.29 KG"
"EVERYDAY ESSENTIALS",,"https://dm.emea.cms.aldi.cx/is/image/aldiprodeu/product/jpg/scaleWidth/232/99e58b8b-4be8-4e2f-bc9a-3da08601fe66/Pepperoni%20%20Pizza","Pepperoni  Pizza",,"false","1.1","https://www.aldi.co.uk/product/everyday-essentials-pepperoni-pizza-000000000457212003","pepperoni","2026-04-10T18:07:37.074Z","aldi","3.5","per 1 KG","0.314 KG"
"CUCINA",,"https://dm.emea.cms.aldi.cx/is/image/aldiprodeu/product/jpg/scaleWidth/232/c7fff621-fe68-4dca-a454-7846d1ea1b05/Pepperoni%20Pasta","Pepperoni Pasta",,"false","2.69","https://www.aldi.co.uk/product/cucina-pepperoni-pasta-000000000631233001","pepperoni","2026-04-10T18:07:37.074Z","aldi","6.73","per 1 KG","0.4 KG"
"THE DELI",,"https://dm.emea.cms.aldi.cx/is/image/aldiprodeu/product/jpg/scaleWidth/232/1b214ec9-ca2b-4e6b-bdd2-ad87f452eab9/Pepperoni%20and%20Mozzarella%20Selection","Pepperoni and Mozzarella Selection","Was £1.99","true","1.89","https://www.aldi.co.uk/product/the-deli-pepperoni-and-mozzarella-selection-000000000405534002","pepperoni","2026-04-10T18:07:37.074Z","aldi","1.45","per 100 G","130 G"
"CUCINA",,"https://dm.emea.cms.aldi.cx/is/image/aldiprodeu/product/jpg/scaleWidth/232/280353a6-78d5-41b6-98a4-3372176a23a5/Hot%20Pepperoni%2024%20Slices","Hot Pepperoni 24 Slices",,"false","1.09","https://www.aldi.co.uk/product/cucina-hot-pepperoni-24-slices-000000000399316001","pepperoni","2026-04-10T18:07:37.074Z","aldi","0.91","per 100 G","120 G"
"CUCINA",,"https://dm.emea.cms.aldi.cx/is/image/aldiprodeu/product/jpg/scaleWidth/232/bab002ed-f54a-4252-a794-b0a0c6f590fc/Mild%20Pepperoni%2024%20Slices","Mild Pepperoni 24 Slices",,"false","1.09","https://www.aldi.co.uk/product/cucina-mild-pepperoni-24-slices-000000000399316002","pepperoni","2026-04-10T18:07:37.074Z","aldi","0.91","per 100 G","120 G"
"NATURE'S PICK",,"https://dm.emea.cms.aldi.cx/is/image/aldiprodeu/product/jpg/scaleWidth/232/f206f4bc-3825-4fec-8eba-c06b4b078732/British%20Sweetcorn","British Sweetcorn",,"false","1.29","https://www.aldi.co.uk/product/nature-s-pick-british-sweetcorn-000000000000339993","sweetcorn","2026-04-10T18:07:38.976Z","aldi","0.65","per 1 Each","2 Each"
"FOUR SEASONS",,"https://dm.emea.cms.aldi.cx/is/image/aldiprodeu/product/jpg/scaleWidth/232/d31ece0d-3c11-48e3-9a6d-5020e206adf4/Sweetcorn","Sweetcorn",,"false","1.49","https://www.aldi.co.uk/product/four-seasons-sweetcorn-000000000000262686","sweetcorn","2026-04-10T18:07:38.976Z","aldi","1.49","per 1 KG","1 KG"
"FOUR SEASONS",,"https://dm.emea.cms.aldi.cx/is/image/aldiprodeu/product/jpg/scaleWidth/232/ce5cdc3c-0b01-4841-9815-c5896067d635/Supersweet%20Sweetcorn%20in%20Water","Supersweet Sweetcorn in Water",,"false","0.55","https://www.aldi.co.uk/product/four-seasons-supersweet-sweetcorn-in-water-000000000000274512","sweetcorn","2026-04-10T18:07:38.976Z","aldi","0.19","per 100 G","285 G"
"BRAMWELLS EXPRESS",,"https://dm.emea.cms.aldi.cx/is/content/aldiprodeu/GB%20Fallback%20Image%203-no%20text","Cupshotz Chicken & Sweetcorn",,"false","0.49","https://www.aldi.co.uk/product/bramwells-express-cupshotz-chicken-sweetcorn-000000000615407005","sweetcorn","2026-04-10T18:07:38.976Z","aldi","0.91","per 100 G","54 G"
"THE DELI",,"https://dm.emea.cms.aldi.cx/is/image/aldiprodeu/product/jpg/scaleWidth/232/d761d9c7-18d2-4087-b7e7-4d2245fd9bf5/Chicken%20%20Sweetcorn","Chicken & Sweetcorn",,"false","1.45","https://www.aldi.co.uk/product/the-deli-chicken-sweetcorn-000000000400912003","sweetcorn","2026-04-10T18:07:38.976Z","aldi","0.66","per 100 G","220 G"
"NATURE'S PICK",,"https://dm.emea.cms.aldi.cx/is/image/aldiprodeu/product/jpg/scaleWidth/232/bdbcfeb9-a8ef-447b-b3c9-6d8f8d962a0e/Kiwis","Kiwis",,"false","1.19","https://www.aldi.co.uk/product/nature-s-pick-kiwis-000000000000263719","kiwi","2026-04-10T18:07:45.591Z","aldi","0.2","per 1 Each","6 Each"
"NATURE'S PICK",,"https://dm.emea.cms.aldi.cx/is/image/aldiprodeu/product/jpg/scaleWidth/232/11fe29fe-55dd-44cc-aa59-9b49a5b13600/Ripe%20%20Ready%20Kiwis","Ripe & Ready Kiwis",,"false","1.39","https://www.aldi.co.uk/product/nature-s-pick-ripe-ready-kiwis-000000000000263643","kiwi","2026-04-10T18:07:45.591Z","aldi","0.35","per 1 Each","4 Each"
"THE JUICE COMPANY",,"https://dm.emea.cms.aldi.cx/is/image/aldiprodeu/product/jpg/scaleWidth/232/43fa56fc-a0a2-4520-974d-acf65f3786f0/Childrens%20Immunity%20Juice%20Drink%20Strawberry%20Kiwi%20Apple","Childrens Immunity Juice Drink Strawberry, Kiwi, Apple",,"false","2.99","https://www.aldi.co.uk/product/the-juice-company-childrens-immunity-juice-drink-strawberry-kiwi-apple-000000000691198002","kiwi","2026-04-10T18:07:45.591Z","aldi","1.99","per 1 L","1.5 L"
"ASHFIELDS",,"https://dm.emea.cms.aldi.cx/is/image/aldiprodeu/product/jpg/scaleWidth/232/2ecc242c-1a11-4ce2-af9f-c2e370e2c01a/British%20Lamb%20Chops","British Lamb Chops",,"false","5.49","https://www.aldi.co.uk/product/ashfields-british-lamb-chops-000000000661917001","lamb chops","2026-04-10T18:07:52.615Z","aldi","16.15","per 1 KG","0.34 KG"
"ASHFIELDS",,"https://dm.emea.cms.aldi.cx/is/image/aldiprodeu/product/jpg/scaleWidth/232/734be7e6-fae2-4fd0-9464-4ec96f6e3eae/Minted%20Lamb%20Shoulder%20Chops","Minted Lamb Shoulder Chops",,"false","5.49","https://www.aldi.co.uk/product/ashfields-minted-lamb-shoulder-chops-000000000500036002","lamb chops","2026-04-10T18:07:52.615Z","aldi","13.07","per 1 KG","0.42 KG"
"WAGG",,"https://dm.emea.cms.aldi.cx/is/image/aldiprodeu/product/jpg/scaleWidth/232/27cded42-8c64-4a16-8ea2-0b64825ec326/Wagg%20Dog%20Treats","Wagg Dog Treats",,"false","0.99","https://www.aldi.co.uk/product/wagg-wagg-dog-treats-000000000465484009","lamb chops","2026-04-10T18:07:52.615Z","aldi","7.92","per 1 KG","0.125 KG"
"EVERYDAY ESSENTIALS",,"https://dm.emea.cms.aldi.cx/is/image/aldiprodeu/product/jpg/scaleWidth/232/8c7aa047-4d12-47fe-a256-153a738788d2/Pork%20Chops","Pork Chops",,"false","2.38","https://www.aldi.co.uk/product/everyday-essentials-pork-chops-000000000000435348","lamb chops","2026-04-10T18:07:52.615Z","aldi","4.75","per 1 KG",""
"NATURE'S PICK",,"https://dm.emea.cms.aldi.cx/is/image/aldiprodeu/product/jpg/scaleWidth/232/34a09d62-c7cd-44b5-827c-6482f4e9eb28/Chopped%20Iceberg%20Lettuce","Chopped Iceberg Lettuce",,"false","0.64","https://www.aldi.co.uk/product/nature-s-pick-chopped-iceberg-lettuce-000000000000339803","lamb chops","2026-04-10T18:07:52.615Z","aldi","3.2","per 1 KG","0.2 KG"
"QUORN",,"https://dm.emea.cms.aldi.cx/is/image/aldiprodeu/product/jpg/scaleWidth/232/3970f181-abbe-4c42-b21d-83147b03591b/Vegetarian%20Ham%20Slices","Vegetarian Ham Slices",,"false","1.45","https://www.aldi.co.uk/product/quorn-vegetarian-ham-slices-000000000493578001","ham sliced","2026-04-10T18:07:59.991Z","aldi","14.5","per 1 KG","0.1 KG"
"SPECIALLY SELECTED",,"https://dm.emea.cms.aldi.cx/is/image/aldiprodeu/product/jpg/scaleWidth/232/df1f1e82-2747-48e0-9b1a-363c08213e8f/Finely%20Sliced%20Wiltshire%20Ham","Finely Sliced Wiltshire Ham",,"false","3.19","https://www.aldi.co.uk/product/specially-selected-finely-sliced-wiltshire-ham-000000000000404734","ham sliced","2026-04-10T18:07:59.991Z","aldi","13.29","per 1 KG","0.24 KG"
"THE DELI",,"https://dm.emea.cms.aldi.cx/is/image/aldiprodeu/product/jpg/scaleWidth/232/9a03f6f5-bae6-4027-baac-3d3030e1a276/French%20Torchon%20Ham%204%20Slices","French Torchon Ham 4 Slices",,"false","1.89","https://www.aldi.co.uk/product/the-deli-french-torchon-ham-4-slices-000000000000403841","ham sliced","2026-04-10T18:07:59.991Z","aldi","0.95","per 100 G","200 G"
"ASHFIELDS",,"https://dm.emea.cms.aldi.cx/is/image/aldiprodeu/product/jpg/scaleWidth/232/6d17e343-d1ec-4c1a-af8b-efde4e3aac84/British%20Breaded%20Ham%2014%20Slices","British Breaded Ham 14 Slices",,"false","1.79","https://www.aldi.co.uk/product/ashfields-british-breaded-ham-14-slices-000000000000405530","ham sliced","2026-04-10T18:07:59.991Z","aldi","0.6","per 100 G","300 G"
"ASHFIELDS",,"https://dm.emea.cms.aldi.cx/is/image/aldiprodeu/product/jpg/scaleWidth/232/a6a1cf06-f4df-4b85-be05-aa96bba4139e/British%20Cooked%20Ham%2010%20Slices","British Cooked Ham 10 Slices","Was £0.85","true","0.75","https://www.aldi.co.uk/product/ashfields-british-cooked-ham-10-slices-000000000404493001","ham sliced","2026-04-10T18:07:59.991Z","aldi","6.52","per 1 KG","0.115 KG"
"NATURE'S PICK",,"https://dm.emea.cms.aldi.cx/is/image/aldiprodeu/product/jpg/scaleWidth/232/2d0460c1-968a-4ada-a452-dd788b164bfd/Seasonal%20Pears%201kg","Seasonal Pears 1kg",,"false","1.79","https://www.aldi.co.uk/product/nature-s-pick-seasonal-pears-1kg-000000000000653152","pears","2026-04-10T18:08:03.175Z","aldi",,,""
"MAMIA",,"https://dm.emea.cms.aldi.cx/is/image/aldiprodeu/product/jpg/scaleWidth/232/611f6b6f-f32e-4cf3-9602-32fb649698ba/Organic%20Pears%20Pouch","Organic Pears Pouch",,"false","0.45","https://www.aldi.co.uk/product/mamia-organic-pears-pouch-000000000344369002","pears","2026-04-10T18:08:03.175Z","aldi","6.43","per 1 KG","0.07 KG"
"NATURE'S PICK",,"https://dm.emea.cms.aldi.cx/is/image/aldiprodeu/product/jpg/scaleWidth/232/6893ad32-1281-4fd7-acce-16da686bca64/Ripe%20%20Ready%20Conference%20Pears","Ripe & Ready Conference Pears",,"false","1.85","https://www.aldi.co.uk/product/nature-s-pick-ripe-ready-conference-pears-000000000000272944","pears","2026-04-10T18:08:03.175Z","aldi","0.46","per 1 Each","4 Each"
"TAURUS",,"https://dm.emea.cms.aldi.cx/is/image/aldiprodeu/product/jpg/scaleWidth/232/dc4311b2-7777-4c30-a18f-b16a1825c6e3/Pear%20Cider%204%20Pack","Pear Cider 4 Pack",,"false","2.29","https://www.aldi.co.uk/product/taurus-pear-cider-4-pack-000000000000505914","pears","2026-04-10T18:08:03.175Z","aldi","1.3","per 1 L","1.76 L"
"MAMIA",,"https://dm.emea.cms.aldi.cx/is/image/aldiprodeu/product/jpg/scaleWidth/232/19df53f7-4452-476f-94b1-8ca26ab5e1c0/Squishy%20Snacks%20Pear%20%20Cucumber","Squishy Snacks Pear & Cucumber","Was £2.59","true","1.99","https://www.aldi.co.uk/product/mamia-squishy-snacks-pear-cucumber-000000000645124002","pears","2026-04-10T18:08:03.175Z","aldi","0.5","per 100 G","400 G"
"NATURE'S PICK",,"https://dm.emea.cms.aldi.cx/is/image/aldiprodeu/product/jpg/scaleWidth/232/d50db5bd-5880-4543-a608-f05c0700648b/Asparagus%20Tips","Asparagus Tips",,"false","1.4","https://www.aldi.co.uk/product/nature-s-pick-asparagus-tips-000000000000297166","asparagus","2026-04-10T18:08:14.047Z","aldi","14","per 1 KG","0.1 KG"
"NATURE'S PICK",,"https://dm.emea.cms.aldi.cx/is/image/aldiprodeu/product/jpg/scaleWidth/232/c44a150e-1e79-4472-8d8d-e3a43cc9e741/Asparagus%20Bundles","Asparagus Bundles",,"false","2.15","https://www.aldi.co.uk/product/nature-s-pick-asparagus-bundles-000000000000415970","asparagus","2026-04-10T18:08:14.047Z","aldi","8.6","per 1 KG","0.25 KG"
"NATURE'S PICK",,"https://dm.emea.cms.aldi.cx/is/image/aldiprodeu/product/jpg/scaleWidth/232/77f180f8-b9bc-4cc5-ac01-95fc59092cff/Plums","Plums",,"false","2.19","https://www.aldi.co.uk/product/nature-s-pick-plums-000000000000318009","plums","2026-04-10T18:08:14.748Z","aldi","2.19","per 1 KG","1 KG"
"EVERYDAY ESSENTIALS",,"https://dm.emea.cms.aldi.cx/is/image/aldiprodeu/product/jpg/scaleWidth/232/0e30d954-ca06-451e-b7f2-9e488e2bd45f/Baby%20Plum%20Tomatoes","Baby Plum Tomatoes",,"false","0.67","https://www.aldi.co.uk/product/everyday-essentials-baby-plum-tomatoes-000000000000275259","plums","2026-04-10T18:08:14.748Z","aldi","2.68","per 1 KG","0.25 KG"
"NATURE'S PICK",,"https://dm.emea.cms.aldi.cx/is/image/aldiprodeu/product/jpg/scaleWidth/232/9dce7035-abed-43a4-9922-0854a36f7bae/Baby%20Plum%20Tomatoes%20500g","Baby Plum Tomatoes 500g",,"false","1.35","https://www.aldi.co.uk/product/nature-s-pick-baby-plum-tomatoes-500g-000000000000663349","plums","2026-04-10T18:08:14.748Z","aldi",,,""
"EVERYDAY ESSENTIALS",,"https://dm.emea.cms.aldi.cx/is/image/aldiprodeu/product/jpg/scaleWidth/232/642f2f02-563a-4803-a007-f8b889680089/Peeled%20Plum%20Tomatoes%20in%20Tomato%20Juice","Peeled Plum Tomatoes in Tomato Juice",,"false","0.43","https://www.aldi.co.uk/product/everyday-essentials-peeled-plum-tomatoes-in-tomato-juice-000000000000278692","plums","2026-04-10T18:08:14.748Z","aldi","0.11","per 100 G","400 G"
"READY, SET…COOK!",,"https://dm.emea.cms.aldi.cx/is/image/aldiprodeu/product/jpg/scaleWidth/232/ad5d3e27-8f05-4f43-a7af-e3393310aeb4/Plum%20%20Hoisin%20Stir%20Fry%20Sauce","Plum & Hoisin Stir Fry Sauce",,"false","0.85","https://www.aldi.co.uk/product/ready-set-cook-plum-hoisin-stir-fry-sauce-000000000537336002","plums","2026-04-10T18:08:14.748Z","aldi","4.86","per 1 KG","0.175 KG"
"ASHFIELDS",,"https://dm.emea.cms.aldi.cx/is/image/aldiprodeu/product/jpg/scaleWidth/232/5df43c41-4383-4e8e-a983-8d2cf83b35c7/Beef%20and%20Pork%20Mince%20XXL","Beef and Pork Mince XXL",,"false","5.69","https://www.aldi.co.uk/product/ashfields-beef-and-pork-mince-xxl-000000000000387149","pork mince","2026-04-10T18:08:15.050Z","aldi","5.69","per 1 KG","1 KG"
"ASHFIELDS",,"https://dm.emea.cms.aldi.cx/is/image/aldiprodeu/product/jpg/scaleWidth/232/d5188073-5ea6-4425-a5c9-fefe89ad1ed7/British%20Beef%20%20Pork%20Mince","British Beef & Pork Mince",,"false","4.49","https://www.aldi.co.uk/product/ashfields-british-beef-pork-mince-000000000000575305","pork mince","2026-04-10T18:08:15.051Z","aldi","5.99","per 1 KG","0.75 KG"
"ASHFIELDS",,"https://dm.emea.cms.aldi.cx/is/image/aldiprodeu/product/jpg/scaleWidth/232/74c592f3-40e0-47e8-8e59-448b7ccc0307/British%20Pork%20Mince%2012%25%20Fat","British Pork Mince 12% Fat",,"false","2.25","https://www.aldi.co.uk/product/ashfields-british-pork-mince-12-fat-000000000000586967","pork mince","2026-04-10T18:08:15.051Z","aldi","4.5","per 1 KG","0.5 KG"
"ASHFIELDS",,"https://dm.emea.cms.aldi.cx/is/image/aldiprodeu/product/jpg/scaleWidth/232/359053fa-f2c3-4624-a85e-75ff789e9066/British%20Lean%20Pork%20Mince%205%25%20Fat","British Lean Pork Mince 5% Fat",,"false","2.55","https://www.aldi.co.uk/product/ashfields-british-lean-pork-mince-5-fat-000000000000382110","pork mince","2026-04-10T18:08:15.051Z","aldi","5.1","per 1 KG","0.5 KG"
"SPECIALLY SELECTED",,"https://dm.emea.cms.aldi.cx/is/image/aldiprodeu/product/jpg/scaleWidth/232/afbf64f2-1a2d-4a57-9c2b-14921d3c1196/Wagyu%20Mince","Wagyu Mince","Was £6.29","true","5.99","https://www.aldi.co.uk/product/specially-selected-wagyu-mince-000000000000669724","pork mince","2026-04-10T18:08:15.051Z","aldi","11.98","per 1 KG","0.5 KG"
"NATURE'S PICK",,"https://dm.emea.cms.aldi.cx/is/image/aldiprodeu/product/jpg/scaleWidth/232/c65c150a-8ea8-4392-99bf-9f9a48d2d704/Celery","Celery",,"false","0.75","https://www.aldi.co.uk/product/nature-s-pick-celery-000000000000339795","celery","2026-04-10T18:08:18.946Z","aldi","0.75","per 1 Each","1 Each"
"NATURE'S PICK",,"https://dm.emea.cms.aldi.cx/is/image/aldiprodeu/product/jpg/scaleWidth/232/0875ebd5-2c29-4940-a6e5-f9a1eaca3399/Celery%20Sticks","Celery Sticks",,"false","1.19","https://www.aldi.co.uk/product/nature-s-pick-celery-sticks-000000000000541776","celery","2026-04-10T18:08:18.946Z","aldi","3.4","per 1 KG","0.35 KG"
"THE FISHMONGER",,"https://dm.emea.cms.aldi.cx/is/image/aldiprodeu/product/jpg/scaleWidth/232/985ce1b4-a139-4249-8912-ac5e2cc73df3/Steamed%20Salmon%20Fillets","Steamed Salmon Fillets",,"false","4.29","https://www.aldi.co.uk/product/the-fishmonger-steamed-salmon-fillets-000000000586858002","salmon fillets","2026-04-10T18:08:22.641Z","aldi","23.83","per 1 KG","0.18 KG"
"THE FISHMONGER",,"https://dm.emea.cms.aldi.cx/is/image/aldiprodeu/product/jpg/scaleWidth/232/59f0d980-77f3-4fcc-9911-1ccf803ed047/Boneless%20Salmon%20Fillets%202%20Pack","Boneless Salmon Fillets 2 Pack",,"false","3.59","https://www.aldi.co.uk/product/the-fishmonger-boneless-salmon-fillets-2-pack-000000000000381995","salmon fillets","2026-04-10T18:08:22.641Z","aldi","14.96","per 1 KG","0.24 KG"
"THE FISHMONGER",,"https://dm.emea.cms.aldi.cx/is/image/aldiprodeu/product/jpg/scaleWidth/232/2b299fd8-b669-44e4-9df5-e101482c22ab/Boneless%20Salmon%20Fillets%204%20Pack","Boneless Salmon Fillets 4 Pack",,"false","6.85","https://www.aldi.co.uk/product/the-fishmonger-boneless-salmon-fillets-4-pack-000000000000525810","salmon fillets","2026-04-10T18:08:22.641Z","aldi","14.27","per 1 KG","0.48 KG"
"SPECIALLY SELECTED",,"https://dm.emea.cms.aldi.cx/is/image/aldiprodeu/product/jpg/scaleWidth/232/d144d41a-1976-4e1f-a4a5-79c63e267d93/Scottish%20Salmon%20Fillets%202%20Pack","Scottish Salmon Fillets 2 Pack",,"false","4.29","https://www.aldi.co.uk/product/specially-selected-scottish-salmon-fillets-2-pack-000000000384381002","salmon fillets","2026-04-10T18:08:22.641Z","aldi","17.88","per 1 KG","0.24 KG"
"THE FISHMONGER",,"https://dm.emea.cms.aldi.cx/is/image/aldiprodeu/product/jpg/scaleWidth/232/8e3a0296-8623-4b8a-a10d-296fe7c3a10a/Boneless%20Wild%20Pink%20Salmon%20Fillets","Boneless Wild Pink Salmon Fillets",,"false","3.49","https://www.aldi.co.uk/product/the-fishmonger-boneless-wild-pink-salmon-fillets-000000000460544002","salmon fillets","2026-04-10T18:08:22.641Z","aldi","8.73","per 1 KG","0.4 KG"
"THE FISHMONGER",,"https://dm.emea.cms.aldi.cx/is/image/aldiprodeu/product/jpg/scaleWidth/232/b31a2adc-fde0-4f41-a0bf-8e7c33d71cae/Cod%20Fillets","Cod Fillets",,"false","3.79","https://www.aldi.co.uk/product/the-fishmonger-cod-fillets-000000000275439002","cod fillets","2026-04-10T18:08:26.853Z","aldi","10.53","per 1 KG","0.36 KG"
"THE FISHMONGER",,"https://dm.emea.cms.aldi.cx/is/image/aldiprodeu/product/jpg/scaleWidth/232/0f13ee96-b35f-47cb-9765-50dbf456cc04/Boneless%20Cod%20Fillets%202%20Pack","Boneless Cod Fillets 2 Pack",,"false","4.79","https://www.aldi.co.uk/product/the-fishmonger-boneless-cod-fillets-2-pack-000000000000382012","cod fillets","2026-04-10T18:08:26.853Z","aldi","19.16","per 1 KG","0.25 KG"
"SPECIALLY SELECTED",,"https://dm.emea.cms.aldi.cx/is/image/aldiprodeu/product/jpg/scaleWidth/232/50976de0-2ea3-471d-be55-16ec489b4bac/Chip%20Shop%20Style%20Extra%20Large%20Battered%20Cod%20Fillets%202%20Pack","Chip Shop Style Extra Large Battered Cod Fillets 2 Pack",,"false","5.49","https://www.aldi.co.uk/product/specially-selected-chip-shop-style-extra-large-battered-cod-fillets-2-pack-000000000365924001","cod fillets","2026-04-10T18:08:26.853Z","aldi","11.93","per 1 KG","0.46 KG"
"THE FISHMONGER",,"https://dm.emea.cms.aldi.cx/is/image/aldiprodeu/product/jpg/scaleWidth/232/33d0f3ae-5681-4054-9b62-b9a0b026e477/Breaded%20Cod%204%20Pack","Breaded Cod 4 Pack",,"false","3.39","https://www.aldi.co.uk/product/the-fishmonger-breaded-cod-4-pack-000000000365368001","cod fillets","2026-04-10T18:08:26.853Z","aldi","6.78","per 1 KG","0.5 KG"
"THE FISHMONGER",,"https://dm.emea.cms.aldi.cx/is/image/aldiprodeu/product/jpg/scaleWidth/232/de3fa5fa-5585-4545-aa7a-112bc6168212/Battered%20Cod%204%20Pack","Battered Cod 4 Pack",,"false","3.39","https://www.aldi.co.uk/product/the-fishmonger-battered-cod-4-pack-000000000365368002","cod fillets","2026-04-10T18:08:26.853Z","aldi","6.78","per 1 KG","0.5 KG"
"NATURE'S PICK",,"https://dm.emea.cms.aldi.cx/is/image/aldiprodeu/product/jpg/scaleWidth/232/6c3e20da-34c1-43e7-b78b-df800e986ff3/Sweet%20Potatoes","Sweet Potatoes",,"false","1.19","https://www.aldi.co.uk/product/nature-s-pick-sweet-potatoes-000000000000272328","potatoes","2026-04-10T18:08:30.861Z","aldi","1.19","per 1 KG","1 KG"
"NATURE'S PICK",,"https://dm.emea.cms.aldi.cx/is/image/aldiprodeu/product/jpg/scaleWidth/232/34b9f18d-92eb-44ef-963a-6bc4d76f8c8c/Sweet%20Potato","Sweet Potato",,"false","0.69","https://www.aldi.co.uk/product/nature-s-pick-sweet-potato-000000000000272476","potatoes","2026-04-10T18:08:30.861Z","aldi","0.69","per 1 Each","1 Each"
"NATURE'S PICK",,"https://dm.emea.cms.aldi.cx/is/image/aldiprodeu/product/jpg/scaleWidth/232/51814ccd-c642-4601-a54f-192feeac108d/Baking%20Potato","Baking Potato",,"false","0.24","https://www.aldi.co.uk/product/nature-s-pick-baking-potato-000000000000339756","potatoes","2026-04-10T18:08:30.861Z","aldi","0.24","per 1 Each","1 Each"
"FOUR SEASONS",,"https://dm.emea.cms.aldi.cx/is/image/aldiprodeu/product/jpg/scaleWidth/232/e2589b80-9e42-459b-94a3-e911afc9279e/Mashed%20Potato","Mashed Potato",,"false","1.19","https://www.aldi.co.uk/product/four-seasons-mashed-potato-000000000000371171","potatoes","2026-04-10T18:08:30.861Z","aldi","1.7","per 1 KG","0.7 KG"
"FOUR SEASONS",,"https://dm.emea.cms.aldi.cx/is/image/aldiprodeu/product/jpg/scaleWidth/232/7e8d5cff-4551-41e3-b695-9a02afc6a985/Sweet%20Potato%20Fries","Sweet Potato Fries",,"false","2.15","https://www.aldi.co.uk/product/four-seasons-sweet-potato-fries-000000000000271030","potatoes","2026-04-10T18:08:30.861Z","aldi","4.3","per 1 KG","0.5 KG"
"NATURE'S PICK",,"https://dm.emea.cms.aldi.cx/is/image/aldiprodeu/product/jpg/scaleWidth/232/6c3e20da-34c1-43e7-b78b-df800e986ff3/Sweet%20Potatoes","Sweet Potatoes",,"false","1.19","https://www.aldi.co.uk/product/nature-s-pick-sweet-potatoes-000000000000272328","sweet potatoes","2026-04-10T18:08:35.243Z","aldi","1.19","per 1 KG","1 KG"
"NATURE'S PICK",,"https://dm.emea.cms.aldi.cx/is/image/aldiprodeu/product/jpg/scaleWidth/232/34b9f18d-92eb-44ef-963a-6bc4d76f8c8c/Sweet%20Potato","Sweet Potato",,"false","0.69","https://www.aldi.co.uk/product/nature-s-pick-sweet-potato-000000000000272476","sweet potatoes","2026-04-10T18:08:35.244Z","aldi","0.69","per 1 Each","1 Each"
"FOUR SEASONS",,"https://dm.emea.cms.aldi.cx/is/image/aldiprodeu/product/jpg/scaleWidth/232/7e8d5cff-4551-41e3-b695-9a02afc6a985/Sweet%20Potato%20Fries","Sweet Potato Fries",,"false","2.15","https://www.aldi.co.uk/product/four-seasons-sweet-potato-fries-000000000000271030","sweet potatoes","2026-04-10T18:08:35.244Z","aldi","4.3","per 1 KG","0.5 KG"
"SPECIALLY SELECTED",,"https://dm.emea.cms.aldi.cx/is/image/aldiprodeu/product/jpg/scaleWidth/232/23f7c224-9946-4a7d-add3-54fb9f1f3547/Onion%20%20Sweet%20Potato%20Bhaji","Onion & Sweet Potato Bhaji",,"false","2.75","https://www.aldi.co.uk/product/specially-selected-onion-sweet-potato-bhaji-000000000404291001","sweet potatoes","2026-04-10T18:08:35.244Z","aldi","10.19","per 1 KG","0.27 KG"
"THE DELI",,"https://dm.emea.cms.aldi.cx/is/image/aldiprodeu/product/jpg/scaleWidth/232/ced8b3ce-c434-4f20-9d0e-f7e10db8709e/Ready%20to%20Eat%20Sweet%20Potato%20Pakora","Ready to Eat Sweet Potato Pakora",,"false","1.49","https://www.aldi.co.uk/product/the-deli-ready-to-eat-sweet-potato-pakora-000000000404138001","sweet potatoes","2026-04-10T18:08:35.244Z","aldi","0.87","per 100 G","171 G"
"THE FISHMONGER",,"https://dm.emea.cms.aldi.cx/is/image/aldiprodeu/product/jpg/scaleWidth/232/12529819-8d9b-4596-b2e7-02f958045611/Haddock%20Fillets","Haddock Fillets",,"false","3.79","https://www.aldi.co.uk/product/the-fishmonger-haddock-fillets-000000000275439003","haddock fillets","2026-04-10T18:08:40.464Z","aldi","10.53","per 1 KG","0.36 KG"
"THE FISHMONGER",,"https://dm.emea.cms.aldi.cx/is/image/aldiprodeu/product/jpg/scaleWidth/232/afced302-c32a-43be-8632-d86c1e282744/Boneless%20Smoked%20Haddock%20Fillets%202%20Pack","Boneless Smoked Haddock Fillets 2 Pack",,"false","4.29","https://www.aldi.co.uk/product/the-fishmonger-boneless-smoked-haddock-fillets-2-pack-000000000000387528","haddock fillets","2026-04-10T18:08:40.464Z","aldi","18.65","per 1 KG","0.23 KG"
"SPECIALLY SELECTED",,"https://dm.emea.cms.aldi.cx/is/image/aldiprodeu/product/jpg/scaleWidth/232/dac59029-5b01-45f5-a79b-1f7d17f80378/Chip%20Shop%20Style%20Extra%20Large%20Beer%20Battered%20Haddock%20Fillets%202%20Pack","Chip Shop Style Extra Large Beer Battered Haddock Fillets 2 Pack",,"false","5.49","https://www.aldi.co.uk/product/specially-selected-chip-shop-style-extra-large-beer-battered-haddock-fillets-2-pack-000000000365924002","haddock fillets","2026-04-10T18:08:40.464Z","aldi","11.93","per 1 KG","0.46 KG"
"THE FISHMONGER",,"https://dm.emea.cms.aldi.cx/is/image/aldiprodeu/product/jpg/scaleWidth/232/7187dbcb-5622-4270-8348-6c38d2eb5f71/Smoked%20Haddock","Smoked Haddock",,"false","3.79","https://www.aldi.co.uk/product/the-fishmonger-smoked-haddock-000000000275439001","haddock fillets","2026-04-10T18:08:40.464Z","aldi","10.53","per 1 KG","0.36 KG"
"THE FISHMONGER",,"https://dm.emea.cms.aldi.cx/is/image/aldiprodeu/product/jpg/scaleWidth/232/b9b3cfb4-914d-4832-82ba-fc57b99a097b/Battered%20Haddock%204%20Pack","Battered Haddock 4 Pack",,"false","3.39","https://www.aldi.co.uk/product/the-fishmonger-battered-haddock-4-pack-000000000365368003","haddock fillets","2026-04-10T18:08:40.464Z","aldi","6.78","per 1 KG","0.5 KG"
"NATURE'S PICK",,"https://dm.emea.cms.aldi.cx/is/image/aldiprodeu/product/jpg/scaleWidth/232/b8a13be9-b3af-4d60-8132-8f20c7d061d1/British%20Baby%20Potatoes","British Baby Potatoes","Was £1.05","true","0.79","https://www.aldi.co.uk/product/nature-s-pick-british-baby-potatoes-000000000000339748","baby potatoes","2026-04-10T18:08:49.071Z","aldi","0.79","per 1 KG","1 KG"
"INSPIRED CUISINE",,"https://dm.emea.cms.aldi.cx/is/image/aldiprodeu/product/jpg/scaleWidth/232/9bd6d748-dde6-4281-8c2a-906bec87467d/Prepped%20Baby%20Potatoes","Prepped Baby Potatoes","Was £0.99","true","0.89","https://www.aldi.co.uk/product/inspired-cuisine-prepped-baby-potatoes-000000000000572378","baby potatoes","2026-04-10T18:08:49.071Z","aldi","2.31","per 1 KG","0.385 KG"
"INSPIRED CUISINE",,"https://dm.emea.cms.aldi.cx/is/image/aldiprodeu/product/jpg/scaleWidth/232/9826adc7-3d45-44f2-940a-aa6ee1fc9eec/Baby%20Jacket%20Potatoes","Baby Jacket Potatoes",,"false","1.49","https://www.aldi.co.uk/product/inspired-cuisine-baby-jacket-potatoes-000000000318842001","baby potatoes","2026-04-10T18:08:49.071Z","aldi","3.73","per 1 KG","0.4 KG"
"MAMIA",,"https://dm.emea.cms.aldi.cx/is/image/aldiprodeu/product/jpg/scaleWidth/232/406dd51b-0b09-4374-9cb5-085212bf56e4/Organic%20Cheesy%20Beans%20%20Potato","Organic Cheesy Beans & Potato",,"false","0.99","https://www.aldi.co.uk/product/mamia-organic-cheesy-beans-potato-000000000573866001","baby potatoes","2026-04-10T18:08:49.071Z","aldi","9.9","per 1 KG","0.1 KG"
"SPECIALLY SELECTED GASTRO",,"https://dm.emea.cms.aldi.cx/is/image/aldiprodeu/product/jpg/scaleWidth/232/688c7705-eee6-4f56-b49e-0acaf234f337/British%20Potatoes%20Mashed%20Potato","British Potatoes Mashed Potato",,"false","1.59","https://www.aldi.co.uk/product/specially-selected-gastro-british-potatoes-mashed-potato-000000000000578603","baby potatoes","2026-04-10T18:08:49.071Z","aldi","3.98","per 1 KG","0.4 KG"
"THE FISHMONGER",,"https://dm.emea.cms.aldi.cx/is/image/aldiprodeu/product/jpg/scaleWidth/232/68e0e63c-1baa-4cbd-9fe5-325b69cfffec/Boneless%20Mediterranean%20Sea%20Bass%20Fillets%202%20Pack","Boneless Mediterranean Sea Bass Fillets 2 Pack",,"false","3.79","https://www.aldi.co.uk/product/the-fishmonger-boneless-mediterranean-sea-bass-fillets-2-pack-000000000000388008","sea bass","2026-04-10T18:08:55.782Z","aldi","21.06","per 1 KG","0.18 KG"
"MOSER ROTH",,"https://dm.emea.cms.aldi.cx/is/image/aldiprodeu/product/jpg/scaleWidth/232/3fa3b05b-5845-4233-9dee-c4651bae9290/Sea%20Salt%20Chocolate","Sea Salt Chocolate",,"false","1.99","https://www.aldi.co.uk/product/moser-roth-sea-salt-chocolate-000000000462502001","sea bass","2026-04-10T18:08:55.782Z","aldi","15.92","per 1 KG","0.125 KG"
"MOSER ROTH",,"https://dm.emea.cms.aldi.cx/is/image/aldiprodeu/product/jpg/scaleWidth/232/062f9238-223e-40df-a1a6-79b2ae9c5a52/Dark%20Sea%20Salt%20Chocolate","Dark Sea Salt Chocolate",,"false","2.49","https://www.aldi.co.uk/product/moser-roth-dark-sea-salt-chocolate-000000000297252017","sea bass","2026-04-10T18:08:55.782Z","aldi","19.92","per 1 KG","0.125 KG"
"SPECIALLY SELECTED",,"https://dm.emea.cms.aldi.cx/is/image/aldiprodeu/product/jpg/scaleWidth/232/40a8ce76-fe9e-405b-8023-1b96c01a5ec3/Gourmet%20Sea%20Salt%20Savoury%20Crackers","Gourmet Sea Salt Savoury Crackers",,"false","0.99","https://www.aldi.co.uk/product/specially-selected-gourmet-sea-salt-savoury-crackers-000000000383040001","sea bass","2026-04-10T18:08:55.782Z","aldi","5.35","per 1 KG","0.185 KG"
"SAVOUR BAKES",,"https://dm.emea.cms.aldi.cx/is/image/aldiprodeu/product/jpg/scaleWidth/232/368a8aba-1af3-45b9-b237-26ed6ee410e0/Rosemary%20%20Sea%20Salt%20Flatbread%20Thins","Rosemary & Sea Salt Flatbread Thins",,"false","1.19","https://www.aldi.co.uk/product/savour-bakes-rosemary-sea-salt-flatbread-thins-000000000383355004","sea bass","2026-04-10T18:08:55.782Z","aldi","9.52","per 1 KG","0.125 KG"
"SPECIALLY SELECTED DINE IN",,"https://dm.emea.cms.aldi.cx/is/image/aldiprodeu/product/jpg/scaleWidth/232/98ea71a1-2c0c-4046-8c91-cf60d8ddddb3/King%20Prawn%20Bhuna","King Prawn Bhuna",,"false","3.99","https://www.aldi.co.uk/product/specially-selected-dine-in-king-prawn-bhuna-000000000404198006","king prawns","2026-04-10T18:09:02.685Z","aldi","8.67","per 1 KG","0.46 KG"
"THE FISHMONGER",,"https://dm.emea.cms.aldi.cx/is/image/aldiprodeu/product/jpg/scaleWidth/232/0863ab03-a054-4657-8ca6-94eb3f1f8df4/Cooked%20%20Peeled%20King%20Prawns","Cooked & Peeled King Prawns",,"false","2.49","https://www.aldi.co.uk/product/the-fishmonger-cooked-peeled-king-prawns-000000000000384648","king prawns","2026-04-10T18:09:02.685Z","aldi","16.6","per 1 KG","0.15 KG"
"THE FISHMONGER",,"https://dm.emea.cms.aldi.cx/is/image/aldiprodeu/product/jpg/scaleWidth/232/8b7ced2b-7192-40e7-a1ec-efe86a1b3837/Raw%20Jumbo%20King%20Prawns","Raw Jumbo King Prawns",,"false","2.69","https://www.aldi.co.uk/product/the-fishmonger-raw-jumbo-king-prawns-000000000592942001","king prawns","2026-04-10T18:09:02.685Z","aldi","15.82","per 1 KG","0.17 KG"
"SPECIALLY SELECTED",,"https://dm.emea.cms.aldi.cx/is/image/aldiprodeu/product/jpg/scaleWidth/232/9f67c7f5-a9af-4118-b137-9da7a62f7f9e/King%20Prawn%20%20Seafood%20Cocktail%20Sandwich","King Prawn & Seafood Cocktail Sandwich",,"false","2.79","https://www.aldi.co.uk/product/specially-selected-king-prawn-seafood-cocktail-sandwich-000000000398819009","king prawns","2026-04-10T18:09:02.685Z","aldi","2.79","per 1 Each","1 Each"
"SPECIALLY SELECTED",,"https://dm.emea.cms.aldi.cx/is/image/aldiprodeu/product/jpg/scaleWidth/232/c3d84e3b-3e5d-4728-8da0-d3aa4ba85162/King%20Prawn%20Chicken%20%20Chorizo%20Paella","King Prawn, Chicken & Chorizo Paella",,"false","5.69","https://www.aldi.co.uk/product/specially-selected-king-prawn-chicken-chorizo-paella-000000000401345001","king prawns","2026-04-10T18:09:02.685Z","aldi","7.11","per 1 KG","0.8 KG"
"THE FISHMONGER",,"https://dm.emea.cms.aldi.cx/is/image/aldiprodeu/product/jpg/scaleWidth/232/04a65a7d-36f5-4f34-9033-65d7a9dff59e/Smoked%20Salmon%20Slices","Smoked Salmon Slices",,"false","4.49","https://www.aldi.co.uk/product/the-fishmonger-smoked-salmon-slices-000000000000308148","smoked salmon","2026-04-10T18:09:09.888Z","aldi","22.45","per 1 KG","0.2 KG"
"THE FISHMONGER",,"https://dm.emea.cms.aldi.cx/is/image/aldiprodeu/product/jpg/scaleWidth/232/27de3e42-87ab-4fb6-88cd-9da2188a83a4/Smoked%20Salmon%20Slices","Smoked Salmon Slices",,"false","2.49","https://www.aldi.co.uk/product/the-fishmonger-smoked-salmon-slices-000000000000513647","smoked salmon","2026-04-10T18:09:09.888Z","aldi","24.9","per 1 KG","0.1 KG"
"SPECIALLY SELECTED",,"https://dm.emea.cms.aldi.cx/is/image/aldiprodeu/product/jpg/scaleWidth/232/58c2f64b-81cb-4a29-86c8-cf18e93c83f1/Mild%20%20Delicate%20Smoked%20Salmon","Mild & Delicate Smoked Salmon",,"false","3.09","https://www.aldi.co.uk/product/specially-selected-mild-delicate-smoked-salmon-000000000383818001","smoked salmon","2026-04-10T18:09:09.888Z","aldi","30.9","per 1 KG","0.1 KG"
"SPECIALLY SELECTED",,"https://dm.emea.cms.aldi.cx/is/image/aldiprodeu/product/jpg/scaleWidth/232/39252edd-3732-4af5-97a8-09e0024662f2/Strong%20%20Robust%20Smoked%20Salmon","Strong & Robust Smoked Salmon",,"false","3.09","https://www.aldi.co.uk/product/specially-selected-strong-robust-smoked-salmon-000000000383818002","smoked salmon","2026-04-10T18:09:09.888Z","aldi","30.9","per 1 KG","0.1 KG"
"EAT & GO",,"https://dm.emea.cms.aldi.cx/is/image/aldiprodeu/product/jpg/scaleWidth/232/2cabcc16-db6c-4b4b-86b5-e68d012fe82c/Smoked%20Salmon%20Sushi%20Snack","Smoked Salmon Sushi Snack",,"false","1.09","https://www.aldi.co.uk/product/eat-go-smoked-salmon-sushi-snack-000000000400632001","smoked salmon","2026-04-10T18:09:09.888Z","aldi","1.09","per 1 Each","1 Each"
"THE FISHMONGER",,"https://dm.emea.cms.aldi.cx/is/image/aldiprodeu/product/jpg/scaleWidth/232/c6619cab-4904-4fb7-b70e-086957d47b37/Breaded%20Cod%20Fish%20Fingers%2010%20Pack","Breaded Cod Fish Fingers 10 Pack",,"false","1.99","https://www.aldi.co.uk/product/the-fishmonger-breaded-cod-fish-fingers-10-pack-000000000000368596","fish fingers","2026-04-10T18:09:13.781Z","aldi","6.63","per 1 KG","0.3 KG"
"NATURE'S PICK",,"https://dm.emea.cms.aldi.cx/is/image/aldiprodeu/product/jpg/scaleWidth/232/8a8410d6-2b24-4adb-911b-d9f76e77b0d4/Finger%20Chillies","Finger Chillies",,"false","0.79","https://www.aldi.co.uk/product/nature-s-pick-finger-chillies-000000000556893002","fish fingers","2026-04-10T18:09:13.781Z","aldi","9.88","per 1 KG","0.08 KG"
"DAIRYFINE",,"https://dm.emea.cms.aldi.cx/is/image/aldiprodeu/product/jpg/scaleWidth/232/b3198807-fa18-44bd-a929-5dc747d0472d/Milk%20Chocolate%20Fingers","Milk Chocolate Fingers",,"false","0.99","https://www.aldi.co.uk/product/dairyfine-milk-chocolate-fingers-000000000531750001","fish fingers","2026-04-10T18:09:13.781Z","aldi","7.92","per 1 KG","0.125 KG"
"DAIRYFINE",,"https://dm.emea.cms.aldi.cx/is/image/aldiprodeu/product/jpg/scaleWidth/232/10f4b606-824c-47ac-92b8-eb5737ad8a6b/White%20Chocolate%20Fingers","White Chocolate Fingers",,"false","0.99","https://www.aldi.co.uk/product/dairyfine-white-chocolate-fingers-000000000531750002","fish fingers","2026-04-10T18:09:13.781Z","aldi","7.92","per 1 KG","0.125 KG"
"THE FISHMONGER",,"https://dm.emea.cms.aldi.cx/is/image/aldiprodeu/product/jpg/scaleWidth/232/9bf6aaf0-bf21-4ab7-a874-263891cf2176/Whole%20Salmon","Whole Salmon",,"false","3.48","https://www.aldi.co.uk/product/the-fishmonger-whole-salmon-000000000000386932","fish fingers","2026-04-10T18:09:13.781Z","aldi","6.95","per 1 KG",""
"VILLAGE BAKERY",,"https://dm.emea.cms.aldi.cx/is/image/aldiprodeu/product/jpg/scaleWidth/232/e6eb8408-ddf2-4aa5-8ce4-d7ed6b2ae8ce/Medium%20Sliced%20White%20Bread","Medium Sliced White Bread",,"false","0.55","https://www.aldi.co.uk/product/village-bakery-medium-sliced-white-bread-000000000383372001","white sliced bread","2026-04-10T18:09:23.079Z","aldi","0.07","per 100 G","800 G"
"VILLAGE BAKERY",,"https://dm.emea.cms.aldi.cx/is/image/aldiprodeu/product/jpg/scaleWidth/232/0149414d-9abc-402b-9da2-fea31fd253bf/Sliced%20White%20Rolls","Sliced White Rolls",,"false","1.19","https://www.aldi.co.uk/product/village-bakery-sliced-white-rolls-000000000000381895","white sliced bread","2026-04-10T18:09:23.079Z","aldi","0.1","per 1 Each","12 Each"
"VILLAGE BAKERY",,"https://dm.emea.cms.aldi.cx/is/image/aldiprodeu/product/jpg/scaleWidth/232/04fc96cd-3fc4-471e-8462-997591c906b5/White%20Toastie%20Sliced%20Loaf","White Toastie Sliced Loaf",,"false","0.75","https://www.aldi.co.uk/product/village-bakery-white-toastie-sliced-loaf-000000000000382252","white sliced bread","2026-04-10T18:09:23.079Z","aldi","0.09","per 100 G","800 G"
"VILLAGE BAKERY",,"https://dm.emea.cms.aldi.cx/is/image/aldiprodeu/product/jpg/scaleWidth/232/7181196b-f7e5-403b-915c-0e8f504cc87b/White%20Toastie%20Sliced%20Loaf","White Toastie Sliced Loaf",,"false","0.59","https://www.aldi.co.uk/product/village-bakery-white-toastie-sliced-loaf-000000000513363001","white sliced bread","2026-04-10T18:09:23.079Z","aldi","0.15","per 100 G","400 G"
"FREE FROM",,"https://dm.emea.cms.aldi.cx/is/image/aldiprodeu/product/jpg/scaleWidth/232/5a727de7-c2ac-4887-8aa6-8e412f6d9e84/Gluten%20Free%20Sliced%20White%20Bread","Gluten Free Sliced White Bread","Was £1.65","true","1.55","https://www.aldi.co.uk/product/free-from-gluten-free-sliced-white-bread-000000000000609690","white sliced bread","2026-04-10T18:09:23.079Z","aldi","0.31","per 100 G","500 G"
"THE PANTRY",,"https://dm.emea.cms.aldi.cx/is/content/aldiprodeu/GB%20Fallback%20Image%203-no%20text","Wholemeal Bread Flour",,"false","0.99","https://www.aldi.co.uk/product/the-pantry-wholemeal-bread-flour-000000000000518582","wholemeal bread","2026-04-10T18:09:23.571Z","aldi","0.66","per 1 KG","1.5 KG"
"EVERYDAY ESSENTIALS",,"https://dm.emea.cms.aldi.cx/is/image/aldiprodeu/product/jpg/scaleWidth/232/8e828a74-c49c-4d8d-82a4-f51ac3b858ae/Medium%20Sliced%20Wholemeal%20Bread","Medium Sliced Wholemeal Bread",,"false","0.55","https://www.aldi.co.uk/product/everyday-essentials-medium-sliced-wholemeal-bread-000000000383372002","wholemeal bread","2026-04-10T18:09:23.571Z","aldi","0.07","per 100 G","800 G"
"VILLAGE BAKERY",,"https://dm.emea.cms.aldi.cx/is/image/aldiprodeu/product/jpg/scaleWidth/232/dfa21041-295f-49df-aca7-ed52657da181/Wholemeal%20Rolls","Wholemeal Rolls",,"false","0.45","https://www.aldi.co.uk/product/village-bakery-wholemeal-rolls-000000000383591002","wholemeal bread","2026-04-10T18:09:23.571Z","aldi","0.08","per 1 Each","6 Each"
"VILLAGE BAKERY",,"https://dm.emea.cms.aldi.cx/is/image/aldiprodeu/product/jpg/scaleWidth/232/6ea927ee-ce63-4e91-929e-a7d96bd2d243/Wholemeal%20Baps","Wholemeal Baps","Was £0.75","true","0.69","https://www.aldi.co.uk/product/village-bakery-wholemeal-baps-000000000000519630","wholemeal bread","2026-04-10T18:09:23.571Z","aldi","0.17","per 1 Each","4 Each"
"VILLAGE BAKERY",,"https://dm.emea.cms.aldi.cx/is/image/aldiprodeu/product/jpg/scaleWidth/232/3c7a71b2-7f01-403a-98b5-fe703bdb1b47/Wholemeal%20Sliced%20Loaf","Wholemeal Sliced Loaf",,"false","0.75","https://www.aldi.co.uk/product/village-bakery-wholemeal-sliced-loaf-000000000000382253","wholemeal bread","2026-04-10T18:09:23.571Z","aldi","0.09","per 100 G","800 G"
"SPECIALLY SELECTED",,"https://dm.emea.cms.aldi.cx/is/image/aldiprodeu/product/jpg/scaleWidth/232/73ba549b-643e-41c8-a187-fa763468f172/Wild%20Caught%20Yellowfin%20Tuna%20Steak","Wild Caught Yellowfin Tuna Steak","Was £4.99","true","4.49","https://www.aldi.co.uk/product/specially-selected-wild-caught-yellowfin-tuna-steak-000000000000554681","tuna steaks","2026-04-10T18:09:26.686Z","aldi","22.45","per 1 KG","0.2 KG"
"THE FISHMONGER",,"https://dm.emea.cms.aldi.cx/is/image/aldiprodeu/product/jpg/scaleWidth/232/ac70954f-2758-486a-a983-888fdbe0064e/Skinless%20%20Boneless%20Yellowfin%20Tuna%20Steaks","Skinless & Boneless Yellowfin Tuna Steaks",,"false","3.49","https://www.aldi.co.uk/product/the-fishmonger-skinless-boneless-yellowfin-tuna-steaks-000000000460544001","tuna steaks","2026-04-10T18:09:26.686Z","aldi","9.69","per 1 KG","0.36 KG"
"THE FISHMONGER",,"https://dm.emea.cms.aldi.cx/is/image/aldiprodeu/product/jpg/scaleWidth/232/5c80ce7b-34f9-4d9d-9ba3-4ca1596823bb/Drained%20%20Ready%20to%20Eat%20Tuna%20Steaks%20in%20Brine","Drained & Ready to Eat Tuna Steaks in Brine",,"false","0.99","https://www.aldi.co.uk/product/the-fishmonger-drained-ready-to-eat-tuna-steaks-in-brine-000000000307807001","tuna steaks","2026-04-10T18:09:26.686Z","aldi","9","per 1 KG","0.11 KG"
"THE FISHMONGER",,"https://dm.emea.cms.aldi.cx/is/image/aldiprodeu/product/jpg/scaleWidth/232/39ba3181-d672-4e35-ad17-4ef3086f931f/Drained%20%20Ready%20to%20Eat%20Tuna%20Steaks%20in%20Water","Drained & Ready to Eat Tuna Steaks in Water",,"false","0.99","https://www.aldi.co.uk/product/the-fishmonger-drained-ready-to-eat-tuna-steaks-in-water-000000000307807003","tuna steaks","2026-04-10T18:09:26.686Z","aldi","9","per 1 KG","0.11 KG"
"THE FISHMONGER",,"https://dm.emea.cms.aldi.cx/is/image/aldiprodeu/product/jpg/scaleWidth/232/2a0820e7-db5e-42b1-b7c2-206a9ef8de5d/Drained%20%20Ready%20to%20Eat%20Tuna%20Steaks%20in%20Sunflower%20Oil","Drained & Ready to Eat Tuna Steaks in Sunflower Oil",,"false","0.99","https://www.aldi.co.uk/product/the-fishmonger-drained-ready-to-eat-tuna-steaks-in-sunflower-oil-000000000307807002","tuna steaks","2026-04-10T18:09:26.686Z","aldi","9","per 1 KG","0.11 KG"
"SPECIALLY SELECTED",,"https://dm.emea.cms.aldi.cx/is/image/aldiprodeu/product/jpg/scaleWidth/232/c695d2db-defc-4997-9ae7-b71bcb49a0cd/Sourdough%20Breaded%20Wild%20Garlic%20%20Jersey%20Butter%20Chicken%20Kievs%202%20Pack","Sourdough Breaded Wild Garlic & Jersey Butter Chicken Kievs 2 Pack",,"false","3.99","https://www.aldi.co.uk/product/specially-selected-sourdough-breaded-wild-garlic-jersey-butter-chicken-kievs-2-pack-000000000385726001","sourdough bread","2026-04-10T18:09:33.694Z","aldi","10.64","per 1 KG","0.375 KG"
"SPECIALLY SELECTED",,"https://dm.emea.cms.aldi.cx/is/image/aldiprodeu/product/jpg/scaleWidth/232/dbfc7a57-f43c-40e0-a821-e6c935cc25d3/Protein%20Sourdough","Protein Sourdough",,"false","1.99","https://www.aldi.co.uk/product/specially-selected-protein-sourdough-000000000000695112","sourdough bread","2026-04-10T18:09:33.694Z","aldi","0.4","per 100 G","500 G"
"SPECIALLY SELECTED",,"https://dm.emea.cms.aldi.cx/is/image/aldiprodeu/product/jpg/scaleWidth/232/ce2d1afd-fd07-4d82-b835-0cada33161ee/White%20Sourdough%20Loaf","White Sourdough Loaf",,"false","1.59","https://www.aldi.co.uk/product/specially-selected-white-sourdough-loaf-000000000000695384","sourdough bread","2026-04-10T18:09:33.694Z","aldi","0.32","per 100 G","500 G"
"SPECIALLY SELECTED",,"https://dm.emea.cms.aldi.cx/is/image/aldiprodeu/product/jpg/scaleWidth/232/dea737f7-8f3d-49cb-9fd4-fbafbdf7c596/Seeded%20Sourdough%20Sliced%20Loaf","Seeded Sourdough Sliced Loaf",,"false","1.89","https://www.aldi.co.uk/product/specially-selected-seeded-sourdough-sliced-loaf-000000000000583461","sourdough bread","2026-04-10T18:09:33.694Z","aldi","0.38","per 100 G","500 G"
"SPECIALLY SELECTED",,"https://dm.emea.cms.aldi.cx/is/image/aldiprodeu/product/jpg/scaleWidth/232/c6f3c6a1-eb24-42d6-a50b-23c4943dbcf0/Part%20Baked%20Bloomer%20with%20Sourdough","Part Baked Bloomer with Sourdough",,"false","1.15","https://www.aldi.co.uk/product/specially-selected-part-baked-bloomer-with-sourdough-000000000000674918","sourdough bread","2026-04-10T18:09:33.694Z","aldi","0.33","per 100 G","350 G"
"VILLAGE BAKERY",,"https://dm.emea.cms.aldi.cx/is/image/aldiprodeu/product/jpg/scaleWidth/232/096d259a-b120-48df-9ae3-1bcfba1908b2/Lightly%20Seeded%20Sliced%20Loaf","Lightly Seeded Sliced Loaf",,"false","0.79","https://www.aldi.co.uk/product/village-bakery-lightly-seeded-sliced-loaf-000000000000383852","seeded bread","2026-04-10T18:09:36.987Z","aldi","0.1","per 100 G","800 G"
"SPECIALLY SELECTED",,"https://dm.emea.cms.aldi.cx/is/image/aldiprodeu/product/jpg/scaleWidth/232/1d8cd83c-d1e2-47d1-976a-03c811291b23/Wholemeal%20Seeded%20Loaf","Wholemeal Seeded Loaf",,"false","1.09","https://www.aldi.co.uk/product/specially-selected-wholemeal-seeded-loaf-000000000000588384","seeded bread","2026-04-10T18:09:36.987Z","aldi","0.14","per 100 G","800 G"
"VILLAGE BAKERY",,"https://dm.emea.cms.aldi.cx/is/image/aldiprodeu/product/jpg/scaleWidth/232/96f44416-1d6f-4c6c-acf1-d5d5da7544b1/The%20Honey%20Soaked%20Sliced%20Seeded%20Bloomer","The Honey Soaked Sliced Seeded Bloomer",,"false","1.49","https://www.aldi.co.uk/product/village-bakery-the-honey-soaked-sliced-seeded-bloomer-000000000000381829","seeded bread","2026-04-10T18:09:36.987Z","aldi","0.19","per 100 G","800 G"
"SPECIALLY SELECTED",,"https://dm.emea.cms.aldi.cx/is/image/aldiprodeu/product/jpg/scaleWidth/232/dea737f7-8f3d-49cb-9fd4-fbafbdf7c596/Seeded%20Sourdough%20Sliced%20Loaf","Seeded Sourdough Sliced Loaf",,"false","1.89","https://www.aldi.co.uk/product/specially-selected-seeded-sourdough-sliced-loaf-000000000000583461","seeded bread","2026-04-10T18:09:36.987Z","aldi","0.38","per 100 G","500 G"
"SPECIALLY SELECTED",,"https://dm.emea.cms.aldi.cx/is/image/aldiprodeu/product/jpg/scaleWidth/232/9a02444b-d7e8-4515-92ee-077e431b50ef/Super%20Seeded%20Farmhouse%20Sliced%20Loaf","Super Seeded Farmhouse Sliced Loaf",,"false","1.09","https://www.aldi.co.uk/product/specially-selected-super-seeded-farmhouse-sliced-loaf-000000000000382180","seeded bread","2026-04-10T18:09:36.987Z","aldi","0.14","per 100 G","800 G"
"VILLAGE BAKERY",,"https://dm.emea.cms.aldi.cx/is/image/aldiprodeu/product/jpg/scaleWidth/232/cb7fa252-b722-45ab-8e40-d087842a72c1/White%20Pitta%20Bread","White Pitta Bread",,"false","0.5","https://www.aldi.co.uk/product/village-bakery-white-pitta-bread-000000000000517387","pitta bread","2026-04-10T18:09:43.914Z","aldi","0.08","per 1 Each","6 Each"
"BILASH",,"https://dm.emea.cms.aldi.cx/is/image/aldiprodeu/product/jpg/scaleWidth/232/ebbc112c-66ee-4d5e-aa5f-40e218844664/Plain%20Naan%20Breads","Plain Naan Breads",,"false","0.69","https://www.aldi.co.uk/product/bilash-plain-naan-breads-000000000000383275","pitta bread","2026-04-10T18:09:43.914Z","aldi","0.35","per 1 Each","2 Each"
"BILASH",,"https://dm.emea.cms.aldi.cx/is/image/aldiprodeu/product/jpg/scaleWidth/232/589daadc-1bec-4609-9d67-b833155b1f5c/Garlic%20%20Coriander%20Naan%20Breads","Garlic & Coriander Naan Breads",,"false","0.69","https://www.aldi.co.uk/product/bilash-garlic-coriander-naan-breads-000000000000383276","pitta bread","2026-04-10T18:09:43.914Z","aldi","0.35","per 1 Each","2 Each"
"BILASH",,"https://dm.emea.cms.aldi.cx/is/image/aldiprodeu/product/jpg/scaleWidth/232/f6ade2be-d031-4e87-aa49-77a5a3aaa026/Giant%20Plain%20Naan%20Breads","Giant Plain Naan Breads",,"false","1.49","https://www.aldi.co.uk/product/bilash-giant-plain-naan-breads-000000000584234002","pitta bread","2026-04-10T18:09:43.914Z","aldi","0.75","per 1 Each","2 Each"
"BILASH",,"https://dm.emea.cms.aldi.cx/is/image/aldiprodeu/product/jpg/scaleWidth/232/0c86e198-8446-404c-a2fc-6e39a0ee98a8/Giant%20Garlic%20%20Coriander%20Naan%20Breads","Giant Garlic & Coriander Naan Breads",,"false","1.49","https://www.aldi.co.uk/product/bilash-giant-garlic-coriander-naan-breads-000000000584234001","pitta bread","2026-04-10T18:09:43.914Z","aldi","0.75","per 1 Each","2 Each"
"BILASH",,"https://dm.emea.cms.aldi.cx/is/image/aldiprodeu/product/jpg/scaleWidth/232/ebbc112c-66ee-4d5e-aa5f-40e218844664/Plain%20Naan%20Breads","Plain Naan Breads",,"false","0.69","https://www.aldi.co.uk/product/bilash-plain-naan-breads-000000000000383275","naan bread","2026-04-10T18:09:50.867Z","aldi","0.35","per 1 Each","2 Each"
"BILASH",,"https://dm.emea.cms.aldi.cx/is/image/aldiprodeu/product/jpg/scaleWidth/232/589daadc-1bec-4609-9d67-b833155b1f5c/Garlic%20%20Coriander%20Naan%20Breads","Garlic & Coriander Naan Breads",,"false","0.69","https://www.aldi.co.uk/product/bilash-garlic-coriander-naan-breads-000000000000383276","naan bread","2026-04-10T18:09:50.867Z","aldi","0.35","per 1 Each","2 Each"
"BILASH",,"https://dm.emea.cms.aldi.cx/is/image/aldiprodeu/product/jpg/scaleWidth/232/f6ade2be-d031-4e87-aa49-77a5a3aaa026/Giant%20Plain%20Naan%20Breads","Giant Plain Naan Breads",,"false","1.49","https://www.aldi.co.uk/product/bilash-giant-plain-naan-breads-000000000584234002","naan bread","2026-04-10T18:09:50.867Z","aldi","0.75","per 1 Each","2 Each"
"BILASH",,"https://dm.emea.cms.aldi.cx/is/image/aldiprodeu/product/jpg/scaleWidth/232/0c86e198-8446-404c-a2fc-6e39a0ee98a8/Giant%20Garlic%20%20Coriander%20Naan%20Breads","Giant Garlic & Coriander Naan Breads",,"false","1.49","https://www.aldi.co.uk/product/bilash-giant-garlic-coriander-naan-breads-000000000584234001","naan bread","2026-04-10T18:09:50.867Z","aldi","0.75","per 1 Each","2 Each"
"VILLAGE BAKERY",,"https://dm.emea.cms.aldi.cx/is/image/aldiprodeu/product/jpg/scaleWidth/232/cb7fa252-b722-45ab-8e40-d087842a72c1/White%20Pitta%20Bread","White Pitta Bread",,"false","0.5","https://www.aldi.co.uk/product/village-bakery-white-pitta-bread-000000000000517387","naan bread","2026-04-10T18:09:50.867Z","aldi","0.08","per 1 Each","6 Each"
"VILLAGE BAKERY",,"https://dm.emea.cms.aldi.cx/is/image/aldiprodeu/product/jpg/scaleWidth/232/5525e43c-0adf-45f9-8e88-6d6d98330cd9/White%20Tortilla%20Wraps","White Tortilla Wraps",,"false","0.99","https://www.aldi.co.uk/product/village-bakery-white-tortilla-wraps-000000000000383422","wraps tortilla","2026-04-10T18:09:58.080Z","aldi","0.12","per 1 Each","8 Each"
"VILLAGE BAKERY",,"https://dm.emea.cms.aldi.cx/is/image/aldiprodeu/product/jpg/scaleWidth/232/fa36cc8c-0b29-4e55-9ddc-2f5a6cc03e7c/Seeded%20Tortilla%20Wraps","Seeded Tortilla Wraps",,"false","0.99","https://www.aldi.co.uk/product/village-bakery-seeded-tortilla-wraps-000000000383421002","wraps tortilla","2026-04-10T18:09:58.080Z","aldi","0.12","per 1 Each","8 Each"
"VILLAGE BAKERY",,"https://dm.emea.cms.aldi.cx/is/image/aldiprodeu/product/jpg/scaleWidth/232/151c3b1f-b1a0-44dd-a7b0-4bce517055f3/Mini%20White%20Tortilla%20Wraps","Mini White Tortilla Wraps",,"false","0.79","https://www.aldi.co.uk/product/village-bakery-mini-white-tortilla-wraps-000000000000384984","wraps tortilla","2026-04-10T18:09:58.080Z","aldi","0.1","per 1 Each","8 Each"
"VILLAGE BAKERY",,"https://dm.emea.cms.aldi.cx/is/image/aldiprodeu/product/jpg/scaleWidth/232/0bc1380f-4f59-435b-b13c-726a4d29305f/Both%20In%20One%20Tortilla%20Wraps","Both In One Tortilla Wraps",,"false","0.99","https://www.aldi.co.uk/product/village-bakery-both-in-one-tortilla-wraps-000000000383421001","wraps tortilla","2026-04-10T18:09:58.080Z","aldi","0.12","per 1 Each","8 Each"
"VILLAGE BAKERY",,"https://dm.emea.cms.aldi.cx/is/image/aldiprodeu/product/jpg/scaleWidth/232/7ab478cd-a0a0-41de-9542-79c19e6211cf/Tortilla%20Protein%20Wrap%206%20Pack","Tortilla Protein Wrap 6 Pack",,"false","0.99","https://www.aldi.co.uk/product/village-bakery-tortilla-protein-wrap-6-pack-000000000000683580","wraps tortilla","2026-04-10T18:09:58.080Z","aldi","0.17","per 1 Each","6 Each"
"SPECIALLY SELECTED",,"https://dm.emea.cms.aldi.cx/is/image/aldiprodeu/product/jpg/scaleWidth/232/1489ebf4-b192-4e42-b399-c8d85531e311/Sourdough%20Crumpets","Sourdough Crumpets",,"false","0.99","https://www.aldi.co.uk/product/specially-selected-sourdough-crumpets-000000000000386928","crumpets","2026-04-10T18:10:01.978Z","aldi","0.17","per 1 Each","6 Each"
"VILLAGE BAKERY",,"https://dm.emea.cms.aldi.cx/is/image/aldiprodeu/product/jpg/scaleWidth/232/41378a3b-8317-495a-9cf9-c283a59e8e83/Crumpets%206%20Pack","Crumpets 6 Pack",,"false","0.45","https://www.aldi.co.uk/product/village-bakery-crumpets-6-pack-000000000000499730","crumpets","2026-04-10T18:10:01.978Z","aldi","0.08","per 1 Each","6 Each"
"WARBURTONS",,"https://dm.emea.cms.aldi.cx/is/image/aldiprodeu/product/jpg/scaleWidth/232/8e7b8d2f-d85b-440e-ae1b-1c5f0e3a70ef/Crumpets%209%20Pack","Crumpets 9 Pack",,"false","1.15","https://www.aldi.co.uk/product/warburtons-crumpets-9-pack-000000000000387952","crumpets","2026-04-10T18:10:01.978Z","aldi","0.13","per 1 Each","9 Each"
"EVERYDAY ESSENTIALS",,"https://dm.emea.cms.aldi.cx/is/image/aldiprodeu/product/jpg/scaleWidth/232/45286a86-f5a7-48f0-bd79-e9c72fda2448/Strawberry%20Jam","Strawberry Jam",,"false","0.49","https://www.aldi.co.uk/product/everyday-essentials-strawberry-jam-000000000000335836","jam strawberry","2026-04-10T18:10:10.366Z","aldi","0.11","per 100 G","454 G"
"GRANDESSA",,"https://dm.emea.cms.aldi.cx/is/image/aldiprodeu/product/jpg/scaleWidth/232/6643f5ea-83d9-456d-a721-d9e46370a6d6/Strawberry%20Jam","Strawberry Jam",,"false","0.89","https://www.aldi.co.uk/product/grandessa-strawberry-jam-000000000000336264","jam strawberry","2026-04-10T18:10:10.366Z","aldi","0.2","per 100 G","454 G"
"SPECIALLY SELECTED",,"https://dm.emea.cms.aldi.cx/is/image/aldiprodeu/product/jpg/scaleWidth/232/df9222ee-c0a1-4f9a-9196-0849ee736e02/Strawberry%20Conserve","Strawberry Conserve",,"false","1.59","https://www.aldi.co.uk/product/specially-selected-strawberry-conserve-000000000000632268","jam strawberry","2026-04-10T18:10:10.366Z","aldi","0.35","per 100 G","450 G"
"HOLLY LANE",,"https://dm.emea.cms.aldi.cx/is/image/aldiprodeu/product/jpg/scaleWidth/232/98985ef1-bbf6-4875-9c8f-77e92cf55e0e/Jam%20Tarts","Jam Tarts",,"false","0.89","https://www.aldi.co.uk/product/holly-lane-jam-tarts-000000000000490219","jam strawberry","2026-04-10T18:10:10.366Z","aldi","0.15","per 1 Each","6 Each"
"GRANDESSA",,"https://dm.emea.cms.aldi.cx/is/image/aldiprodeu/product/jpg/scaleWidth/232/f43cd54d-c28b-4a62-afa4-96e1a1beeb45/Apricot%20Jam","Apricot Jam",,"false","0.89","https://www.aldi.co.uk/product/grandessa-apricot-jam-000000000335825002","jam strawberry","2026-04-10T18:10:10.366Z","aldi","1.96","per 1 KG","0.454 KG"
"GRANDESSA",,"https://dm.emea.cms.aldi.cx/is/image/aldiprodeu/product/jpg/scaleWidth/232/09c88eff-446a-4afb-ab22-8b315e870207/Smooth%20Peanut%20Butter","Smooth Peanut Butter",,"false","0.99","https://www.aldi.co.uk/product/grandessa-smooth-peanut-butter-000000000283841001","peanut butter","2026-04-10T18:10:10.768Z","aldi","2.91","per 1 KG","0.34 KG"
"GRANDESSA",,"https://dm.emea.cms.aldi.cx/is/image/aldiprodeu/product/jpg/scaleWidth/232/0ad9e98c-1d34-4658-9ed0-ba59faf130f1/Crunchy%20Peanut%20Butter","Crunchy Peanut Butter",,"false","0.99","https://www.aldi.co.uk/product/grandessa-crunchy-peanut-butter-000000000283841002","peanut butter","2026-04-10T18:10:10.768Z","aldi","2.91","per 1 KG","0.34 KG"
"GRANDESSA",,"https://dm.emea.cms.aldi.cx/is/image/aldiprodeu/product/jpg/scaleWidth/232/2f686124-1aa6-4407-aae6-fdb2f8202520/Creamy%20100%25%20Peanut%20Butter","Creamy 100% Peanut Butter",,"false","1.59","https://www.aldi.co.uk/product/grandessa-creamy-100-peanut-butter-000000000541197001","peanut butter","2026-04-10T18:10:10.768Z","aldi","4.68","per 1 KG","0.34 KG"
"GRANDESSA",,"https://dm.emea.cms.aldi.cx/is/image/aldiprodeu/product/jpg/scaleWidth/232/20c373e7-5c04-4a0f-8f8b-fc2a81c04ad7/Crunchy%20100%25%20Peanut%20Butter","Crunchy 100% Peanut Butter",,"false","1.59","https://www.aldi.co.uk/product/grandessa-crunchy-100-peanut-butter-000000000541197002","peanut butter","2026-04-10T18:10:10.768Z","aldi","4.68","per 1 KG","0.34 KG"
"HARVEST MORN",,"https://dm.emea.cms.aldi.cx/is/image/aldiprodeu/product/jpg/scaleWidth/232/6a068cab-6f97-45e4-af20-c8dc907876cf/Cocoa%20Peanut%20Butter%20Balls%20Cereal","Cocoa Peanut Butter Balls Cereal",,"false","1.89","https://www.aldi.co.uk/product/harvest-morn-cocoa-peanut-butter-balls-cereal-000000000487299001","peanut butter","2026-04-10T18:10:10.768Z","aldi","5.04","per 1 KG","0.375 KG"
"NUTELLA",,"https://dm.emea.cms.aldi.cx/is/image/aldiprodeu/product/jpg/scaleWidth/232/20acf659-e472-438a-a9bf-c8ac1efec637/Hazelnut%20Spread","Hazelnut Spread",,"false","2.89","https://www.aldi.co.uk/product/nutella-hazelnut-spread-000000000000337161","nutella","2026-04-10T18:10:14.073Z","aldi","0.83","per 100 G","350 G"
"EVERYDAY ESSENTIALS",,"https://dm.emea.cms.aldi.cx/is/image/aldiprodeu/product/jpg/scaleWidth/232/21c84492-d92e-45e6-95dc-38133f6f4030/Porridge%20Oats","Porridge Oats",,"false","0.85","https://www.aldi.co.uk/product/everyday-essentials-porridge-oats-000000000000337387","porridge oats","2026-04-10T18:10:24.658Z","aldi","0.09","per 100 G","1,000 G"
"KAVANAGH'S",,"https://dm.emea.cms.aldi.cx/is/image/aldiprodeu/product/jpg/scaleWidth/232/cbd2a86f-bc39-4f6c-9f70-29a4d6247ad4/Organic%20Porridge%20Oats","Organic Porridge Oats",,"false","2.25","https://www.aldi.co.uk/product/kavanagh-s-organic-porridge-oats-000000000000336884","porridge oats","2026-04-10T18:10:24.658Z","aldi","0.23","per 100 G","1,000 G"
"ACTILEAF",,"https://dm.emea.cms.aldi.cx/is/image/aldiprodeu/product/jpg/scaleWidth/232/4a64fd74-dab7-4f7f-96b0-072fc4abe53b/No%20Sugars%20Oat%20Drink","No Sugars Oat Drink",,"false","1.09","https://www.aldi.co.uk/product/actileaf-no-sugars-oat-drink-000000000000633294","porridge oats","2026-04-10T18:10:24.658Z","aldi","1.09","per 1 L","1 L"
"ACTILEAF",,"https://dm.emea.cms.aldi.cx/is/image/aldiprodeu/product/jpg/scaleWidth/232/d8cfa282-c33b-4b48-880a-04492a5ad3f9/Barista%20Style%20Oat%20Drink","Barista Style Oat Drink",,"false","1.25","https://www.aldi.co.uk/product/actileaf-barista-style-oat-drink-000000000000417675","porridge oats","2026-04-10T18:10:24.658Z","aldi","1.25","per 1 L","1 L"
"HARVEST MORN",,"https://dm.emea.cms.aldi.cx/is/image/aldiprodeu/product/jpg/scaleWidth/232/9dd3d54a-1feb-46ca-b9df-00e738aaffcb/Chocolate%20Protein%20Porridge%20Sachet","Chocolate Protein Porridge Sachet",,"false","1.39","https://www.aldi.co.uk/product/harvest-morn-chocolate-protein-porridge-sachet-000000000614025001","porridge oats","2026-04-10T18:10:24.658Z","aldi","4.83","per 1 KG","0.288 KG"
"NATURE'S PICK",,"https://dm.emea.cms.aldi.cx/is/image/aldiprodeu/product/jpg/scaleWidth/232/ffe8ef51-a828-4cbe-bbfc-b5647f5a570b/Butternut%20Squash%20Each","Butternut Squash Each",,"false","1.09","https://www.aldi.co.uk/product/nature-s-pick-butternut-squash-each-000000000000339783","butternut squash","2026-04-10T18:10:24.944Z","aldi","1.09","per 1 Each","1 Each"
"SPECIALLY SELECTED",,"https://dm.emea.cms.aldi.cx/is/image/aldiprodeu/product/jpg/scaleWidth/232/684e9c6b-94a6-4e5a-a02e-5d1ea37dea51/Butternut%20Squash%20Soup","Butternut Squash Soup",,"false","2.49","https://www.aldi.co.uk/product/specially-selected-butternut-squash-soup-000000000562050004","butternut squash","2026-04-10T18:10:24.944Z","aldi","4.15","per 1 KG","0.6 KG"
"SPECIALLY SELECTED",,"https://dm.emea.cms.aldi.cx/is/image/aldiprodeu/product/jpg/scaleWidth/232/2b6622ff-c4f4-496d-b4a0-d4f04451cae8/Butternut%20Squash%20%20Pine%20Nut%20Girasoli","Butternut Squash & Pine Nut Girasoli",,"false","2.49","https://www.aldi.co.uk/product/specially-selected-butternut-squash-pine-nut-girasoli-000000000405220006","butternut squash","2026-04-10T18:10:24.944Z","aldi","9.96","per 1 KG","0.25 KG"
"MAMIA",,"https://dm.emea.cms.aldi.cx/is/image/aldiprodeu/product/jpg/scaleWidth/232/5544e7fb-d2ae-48f4-b85f-c92c9a2ec230/Organic%20Butternut%20Squash%20Mac%20%20Cheese%20Pouch","Organic Butternut Squash Mac & Cheese Pouch",,"false","0.65","https://www.aldi.co.uk/product/mamia-organic-butternut-squash-mac-cheese-pouch-000000000541613001","butternut squash","2026-04-10T18:10:24.944Z","aldi","0.5","per 100 G","130 G"
"VEGGIE MENU",,"https://dm.emea.cms.aldi.cx/is/image/aldiprodeu/product/jpg/scaleWidth/232/513a3a43-d62e-4034-b78f-06ff8161ad90/Spicy%20Butternut%20Squash%20%20Chipotle%20Feta%20Bakes%202%20Pack","Spicy Butternut Squash & Chipotle Feta Bakes 2 Pack",,"false","1.79","https://www.aldi.co.uk/product/veggie-menu-spicy-butternut-squash-chipotle-feta-bakes-2-pack-000000000563364004","butternut squash","2026-04-10T18:10:24.944Z","aldi","0.81","per 100 G","220 G"
"GRANDESSA",,"https://dm.emea.cms.aldi.cx/is/image/aldiprodeu/product/jpg/scaleWidth/232/902f161f-803b-40f2-a7f2-1f75fb2e1798/Fine%20Cut%20Orange%20Marmalade","Fine Cut Orange Marmalade",,"false","0.85","https://www.aldi.co.uk/product/grandessa-fine-cut-orange-marmalade-000000000336740001","marmalade","2026-04-10T18:10:24.954Z","aldi","1.87","per 1 KG","0.454 KG"
"GRANDESSA",,"https://dm.emea.cms.aldi.cx/is/image/aldiprodeu/product/jpg/scaleWidth/232/26e9a143-6a0c-4145-a410-54d023e85736/Thick%20Cut%20Orange%20Marmalade","Thick Cut Orange Marmalade",,"false","0.85","https://www.aldi.co.uk/product/grandessa-thick-cut-orange-marmalade-000000000336740002","marmalade","2026-04-10T18:10:24.954Z","aldi","1.87","per 1 KG","0.454 KG"
"NATURE'S PICK",,"https://dm.emea.cms.aldi.cx/is/image/aldiprodeu/product/jpg/scaleWidth/232/bebd2979-68a3-49da-877e-56207a98aee2/Cooked%20Beetroot","Cooked Beetroot",,"false","0.66","https://www.aldi.co.uk/product/nature-s-pick-cooked-beetroot-000000000000339762","beetroot","2026-04-10T18:10:25.480Z","aldi","1.32","per 1 KG","0.5 KG"
"",,"https://dm.emea.cms.aldi.cx/is/content/aldiprodeu/GB%20Fallback%20Image%203-no%20text","Just Beetroot",,"false","0.59","https://www.aldi.co.uk/product/no-brand-just-beetroot-000000000000595978","beetroot","2026-04-10T18:10:25.480Z","aldi","1.18","per 1 KG","0.5 KG"
"THE DELI",,"https://dm.emea.cms.aldi.cx/is/image/aldiprodeu/product/jpg/scaleWidth/232/31ffdf98-4b89-456f-adfe-002cd46e58ff/Pickled%20Sliced%20Beetroot","Pickled Sliced Beetroot",,"false","0.75","https://www.aldi.co.uk/product/the-deli-pickled-sliced-beetroot-000000000533494001","beetroot","2026-04-10T18:10:25.480Z","aldi","1.7","per 1 KG","0.44 KG"
"THE DELI",,"https://dm.emea.cms.aldi.cx/is/image/aldiprodeu/product/jpg/scaleWidth/232/d26f4ed3-d82d-404a-96a2-9a0a9238cf00/Pickled%20Baby%20Beetroot","Pickled Baby Beetroot",,"false","0.75","https://www.aldi.co.uk/product/the-deli-pickled-baby-beetroot-000000000533494002","beetroot","2026-04-10T18:10:25.480Z","aldi","1.7","per 1 KG","0.44 KG"
"THE DELI",,"https://dm.emea.cms.aldi.cx/is/image/aldiprodeu/product/jpg/scaleWidth/232/91641edb-5fef-4822-8f1d-64b88001e07c/Beetroot%20Side%20Salad","Beetroot Side Salad",,"false","1.49","https://www.aldi.co.uk/product/the-deli-beetroot-side-salad-000000000719150002","beetroot","2026-04-10T18:10:25.480Z","aldi","4.97","per 1 KG","0.3 KG"
"HARVEST MORN",,"https://dm.emea.cms.aldi.cx/is/image/aldiprodeu/product/jpg/scaleWidth/232/16d1b804-db98-4fda-a656-53f9b0ff9a90/Honey%20Nut%20Crunchy%20Cornflakes","Honey Nut Crunchy Cornflakes",,"false","1.49","https://www.aldi.co.uk/product/harvest-morn-honey-nut-crunchy-cornflakes-000000000000608571","cornflakes","2026-04-10T18:10:33.444Z","aldi","0.2","per 100 G","750 G"
"HARVEST MORN",,"https://dm.emea.cms.aldi.cx/is/image/aldiprodeu/product/jpg/scaleWidth/232/7f50ae58-0dc6-4dc6-875f-fd325212f786/Cornflakes%20Cereal%20Bars%206%20Pack","Cornflakes Cereal Bars 6 Pack",,"false","1.09","https://www.aldi.co.uk/product/harvest-morn-cornflakes-cereal-bars-6-pack-000000000580561003","cornflakes","2026-04-10T18:10:33.444Z","aldi","7.27","per 1 KG","0.15 KG"
"FOUR SEASONS",,"https://dm.emea.cms.aldi.cx/is/image/aldiprodeu/product/jpg/scaleWidth/232/ce5cdc3c-0b01-4841-9815-c5896067d635/Supersweet%20Sweetcorn%20in%20Water","Supersweet Sweetcorn in Water",,"false","0.55","https://www.aldi.co.uk/product/four-seasons-supersweet-sweetcorn-in-water-000000000000274512","tinned sweetcorn","2026-04-10T18:10:37.776Z","aldi","0.19","per 100 G","285 G"
"FOUR SEASONS",,"https://dm.emea.cms.aldi.cx/is/image/aldiprodeu/product/jpg/scaleWidth/232/d31ece0d-3c11-48e3-9a6d-5020e206adf4/Sweetcorn","Sweetcorn",,"false","1.49","https://www.aldi.co.uk/product/four-seasons-sweetcorn-000000000000262686","tinned sweetcorn","2026-04-10T18:10:37.776Z","aldi","1.49","per 1 KG","1 KG"
"FOUR SEASONS",,"https://dm.emea.cms.aldi.cx/is/image/aldiprodeu/product/jpg/scaleWidth/232/ddf867ff-8d03-4fad-8ea6-09b2eca784a1/Sweetcorn%20in%20Water%204%20Pack","Sweetcorn in Water 4 Pack",,"false","1.85","https://www.aldi.co.uk/product/four-seasons-sweetcorn-in-water-4-pack-000000000000275576","tinned sweetcorn","2026-04-10T18:10:37.776Z","aldi","1.12","per 100 G","165 G"
"BRAMWELLS EXPRESS",,"https://dm.emea.cms.aldi.cx/is/content/aldiprodeu/GB%20Fallback%20Image%203-no%20text","Cupshotz Chicken & Sweetcorn",,"false","0.49","https://www.aldi.co.uk/product/bramwells-express-cupshotz-chicken-sweetcorn-000000000615407005","tinned sweetcorn","2026-04-10T18:10:37.776Z","aldi","0.91","per 100 G","54 G"
"NATURE'S PICK",,"https://dm.emea.cms.aldi.cx/is/image/aldiprodeu/product/jpg/scaleWidth/232/f206f4bc-3825-4fec-8eba-c06b4b078732/British%20Sweetcorn","British Sweetcorn",,"false","1.29","https://www.aldi.co.uk/product/nature-s-pick-british-sweetcorn-000000000000339993","tinned sweetcorn","2026-04-10T18:10:37.776Z","aldi","0.65","per 1 Each","2 Each"
"READY, SET…COOK!",,"https://dm.emea.cms.aldi.cx/is/image/aldiprodeu/product/jpg/scaleWidth/232/f1b0334e-69df-4241-9e5b-1d591ddeaeda/Cut%20Basil","Cut Basil",,"false","0.5","https://www.aldi.co.uk/product/ready-set-cook-cut-basil-000000000000339815","fresh basil","2026-04-10T18:10:40.649Z","aldi","16.67","per 1 KG","0.03 KG"
"READY, SET…COOK!",,"https://dm.emea.cms.aldi.cx/is/image/aldiprodeu/product/jpg/scaleWidth/232/3ab77eb6-a8d6-4b06-be8c-48b1136b33bb/Basil","Basil",,"false","0.75","https://www.aldi.co.uk/product/ready-set-cook-basil-000000000000335887","fresh basil","2026-04-10T18:10:40.649Z","aldi","0.5","per 10 G","15 G"
"CUCINA",,"https://dm.emea.cms.aldi.cx/is/image/aldiprodeu/product/jpg/scaleWidth/232/d75d636d-a089-424c-9075-84c88984d2c2/Basil%20Pesto","Basil Pesto",,"false","0.89","https://www.aldi.co.uk/product/cucina-basil-pesto-000000000337284001","fresh basil","2026-04-10T18:10:40.649Z","aldi","4.68","per 1 KG","0.19 KG"
"THE DELI",,"https://dm.emea.cms.aldi.cx/is/image/aldiprodeu/product/jpg/scaleWidth/232/c1ddd11f-b25d-4e9a-aceb-f28ff7324ec5/Tomato%20%20Basil%20Side%20Salad","Tomato & Basil Side Salad",,"false","1.49","https://www.aldi.co.uk/product/the-deli-tomato-basil-side-salad-000000000719150001","fresh basil","2026-04-10T18:10:40.649Z","aldi","4.97","per 1 KG","0.3 KG"
"SOUPREME",,"https://dm.emea.cms.aldi.cx/is/image/aldiprodeu/product/jpg/scaleWidth/232/8862c7a1-a95c-443f-a57c-89331b3a35dc/Tomato%20%20Basil%20Soup","Tomato & Basil Soup",,"false","1.49","https://www.aldi.co.uk/product/soupreme-tomato-basil-soup-000000000404227002","fresh basil","2026-04-10T18:10:40.649Z","aldi","2.48","per 1 KG","0.6 KG"
"BRAMWELLS",,"https://dm.emea.cms.aldi.cx/is/image/aldiprodeu/product/jpg/scaleWidth/232/e622899e-fe67-46b1-8657-bc49d1c805d1/Oxtail%20Soup","Oxtail Soup",,"false","0.59","https://www.aldi.co.uk/product/bramwells-oxtail-soup-000000000000337408","tinned soup","2026-04-10T18:10:48.170Z","aldi","0.15","per 100 G","400 G"
"BRAMWELLS",,"https://dm.emea.cms.aldi.cx/is/image/aldiprodeu/product/jpg/scaleWidth/232/68bd57b0-2ece-4805-8452-00ff4443d1b2/Vegetable%20Soup","Vegetable Soup",,"false","0.59","https://www.aldi.co.uk/product/bramwells-vegetable-soup-000000000335613001","tinned soup","2026-04-10T18:10:48.170Z","aldi","1.48","per 1 KG","0.4 KG"
"BRAMWELLS",,"https://dm.emea.cms.aldi.cx/is/image/aldiprodeu/product/jpg/scaleWidth/232/75ab8528-c248-44ec-9390-be6bfd0293a9/Minestrone%20Soup","Minestrone Soup",,"false","0.59","https://www.aldi.co.uk/product/bramwells-minestrone-soup-000000000335613002","tinned soup","2026-04-10T18:10:48.170Z","aldi","1.48","per 1 KG","0.4 KG"
"BRAMWELLS",,"https://dm.emea.cms.aldi.cx/is/image/aldiprodeu/product/jpg/scaleWidth/232/978187e7-1c6d-4b67-a9c9-5c8c64e6fe98/Cream%20of%20Tomato%20Soup","Cream of Tomato Soup",,"false","0.59","https://www.aldi.co.uk/product/bramwells-cream-of-tomato-soup-000000000000335747","tinned soup","2026-04-10T18:10:48.170Z","aldi","0.15","per 100 G","400 G"
"BRAMWELLS",,"https://dm.emea.cms.aldi.cx/is/image/aldiprodeu/product/jpg/scaleWidth/232/8b4a7da6-9f7c-454e-8bfc-880cd612d371/Cream%20Of%20Chicken%20Soup","Cream Of Chicken Soup",,"false","0.59","https://www.aldi.co.uk/product/bramwells-cream-of-chicken-soup-000000000335614001","tinned soup","2026-04-10T18:10:48.170Z","aldi","1.48","per 1 KG","0.4 KG"
"SPECIALLY SELECTED",,"https://dm.emea.cms.aldi.cx/is/image/aldiprodeu/product/jpg/scaleWidth/232/8b3b5f22-e59c-4b26-9596-3e64ee93212d/Really%20Nutty%20Granola","Really Nutty Granola",,"false","1.99","https://www.aldi.co.uk/product/specially-selected-really-nutty-granola-000000000335669003","granola","2026-04-10T18:10:48.473Z","aldi","0.4","per 100 G","500 G"
"SPECIALLY SELECTED",,"https://dm.emea.cms.aldi.cx/is/image/aldiprodeu/product/jpg/scaleWidth/232/5e0f51cc-10f8-42f7-9a46-76b09120bbfd/Very%20Berry%20Granola","Very Berry Granola",,"false","1.99","https://www.aldi.co.uk/product/specially-selected-very-berry-granola-000000000335669004","granola","2026-04-10T18:10:48.473Z","aldi","0.4","per 100 G","500 G"
"HARVEST MORN",,"https://dm.emea.cms.aldi.cx/is/image/aldiprodeu/product/jpg/scaleWidth/232/b8774e6d-90ff-46aa-99cc-881274118bcd/Raisin%20%20Almond%20Granola","Raisin & Almond Granola",,"false","1.99","https://www.aldi.co.uk/product/harvest-morn-raisin-almond-granola-000000000335670001","granola","2026-04-10T18:10:48.473Z","aldi","1.99","per 1 KG","1 KG"
"HARVEST MORN",,"https://dm.emea.cms.aldi.cx/is/image/aldiprodeu/product/jpg/scaleWidth/232/3f259a59-aac9-44ed-9c7c-6388d3716cb4/Tropical%20Fruits%20Granola","Tropical Fruits Granola",,"false","1.99","https://www.aldi.co.uk/product/harvest-morn-tropical-fruits-granola-000000000335670002","granola","2026-04-10T18:10:48.473Z","aldi","1.99","per 1 KG","1 KG"
"SPECIALLY SELECTED",,"https://dm.emea.cms.aldi.cx/is/image/aldiprodeu/product/jpg/scaleWidth/232/66c6c9a8-e431-4504-93db-8540b834860a/Mango%20Yogurt%20Granola","Mango Yogurt Granola",,"false","1.09","https://www.aldi.co.uk/product/specially-selected-mango-yogurt-granola-000000000511093001","granola","2026-04-10T18:10:48.473Z","aldi","7.27","per 1 KG","0.15 KG"
"SPECIALLY SELECTED",,"https://dm.emea.cms.aldi.cx/is/image/aldiprodeu/product/jpg/scaleWidth/232/8383f38a-0808-473e-bed9-f018eb477b15/Chunky%20Oven%20Chips","Chunky Oven Chips",,"false","3.29","https://www.aldi.co.uk/product/specially-selected-chunky-oven-chips-000000000000365169","frozen chips oven","2026-04-10T18:10:56.485Z","aldi","2.19","per 1 KG","1.5 KG"
"VILLAGE BAKERY",,"https://dm.emea.cms.aldi.cx/is/image/aldiprodeu/product/jpg/scaleWidth/232/538b8942-5af8-47a0-836a-bbfdd2b3d443/Oven%20Bottom%20Muffins","Oven Bottom Muffins",,"false","0.69","https://www.aldi.co.uk/product/village-bakery-oven-bottom-muffins-000000000000382604","frozen chips oven","2026-04-10T18:10:56.485Z","aldi","0.17","per 1 Each","4 Each"
"FOUR SEASONS",,"https://dm.emea.cms.aldi.cx/is/image/aldiprodeu/product/jpg/scaleWidth/232/68ff5e10-b1eb-4823-9f3f-2eddcf036006/French%20Fries","French Fries",,"false","1.35","https://www.aldi.co.uk/product/four-seasons-french-fries-000000000000271960","frozen chips oven","2026-04-10T18:10:56.485Z","aldi","1.35","per 1 KG","1 KG"
"FOUR SEASONS",,"https://dm.emea.cms.aldi.cx/is/image/aldiprodeu/product/jpg/scaleWidth/232/cbbbfd9d-8ba5-49fc-8b65-7843ae578cad/Waffle%20Fries","Waffle Fries",,"false","1.69","https://www.aldi.co.uk/product/four-seasons-waffle-fries-000000000000487112","frozen chips oven","2026-04-10T18:10:56.485Z","aldi","3.07","per 1 KG","0.55 KG"
"FOUR SEASONS",,"https://dm.emea.cms.aldi.cx/is/image/aldiprodeu/product/jpg/scaleWidth/232/8a3b6b2d-7a23-4c28-ae34-74df72f45e47/Curly%20Fries","Curly Fries","Was £1.49","true","1.39","https://www.aldi.co.uk/product/four-seasons-curly-fries-000000000000272097","frozen chips oven","2026-04-10T18:10:56.485Z","aldi","2.14","per 1 KG","0.65 KG"
"LACURA",,"https://dm.emea.cms.aldi.cx/is/image/aldiprodeu/product/jpg/scaleWidth/232/98fa560a-cb3b-4b73-b2c4-11447d612e72/Coconut%20%20Milk%20Shower%20Cream","Coconut & Milk Shower Cream",,"false","1.39","https://www.aldi.co.uk/product/lacura-coconut-milk-shower-cream-000000000664141001","coconut milk","2026-04-10T18:11:03.497Z","aldi","2.78","per 1 L","0.5 L"
"ASIA GREEN GARDEN",,"https://dm.emea.cms.aldi.cx/is/image/aldiprodeu/product/jpg/scaleWidth/232/614d5b66-23c6-4bbc-8eb9-f570f095b4d8/Coconut%20Milk%20400ml%20Full%20Fat","Coconut Milk 400ml Full Fat",,"false","0.75","https://www.aldi.co.uk/product/asia-green-garden-coconut-milk-400ml-full-fat-000000000635586001","coconut milk","2026-04-10T18:11:03.498Z","aldi","1.88","per 1 L","0.4 L"
"ASIA GREEN GARDEN",,"https://dm.emea.cms.aldi.cx/is/image/aldiprodeu/product/jpg/scaleWidth/232/4fb0faab-70f7-4c01-9ab4-0340b81615c5/Coconut%20Milk%20400ml%20Reduced%20Fat","Coconut Milk 400ml Reduced Fat",,"false","0.75","https://www.aldi.co.uk/product/asia-green-garden-coconut-milk-400ml-reduced-fat-000000000635586002","coconut milk","2026-04-10T18:11:03.498Z","aldi","1.88","per 1 L","0.4 L"
"COCO LOCO",,"https://dm.emea.cms.aldi.cx/is/image/aldiprodeu/product/jpg/scaleWidth/232/95785a67-2304-45b1-8302-54e89fae6d80/Coconut%20Water","Coconut Water",,"false","1.99","https://www.aldi.co.uk/product/coco-loco-coconut-water-000000000000568055","coconut milk","2026-04-10T18:11:03.498Z","aldi","0.2","per 100 ML","1,000 ML"
"LET'S PARTY",,"https://dm.emea.cms.aldi.cx/is/image/aldiprodeu/product/jpg/scaleWidth/232/60bbd508-5566-4180-a956-29a84426af90/Coconut%20Breaded%20Prawns","Coconut Breaded Prawns",,"false","1.69","https://www.aldi.co.uk/product/let-s-party-coconut-breaded-prawns-000000000560152002","coconut milk","2026-04-10T18:11:03.498Z","aldi","12.8","per 1 KG","0.132 KG"
"READY, SET…COOK!",,"https://dm.emea.cms.aldi.cx/is/image/aldiprodeu/product/jpg/scaleWidth/232/8ddbe68a-b8b7-41d4-8b3f-8e2ee345ed9a/British%20Cut%20Coriander","British Cut Coriander","Was £0.52","true","0.5","https://www.aldi.co.uk/product/ready-set-cook-british-cut-coriander-000000000000339817","fresh coriander","2026-04-10T18:11:10.597Z","aldi","16.67","per 1 KG","0.03 KG"
"READY, SET…COOK!",,"https://dm.emea.cms.aldi.cx/is/image/aldiprodeu/product/jpg/scaleWidth/232/dc372caa-d134-4230-8e20-56d2b47428ed/Ground%20Coriander","Ground Coriander",,"false","0.65","https://www.aldi.co.uk/product/ready-set-cook-ground-coriander-000000000000559010","fresh coriander","2026-04-10T18:11:10.597Z","aldi","0.22","per 10 G","29 G"
"BRAMWELLS",,"https://dm.emea.cms.aldi.cx/is/image/aldiprodeu/product/jpg/scaleWidth/232/d9938355-6b2a-4df3-9813-50056f314ef7/Carrot%20%20Coriander%20Soup","Carrot & Coriander Soup",,"false","0.59","https://www.aldi.co.uk/product/bramwells-carrot-coriander-soup-000000000337420001","fresh coriander","2026-04-10T18:11:10.597Z","aldi","1.48","per 1 KG","0.4 KG"
"SOUPREME",,"https://dm.emea.cms.aldi.cx/is/image/aldiprodeu/product/jpg/scaleWidth/232/ae1c7bcf-f462-4ed7-828f-16feb304052a/Carrot%20%20Coriander%20Soup","Carrot & Coriander Soup",,"false","1.49","https://www.aldi.co.uk/product/soupreme-carrot-coriander-soup-000000000561932003","fresh coriander","2026-04-10T18:11:10.597Z","aldi","2.48","per 1 KG","0.6 KG"
"BILASH",,"https://dm.emea.cms.aldi.cx/is/image/aldiprodeu/product/jpg/scaleWidth/232/589daadc-1bec-4609-9d67-b833155b1f5c/Garlic%20%20Coriander%20Naan%20Breads","Garlic & Coriander Naan Breads",,"false","0.69","https://www.aldi.co.uk/product/bilash-garlic-coriander-naan-breads-000000000000383276","fresh coriander","2026-04-10T18:11:10.597Z","aldi","0.35","per 1 Each","2 Each"
"WEETABIX",,"https://dm.emea.cms.aldi.cx/is/image/aldiprodeu/product/jpg/scaleWidth/232/309bc005-9600-4687-8434-92c4f2a15805/Weetabix%20Cereal%2036%20Pack","Weetabix Cereal 36 Pack",,"false","3.99","https://www.aldi.co.uk/product/weetabix-weetabix-cereal-36-pack-000000000000484064","weetabix","2026-04-10T18:11:13.968Z","aldi","0.11","per 1 Each","36 Each"
"HARVEST MORN",,"https://dm.emea.cms.aldi.cx/is/image/aldiprodeu/product/jpg/scaleWidth/232/6d488e62-b202-4a74-b0c8-bdff3b58f73c/Original%20Swiss%20Style%20Muesli","Original Swiss Style Muesli",,"false","2.29","https://www.aldi.co.uk/product/harvest-morn-original-swiss-style-muesli-000000000336499001","muesli","2026-04-10T18:11:22.270Z","aldi","2.08","per 1 KG","1.1 KG"
"HARVEST MORN",,"https://dm.emea.cms.aldi.cx/is/image/aldiprodeu/product/jpg/scaleWidth/232/c0cbb672-574b-4a34-bdfa-ed70702983b3/No%20Added%20Sugar%20Swiss%20Style%20Muesli","No Added Sugar Swiss Style Muesli",,"false","2.29","https://www.aldi.co.uk/product/harvest-morn-no-added-sugar-swiss-style-muesli-000000000336499002","muesli","2026-04-10T18:11:22.270Z","aldi","2.08","per 1 KG","1.1 KG"
"READY, SET…COOK!",,"https://dm.emea.cms.aldi.cx/is/image/aldiprodeu/product/jpg/scaleWidth/232/de10bfa8-e44a-446d-b48b-0aa5746bff87/Cut%20Mint","Cut Mint","Was £0.52","true","0.5","https://www.aldi.co.uk/product/ready-set-cook-cut-mint-000000000000339818","fresh mint","2026-04-10T18:11:23.471Z","aldi","16.67","per 1 KG","0.03 KG"
"BRAMWELLS",,"https://dm.emea.cms.aldi.cx/is/image/aldiprodeu/product/jpg/scaleWidth/232/52098af5-f42e-434c-92a5-5322c42ee07c/Mint%20Sauce","Mint Sauce",,"false","0.59","https://www.aldi.co.uk/product/bramwells-mint-sauce-000000000000335842","fresh mint","2026-04-10T18:11:23.471Z","aldi","0.33","per 100 G","180 G"
"DOMINION",,"https://dm.emea.cms.aldi.cx/is/image/aldiprodeu/product/jpg/scaleWidth/232/9c951a17-a31f-49c1-80e2-344994029fb5/Mint%20Humbugs","Mint Humbugs",,"false","0.89","https://www.aldi.co.uk/product/dominion-mint-humbugs-000000000405520002","fresh mint","2026-04-10T18:11:23.471Z","aldi","3.96","per 1 KG","0.225 KG"
"ASHFIELDS",,"https://dm.emea.cms.aldi.cx/is/image/aldiprodeu/product/jpg/scaleWidth/232/734be7e6-fae2-4fd0-9464-4ec96f6e3eae/Minted%20Lamb%20Shoulder%20Chops","Minted Lamb Shoulder Chops",,"false","5.49","https://www.aldi.co.uk/product/ashfields-minted-lamb-shoulder-chops-000000000500036002","fresh mint","2026-04-10T18:11:23.471Z","aldi","13.07","per 1 KG","0.42 KG"
"POPPETS",,"https://dm.emea.cms.aldi.cx/is/image/aldiprodeu/product/jpg/scaleWidth/232/2dadbbcc-71b7-4d31-9b71-72791434de43/Mint%20Poppets","Mint Poppets",,"false","1.09","https://www.aldi.co.uk/product/poppets-mint-poppets-000000000613974001","fresh mint","2026-04-10T18:11:23.471Z","aldi","10.9","per 1 KG","0.1 KG"
"BRAMWELLS EXPRESS",,"https://dm.emea.cms.aldi.cx/is/content/aldiprodeu/GB%20Fallback%20Image%203-no%20text","Pasta & Sauce Tomato, Onion & Herb",,"false","0.45","https://www.aldi.co.uk/product/bramwells-express-pasta-sauce-tomato-onion-herb-000000000615385005","pasta sauce tomato","2026-04-10T18:11:26.140Z","aldi","0.41","per 100 G","110 G"
"CUCINA",,"https://dm.emea.cms.aldi.cx/is/image/aldiprodeu/product/jpg/scaleWidth/232/48e72ffd-fcf5-4d32-b5b8-ba404f041119/Tomato%20Lasagne%20Sauce","Tomato Lasagne Sauce",,"false","0.79","https://www.aldi.co.uk/product/cucina-tomato-lasagne-sauce-000000000336034002","pasta sauce tomato","2026-04-10T18:11:26.140Z","aldi","0.16","per 100 G","500 G"
"CUCINA",,"https://dm.emea.cms.aldi.cx/is/image/aldiprodeu/product/jpg/scaleWidth/232/7dcd9364-df16-4a91-8b7f-387bb406facb/Smooth%20Tomato%20Pasta%20Sauce","Smooth Tomato Pasta Sauce",,"false","0.69","https://www.aldi.co.uk/product/cucina-smooth-tomato-pasta-sauce-000000000336032004","pasta sauce tomato","2026-04-10T18:11:26.140Z","aldi","1.38","per 1 KG","0.5 KG"
"INSPIRED CUISINE",,"https://dm.emea.cms.aldi.cx/is/image/aldiprodeu/product/jpg/scaleWidth/232/1b448175-00a5-47e7-86bc-8b76e13c22e6/Tomato%20%20Mascarpone%20Pasta%20Sauce","Tomato & Mascarpone Pasta Sauce",,"false","1.49","https://www.aldi.co.uk/product/inspired-cuisine-tomato-mascarpone-pasta-sauce-000000000403843001","pasta sauce tomato","2026-04-10T18:11:26.140Z","aldi","4.26","per 1 KG","0.35 KG"
"INSPIRED CUISINE",,"https://dm.emea.cms.aldi.cx/is/image/aldiprodeu/product/jpg/scaleWidth/232/970f0bbd-d063-4802-853e-afb871ae6dde/Tomato%20%20Basil%20Pasta%20Sauce","Tomato & Basil Pasta Sauce",,"false","1.49","https://www.aldi.co.uk/product/inspired-cuisine-tomato-basil-pasta-sauce-000000000403843003","pasta sauce tomato","2026-04-10T18:11:26.140Z","aldi","4.26","per 1 KG","0.35 KG"
"EVERYDAY ESSENTIALS",,"https://dm.emea.cms.aldi.cx/is/image/aldiprodeu/product/jpg/scaleWidth/232/99e58b8b-4be8-4e2f-bc9a-3da08601fe66/Pepperoni%20%20Pizza","Pepperoni  Pizza",,"false","1.1","https://www.aldi.co.uk/product/everyday-essentials-pepperoni-pizza-000000000457212003","frozen pizza","2026-04-10T18:11:31.872Z","aldi","3.5","per 1 KG","0.314 KG"
"EVERYDAY ESSENTIALS",,"https://dm.emea.cms.aldi.cx/is/image/aldiprodeu/product/jpg/scaleWidth/232/58650e0f-2b5c-4fba-9894-cd5ffc44d551/Cheese%20%20Tomato%20Pizza","Cheese & Tomato Pizza",,"false","1.1","https://www.aldi.co.uk/product/everyday-essentials-cheese-tomato-pizza-000000000457212004","frozen pizza","2026-04-10T18:11:31.872Z","aldi","3.5","per 1 KG","0.314 KG"
"CARLOS",,"https://dm.emea.cms.aldi.cx/is/image/aldiprodeu/product/jpg/scaleWidth/232/c9b481f7-1b02-41e8-8d5f-533c86da80e6/Garlic%20%20Cheese%20Pizza%20Bread","Garlic & Cheese Pizza Bread",,"false","1.09","https://www.aldi.co.uk/product/carlos-garlic-cheese-pizza-bread-000000000000368344","frozen pizza","2026-04-10T18:11:31.872Z","aldi","4.62","per 1 KG","0.236 KG"
"CARLOS",,"https://dm.emea.cms.aldi.cx/is/image/aldiprodeu/product/jpg/scaleWidth/232/ec15dccb-f167-4196-9576-647f8bbc9b81/Deep%20Pan%20Pepperoni%20Pizza","Deep Pan Pepperoni Pizza",,"false","1.35","https://www.aldi.co.uk/product/carlos-deep-pan-pepperoni-pizza-000000000434282002","frozen pizza","2026-04-10T18:11:31.872Z","aldi","3.58","per 1 KG","0.377 KG"
"CARLOS",,"https://dm.emea.cms.aldi.cx/is/image/aldiprodeu/product/jpg/scaleWidth/232/55a955a1-21d0-4618-ab9b-94c94dc17d86/Pepperoni%20Pizza%20Subs%202%20Pack","Pepperoni Pizza Subs 2 Pack",,"false","0.99","https://www.aldi.co.uk/product/carlos-pepperoni-pizza-subs-2-pack-000000000371140002","frozen pizza","2026-04-10T18:11:31.872Z","aldi","3.81","per 1 KG","0.26 KG"
"READY, SET…COOK!",,"https://dm.emea.cms.aldi.cx/is/image/aldiprodeu/product/jpg/scaleWidth/232/718da3f3-0e5b-49e3-99de-0f5df4781db9/Cut%20Parsley","Cut Parsley","Was £0.52","true","0.5","https://www.aldi.co.uk/product/ready-set-cook-cut-parsley-000000000000339820","fresh parsley","2026-04-10T18:11:35.450Z","aldi","16.67","per 1 KG","0.03 KG"
"READY, SET…COOK!",,"https://dm.emea.cms.aldi.cx/is/image/aldiprodeu/product/jpg/scaleWidth/232/c0eed44b-14ae-426b-9879-7a4cb9f31579/Parsley","Parsley",,"false","0.65","https://www.aldi.co.uk/product/ready-set-cook-parsley-000000000000335730","fresh parsley","2026-04-10T18:11:35.450Z","aldi","0.81","per 10 G","8 G"
"BRAMWELLS",,"https://dm.emea.cms.aldi.cx/is/image/aldiprodeu/product/jpg/scaleWidth/232/1c167393-8539-48b9-803c-8b5797c2eacd/Parsley%20Simmer%20Sauce%20Mix","Parsley Simmer Sauce Mix","Was £0.39","true","0.29","https://www.aldi.co.uk/product/bramwells-parsley-simmer-sauce-mix-000000000528816003","fresh parsley","2026-04-10T18:11:35.450Z","aldi","1.45","per 100 G","20 G"
"VILLAGE BAKERY",,"https://dm.emea.cms.aldi.cx/is/image/aldiprodeu/product/jpg/scaleWidth/232/e03a8e05-394d-4fa8-a339-4977760b8983/Smoked%20Garlic%20%20Parsley%20Flatbreads","Smoked Garlic & Parsley Flatbreads",,"false","1.49","https://www.aldi.co.uk/product/village-bakery-smoked-garlic-parsley-flatbreads-000000000538932002","fresh parsley","2026-04-10T18:11:35.450Z","aldi","0.75","per 1 Each","2 Each"
"SPECIALLY SELECTED",,"https://dm.emea.cms.aldi.cx/is/image/aldiprodeu/product/jpg/scaleWidth/232/7dec3abf-20c4-4e61-b76c-a627b2004e3b/Melt%20In%20The%20Middle%20Cod%20Fishcake%20with%20Parsley%20Sauce%202%20Pack","Melt In The Middle Cod Fishcake with Parsley Sauce 2 Pack",,"false","2.39","https://www.aldi.co.uk/product/specially-selected-melt-in-the-middle-cod-fishcake-with-parsley-sauce-2-pack-000000000387345002","fresh parsley","2026-04-10T18:11:35.450Z","aldi","8.24","per 1 KG","0.29 KG"
"CARLOS",,"https://dm.emea.cms.aldi.cx/is/image/aldiprodeu/product/jpg/scaleWidth/232/c9b481f7-1b02-41e8-8d5f-533c86da80e6/Garlic%20%20Cheese%20Pizza%20Bread","Garlic & Cheese Pizza Bread",,"false","1.09","https://www.aldi.co.uk/product/carlos-garlic-cheese-pizza-bread-000000000000368344","frozen garlic bread","2026-04-10T18:11:40.389Z","aldi","4.62","per 1 KG","0.236 KG"
"CUCINA",,"https://dm.emea.cms.aldi.cx/is/image/aldiprodeu/product/jpg/scaleWidth/232/545fc9eb-2806-40fb-952a-462e06456ed4/Garlic%20Bread%20Crisps","Garlic Bread Crisps",,"false","1.15","https://www.aldi.co.uk/product/cucina-garlic-bread-crisps-000000000661942002","frozen garlic bread","2026-04-10T18:11:40.389Z","aldi","7.67","per 1 KG","0.15 KG"
"CARLOS",,"https://dm.emea.cms.aldi.cx/is/image/aldiprodeu/product/jpg/scaleWidth/232/0068da64-c53e-489a-89ef-697d2e72d31e/Garlic%20Bread%20Slices%2010%20Pack","Garlic Bread Slices 10 Pack",,"false","1.05","https://www.aldi.co.uk/product/carlos-garlic-bread-slices-10-pack-000000000000371366","frozen garlic bread","2026-04-10T18:11:40.389Z","aldi","4.04","per 1 KG","0.26 KG"
"BILASH",,"https://dm.emea.cms.aldi.cx/is/image/aldiprodeu/product/jpg/scaleWidth/232/589daadc-1bec-4609-9d67-b833155b1f5c/Garlic%20%20Coriander%20Naan%20Breads","Garlic & Coriander Naan Breads",,"false","0.69","https://www.aldi.co.uk/product/bilash-garlic-coriander-naan-breads-000000000000383276","frozen garlic bread","2026-04-10T18:11:40.389Z","aldi","0.35","per 1 Each","2 Each"
"CARLOS",,"https://dm.emea.cms.aldi.cx/is/image/aldiprodeu/product/jpg/scaleWidth/232/3f99f46b-7acf-4c02-bccd-d41b28d473b2/Garlic%20Baguettes%202%20Pack","Garlic Baguettes 2 Pack",,"false","0.85","https://www.aldi.co.uk/product/carlos-garlic-baguettes-2-pack-000000000000365447","frozen garlic bread","2026-04-10T18:11:40.389Z","aldi","2.51","per 1 KG","0.338 KG"
"WORLDWIDE FOODS",,"https://dm.emea.cms.aldi.cx/is/image/aldiprodeu/product/jpg/scaleWidth/232/b09a6487-a891-47c0-8482-bde7c185b9c8/Basmati%20Rice","Basmati Rice",,"false","1.79","https://www.aldi.co.uk/product/worldwide-foods-basmati-rice-000000000000262344","rice krispies","2026-04-10T18:11:47.377Z","aldi","1.79","per 1 KG","1 KG"
"CUCINA",,"https://dm.emea.cms.aldi.cx/is/image/aldiprodeu/product/jpg/scaleWidth/232/230040cd-2d27-4487-b4cc-49cd82e5ab47/Arborio%20Rice","Arborio Rice",,"false","2.49","https://www.aldi.co.uk/product/cucina-arborio-rice-000000000000262588","rice krispies","2026-04-10T18:11:47.377Z","aldi","2.49","per 1 KG","1 KG"
"DESSERT MENU",,"https://dm.emea.cms.aldi.cx/is/image/aldiprodeu/product/jpg/scaleWidth/232/66249bc0-a76e-4327-87c0-9096774ff69c/Rice%20Pudding","Rice Pudding",,"false","0.75","https://www.aldi.co.uk/product/dessert-menu-rice-pudding-000000000000335787","rice krispies","2026-04-10T18:11:47.377Z","aldi","0.19","per 100 G","400 G"
"EVERYDAY ESSENTIALS",,"https://dm.emea.cms.aldi.cx/is/image/aldiprodeu/product/jpg/scaleWidth/232/3590d61c-394f-44a7-8d5e-e96daafb50ba/Rice%20Pudding","Rice Pudding",,"false","0.35","https://www.aldi.co.uk/product/everyday-essentials-rice-pudding-000000000000335821","rice krispies","2026-04-10T18:11:47.377Z","aldi","0.09","per 100 G","400 G"
"WORLDWIDE FOODS",,"https://dm.emea.cms.aldi.cx/is/image/aldiprodeu/product/jpg/scaleWidth/232/0b086c40-97e7-43a3-9fd2-79de35942b6e/Brown%20Rice","Brown Rice",,"false","1.39","https://www.aldi.co.uk/product/worldwide-foods-brown-rice-000000000000467442","rice krispies","2026-04-10T18:11:47.377Z","aldi","1.39","per 1 KG","1 KG"
"CUCINA",,"https://dm.emea.cms.aldi.cx/is/image/aldiprodeu/product/jpg/scaleWidth/232/d75d636d-a089-424c-9075-84c88984d2c2/Basil%20Pesto","Basil Pesto",,"false","0.89","https://www.aldi.co.uk/product/cucina-basil-pesto-000000000337284001","pesto green","2026-04-10T18:11:55.451Z","aldi","4.68","per 1 KG","0.19 KG"
"SPECIALLY SELECTED",,"https://dm.emea.cms.aldi.cx/is/image/aldiprodeu/product/jpg/scaleWidth/232/0f12c716-da07-4de6-94cb-6900ac90da67/Pesto%20Rosso","Pesto Rosso",,"false","1.99","https://www.aldi.co.uk/product/specially-selected-pesto-rosso-000000000337285002","pesto green","2026-04-10T18:11:55.451Z","aldi","10.47","per 1 KG","0.19 KG"
"CUCINA",,"https://dm.emea.cms.aldi.cx/is/image/aldiprodeu/product/jpg/scaleWidth/232/a7822497-aa06-4109-8ae2-1a456ff5b6fc/Pesto%20Filled%20Gnocchi","Pesto Filled Gnocchi",,"false","1.69","https://www.aldi.co.uk/product/cucina-pesto-filled-gnocchi-000000000198948001","pesto green","2026-04-10T18:11:55.451Z","aldi","4.23","per 1 KG","0.4 KG"
"SPECIALLY SELECTED",,"https://dm.emea.cms.aldi.cx/is/image/aldiprodeu/product/jpg/scaleWidth/232/3113f04c-90c9-4c06-b93c-840aa7ebc6e3/Pesto%20Alla%20Genovese","Pesto Alla Genovese",,"false","1.99","https://www.aldi.co.uk/product/specially-selected-pesto-alla-genovese-000000000337285001","pesto green","2026-04-10T18:11:55.451Z","aldi","10.47","per 1 KG","0.19 KG"
"HEAT TO EAT",,"https://dm.emea.cms.aldi.cx/is/image/aldiprodeu/product/jpg/scaleWidth/232/60a94284-9557-4332-90b1-22a6224f8671/Pesto%20Chicken%20Toastie","Pesto Chicken Toastie",,"false","2.19","https://www.aldi.co.uk/product/heat-to-eat-pesto-chicken-toastie-000000000398744003","pesto green","2026-04-10T18:11:55.451Z","aldi","2.19","per 1 Each","1 Each"
"LACURA",,"https://dm.emea.cms.aldi.cx/is/image/aldiprodeu/product/jpg/scaleWidth/232/8b5125cd-7e17-4673-a9c7-e0ad78f8cea8/Shower%20Gel","Shower Gel",,"false","0.99","https://www.aldi.co.uk/product/lacura-shower-gel-000000000343177001","shower gel","2026-04-10T18:12:01.592Z","aldi","1.98","per 1 L","0.5 L"
"ORIGINAL SOURCE",,"https://dm.emea.cms.aldi.cx/is/image/aldiprodeu/product/jpg/scaleWidth/232/0cae6cb8-eca4-44a0-8ac7-ed9aad321059/Shower%20Gel","Shower Gel",,"false","1.69","https://www.aldi.co.uk/product/original-source-shower-gel-000000000491889001","shower gel","2026-04-10T18:12:01.592Z","aldi","3.38","per 1 L","0.5 L"
"LACURA",,"https://dm.emea.cms.aldi.cx/is/image/aldiprodeu/product/jpg/scaleWidth/232/5ea20c95-d55f-4034-a82c-a80113fbd9ab/Family%20Shower%20Gel","Family Shower Gel",,"false","0.39","https://www.aldi.co.uk/product/lacura-family-shower-gel-000000000277680003","shower gel","2026-04-10T18:12:01.592Z","aldi","1.3","per 1 L","0.3 L"
"LACURA FOR MEN",,"https://dm.emea.cms.aldi.cx/is/image/aldiprodeu/product/jpg/scaleWidth/232/50c38743-b249-4578-bfe9-728136b030ec/Mens%20Shower%20Gel","Men's Shower Gel",,"false","0.69","https://www.aldi.co.uk/product/lacura-for-men-men-s-shower-gel-000000000347811002","shower gel","2026-04-10T18:12:01.592Z","aldi","2.3","per 1 L","0.3 L"
"LACURA",,"https://dm.emea.cms.aldi.cx/is/image/aldiprodeu/product/jpg/scaleWidth/232/03ad63cb-68f8-49c1-98eb-73f2d92a00e3/Herbal%20Shower%20Gel","Herbal Shower Gel",,"false","0.99","https://www.aldi.co.uk/product/lacura-herbal-shower-gel-000000000473709001","shower gel","2026-04-10T18:12:01.592Z","aldi","1.98","per 1 L","0.5 L"
"THE JUICE COMPANY",,"https://dm.emea.cms.aldi.cx/is/image/aldiprodeu/product/jpg/scaleWidth/232/c8e532e8-9bd1-488a-90e6-6aae09a4b66f/Smooth%20Orange%20Juice","Smooth Orange Juice",,"false","1.15","https://www.aldi.co.uk/product/the-juice-company-smooth-orange-juice-000000000000335749","orange juice","2026-04-10T18:12:04.853Z","aldi","0.12","per 100 ML","1,000 ML"
"THE JUICE COMPANY",,"https://dm.emea.cms.aldi.cx/is/image/aldiprodeu/product/jpg/scaleWidth/232/67a18944-9059-4903-97c3-b71c7db877cb/Smooth%20Orange%20Juice%20From%20Concentrate","Smooth Orange Juice From Concentrate",,"false","1.45","https://www.aldi.co.uk/product/the-juice-company-smooth-orange-juice-from-concentrate-000000000000399552","orange juice","2026-04-10T18:12:04.853Z","aldi","0.15","per 100 ML","1,000 ML"
"THE JUICE COMPANY",,"https://dm.emea.cms.aldi.cx/is/image/aldiprodeu/product/jpg/scaleWidth/232/76b2fce7-751f-419a-942b-081507f59be2/Smooth%20Orange%20Juice%20From%20Concentrate","Smooth Orange Juice From Concentrate",,"false","2.19","https://www.aldi.co.uk/product/the-juice-company-smooth-orange-juice-from-concentrate-000000000000401634","orange juice","2026-04-10T18:12:04.853Z","aldi","0.11","per 100 ML","2,000 ML"
"THE JUICE COMPANY",,"https://dm.emea.cms.aldi.cx/is/image/aldiprodeu/product/jpg/scaleWidth/232/4a5afde5-1f74-4a54-bf4e-df89ab5d0ed0/100%25%20Pure%20Pressed%20Orange%20Juice%20with%20Bits","100% Pure Pressed Orange Juice with Bits",,"false","2.69","https://www.aldi.co.uk/product/the-juice-company-100-pure-pressed-orange-juice-with-bits-000000000000400144","orange juice","2026-04-10T18:12:04.853Z","aldi","0.15","per 100 ML","1,750 ML"
"THE JUICE COMPANY",,"https://dm.emea.cms.aldi.cx/is/image/aldiprodeu/product/jpg/scaleWidth/232/20ffebdd-9236-473a-ab7b-1a0110ca87fd/100%25%20Pure%20Pressed%20Smooth%20Orange%20Juice","100% Pure Pressed Smooth Orange Juice",,"false","2.69","https://www.aldi.co.uk/product/the-juice-company-100-pure-pressed-smooth-orange-juice-000000000000400145","orange juice","2026-04-10T18:12:04.853Z","aldi","0.15","per 100 ML","1,750 ML"
"CUCINA",,"https://dm.emea.cms.aldi.cx/is/image/aldiprodeu/product/jpg/scaleWidth/232/ffef20f3-c674-4410-8f4a-1b6f734b2d72/Spaghetti","Spaghetti",,"false","0.75","https://www.aldi.co.uk/product/cucina-spaghetti-000000000000308641","spaghetti","2026-04-10T18:12:11.181Z","aldi","0.15","per 100 G","500 G"
"EVERYDAY ESSENTIALS",,"https://dm.emea.cms.aldi.cx/is/image/aldiprodeu/product/jpg/scaleWidth/232/4555bdab-8aec-4081-9a28-4dc23f1efe4a/Spaghetti%20Bolognese","Spaghetti Bolognese",,"false","0.99","https://www.aldi.co.uk/product/everyday-essentials-spaghetti-bolognese-000000000487862004","spaghetti","2026-04-10T18:12:11.181Z","aldi","2.48","per 1 KG","0.4 KG"
"CUCINA",,"https://dm.emea.cms.aldi.cx/is/image/aldiprodeu/product/jpg/scaleWidth/232/a3867c8f-1ec9-47e0-a812-92c522d80a9d/Spaghetti%20%20Meatballs","Spaghetti & Meatballs",,"false","2.79","https://www.aldi.co.uk/product/cucina-spaghetti-meatballs-000000000562098001","spaghetti","2026-04-10T18:12:11.181Z","aldi","6.98","per 1 KG","0.4 KG"
"CUCINA",,"https://dm.emea.cms.aldi.cx/is/image/aldiprodeu/product/jpg/scaleWidth/232/c6fbc322-df00-4045-8925-073fa0ca0e44/Spaghetti%20Carbonara","Spaghetti Carbonara",,"false","2.79","https://www.aldi.co.uk/product/cucina-spaghetti-carbonara-000000000562316001","spaghetti","2026-04-10T18:12:11.181Z","aldi","6.98","per 1 KG","0.4 KG"
"CUCINA",,"https://dm.emea.cms.aldi.cx/is/image/aldiprodeu/product/jpg/scaleWidth/232/b0bf490a-817e-4519-8544-84e0611090c9/Spaghetti%20Bolognese","Spaghetti Bolognese",,"false","2.79","https://www.aldi.co.uk/product/cucina-spaghetti-bolognese-000000000562436002","spaghetti","2026-04-10T18:12:11.181Z","aldi","6.98","per 1 KG","0.4 KG"
"DENTITEX",,"https://dm.emea.cms.aldi.cx/is/image/aldiprodeu/product/jpg/scaleWidth/232/d0ade05b-ec0e-4f2d-9b3b-163fbb955507/Toothpaste","Toothpaste",,"false","0.69","https://www.aldi.co.uk/product/dentitex-toothpaste-000000000343096001","toothpaste","2026-04-10T18:12:13.183Z","aldi","5.52","per 1 L","0.125 L"
"SENSODYNE",,"https://dm.emea.cms.aldi.cx/is/image/aldiprodeu/product/jpg/scaleWidth/232/e9a3ef11-6387-4bf3-ac02-5088047066f4/Toothpaste","Toothpaste","Was £2.25","true","2.09","https://www.aldi.co.uk/product/sensodyne-toothpaste-000000000346605001","toothpaste","2026-04-10T18:12:13.183Z","aldi","27.87","per 1 L","0.075 L"
"COLGATE",,"https://dm.emea.cms.aldi.cx/is/image/aldiprodeu/product/jpg/scaleWidth/232/d3c69922-baa4-424a-8a62-795a449b2a59/Kids%20ToothpasteToothbrush","Kids' Toothpaste/Toothbrush",,"false","1.09","https://www.aldi.co.uk/product/colgate-kids-toothpaste-toothbrush-000000000347677001","toothpaste","2026-04-10T18:12:13.183Z","aldi","2.18","per 100 ML","50 ML"
"COLGATE",,"https://dm.emea.cms.aldi.cx/is/image/aldiprodeu/product/jpg/scaleWidth/232/3d1837fd-326f-433c-9006-4f3a28706d65/Triple%20Action%20Toothpaste","Triple Action Toothpaste",,"false","1.24","https://www.aldi.co.uk/product/colgate-triple-action-toothpaste-000000000489860001","toothpaste","2026-04-10T18:12:13.183Z","aldi","16.53","per 1 L","0.075 L"
"SPECIALLY SELECTED",,"https://dm.emea.cms.aldi.cx/is/image/aldiprodeu/product/jpg/scaleWidth/232/3a2c43be-1efe-4208-989f-e85689012e63/Madagascan%20Vanilla%20Ice%20Cream","Madagascan Vanilla Ice Cream",,"false","2.49","https://www.aldi.co.uk/product/specially-selected-madagascan-vanilla-ice-cream-000000000556068001","vanilla ice cream","2026-04-10T18:12:13.369Z","aldi","5.19","per 1 L","0.48 L"
"GIANNI'S",,"https://dm.emea.cms.aldi.cx/is/image/aldiprodeu/product/jpg/scaleWidth/232/669f58d3-2992-4a8e-9ffa-d0d2b0a0a856/Madagascan%20Vanilla%20Ice%20Cream","Madagascan Vanilla Ice Cream",,"false","2.45","https://www.aldi.co.uk/product/gianni-s-madagascan-vanilla-ice-cream-000000000371193001","vanilla ice cream","2026-04-10T18:12:13.369Z","aldi","2.45","per 100 ML","1,000 ML"
"GIANNI'S",,"https://dm.emea.cms.aldi.cx/is/image/aldiprodeu/product/jpg/scaleWidth/232/ab104b11-ba92-450c-b61e-427227597a07/Soft%20Scoop%20Vanilla%20Ice%20Cream","Soft Scoop Vanilla Ice Cream",,"false","1.65","https://www.aldi.co.uk/product/gianni-s-soft-scoop-vanilla-ice-cream-000000000000371098","vanilla ice cream","2026-04-10T18:12:13.369Z","aldi","0.83","per 1 L","2 L"
"GIANNI'S",,"https://dm.emea.cms.aldi.cx/is/image/aldiprodeu/product/jpg/scaleWidth/232/c05af84c-804f-47e6-a2f1-aaaa92116ac6/Vanilla%20Ice%20Cream%20Cones%206%20Pack","Vanilla Ice Cream Cones 6 Pack",,"false","2.19","https://www.aldi.co.uk/product/gianni-s-vanilla-ice-cream-cones-6-pack-000000000000533572","vanilla ice cream","2026-04-10T18:12:13.369Z","aldi","0.3","per 100 ML","720 ML"
"GIANNI'S",,"https://dm.emea.cms.aldi.cx/is/image/aldiprodeu/product/jpg/scaleWidth/232/4d8197bf-78b1-4f49-943f-12573424830e/Strawberry%20%20Vanilla%20Ice%20Cream%20Cones%204%20Pack","Strawberry & Vanilla Ice Cream Cones 4 Pack","Was £1.35","true","1.25","https://www.aldi.co.uk/product/gianni-s-strawberry-vanilla-ice-cream-cones-4-pack-000000000297264001","vanilla ice cream","2026-04-10T18:12:13.369Z","aldi","2.84","per 1 L","0.44 L"
"LACURA",,"https://dm.emea.cms.aldi.cx/is/image/aldiprodeu/product/jpg/scaleWidth/232/b819317e-c578-460a-b9a9-b999052549a9/ShampooConditioner","Shampoo/Conditioner",,"false","1.39","https://www.aldi.co.uk/product/lacura-shampoo-conditioner-000000000343953001","shampoo","2026-04-10T18:12:24.053Z","aldi","4.63","per 1 L","0.3 L"
"LACURA",,"https://dm.emea.cms.aldi.cx/is/image/aldiprodeu/product/jpg/scaleWidth/232/23c00717-c8fa-4007-a02c-0f2a2c28b583/ShampooConditioner","Shampoo/Conditioner",,"false","0.79","https://www.aldi.co.uk/product/lacura-shampoo-conditioner-000000000346604001","shampoo","2026-04-10T18:12:24.053Z","aldi","1.58","per 1 L","0.5 L"
"AUSSIE",,"https://dm.emea.cms.aldi.cx/is/image/aldiprodeu/product/jpg/scaleWidth/232/9a9a5dce-c6b6-48db-b246-d4482354c7e6/ShampooConditioner","Shampoo/Conditioner",,"false","2.79","https://www.aldi.co.uk/product/aussie-shampoo-conditioner-000000000445902002","shampoo","2026-04-10T18:12:24.053Z","aldi","11.16","per 1 L","0.25 L"
"ALBERTO BALSAM",,"https://dm.emea.cms.aldi.cx/is/image/aldiprodeu/product/jpg/scaleWidth/232/001d3fd5-1e7a-4ad5-a49c-0a11f40aa221/ShampooConditioner","Shampoo/Conditioner",,"false","0.95","https://www.aldi.co.uk/product/alberto-balsam-shampoo-conditioner-000000000648486001","shampoo","2026-04-10T18:12:24.053Z","aldi","3.17","per 1 L","0.3 L"
"MAMIA",,"https://dm.emea.cms.aldi.cx/is/image/aldiprodeu/product/jpg/scaleWidth/232/40b0e5b9-ec9c-4a83-8b2b-0deba932bfdc/Baby%20ShampooBath","Baby Shampoo/Bath",,"false","0.79","https://www.aldi.co.uk/product/mamia-baby-shampoo-bath-000000000346009001","shampoo","2026-04-10T18:12:24.053Z","aldi","1.58","per 1 L","0.5 L"
"READY, SET…COOK!",,"https://dm.emea.cms.aldi.cx/is/image/aldiprodeu/product/jpg/scaleWidth/232/7897e61c-76eb-43c3-bd15-eed2b1b3cd23/Tikka%20Masala%20Curry%20Paste","Tikka Masala Curry Paste",,"false","1.49","https://www.aldi.co.uk/product/ready-set-cook-tikka-masala-curry-paste-000000000556914001","curry paste tikka","2026-04-10T18:12:25.155Z","aldi","8.05","per 1 KG","0.185 KG"
"READY, SET…COOK!",,"https://dm.emea.cms.aldi.cx/is/image/aldiprodeu/product/jpg/scaleWidth/232/81406844-b3a7-4168-bd95-a1d085a9176e/Korma%20Curry%20Paste","Korma Curry Paste",,"false","1.49","https://www.aldi.co.uk/product/ready-set-cook-korma-curry-paste-000000000556914002","curry paste tikka","2026-04-10T18:12:25.155Z","aldi","8.05","per 1 KG","0.185 KG"
"EAT & GO",,"https://dm.emea.cms.aldi.cx/is/image/aldiprodeu/product/jpg/scaleWidth/232/79582980-f55f-4f2c-8f23-8ebc4574f1ca/Tikka%20Curry%20in%20a%20Naan","Tikka Curry in a Naan",,"false","1.99","https://www.aldi.co.uk/product/eat-go-tikka-curry-in-a-naan-000000000681718002","curry paste tikka","2026-04-10T18:12:25.155Z","aldi","10.76","per 1 KG","0.185 KG"
"READY, SET…COOK!",,"https://dm.emea.cms.aldi.cx/is/image/aldiprodeu/product/jpg/scaleWidth/232/9ed48f4c-a099-42c7-9269-1e9649445bb3/Thai%20Red%20Curry%20Paste","Thai Red Curry Paste",,"false","1.29","https://www.aldi.co.uk/product/ready-set-cook-thai-red-curry-paste-000000000557102001","curry paste tikka","2026-04-10T18:12:25.155Z","aldi","7.17","per 1 KG","0.18 KG"
"READY, SET…COOK!",,"https://dm.emea.cms.aldi.cx/is/image/aldiprodeu/product/jpg/scaleWidth/232/5d17065a-dfce-42ac-b31e-a1520772fb44/Thai%20Green%20Curry%20Paste","Thai Green Curry Paste",,"false","1.29","https://www.aldi.co.uk/product/ready-set-cook-thai-green-curry-paste-000000000557102002","curry paste tikka","2026-04-10T18:12:25.155Z","aldi","7.17","per 1 KG","0.18 KG"
"GIANNI'S",,"https://dm.emea.cms.aldi.cx/is/image/aldiprodeu/product/jpg/scaleWidth/232/701522c2-ae99-47b1-840c-f778c1fc5852/Mint%20Chocolate%20Ice%20Creams%204%20Pack","Mint Chocolate Ice Creams 4 Pack",,"false","1.79","https://www.aldi.co.uk/product/gianni-s-mint-chocolate-ice-creams-4-pack-000000000297828004","chocolate ice cream","2026-04-10T18:12:25.653Z","aldi","4.07","per 1 L","0.44 L"
"GIANNI'S",,"https://dm.emea.cms.aldi.cx/is/image/aldiprodeu/product/jpg/scaleWidth/232/0e6d6d18-9981-4b99-a034-7da5930dffae/Mint%20%20Chocolate%20Ice%20Cream%20Cones%204%20Pack","Mint & Chocolate Ice Cream Cones 4 Pack",,"false","1.25","https://www.aldi.co.uk/product/gianni-s-mint-chocolate-ice-cream-cones-4-pack-000000000306738001","chocolate ice cream","2026-04-10T18:12:25.653Z","aldi","2.84","per 1 L","0.44 L"
"GIANNI'S",,"https://dm.emea.cms.aldi.cx/is/image/aldiprodeu/product/jpg/scaleWidth/232/e924a32a-4473-4393-95fe-fa091c25bf79/Chocolate%20Brownie%20Ice%20Cream","Chocolate Brownie Ice Cream",,"false","1.99","https://www.aldi.co.uk/product/gianni-s-chocolate-brownie-ice-cream-000000000297599001","chocolate ice cream","2026-04-10T18:12:25.653Z","aldi","3.98","per 1 L","0.5 L"
"GIANNI'S",,"https://dm.emea.cms.aldi.cx/is/image/aldiprodeu/product/jpg/scaleWidth/232/424bbeb4-08fa-4188-95e2-27ef6e023188/Cornish%20Ice%20Cream","Cornish Ice Cream",,"false","3.29","https://www.aldi.co.uk/product/gianni-s-cornish-ice-cream-000000000000365131","chocolate ice cream","2026-04-10T18:12:25.653Z","aldi","1.65","per 1 L","2 L"
"GIANNI'S",,"https://dm.emea.cms.aldi.cx/is/image/aldiprodeu/product/jpg/scaleWidth/232/5863645c-7301-40a6-ba09-e8b3b986d934/Strawberry%20Ice%20Cream","Strawberry Ice Cream",,"false","2.45","https://www.aldi.co.uk/product/gianni-s-strawberry-ice-cream-000000000371193005","chocolate ice cream","2026-04-10T18:12:25.653Z","aldi","2.45","per 100 ML","1,000 ML"
"THE JUICE COMPANY",,"https://dm.emea.cms.aldi.cx/is/image/aldiprodeu/product/jpg/scaleWidth/232/712d7102-daf8-4f5b-82ec-fc329f8fe411/Apple%20Juice","Apple Juice",,"false","1.09","https://www.aldi.co.uk/product/the-juice-company-apple-juice-000000000000335750","apple juice","2026-04-10T18:12:30.442Z","aldi","0.11","per 100 ML","1,000 ML"
"THE JUICE COMPANY",,"https://dm.emea.cms.aldi.cx/is/image/aldiprodeu/product/jpg/scaleWidth/232/e285eafe-cb3e-4e36-9dd3-8c29ca630950/Apple%20Juice","Apple Juice",,"false","1.75","https://www.aldi.co.uk/product/the-juice-company-apple-juice-000000000000398854","apple juice","2026-04-10T18:12:30.442Z","aldi","0.18","per 100 ML","1,000 ML"
"THE JUICE COMPANY",,"https://dm.emea.cms.aldi.cx/is/image/aldiprodeu/product/jpg/scaleWidth/232/1b3005d6-a4b4-4263-a2ae-0934b26d7279/100%25%20Pressed%20Apple%20Juice","100% Pressed Apple Juice",,"false","0.99","https://www.aldi.co.uk/product/the-juice-company-100-pressed-apple-juice-000000000403952001","apple juice","2026-04-10T18:12:30.442Z","aldi","3","per 1 L","0.33 L"
"THE JUICE COMPANY",,"https://dm.emea.cms.aldi.cx/is/content/aldiprodeu/GB%20Fallback%20Image%203-no%20text","Apple Juice 1 Litre",,"false","0.99","https://www.aldi.co.uk/product/the-juice-company-apple-juice-1-litre-000000000000621750","apple juice","2026-04-10T18:12:30.442Z","aldi","0.1","per 100 ML","1,000 ML"
"THE JUICE COMPANY",,"https://dm.emea.cms.aldi.cx/is/image/aldiprodeu/product/jpg/scaleWidth/232/4d8969af-0f38-405f-bfdd-6532faf4d10d/Apple%20Juice%20From%20Concentrate%206%20Pack","Apple Juice From Concentrate 6 Pack",,"false","1.89","https://www.aldi.co.uk/product/the-juice-company-apple-juice-from-concentrate-6-pack-000000000335771001","apple juice","2026-04-10T18:12:30.442Z","aldi","1.58","per 1 L","1.2 L"
"READY, SET…COOK!",,"https://dm.emea.cms.aldi.cx/is/image/aldiprodeu/product/jpg/scaleWidth/232/81406844-b3a7-4168-bd95-a1d085a9176e/Korma%20Curry%20Paste","Korma Curry Paste",,"false","1.49","https://www.aldi.co.uk/product/ready-set-cook-korma-curry-paste-000000000556914002","curry paste korma","2026-04-10T18:12:35.240Z","aldi","8.05","per 1 KG","0.185 KG"
"READY, SET…COOK!",,"https://dm.emea.cms.aldi.cx/is/image/aldiprodeu/product/jpg/scaleWidth/232/7897e61c-76eb-43c3-bd15-eed2b1b3cd23/Tikka%20Masala%20Curry%20Paste","Tikka Masala Curry Paste",,"false","1.49","https://www.aldi.co.uk/product/ready-set-cook-tikka-masala-curry-paste-000000000556914001","curry paste korma","2026-04-10T18:12:35.240Z","aldi","8.05","per 1 KG","0.185 KG"
"READY, SET…COOK!",,"https://dm.emea.cms.aldi.cx/is/image/aldiprodeu/product/jpg/scaleWidth/232/9ed48f4c-a099-42c7-9269-1e9649445bb3/Thai%20Red%20Curry%20Paste","Thai Red Curry Paste",,"false","1.29","https://www.aldi.co.uk/product/ready-set-cook-thai-red-curry-paste-000000000557102001","curry paste korma","2026-04-10T18:12:35.240Z","aldi","7.17","per 1 KG","0.18 KG"
"READY, SET…COOK!",,"https://dm.emea.cms.aldi.cx/is/image/aldiprodeu/product/jpg/scaleWidth/232/5d17065a-dfce-42ac-b31e-a1520772fb44/Thai%20Green%20Curry%20Paste","Thai Green Curry Paste",,"false","1.29","https://www.aldi.co.uk/product/ready-set-cook-thai-green-curry-paste-000000000557102002","curry paste korma","2026-04-10T18:12:35.240Z","aldi","7.17","per 1 KG","0.18 KG"
"SPECIALLY SELECTED",,"https://dm.emea.cms.aldi.cx/is/image/aldiprodeu/product/jpg/scaleWidth/232/3f7e83a7-4110-4ca8-8083-b76ed0ff41ef/2%20Step%20Korma%20Curry%20Sauce","2 Step Korma Curry Sauce",,"false","1.69","https://www.aldi.co.uk/product/specially-selected-2-step-korma-curry-sauce-000000000335898002","curry paste korma","2026-04-10T18:12:35.240Z","aldi","4.69","per 1 KG","0.36 KG"
"CUCINA",,"https://dm.emea.cms.aldi.cx/is/image/aldiprodeu/product/jpg/scaleWidth/232/1517bf45-1354-4921-a4e3-03e88176c637/Penne%20Pasta%20500g","Penne Pasta 500g",,"false","0.69","https://www.aldi.co.uk/product/cucina-penne-pasta-500g-000000000000308638","penne pasta","2026-04-10T18:12:43.643Z","aldi","1.38","per 1 KG","0.5 KG"
"EVERYDAY ESSENTIALS",,"https://dm.emea.cms.aldi.cx/is/image/aldiprodeu/product/jpg/scaleWidth/232/126624f7-f318-4592-b6c2-303c888ae4c9/Everyday%20Essentials%20Penne%20Pasta%20500g","Everyday Essentials Penne Pasta 500g",,"false","0.41","https://www.aldi.co.uk/product/everyday-essentials-everyday-essentials-penne-pasta-500g-000000000000551373","penne pasta","2026-04-10T18:12:43.643Z","aldi","0.82","per 1 KG","0.5 KG"
"FREE FROM",,"https://dm.emea.cms.aldi.cx/is/image/aldiprodeu/product/jpg/scaleWidth/232/d039ac73-72c7-45a7-a07c-37b92adf7170/Green%20Pea%20Penne","Green Pea Penne","Was £1.25","true","0.69","https://www.aldi.co.uk/product/free-from-green-pea-penne-000000000335701002","penne pasta","2026-04-10T18:12:43.643Z","aldi","2.76","per 1 KG","0.25 KG"
"CUCINA",,"https://dm.emea.cms.aldi.cx/is/image/aldiprodeu/product/jpg/scaleWidth/232/ffef20f3-c674-4410-8f4a-1b6f734b2d72/Spaghetti","Spaghetti",,"false","0.75","https://www.aldi.co.uk/product/cucina-spaghetti-000000000000308641","penne pasta","2026-04-10T18:12:43.643Z","aldi","0.15","per 100 G","500 G"
"NAPOLINA",,"https://dm.emea.cms.aldi.cx/is/image/aldiprodeu/product/jpg/scaleWidth/232/d3d852a9-7295-4f37-9244-fbab399fdbc3/Fusilli","Fusilli",,"false","0.99","https://www.aldi.co.uk/product/napolina-fusilli-000000000000742653","penne pasta","2026-04-10T18:12:43.643Z","aldi","1.98","per 1 KG","0.5 KG"
"GIANNI'S",,"https://dm.emea.cms.aldi.cx/is/image/aldiprodeu/product/jpg/scaleWidth/232/6782f035-75eb-40f1-9c2d-d206505b9809/Classic%20Ice%20Lollies","Classic Ice Lollies","Was £1.99","true","1.85","https://www.aldi.co.uk/product/gianni-s-classic-ice-lollies-000000000619346001","ice lollies","2026-04-10T18:12:50.655Z","aldi","4.63","per 1 L","0.4 L"
"GIANNI'S",,"https://dm.emea.cms.aldi.cx/is/image/aldiprodeu/product/jpg/scaleWidth/232/7d7d60ac-4b64-4ea9-ac40-7405e30cdf01/White%20Ice%20Lollies","White Ice Lollies","Was £1.99","true","1.85","https://www.aldi.co.uk/product/gianni-s-white-ice-lollies-000000000619346002","ice lollies","2026-04-10T18:12:50.655Z","aldi","4.63","per 1 L","0.4 L"
"GIANNI'S",,"https://dm.emea.cms.aldi.cx/is/image/aldiprodeu/product/jpg/scaleWidth/232/1d683d29-30a7-441b-bf9e-96f61fbfd8f8/Cola%20Bottle%20Ice%20Lollies%206%20Pack","Cola Bottle Ice Lollies 6 Pack",,"false","2.29","https://www.aldi.co.uk/product/gianni-s-cola-bottle-ice-lollies-6-pack-000000000621612001","ice lollies","2026-04-10T18:12:50.655Z","aldi","6.36","per 1 L","0.36 L"
"GIANNI'S",,"https://dm.emea.cms.aldi.cx/is/image/aldiprodeu/product/jpg/scaleWidth/232/9aa3dc4c-35c8-491e-b850-dd271eaf0c81/Mango%20Fruit%20Sticks%20Ice%20Lollies%2012%20Pack","Mango Fruit Sticks Ice Lollies 12 Pack",,"false","2.29","https://www.aldi.co.uk/product/gianni-s-mango-fruit-sticks-ice-lollies-12-pack-000000000619353001","ice lollies","2026-04-10T18:12:50.655Z","aldi","3.82","per 1 L","0.6 L"
"GIANNI'S",,"https://dm.emea.cms.aldi.cx/is/image/aldiprodeu/product/jpg/scaleWidth/232/cdc99806-c3d3-47bc-8a43-4cf3b9be17c8/Pineapple%20Fruit%20Sticks%20Ice%20Lollies%2012%20Pack","Pineapple Fruit Sticks Ice Lollies 12 Pack",,"false","2.29","https://www.aldi.co.uk/product/gianni-s-pineapple-fruit-sticks-ice-lollies-12-pack-000000000619353002","ice lollies","2026-04-10T18:12:50.655Z","aldi","3.82","per 1 L","0.6 L"
"CUCINA",,"https://dm.emea.cms.aldi.cx/is/image/aldiprodeu/product/jpg/scaleWidth/232/19520cbd-8b7c-4f49-a664-f28ba710b374/Fusilli%20Pasta%201kg","Fusilli Pasta 1kg",,"false","1.19","https://www.aldi.co.uk/product/cucina-fusilli-pasta-1kg-000000000000308461","fusilli pasta","2026-04-10T18:12:58.743Z","aldi","1.19","per 1 KG","1 KG"
"WORLDWIDE FOODS",,"https://dm.emea.cms.aldi.cx/is/image/aldiprodeu/product/jpg/scaleWidth/232/6d3621ec-02c0-4e90-897a-017aa31814ea/Heat%20%20Eat%20Tomato%20%20Basil%20Fusilli%20Pasta%20Pouch","Heat & Eat Tomato & Basil Fusilli Pasta Pouch",,"false","0.95","https://www.aldi.co.uk/product/worldwide-foods-heat-eat-tomato-basil-fusilli-pasta-pouch-000000000594306003","fusilli pasta","2026-04-10T18:12:58.743Z","aldi","0.48","per 100 G","200 G"
"NAPOLINA",,"https://dm.emea.cms.aldi.cx/is/image/aldiprodeu/product/jpg/scaleWidth/232/d3d852a9-7295-4f37-9244-fbab399fdbc3/Fusilli","Fusilli",,"false","0.99","https://www.aldi.co.uk/product/napolina-fusilli-000000000000742653","fusilli pasta","2026-04-10T18:12:58.743Z","aldi","1.98","per 1 KG","0.5 KG"
"FREE FROM",,"https://dm.emea.cms.aldi.cx/is/image/aldiprodeu/product/jpg/scaleWidth/232/89dc3fbb-bd9b-4fe1-89be-026434abeeb8/Chickpea%20Fusilli","Chickpea Fusilli","Was £1.25","true","0.69","https://www.aldi.co.uk/product/free-from-chickpea-fusilli-000000000335701003","fusilli pasta","2026-04-10T18:12:58.743Z","aldi","2.76","per 1 KG","0.25 KG"
"FREE FROM",,"https://dm.emea.cms.aldi.cx/is/image/aldiprodeu/product/jpg/scaleWidth/232/0feffcbd-8df8-4096-a049-994f2f22ad78/Glutenfree%20Fusilli","Glutenfree Fusilli","Was £0.65","true","0.29","https://www.aldi.co.uk/product/free-from-glutenfree-fusilli-000000000337329002","fusilli pasta","2026-04-10T18:12:58.743Z","aldi","0.58","per 1 KG","0.5 KG"
"LACURA",,"https://dm.emea.cms.aldi.cx/is/image/aldiprodeu/product/jpg/scaleWidth/232/bc5b5ecc-5e48-431e-a261-b0069f2f0976/Hair%20Culture%20ShampooConditioner","Hair Culture Shampoo/Conditioner",,"false","1.79","https://www.aldi.co.uk/product/lacura-hair-culture-shampoo-conditioner-000000000346870001","conditioner hair","2026-04-10T18:13:05.850Z","aldi","3.58","per 1 L","0.5 L"
"LACURA",,"https://dm.emea.cms.aldi.cx/is/image/aldiprodeu/product/jpg/scaleWidth/232/b819317e-c578-460a-b9a9-b999052549a9/ShampooConditioner","Shampoo/Conditioner",,"false","1.39","https://www.aldi.co.uk/product/lacura-shampoo-conditioner-000000000343953001","conditioner hair","2026-04-10T18:13:05.850Z","aldi","4.63","per 1 L","0.3 L"
"LACURA",,"https://dm.emea.cms.aldi.cx/is/image/aldiprodeu/product/jpg/scaleWidth/232/23c00717-c8fa-4007-a02c-0f2a2c28b583/ShampooConditioner","Shampoo/Conditioner",,"false","0.79","https://www.aldi.co.uk/product/lacura-shampoo-conditioner-000000000346604001","conditioner hair","2026-04-10T18:13:05.850Z","aldi","1.58","per 1 L","0.5 L"
"AUSSIE",,"https://dm.emea.cms.aldi.cx/is/image/aldiprodeu/product/jpg/scaleWidth/232/9a9a5dce-c6b6-48db-b246-d4482354c7e6/ShampooConditioner","Shampoo/Conditioner",,"false","2.79","https://www.aldi.co.uk/product/aussie-shampoo-conditioner-000000000445902002","conditioner hair","2026-04-10T18:13:05.850Z","aldi","11.16","per 1 L","0.25 L"
"ALBERTO BALSAM",,"https://dm.emea.cms.aldi.cx/is/image/aldiprodeu/product/jpg/scaleWidth/232/001d3fd5-1e7a-4ad5-a49c-0a11f40aa221/ShampooConditioner","Shampoo/Conditioner",,"false","0.95","https://www.aldi.co.uk/product/alberto-balsam-shampoo-conditioner-000000000648486001","conditioner hair","2026-04-10T18:13:05.850Z","aldi","3.17","per 1 L","0.3 L"
"ASIA SPECIALITIES",,"https://dm.emea.cms.aldi.cx/is/image/aldiprodeu/product/jpg/scaleWidth/232/63237719-b3fd-4cb7-a9c9-2020c3a1b881/Teriyaki%20Stir%20Fry%20Sauce","Teriyaki Stir Fry Sauce",,"false","0.55","https://www.aldi.co.uk/product/asia-specialities-teriyaki-stir-fry-sauce-000000000337348006","stir fry sauce","2026-04-10T18:13:12.379Z","aldi","4.58","per 1 KG","0.12 KG"
"READY, SET…COOK!",,"https://dm.emea.cms.aldi.cx/is/image/aldiprodeu/product/jpg/scaleWidth/232/e956737b-4015-45c1-b6e0-2e809af66e07/Teriyaki%20Stir%20Fry%20Sauce","Teriyaki Stir Fry Sauce",,"false","0.85","https://www.aldi.co.uk/product/ready-set-cook-teriyaki-stir-fry-sauce-000000000505360003","stir fry sauce","2026-04-10T18:13:12.379Z","aldi","4.86","per 1 KG","0.175 KG"
"READY, SET…COOK!",,"https://dm.emea.cms.aldi.cx/is/content/aldiprodeu/GB%20Fallback%20Image%203-no%20text","Katsu Stir Fry Sauce",,"false","0.85","https://www.aldi.co.uk/product/ready-set-cook-katsu-stir-fry-sauce-000000000537336004","stir fry sauce","2026-04-10T18:13:12.379Z","aldi","4.86","per 1 KG","0.175 KG"
"ASIA SPECIALITIES",,"https://dm.emea.cms.aldi.cx/is/image/aldiprodeu/product/jpg/scaleWidth/232/efb9aa05-2576-4402-8455-350d4db259bb/Chow%20Mein%20Stir%20Fry%20Sauce","Chow Mein Stir Fry Sauce",,"false","0.55","https://www.aldi.co.uk/product/asia-specialities-chow-mein-stir-fry-sauce-000000000337348003","stir fry sauce","2026-04-10T18:13:12.379Z","aldi","4.58","per 1 KG","0.12 KG"
"ASIA SPECIALITIES",,"https://dm.emea.cms.aldi.cx/is/image/aldiprodeu/product/jpg/scaleWidth/232/8123c505-9748-4eee-a8d5-eba57a304205/Sweet%20%20Sour%20Stir%20Fry%20Sauce","Sweet & Sour Stir Fry Sauce",,"false","0.55","https://www.aldi.co.uk/product/asia-specialities-sweet-sour-stir-fry-sauce-000000000337348004","stir fry sauce","2026-04-10T18:13:12.379Z","aldi","4.58","per 1 KG","0.12 KG"
"DIPLOMAT",,"https://dm.emea.cms.aldi.cx/is/image/aldiprodeu/product/jpg/scaleWidth/232/56964540-9218-48ae-b56d-90a32ff25f4b/Decaf%20Tea%20Bags%2080%20Pack","Decaf Tea Bags 80 Pack",,"false","1.39","https://www.aldi.co.uk/product/diplomat-decaf-tea-bags-80-pack-000000000000336122","tea bags","2026-04-10T18:13:17.052Z","aldi","0.56","per 100 G","250 G"
"TAYLORS OF HARROGATE",,"https://dm.emea.cms.aldi.cx/is/image/aldiprodeu/product/jpg/scaleWidth/232/a4f9a3be-48bb-4478-b7d5-021fa477e377/Yorkshire%20Tea%20Bags%20210%20Pack","Yorkshire Tea Bags 210 Pack",,"false","5.99","https://www.aldi.co.uk/product/taylors-of-harrogate-yorkshire-tea-bags-210-pack-000000000000336578","tea bags","2026-04-10T18:13:17.052Z","aldi","0.91","per 100 G","656 G"
"PG TIPS",,"https://dm.emea.cms.aldi.cx/is/image/aldiprodeu/product/jpg/scaleWidth/232/e0e1d573-56b4-417a-a349-5db4e1652c2a/Original%20Tea%20Bags%20210%20Pack","Original Tea Bags 210 Pack",,"false","4.85","https://www.aldi.co.uk/product/pg-tips-original-tea-bags-210-pack-000000000000543038","tea bags","2026-04-10T18:13:17.052Z","aldi","0.8","per 100 G","609 G"
"TETLEY",,"https://dm.emea.cms.aldi.cx/is/image/aldiprodeu/product/jpg/scaleWidth/232/1323b58a-1e79-4b42-b884-24471ec06d97/Original%20Tea%20Bags%20240%20Pack","Original Tea Bags 240 Pack",,"false","4.99","https://www.aldi.co.uk/product/tetley-original-tea-bags-240-pack-000000000336961001","tea bags","2026-04-10T18:13:17.052Z","aldi","0.67","per 100 G","750 G"
"TETLEY",,"https://dm.emea.cms.aldi.cx/is/image/aldiprodeu/product/jpg/scaleWidth/232/c6f8eb03-bce3-4e0b-b9e7-75b962ab49c3/Decaf%20Tea%20Bags%20160%20Pack","Decaf Tea Bags 160 Pack",,"false","4.99","https://www.aldi.co.uk/product/tetley-decaf-tea-bags-160-pack-000000000336961002","tea bags","2026-04-10T18:13:17.052Z","aldi","1","per 100 G","500 G"
"BARISSIMO",,"https://dm.emea.cms.aldi.cx/is/content/aldiprodeu/GB%20Fallback%20Image%203-no%20text","Instant Coffee",,"false","2.65","https://www.aldi.co.uk/product/barissimo-instant-coffee-000000000000634319","instant coffee","2026-04-10T18:13:22.760Z","aldi","1.33","per 100 G","200 G"
"NESCAFE",,"https://dm.emea.cms.aldi.cx/is/image/aldiprodeu/product/jpg/scaleWidth/232/bd92c483-f266-4b06-8cf9-e276e2c50d3e/Original%20Instant%20Coffee","Original Instant Coffee",,"false","7.25","https://www.aldi.co.uk/product/nescafe-original-instant-coffee-000000000000504866","instant coffee","2026-04-10T18:13:22.760Z","aldi","2.42","per 100 G","300 G"
"NESCAFÉ",,"https://dm.emea.cms.aldi.cx/is/image/aldiprodeu/product/jpg/scaleWidth/232/e279ab14-2a82-456b-9264-b0f7680a186d/Alta%20Rica%20100%25%20Arabica%20Instant%20Coffee","Alta Rica 100% Arabica Instant Coffee","Was £6.49","true","6.39","https://www.aldi.co.uk/product/nescafe-alta-rica-100-arabica-instant-coffee-000000000000336903","instant coffee","2026-04-10T18:13:22.760Z","aldi","3.36","per 100 G","190 G"
"ALCAFÉ",,"https://dm.emea.cms.aldi.cx/is/image/aldiprodeu/product/jpg/scaleWidth/232/54ebf889-021a-4851-afb7-11d804dfd69f/Latte%20Instant%20Sachets%208%20Pack","Latte Instant Sachets 8 Pack",,"false","0.99","https://www.aldi.co.uk/product/alcafe-latte-instant-sachets-8-pack-000000000000522957","instant coffee","2026-04-10T18:13:22.760Z","aldi","0.63","per 100 G","156 G"
"ALCAFÉ",,"https://dm.emea.cms.aldi.cx/is/image/aldiprodeu/product/jpg/scaleWidth/232/248e3a40-45cd-4f9b-9aec-7090ed12963f/Cappuccino%20Instant%20Sachets%208%20Pack","Cappuccino Instant Sachets 8 Pack","Was £0.99","true","0.95","https://www.aldi.co.uk/product/alcafe-cappuccino-instant-sachets-8-pack-000000000337276003","instant coffee","2026-04-10T18:13:22.760Z","aldi","6.99","per 1 KG","0.136 KG"
"ABBOTT & BROOME",,"https://dm.emea.cms.aldi.cx/is/image/aldiprodeu/product/jpg/scaleWidth/232/b436208e-e7e1-4075-af65-673a1104f470/Luxurious%20Hand%20Wash","Luxurious Hand Wash",,"false","1.49","https://www.aldi.co.uk/product/abbott-broome-luxurious-hand-wash-000000000345600001","hand soap","2026-04-10T18:13:26.086Z","aldi","2.98","per 1 L","0.5 L"
"LACURA",,"https://dm.emea.cms.aldi.cx/is/image/aldiprodeu/product/jpg/scaleWidth/232/69306242-773c-4545-9155-da3b187670e9/Luxury%20Hand%20%20Body%20WashLotion","Luxury Hand & Body Wash/Lotion",,"false","1.99","https://www.aldi.co.uk/product/lacura-luxury-hand-body-wash-lotion-000000000348353001","hand soap","2026-04-10T18:13:26.086Z","aldi","7.96","per 1 L","0.25 L"
"LACURA",,"https://dm.emea.cms.aldi.cx/is/image/aldiprodeu/product/jpg/scaleWidth/232/fe3fa8ee-ad36-4012-aabc-6797ed7ab9b0/Hand%20Cream","Hand Cream",,"false","0.75","https://www.aldi.co.uk/product/lacura-hand-cream-000000000348319002","hand soap","2026-04-10T18:13:26.086Z","aldi","10","per 1 L","0.075 L"
"AMBIANO",,"https://dm.emea.cms.aldi.cx/is/image/aldiprodeu/product/jpg/scaleWidth/232/8af7af14-d90f-4c47-89fd-fb974b0c3976/Hand%20MixerFood%20Chopper","Hand Mixer/Food Chopper",,"false","9.99","https://www.aldi.co.uk/product/ambiano-hand-mixer-food-chopper-000000000701859001","hand soap","2026-04-10T18:13:26.086Z","aldi",,,""
"SPECIALLY SELECTED",,"https://dm.emea.cms.aldi.cx/is/image/aldiprodeu/product/jpg/scaleWidth/232/8ee14240-9bbf-4c65-a945-6a8d258c49e8/Sea%20Salt%20%20Chardonnay%20Vinegar%20Hand%20Cooked%20Crisps","Sea Salt & Chardonnay Vinegar Hand Cooked Crisps",,"false","1.15","https://www.aldi.co.uk/product/specially-selected-sea-salt-chardonnay-vinegar-hand-cooked-crisps-000000000387970001","hand soap","2026-04-10T18:13:26.086Z","aldi","7.67","per 1 KG","0.15 KG"
"BRAMWELLS",,"https://dm.emea.cms.aldi.cx/is/image/aldiprodeu/product/jpg/scaleWidth/232/448d49e1-5183-4554-a240-2b002f656fa1/Tomato%20Ketchup","Tomato Ketchup",,"false","0.89","https://www.aldi.co.uk/product/bramwells-tomato-ketchup-000000000000575453","tomato ketchup","2026-04-10T18:13:27.078Z","aldi","1.62","per 1 KG","0.55 KG"
"HEINZ",,"https://dm.emea.cms.aldi.cx/is/image/aldiprodeu/product/jpg/scaleWidth/232/c1381e10-a3ee-4b5a-acbc-9b475b3e207e/Tomato%20Ketchup","Tomato Ketchup",,"false","2.85","https://www.aldi.co.uk/product/heinz-tomato-ketchup-000000000507441001","tomato ketchup","2026-04-10T18:13:27.078Z","aldi","4.38","per 1 KG","0.65 KG"
"HEINZ",,"https://dm.emea.cms.aldi.cx/is/image/aldiprodeu/product/jpg/scaleWidth/232/0b4ff268-0c68-4566-a6b5-ce3c5d75f836/Less%20Sugar%20%20Salt%20Tomato%20Ketchup","Less Sugar & Salt Tomato Ketchup",,"false","2.85","https://www.aldi.co.uk/product/heinz-less-sugar-salt-tomato-ketchup-000000000507441002","tomato ketchup","2026-04-10T18:13:27.078Z","aldi","4.38","per 1 KG","0.65 KG"
"BRAMWELLS",,"https://dm.emea.cms.aldi.cx/is/image/aldiprodeu/product/jpg/scaleWidth/232/1a84d1c9-fa77-4f3b-9b4a-6aba40b59efd/Reduced%20Salt%20%20Sugar%20Ketchup","Reduced Salt & Sugar Ketchup",,"false","0.89","https://www.aldi.co.uk/product/bramwells-reduced-salt-sugar-ketchup-000000000000488911","tomato ketchup","2026-04-10T18:13:27.078Z","aldi","0.17","per 100 G","530 G"
"EVERYDAY ESSENTIALS",,"https://dm.emea.cms.aldi.cx/is/image/aldiprodeu/product/jpg/scaleWidth/232/176db4ee-2596-4f94-bb37-180c453522a0/Chopped%20Tomatoes%20in%20Tomato%20Juice","Chopped Tomatoes in Tomato Juice",,"false","0.43","https://www.aldi.co.uk/product/everyday-essentials-chopped-tomatoes-in-tomato-juice-000000000000278702","tomato ketchup","2026-04-10T18:13:27.078Z","aldi","0.11","per 100 G","400 G"
"SPECIALLY SELECTED",,"https://dm.emea.cms.aldi.cx/is/image/aldiprodeu/product/jpg/scaleWidth/232/967e2f79-2ee8-4530-8cc8-9da499c32a3c/Egg%20Tagliatelle","Egg Tagliatelle",,"false","1.45","https://www.aldi.co.uk/product/specially-selected-egg-tagliatelle-000000000000476098","tagliatelle","2026-04-10T18:13:34.679Z","aldi","2.9","per 1 KG","0.5 KG"
"CUCINA",,"https://dm.emea.cms.aldi.cx/is/image/aldiprodeu/product/jpg/scaleWidth/232/a868df27-935b-4a5b-aba0-08f42d56966f/Chicken%20Tagliatelle","Chicken Tagliatelle",,"false","2.69","https://www.aldi.co.uk/product/cucina-chicken-tagliatelle-000000000631233002","tagliatelle","2026-04-10T18:13:34.679Z","aldi","6.73","per 1 KG","0.4 KG"
"CUCINA",,"https://dm.emea.cms.aldi.cx/is/image/aldiprodeu/product/jpg/scaleWidth/232/5f5b9722-cab4-4500-983c-b90f0d619c37/Tagliatelle%20Fresh%20Pasta","Tagliatelle Fresh Pasta",,"false","1.65","https://www.aldi.co.uk/product/cucina-tagliatelle-fresh-pasta-000000000398742003","tagliatelle","2026-04-10T18:13:34.679Z","aldi","3.3","per 1 KG","0.5 KG"
"CUCINA",,"https://dm.emea.cms.aldi.cx/is/image/aldiprodeu/product/jpg/scaleWidth/232/e9e82c2a-fbc2-4c0a-8f22-5c98961d661b/Ham%20%20Mushroom%20Tagliatelle","Ham & Mushroom Tagliatelle",,"false","2.79","https://www.aldi.co.uk/product/cucina-ham-mushroom-tagliatelle-000000000562112001","tagliatelle","2026-04-10T18:13:34.679Z","aldi","6.98","per 1 KG","0.4 KG"
"THE FISHMONGER",,"https://dm.emea.cms.aldi.cx/is/image/aldiprodeu/product/jpg/scaleWidth/232/c6619cab-4904-4fb7-b70e-086957d47b37/Breaded%20Cod%20Fish%20Fingers%2010%20Pack","Breaded Cod Fish Fingers 10 Pack",,"false","1.99","https://www.aldi.co.uk/product/the-fishmonger-breaded-cod-fish-fingers-10-pack-000000000000368596","frozen fish fingers","2026-04-10T18:13:37.084Z","aldi","6.63","per 1 KG","0.3 KG"
"THE FISHMONGER",,"https://dm.emea.cms.aldi.cx/is/image/aldiprodeu/product/jpg/scaleWidth/232/b31a2adc-fde0-4f41-a0bf-8e7c33d71cae/Cod%20Fillets","Cod Fillets",,"false","3.79","https://www.aldi.co.uk/product/the-fishmonger-cod-fillets-000000000275439002","frozen fish fingers","2026-04-10T18:13:37.084Z","aldi","10.53","per 1 KG","0.36 KG"
"THE FISHMONGER",,"https://dm.emea.cms.aldi.cx/is/image/aldiprodeu/product/jpg/scaleWidth/232/7187dbcb-5622-4270-8348-6c38d2eb5f71/Smoked%20Haddock","Smoked Haddock",,"false","3.79","https://www.aldi.co.uk/product/the-fishmonger-smoked-haddock-000000000275439001","frozen fish fingers","2026-04-10T18:13:37.084Z","aldi","10.53","per 1 KG","0.36 KG"
"THE FISHMONGER",,"https://dm.emea.cms.aldi.cx/is/image/aldiprodeu/product/jpg/scaleWidth/232/12529819-8d9b-4596-b2e7-02f958045611/Haddock%20Fillets","Haddock Fillets",,"false","3.79","https://www.aldi.co.uk/product/the-fishmonger-haddock-fillets-000000000275439003","frozen fish fingers","2026-04-10T18:13:37.084Z","aldi","10.53","per 1 KG","0.36 KG"
"PLANT MENU",,"https://dm.emea.cms.aldi.cx/is/image/aldiprodeu/product/jpg/scaleWidth/232/cbfd504b-2883-4d0f-b990-475f73a74a90/Vegetable%20Fingers%2016%20Pack","Vegetable Fingers 16 Pack",,"false","1.39","https://www.aldi.co.uk/product/plant-menu-vegetable-fingers-16-pack-000000000371248004","frozen fish fingers","2026-04-10T18:13:37.084Z","aldi","0.31","per 100 G","453 G"
"LACURA",,"https://dm.emea.cms.aldi.cx/is/image/aldiprodeu/product/jpg/scaleWidth/232/ec7f5bac-6898-4cad-8dff-e7bb19d66db0/Ladies%20AntiPerspirant%20Deodorant","Ladies' Anti-Perspirant Deodorant",,"false","1.09","https://www.aldi.co.uk/product/lacura-ladies-anti-perspirant-deodorant-000000000343210003","deodorant","2026-04-10T18:13:44.767Z","aldi","4.36","per 1 L","0.25 L"
"LACURA FOR MEN",,"https://dm.emea.cms.aldi.cx/is/image/aldiprodeu/product/jpg/scaleWidth/232/76273746-2ffd-496b-a17a-2478ce7b35ac/Mens%20AntiPerspirant%20Deodorant","Men's Anti-Perspirant Deodorant",,"false","1.09","https://www.aldi.co.uk/product/lacura-for-men-men-s-anti-perspirant-deodorant-000000000348487002","deodorant","2026-04-10T18:13:44.767Z","aldi","4.36","per 1 L","0.25 L"
"LACURA",,"https://dm.emea.cms.aldi.cx/is/image/aldiprodeu/product/jpg/scaleWidth/232/a9063b59-8ab6-4c97-9263-daf63af3636d/Ladies%20Roll%20On%20AntiPerspirant%20Deodorant","Ladies' Roll On Anti-Perspirant Deodorant",,"false","1.09","https://www.aldi.co.uk/product/lacura-ladies-roll-on-anti-perspirant-deodorant-000000000348406001","deodorant","2026-04-10T18:13:44.767Z","aldi","21.8","per 1 L","0.05 L"
"LACURA FOR MEN",,"https://dm.emea.cms.aldi.cx/is/image/aldiprodeu/product/jpg/scaleWidth/232/6e491860-f6cf-4111-94c6-d2693df991a7/Mens%20Roll%20On%20AntiPerspirant%20Deodorant","Men's Roll On Anti-Perspirant Deodorant",,"false","1.09","https://www.aldi.co.uk/product/lacura-for-men-men-s-roll-on-anti-perspirant-deodorant-000000000348407001","deodorant","2026-04-10T18:13:44.767Z","aldi","21.8","per 1 L","0.05 L"
"LACURA FOR MEN",,"https://dm.emea.cms.aldi.cx/is/image/aldiprodeu/product/jpg/scaleWidth/232/1babfd54-f5f6-42d3-ae55-d0c9b10087b1/Mens%20Body%20Spray","Men's Body Spray",,"false","0.75","https://www.aldi.co.uk/product/lacura-for-men-men-s-body-spray-000000000343959004","deodorant","2026-04-10T18:13:44.767Z","aldi","5","per 1 L","0.15 L"
"BRAMWELLS",,"https://dm.emea.cms.aldi.cx/is/image/aldiprodeu/product/jpg/scaleWidth/232/b7434d1a-2104-4f23-a6c1-1ab499a44707/Real%20Mayonnaise","Real Mayonnaise",,"false","0.89","https://www.aldi.co.uk/product/bramwells-real-mayonnaise-000000000279901001","mayonnaise","2026-04-10T18:13:51.904Z","aldi","1.78","per 1 L","0.5 L"
"BRAMWELLS",,"https://dm.emea.cms.aldi.cx/is/image/aldiprodeu/product/jpg/scaleWidth/232/6cc8b319-f8ac-49c4-b7d3-390ebfe168a6/Squeezy%20Real%20Mayonnaise","Squeezy Real Mayonnaise",,"false","0.95","https://www.aldi.co.uk/product/bramwells-squeezy-real-mayonnaise-000000000000279809","mayonnaise","2026-04-10T18:13:51.904Z","aldi","0.19","per 100 ML","500 ML"
"BRAMWELLS",,"https://dm.emea.cms.aldi.cx/is/image/aldiprodeu/product/jpg/scaleWidth/232/9d7e31ac-3135-4735-8460-c13282361ecb/Squeezy%20Light%20Mayonnaise","Squeezy Light Mayonnaise",,"false","0.95","https://www.aldi.co.uk/product/bramwells-squeezy-light-mayonnaise-000000000415629001","mayonnaise","2026-04-10T18:13:51.904Z","aldi","1.9","per 1 L","0.5 L"
"BRAMWELLS",,"https://dm.emea.cms.aldi.cx/is/image/aldiprodeu/product/jpg/scaleWidth/232/fb130e7e-366b-41b4-8b03-fd504d94298f/Roasted%20Garlic%20Mayo","Roasted Garlic Mayo",,"false","0.99","https://www.aldi.co.uk/product/bramwells-roasted-garlic-mayo-000000000500821001","mayonnaise","2026-04-10T18:13:51.904Z","aldi","3.96","per 1 L","0.25 L"
"BRAMWELLS",,"https://dm.emea.cms.aldi.cx/is/image/aldiprodeu/product/jpg/scaleWidth/232/1093f653-f9d6-48d3-910b-a5787cbe74d0/Peri%20Peri%20Mayo","Peri Peri Mayo",,"false","0.99","https://www.aldi.co.uk/product/bramwells-peri-peri-mayo-000000000500821002","mayonnaise","2026-04-10T18:13:51.904Z","aldi","3.96","per 1 L","0.25 L"
"SNACKRITE",,"https://dm.emea.cms.aldi.cx/is/image/aldiprodeu/product/jpg/scaleWidth/232/f166d5a7-785c-4513-ade6-c7e42989a7d4/Ready%20Salted%20Crisps%206%20Pack","Ready Salted Crisps 6 Pack",,"false","0.85","https://www.aldi.co.uk/product/snackrite-ready-salted-crisps-6-pack-000000000000383345","ready salted crisps","2026-04-10T18:14:00.393Z","aldi","0.57","per 100 G","150 G"
"SNACKRITE",,"https://dm.emea.cms.aldi.cx/is/image/aldiprodeu/product/jpg/scaleWidth/232/d7ee6731-3106-4962-8069-6f434bb4561a/Ready%20Salted%20Potato%20Hoops%208%20Pack","Ready Salted Potato Hoops 8 Pack",,"false","1.45","https://www.aldi.co.uk/product/snackrite-ready-salted-potato-hoops-8-pack-000000000000382043","ready salted crisps","2026-04-10T18:14:00.393Z","aldi","0.73","per 100 G","200 G"
"SNACKRITE",,"https://dm.emea.cms.aldi.cx/is/image/aldiprodeu/product/jpg/scaleWidth/232/89ce9f5e-214b-47f2-9c23-2f385688f1fc/Ready%20Salted%20Ridged%20Lights%20Crisps%206%20Pack","Ready Salted Ridged Lights Crisps 6 Pack",,"false","1.29","https://www.aldi.co.uk/product/snackrite-ready-salted-ridged-lights-crisps-6-pack-000000000383348002","ready salted crisps","2026-04-10T18:14:00.393Z","aldi","8.6","per 1 KG","0.15 KG"
"SPECIALLY SELECTED",,"https://dm.emea.cms.aldi.cx/is/image/aldiprodeu/product/jpg/scaleWidth/232/f6ce7e71-3d04-474a-9077-0be9ebab11eb/Lightly%20Salted%20Handcooked%20Crisps","Lightly Salted Handcooked Crisps",,"false","1.15","https://www.aldi.co.uk/product/specially-selected-lightly-salted-handcooked-crisps-000000000514692001","ready salted crisps","2026-04-10T18:14:00.393Z","aldi","7.67","per 1 KG","0.15 KG"
"SNACKRITE",,"https://dm.emea.cms.aldi.cx/is/image/aldiprodeu/product/jpg/scaleWidth/232/0da79117-89e4-4bff-b2d8-34af252b2abd/Salt%20%20Vinegar%20Crisps%206%20Pack","Salt & Vinegar Crisps 6 Pack","Was £0.89","true","0.85","https://www.aldi.co.uk/product/snackrite-salt-vinegar-crisps-6-pack-000000000451649002","ready salted crisps","2026-04-10T18:14:00.393Z","aldi","5.67","per 1 KG","0.15 KG"
"THE PANTRY",,"https://dm.emea.cms.aldi.cx/is/image/aldiprodeu/product/jpg/scaleWidth/232/8d7512c3-c686-4624-bea7-2f870e47f710/Ground%20Almonds","Ground Almonds",,"false","0.99","https://www.aldi.co.uk/product/the-pantry-ground-almonds-000000000496633001","ground coffee","2026-04-10T18:14:01.970Z","aldi","6.6","per 1 KG","0.15 KG"
"READY, SET…COOK!",,"https://dm.emea.cms.aldi.cx/is/image/aldiprodeu/product/jpg/scaleWidth/232/58b792c8-e472-4758-9d05-b9cb89f7aa06/Ground%20Cinnamon","Ground Cinnamon",,"false","0.89","https://www.aldi.co.uk/product/ready-set-cook-ground-cinnamon-000000000000335976","ground coffee","2026-04-10T18:14:01.970Z","aldi","0.22","per 10 G","40 G"
"READY, SET…COOK!",,"https://dm.emea.cms.aldi.cx/is/image/aldiprodeu/product/jpg/scaleWidth/232/dc372caa-d134-4230-8e20-56d2b47428ed/Ground%20Coriander","Ground Coriander",,"false","0.65","https://www.aldi.co.uk/product/ready-set-cook-ground-coriander-000000000000559010","ground coffee","2026-04-10T18:14:01.970Z","aldi","0.22","per 10 G","29 G"
"READY, SET…COOK!",,"https://dm.emea.cms.aldi.cx/is/image/aldiprodeu/product/jpg/scaleWidth/232/3c68ae16-7c2f-4e13-a3c8-496c93c6a346/Ground%20Turmeric","Ground Turmeric",,"false","0.75","https://www.aldi.co.uk/product/ready-set-cook-ground-turmeric-000000000488554001","ground coffee","2026-04-10T18:14:01.970Z","aldi","18.75","per 1 KG","0.04 KG"
"READY, SET…COOK!",,"https://dm.emea.cms.aldi.cx/is/image/aldiprodeu/product/jpg/scaleWidth/232/5d92c4c8-d51f-4ac4-bcd9-28fac06a1c7e/Ground%20Black%20Pepper","Ground Black Pepper",,"false","1.59","https://www.aldi.co.uk/product/ready-set-cook-ground-black-pepper-000000000335929003","ground coffee","2026-04-10T18:14:01.970Z","aldi","15.9","per 1 KG","0.1 KG"
"SPECIALLY SELECTED GASTRO",,"https://dm.emea.cms.aldi.cx/is/image/aldiprodeu/product/jpg/scaleWidth/232/1e4b2363-2d75-44af-90e0-21080c762b20/Lasagne%20Al%20Forno","Lasagne Al Forno",,"false","3.59","https://www.aldi.co.uk/product/specially-selected-gastro-lasagne-al-forno-000000000000560683","lasagne sheets","2026-04-10T18:14:11.554Z","aldi","8.98","per 1 KG","0.4 KG"
"SPECIALLY SELECTED GASTRO",,"https://dm.emea.cms.aldi.cx/is/image/aldiprodeu/product/jpg/scaleWidth/232/902a8d02-1601-4681-9b28-e225ab29776b/Lasagne%20Al%20Forno","Lasagne Al Forno",,"false","4.99","https://www.aldi.co.uk/product/specially-selected-gastro-lasagne-al-forno-000000000000560816","lasagne sheets","2026-04-10T18:14:11.554Z","aldi","7.13","per 1 KG","0.7 KG"
"CUCINA",,"https://dm.emea.cms.aldi.cx/is/image/aldiprodeu/product/jpg/scaleWidth/232/79afac65-fd64-4845-9216-5c375346b4a6/Creamy%20Lasagne%20Sauce","Creamy Lasagne Sauce",,"false","0.79","https://www.aldi.co.uk/product/cucina-creamy-lasagne-sauce-000000000336034001","lasagne sheets","2026-04-10T18:14:11.554Z","aldi","0.17","per 100 G","470 G"
"CUCINA",,"https://dm.emea.cms.aldi.cx/is/image/aldiprodeu/product/jpg/scaleWidth/232/48e72ffd-fcf5-4d32-b5b8-ba404f041119/Tomato%20Lasagne%20Sauce","Tomato Lasagne Sauce",,"false","0.79","https://www.aldi.co.uk/product/cucina-tomato-lasagne-sauce-000000000336034002","lasagne sheets","2026-04-10T18:14:11.554Z","aldi","0.16","per 100 G","500 G"
"SPECIALLY SELECTED",,"https://dm.emea.cms.aldi.cx/is/image/aldiprodeu/product/jpg/scaleWidth/232/e0f9e7d0-3b5d-4326-9b11-a2b63f2c8417/Beef%20%20Pancetta%20Lasagne","Beef & Pancetta Lasagne",,"false","2.49","https://www.aldi.co.uk/product/specially-selected-beef-pancetta-lasagne-000000000575712001","lasagne sheets","2026-04-10T18:14:11.554Z","aldi","6.23","per 1 KG","0.4 KG"
"LACURA",,"https://dm.emea.cms.aldi.cx/is/image/aldiprodeu/product/jpg/scaleWidth/232/cf428656-7567-4d3b-923d-c84bef5c4c7c/Mens%20Razor%20Handle%20%20BladeRefills","Men's Razor Handle & Blade/Refills",,"false","3.59","https://www.aldi.co.uk/product/lacura-men-s-razor-handle-blade-refills-000000000518750001","razor blades","2026-04-10T18:14:17.191Z","aldi","3.59","per 1 Each","1 Each"
"LACURA",,"https://dm.emea.cms.aldi.cx/is/image/aldiprodeu/product/jpg/scaleWidth/232/ce6dc40b-4ce0-4caa-95e5-5dcd4526ec80/3%20Blade%20Disposable%20Razor%204%20Pack","3 Blade Disposable Razor 4 Pack",,"false","1.45","https://www.aldi.co.uk/product/lacura-3-blade-disposable-razor-4-pack-000000000000342774","razor blades","2026-04-10T18:14:17.191Z","aldi","0.36","per 1 Each","4 Each"
"LACURA FOR MEN",,"https://dm.emea.cms.aldi.cx/is/image/aldiprodeu/product/jpg/scaleWidth/232/74a92bf0-3bca-4f71-bfbb-421c87b3be94/Mens%203%20Blade%20Disposable%20Razor%204%20Pack","Men's 3 Blade Disposable Razor 4 Pack",,"false","1.45","https://www.aldi.co.uk/product/lacura-for-men-men-s-3-blade-disposable-razor-4-pack-000000000000342773","razor blades","2026-04-10T18:14:17.191Z","aldi","0.36","per 1 Each","4 Each"
"BRAMWELLS",,"https://dm.emea.cms.aldi.cx/is/image/aldiprodeu/product/jpg/scaleWidth/232/24806a0e-5ded-4f54-a5e0-ce53f66371e8/Squeezy%20Brown%20Sauce","Squeezy Brown Sauce",,"false","0.99","https://www.aldi.co.uk/product/bramwells-squeezy-brown-sauce-000000000000335837","brown sauce","2026-04-10T18:14:20.972Z","aldi","0.22","per 100 G","455 G"
"FOUR SEASONS",,"https://dm.emea.cms.aldi.cx/is/image/aldiprodeu/product/jpg/scaleWidth/232/b58a1a20-6af4-403b-9846-1d22e367228c/Hash%20Browns","Hash Browns",,"false","1.75","https://www.aldi.co.uk/product/four-seasons-hash-browns-000000000000270164","brown sauce","2026-04-10T18:14:20.972Z","aldi","2.33","per 1 KG","0.75 KG"
"NATURE'S PICK",,"https://dm.emea.cms.aldi.cx/is/image/aldiprodeu/product/jpg/scaleWidth/232/07378999-9bce-4375-a805-a09e76e1dd4a/Brown%20Onions","Brown Onions",,"false","0.99","https://www.aldi.co.uk/product/nature-s-pick-brown-onions-000000000000339777","brown sauce","2026-04-10T18:14:20.972Z","aldi","0.99","per 1 KG","1 KG"
"WORLDWIDE FOODS",,"https://dm.emea.cms.aldi.cx/is/image/aldiprodeu/product/jpg/scaleWidth/232/0b086c40-97e7-43a3-9fd2-79de35942b6e/Brown%20Rice","Brown Rice",,"false","1.39","https://www.aldi.co.uk/product/worldwide-foods-brown-rice-000000000000467442","brown sauce","2026-04-10T18:14:20.972Z","aldi","1.39","per 1 KG","1 KG"
"NATURE'S PICK",,"https://dm.emea.cms.aldi.cx/is/image/aldiprodeu/product/jpg/scaleWidth/232/125c23db-b235-478e-8a33-d496139d44ca/Large%20Brown%20Onions","Large Brown Onions",,"false","0.95","https://www.aldi.co.uk/product/nature-s-pick-large-brown-onions-000000000000339858","brown sauce","2026-04-10T18:14:20.972Z","aldi","0.32","per 1 Each","3 Each"
"SNACKRITE",,"https://dm.emea.cms.aldi.cx/is/image/aldiprodeu/product/jpg/scaleWidth/232/63521ef1-ec04-455c-9bc8-c24ceb8816fc/Cheese%20%20Onion%20Crisps%206%20Pack","Cheese & Onion Crisps 6 Pack","Was £0.89","true","0.85","https://www.aldi.co.uk/product/snackrite-cheese-onion-crisps-6-pack-000000000000383347","cheese onion crisps","2026-04-10T18:14:28.368Z","aldi","0.57","per 100 G","150 G"
"SAVOUR BAKES",,"https://dm.emea.cms.aldi.cx/is/image/aldiprodeu/product/jpg/scaleWidth/232/0cdce0b1-2ce2-4ed9-97e4-c39e48734fb4/Cheese%20%20Onion%20Twists","Cheese & Onion Twists",,"false","0.79","https://www.aldi.co.uk/product/savour-bakes-cheese-onion-twists-000000000382602001","cheese onion crisps","2026-04-10T18:14:28.368Z","aldi","6.32","per 1 KG","0.125 KG"
"EAT & GO",,"https://dm.emea.cms.aldi.cx/is/image/aldiprodeu/product/jpg/scaleWidth/232/1d7552f4-b7fa-4ae9-8b28-c23fd6120094/Cheese%20%20Onion%20Sandwich","Cheese & Onion Sandwich",,"false","1.29","https://www.aldi.co.uk/product/eat-go-cheese-onion-sandwich-000000000403126001","cheese onion crisps","2026-04-10T18:14:28.368Z","aldi","1.29","per 1 Each","1 Each"
"SPECIALLY SELECTED",,"https://dm.emea.cms.aldi.cx/is/image/aldiprodeu/product/jpg/scaleWidth/232/81d53fc2-c044-4068-a185-44376da8bb9b/Cheddar%20%20Onion%20Handcooked%20Crisps","Cheddar & Onion Handcooked Crisps",,"false","1.15","https://www.aldi.co.uk/product/specially-selected-cheddar-onion-handcooked-crisps-000000000514692002","cheese onion crisps","2026-04-10T18:14:28.368Z","aldi","7.67","per 1 KG","0.15 KG"
"CRESTWOOD",,"https://dm.emea.cms.aldi.cx/is/content/aldiprodeu/GB%20Fallback%20Image%203-no%20text","Cheese & Onion Quiche",,"false","1.99","https://www.aldi.co.uk/product/crestwood-cheese-onion-quiche-000000000404460003","cheese onion crisps","2026-04-10T18:14:28.368Z","aldi","0.5","per 100 G","400 G"
"CHOCEUR",,"https://dm.emea.cms.aldi.cx/is/image/aldiprodeu/product/jpg/scaleWidth/232/dc023c99-1f11-474a-9cb4-19ada5f672e4/Instant%20Hot%20Chocolate%20Drink","Instant Hot Chocolate Drink",,"false","1.69","https://www.aldi.co.uk/product/choceur-instant-hot-chocolate-drink-000000000336129001","hot chocolate","2026-04-10T18:14:32.294Z","aldi","4.23","per 1 KG","0.4 KG"
"DAIRYFINE",,"https://dm.emea.cms.aldi.cx/is/image/aldiprodeu/product/jpg/scaleWidth/232/c311ce9c-ff26-4deb-9410-3173e15a2b04/Light%20Mint%20Hot%20Chocolate","Light Mint Hot Chocolate","Was £1.89","true","1.69","https://www.aldi.co.uk/product/dairyfine-light-mint-hot-chocolate-000000000596587003","hot chocolate","2026-04-10T18:14:32.294Z","aldi","5.63","per 1 KG","0.3 KG"
"DAIRYFINE",,"https://dm.emea.cms.aldi.cx/is/image/aldiprodeu/product/jpg/scaleWidth/232/63b86332-b076-4072-9b21-9589bdb3ddef/Light%20Instant%20Hot%20Chocolate%20Salted%20Caramel","Light Instant Hot Chocolate Salted Caramel","Was £1.89","true","1.69","https://www.aldi.co.uk/product/dairyfine-light-instant-hot-chocolate-salted-caramel-000000000596587004","hot chocolate","2026-04-10T18:14:32.294Z","aldi","5.63","per 1 KG","0.3 KG"
"DAIRYFINE",,"https://dm.emea.cms.aldi.cx/is/image/aldiprodeu/product/jpg/scaleWidth/232/733da15a-3f57-4c60-91e7-77c1848a04dc/Light%20Instant%20Hot%20Choloate%20Original","Light Instant Hot Choloate Original","Was £1.89","true","1.69","https://www.aldi.co.uk/product/dairyfine-light-instant-hot-choloate-original-000000000596587001","hot chocolate","2026-04-10T18:14:32.294Z","aldi","5.63","per 1 KG","0.3 KG"
"SNACKRITE",,"https://dm.emea.cms.aldi.cx/is/image/aldiprodeu/product/jpg/scaleWidth/232/29dedf94-92df-455e-9087-a53e69e41ac7/Hot%20Chilli%20Peanuts","Hot Chilli Peanuts",,"false","0.99","https://www.aldi.co.uk/product/snackrite-hot-chilli-peanuts-000000000308145002","hot chocolate","2026-04-10T18:14:32.294Z","aldi","4.95","per 1 KG","0.2 KG"
"COCA-COLA",,"https://dm.emea.cms.aldi.cx/is/image/aldiprodeu/product/jpg/scaleWidth/232/09a2af7b-90a9-43ad-9f52-6c07c752ac7a/CocaCola%20Original%20Taste","Coca-Cola Original Taste",,"false","2.55","https://www.aldi.co.uk/product/coca-cola-coca-cola-original-taste-000000000000336246","coca cola","2026-04-10T18:14:39.368Z","aldi","0.15","per 100 ML","1,750 ML"
"COCA-COLA",,"https://dm.emea.cms.aldi.cx/is/image/aldiprodeu/product/jpg/scaleWidth/232/040cdec2-3587-4eee-9274-60401f5b97d9/CocaCola%20Zero%20Sugar","Coca-Cola Zero Sugar",,"false","1.89","https://www.aldi.co.uk/product/coca-cola-coca-cola-zero-sugar-000000000156414003","coca cola","2026-04-10T18:14:39.368Z","aldi","3.78","per 1 L","0.5 L"
"COCA-COLA",,"https://dm.emea.cms.aldi.cx/is/image/aldiprodeu/product/jpg/scaleWidth/232/d8e0eff8-3786-41c9-9294-00c0eaf64fab/CocaCola%20Zero%20Sugar","Coca-Cola Zero Sugar",,"false","2.15","https://www.aldi.co.uk/product/coca-cola-coca-cola-zero-sugar-000000000467812001","coca cola","2026-04-10T18:14:39.368Z","aldi","1.08","per 1 L","2 L"
"COCA-COLA",,"https://dm.emea.cms.aldi.cx/is/image/aldiprodeu/product/jpg/scaleWidth/232/beb17d0d-f362-4646-8650-c7b0e8bb6fd9/CocaCola%20Classic%208%20Pack","Coca-Cola Classic 8 Pack",,"false","5.59","https://www.aldi.co.uk/product/coca-cola-coca-cola-classic-8-pack-000000000000337363","coca cola","2026-04-10T18:14:39.368Z","aldi","0.21","per 100 ML","2,640 ML"
"COCA-COLA",,"https://dm.emea.cms.aldi.cx/is/image/aldiprodeu/product/jpg/scaleWidth/232/7f3ffe7b-1c15-4d81-86af-36b05190294b/CocaCola%20Zero%20Sugar%208%20Pack","Coca-Cola Zero Sugar 8 Pack","Was £3.99","true","3.49","https://www.aldi.co.uk/product/coca-cola-coca-cola-zero-sugar-8-pack-000000000337193002","coca cola","2026-04-10T18:14:39.368Z","aldi","1.32","per 1 L","2.64 L"
"WORLDWIDE FOODS",,"https://dm.emea.cms.aldi.cx/is/image/aldiprodeu/product/jpg/scaleWidth/232/b09a6487-a891-47c0-8482-bde7c185b9c8/Basmati%20Rice","Basmati Rice",,"false","1.79","https://www.aldi.co.uk/product/worldwide-foods-basmati-rice-000000000000262344","basmati rice","2026-04-10T18:14:47.353Z","aldi","1.79","per 1 KG","1 KG"
"WORLDWIDE FOODS",,"https://dm.emea.cms.aldi.cx/is/image/aldiprodeu/product/jpg/scaleWidth/232/786b6937-7076-49b0-be74-cf282f4962f7/Basmati%20Rice%20Pouch","Basmati Rice Pouch",,"false","0.49","https://www.aldi.co.uk/product/worldwide-foods-basmati-rice-pouch-000000000000334608","basmati rice","2026-04-10T18:14:47.353Z","aldi","1.96","per 1 KG","0.25 KG"
"WORLDWIDE FOODS",,"https://dm.emea.cms.aldi.cx/is/image/aldiprodeu/product/jpg/scaleWidth/232/ff0eea2f-a2eb-4341-8913-5ff6db8b4ad7/Steamed%20Basmati%20Rice","Steamed Basmati Rice",,"false","0.89","https://www.aldi.co.uk/product/worldwide-foods-steamed-basmati-rice-000000000000337307","basmati rice","2026-04-10T18:14:47.353Z","aldi","3.18","per 1 KG","0.28 KG"
"CUCINA",,"https://dm.emea.cms.aldi.cx/is/image/aldiprodeu/product/jpg/scaleWidth/232/230040cd-2d27-4487-b4cc-49cd82e5ab47/Arborio%20Rice","Arborio Rice",,"false","2.49","https://www.aldi.co.uk/product/cucina-arborio-rice-000000000000262588","basmati rice","2026-04-10T18:14:47.353Z","aldi","2.49","per 1 KG","1 KG"
"DESSERT MENU",,"https://dm.emea.cms.aldi.cx/is/image/aldiprodeu/product/jpg/scaleWidth/232/66249bc0-a76e-4327-87c0-9096774ff69c/Rice%20Pudding","Rice Pudding",,"false","0.75","https://www.aldi.co.uk/product/dessert-menu-rice-pudding-000000000000335787","basmati rice","2026-04-10T18:14:47.353Z","aldi","0.19","per 100 G","400 G"
"SNACKRITE",,"https://dm.emea.cms.aldi.cx/is/image/aldiprodeu/product/jpg/scaleWidth/232/0da79117-89e4-4bff-b2d8-34af252b2abd/Salt%20%20Vinegar%20Crisps%206%20Pack","Salt & Vinegar Crisps 6 Pack","Was £0.89","true","0.85","https://www.aldi.co.uk/product/snackrite-salt-vinegar-crisps-6-pack-000000000451649002","salt vinegar crisps","2026-04-10T18:14:51.687Z","aldi","5.67","per 1 KG","0.15 KG"
"SNACKRITE",,"https://dm.emea.cms.aldi.cx/is/image/aldiprodeu/product/jpg/scaleWidth/232/06e8b406-446b-4540-b3ef-e97d5113d602/Salt%20%20Vinegar%20Starry%20Night%20Mix","Salt & Vinegar Starry Night Mix",,"false","1.29","https://www.aldi.co.uk/product/snackrite-salt-vinegar-starry-night-mix-000000000518563002","salt vinegar crisps","2026-04-10T18:14:51.687Z","aldi","10.32","per 1 KG","0.125 KG"
"SNACKRITE",,"https://dm.emea.cms.aldi.cx/is/image/aldiprodeu/product/jpg/scaleWidth/232/a9311404-861f-442b-9a05-508c1a8f6008/Salt%20%20Vinegar%20Crunchy%20Sticks%2024%20Pack","Salt & Vinegar Crunchy Sticks 24 Pack",,"false","2.79","https://www.aldi.co.uk/product/snackrite-salt-vinegar-crunchy-sticks-24-pack-000000000000387666","salt vinegar crisps","2026-04-10T18:14:51.687Z","aldi","0.65","per 100 G","432 G"
"SPECIALLY SELECTED",,"https://dm.emea.cms.aldi.cx/is/image/aldiprodeu/product/jpg/scaleWidth/232/8ee14240-9bbf-4c65-a945-6a8d258c49e8/Sea%20Salt%20%20Chardonnay%20Vinegar%20Hand%20Cooked%20Crisps","Sea Salt & Chardonnay Vinegar Hand Cooked Crisps",,"false","1.15","https://www.aldi.co.uk/product/specially-selected-sea-salt-chardonnay-vinegar-hand-cooked-crisps-000000000387970001","salt vinegar crisps","2026-04-10T18:14:51.687Z","aldi","7.67","per 1 KG","0.15 KG"
"SNACKRITE",,"https://dm.emea.cms.aldi.cx/is/image/aldiprodeu/product/jpg/scaleWidth/232/6995019c-dd95-4a80-a705-5567404876f0/Salt%20%20Vinegar%20Flavour%20Potato%20Hoops%206%20Pack","Salt & Vinegar Flavour Potato Hoops 6 Pack",,"false","1.19","https://www.aldi.co.uk/product/snackrite-salt-vinegar-flavour-potato-hoops-6-pack-000000000546839002","salt vinegar crisps","2026-04-10T18:14:51.687Z","aldi","7.93","per 1 KG","0.15 KG"
"ASIA SPECIALITIES",,"https://dm.emea.cms.aldi.cx/is/image/aldiprodeu/product/jpg/scaleWidth/232/a19ab66f-929d-462d-a140-740c20949a9b/Dark%20Soy%20Sauce","Dark Soy Sauce",,"false","0.55","https://www.aldi.co.uk/product/asia-specialities-dark-soy-sauce-000000000334630001","soy sauce","2026-04-10T18:14:55.985Z","aldi","3.67","per 1 L","0.15 L"
"ASIA SPECIALITIES",,"https://dm.emea.cms.aldi.cx/is/image/aldiprodeu/product/jpg/scaleWidth/232/1fc6124e-4971-4756-8115-744afd26e58d/Light%20Soy%20Sauce","Light Soy Sauce",,"false","0.55","https://www.aldi.co.uk/product/asia-specialities-light-soy-sauce-000000000334630002","soy sauce","2026-04-10T18:14:55.985Z","aldi","3.67","per 1 L","0.15 L"
"READY, SET…COOK!",,"https://dm.emea.cms.aldi.cx/is/image/aldiprodeu/product/jpg/scaleWidth/232/27f43a17-b9e3-4ba5-8b69-34ae360b26e9/Khao%20Soi%20Meal%20Kit","Khao Soi Meal Kit",,"false","2.25","https://www.aldi.co.uk/product/ready-set-cook-khao-soi-meal-kit-000000000336498002","soy sauce","2026-04-10T18:14:55.985Z","aldi","0.86","per 100 G","262 G"
"THE FISHMONGER",,"https://dm.emea.cms.aldi.cx/is/image/aldiprodeu/product/jpg/scaleWidth/232/cf605880-f8e5-4b0d-8f79-6599955eb218/Soy%20%20Ginger%20Fusions%20Tuna","Soy & Ginger Fusions Tuna",,"false","0.89","https://www.aldi.co.uk/product/the-fishmonger-soy-ginger-fusions-tuna-000000000262127003","soy sauce","2026-04-10T18:14:55.985Z","aldi","11.13","per 1 KG","0.08 KG"
"BRAMWELLS",,"https://dm.emea.cms.aldi.cx/is/image/aldiprodeu/product/jpg/scaleWidth/232/52098af5-f42e-434c-92a5-5322c42ee07c/Mint%20Sauce","Mint Sauce",,"false","0.59","https://www.aldi.co.uk/product/bramwells-mint-sauce-000000000000335842","soy sauce","2026-04-10T18:14:55.985Z","aldi","0.33","per 100 G","180 G"
"PEPSI MAX",,"https://dm.emea.cms.aldi.cx/is/image/aldiprodeu/product/jpg/scaleWidth/232/60b35166-6507-4130-8ecb-5d338cbe1ae4/Pepsi%20Max%208%20pack","Pepsi Max 8 pack",,"false","3.75","https://www.aldi.co.uk/product/pepsi-max-pepsi-max-8-pack-000000000000495587","pepsi","2026-04-10T18:15:00.145Z","aldi","0.14","per 100 ML","2,640 ML"
"WORLDWIDE FOODS",,"https://dm.emea.cms.aldi.cx/is/image/aldiprodeu/product/jpg/scaleWidth/232/1d956e38-d92c-4256-8802-0ff5253bc88a/Long%20Grain%20Rice%20Pouch","Long Grain Rice Pouch",,"false","0.49","https://www.aldi.co.uk/product/worldwide-foods-long-grain-rice-pouch-000000000000335660","long grain rice","2026-04-10T18:15:04.575Z","aldi","1.96","per 1 KG","0.25 KG"
"WORLDWIDE FOODS",,"https://dm.emea.cms.aldi.cx/is/image/aldiprodeu/product/jpg/scaleWidth/232/c0fdf9bc-1121-4a22-a417-8e7b4fcbb15a/Steamed%20Long%20Grain%20Rice","Steamed Long Grain Rice",,"false","0.99","https://www.aldi.co.uk/product/worldwide-foods-steamed-long-grain-rice-000000000475844004","long grain rice","2026-04-10T18:15:04.575Z","aldi","3.3","per 1 KG","0.3 KG"
"WORLDWIDE FOODS",,"https://dm.emea.cms.aldi.cx/is/image/aldiprodeu/product/jpg/scaleWidth/232/6bd11122-7ac0-4f86-a61a-bcd08536ec59/Easy%20Cook%20Long%20Grain%20Rice","Easy Cook Long Grain Rice",,"false","1.25","https://www.aldi.co.uk/product/worldwide-foods-easy-cook-long-grain-rice-000000000000459326","long grain rice","2026-04-10T18:15:04.575Z","aldi","1.25","per 1 KG","1 KG"
"EVERYDAY ESSENTIALS",,"https://dm.emea.cms.aldi.cx/is/image/aldiprodeu/product/jpg/scaleWidth/232/74c6a5c3-e064-4293-92c9-94695bcbd75b/Long%20Grain%20White%20Rice","Long Grain White Rice",,"false","0.52","https://www.aldi.co.uk/product/everyday-essentials-long-grain-white-rice-000000000000337400","long grain rice","2026-04-10T18:15:04.575Z","aldi","0.52","per 1 KG","1 KG"
"",,"https://dm.emea.cms.aldi.cx/is/image/aldiprodeu/product/jpg/scaleWidth/232/09f1a4e5-d100-436e-88de-f922dce4b1aa/Good%20Grains%20Spanish%20Style%20Grains%20Pouch","Good Grains Spanish Style Grains Pouch",,"false","1.05","https://www.aldi.co.uk/product/no-brand-good-grains-spanish-style-grains-pouch-000000000336243002","long grain rice","2026-04-10T18:15:04.575Z","aldi","4.2","per 1 KG","0.25 KG"
"EVERYDAY ESSENTIALS",,"https://dm.emea.cms.aldi.cx/is/image/aldiprodeu/product/jpg/scaleWidth/232/6ff2037b-91f8-4260-b698-b7609fa5989c/Lightly%20Salted%20Tortilla%20Chips","Lightly Salted Tortilla Chips",,"false","0.57","https://www.aldi.co.uk/product/everyday-essentials-lightly-salted-tortilla-chips-000000000000382586","tortilla chips","2026-04-10T18:15:07.642Z","aldi","0.29","per 100 G","200 G"
"SNACKRITE",,"https://dm.emea.cms.aldi.cx/is/image/aldiprodeu/product/jpg/scaleWidth/232/2c168f2b-dd9f-4718-8b0e-33ad4a6a551a/Deltas%20Cool%20Tortilla%20Chips","Deltas Cool Tortilla Chips",,"false","0.89","https://www.aldi.co.uk/product/snackrite-deltas-cool-tortilla-chips-000000000382375001","tortilla chips","2026-04-10T18:15:07.642Z","aldi","4.45","per 1 KG","0.2 KG"
"SNACKRITE",,"https://dm.emea.cms.aldi.cx/is/image/aldiprodeu/product/jpg/scaleWidth/232/139288a9-d836-4cbb-873d-cc3c105827f6/Deltas%20Salted%20Tortilla%20Chips","Deltas Salted Tortilla Chips",,"false","0.89","https://www.aldi.co.uk/product/snackrite-deltas-salted-tortilla-chips-000000000382422002","tortilla chips","2026-04-10T18:15:07.642Z","aldi","4.45","per 1 KG","0.2 KG"
"SNACKRITE",,"https://dm.emea.cms.aldi.cx/is/image/aldiprodeu/product/jpg/scaleWidth/232/d92df379-f129-4456-b56c-574817b402ff/Deltas%20Chilli%20Flavour%20Tortilla%20Chips","Deltas Chilli Flavour Tortilla Chips",,"false","0.89","https://www.aldi.co.uk/product/snackrite-deltas-chilli-flavour-tortilla-chips-000000000382375002","tortilla chips","2026-04-10T18:15:07.642Z","aldi","4.45","per 1 KG","0.2 KG"
"SNACKRITE",,"https://dm.emea.cms.aldi.cx/is/image/aldiprodeu/product/jpg/scaleWidth/232/fa058db5-e63d-4d1a-9716-53b0f1cdd344/Deltas%20Tangy%20Cheese%20Tortilla%20Chips","Deltas Tangy Cheese Tortilla Chips",,"false","0.89","https://www.aldi.co.uk/product/snackrite-deltas-tangy-cheese-tortilla-chips-000000000382422001","tortilla chips","2026-04-10T18:15:07.642Z","aldi","4.45","per 1 KG","0.2 KG"
"VIVE",,"https://dm.emea.cms.aldi.cx/is/image/aldiprodeu/product/jpg/scaleWidth/232/b5ac69d8-eb8b-4e3d-9121-37f96563d816/Lemonade","Lemonade",,"false","0.49","https://www.aldi.co.uk/product/vive-lemonade-000000000335943002","lemonade","2026-04-10T18:15:15.943Z","aldi","0.25","per 1 L","2 L"
"VIVE",,"https://dm.emea.cms.aldi.cx/is/image/aldiprodeu/product/jpg/scaleWidth/232/ead6b272-5cfa-4b4f-b873-a90f27217a03/Diet%20Lemonade","Diet Lemonade",,"false","0.49","https://www.aldi.co.uk/product/vive-diet-lemonade-000000000335943001","lemonade","2026-04-10T18:15:15.943Z","aldi","0.25","per 1 L","2 L"
"STEFANOFF",,"https://dm.emea.cms.aldi.cx/is/image/aldiprodeu/product/jpg/scaleWidth/232/402fbe27-5689-427c-9787-fa45420f22ed/Raspberry%20Crush%20with%20Lemonade","Raspberry Crush with Lemonade",,"false","0.99","https://www.aldi.co.uk/product/stefanoff-raspberry-crush-with-lemonade-000000000623333002","lemonade","2026-04-10T18:15:15.943Z","aldi","3.96","per 1 L","0.25 L"
"VIVE",,"https://dm.emea.cms.aldi.cx/is/image/aldiprodeu/product/jpg/scaleWidth/232/acfedae2-58cc-47f8-8358-8affa060b50a/Diet%20Lemonade%206%20Pack","Diet Lemonade 6 Pack",,"false","1.45","https://www.aldi.co.uk/product/vive-diet-lemonade-6-pack-000000000000335606","lemonade","2026-04-10T18:15:15.943Z","aldi","0.07","per 100 ML","1,980 ML"
"GREYSON'S",,"https://dm.emea.cms.aldi.cx/is/image/aldiprodeu/product/jpg/scaleWidth/232/a46c592b-ea23-497b-90b1-555011b726fa/Alcohol%20Free%20Pink%20%20Lemonade","Alcohol Free Pink & Lemonade",,"false","0.59","https://www.aldi.co.uk/product/greyson-s-alcohol-free-pink-lemonade-000000000613098002","lemonade","2026-04-10T18:15:15.943Z","aldi","2.36","per 1 L","0.25 L"
"THE FOODIE MARKET",,"https://dm.emea.cms.aldi.cx/is/image/aldiprodeu/product/jpg/scaleWidth/232/50127ef1-b198-4b66-b52d-2e1d104d3246/Mixed%20Nuts","Mixed Nuts",,"false","1.75","https://www.aldi.co.uk/product/the-foodie-market-mixed-nuts-000000000000384145","mixed nuts","2026-04-10T18:15:16.943Z","aldi","8.75","per 1 KG","0.2 KG"
"PERFECT CHRISTMAS",,"https://dm.emea.cms.aldi.cx/is/image/aldiprodeu/product/jpg/scaleWidth/232/cbd6e91e-6aa1-4114-8e81-23c5178f4e1d/Mixed%20Nuts%20in%20Shell","Mixed Nuts in Shell",,"false","0.06","https://www.aldi.co.uk/product/perfect-christmas-mixed-nuts-in-shell-000000000336695001","mixed nuts","2026-04-10T18:15:16.943Z","aldi","0.17","per 1 KG","0.35 KG"
"EVERYDAY ESSENTIALS",,"https://dm.emea.cms.aldi.cx/is/image/aldiprodeu/product/jpg/scaleWidth/232/27a39afe-df4e-4929-a743-24e5fc075ef4/Fruit%20%20Nut%20Mix","Fruit & Nut Mix",,"false","0.59","https://www.aldi.co.uk/product/everyday-essentials-fruit-nut-mix-000000000000319760","mixed nuts","2026-04-10T18:15:16.943Z","aldi","2.95","per 1 KG","0.2 KG"
"THE FOODIE MARKET",,"https://dm.emea.cms.aldi.cx/is/image/aldiprodeu/product/jpg/scaleWidth/232/e832f2d1-de1a-4c21-b3ed-accd6377de33/Fruit%20%20Nut%20Mix","Fruit & Nut Mix",,"false","1.35","https://www.aldi.co.uk/product/the-foodie-market-fruit-nut-mix-000000000492836001","mixed nuts","2026-04-10T18:15:16.943Z","aldi","5.4","per 1 KG","0.25 KG"
"THE FOODIE MARKET",,"https://dm.emea.cms.aldi.cx/is/image/aldiprodeu/product/jpg/scaleWidth/232/aed6516b-9294-41f2-b99c-109fcc85a65e/Seed%20Mix","Seed Mix",,"false","1.15","https://www.aldi.co.uk/product/the-foodie-market-seed-mix-000000000310513001","mixed nuts","2026-04-10T18:15:16.943Z","aldi","4.6","per 1 KG","0.25 KG"
"BRAMWELLS",,"https://dm.emea.cms.aldi.cx/is/image/aldiprodeu/product/jpg/scaleWidth/232/52098af5-f42e-434c-92a5-5322c42ee07c/Mint%20Sauce","Mint Sauce",,"false","0.59","https://www.aldi.co.uk/product/bramwells-mint-sauce-000000000000335842","worcestershire sauce","2026-04-10T18:15:17.743Z","aldi","0.33","per 100 G","180 G"
"COWBELLE",,"https://dm.emea.cms.aldi.cx/is/image/aldiprodeu/product/jpg/scaleWidth/232/1929287a-c8e3-43ed-bc41-7f58c1db1926/Brandy%20Sauce","Brandy Sauce",,"false","0.29","https://www.aldi.co.uk/product/cowbelle-brandy-sauce-000000000000417588","worcestershire sauce","2026-04-10T18:15:17.743Z","aldi","0.06","per 100 G","500 G"
"BRAMWELLS",,"https://dm.emea.cms.aldi.cx/is/image/aldiprodeu/product/jpg/scaleWidth/232/f63396cd-a5f0-4c35-84c8-615c96beb4a1/BBQ%20Sauce","BBQ Sauce",,"false","0.75","https://www.aldi.co.uk/product/bramwells-bbq-sauce-000000000000540095","worcestershire sauce","2026-04-10T18:15:17.743Z","aldi","0.16","per 100 G","460 G"
"BRAMWELLS",,"https://dm.emea.cms.aldi.cx/is/image/aldiprodeu/product/jpg/scaleWidth/232/201d2fa8-1daf-4555-a8b1-feb7d7f968de/Tartare%20Sauce","Tartare Sauce",,"false","0.65","https://www.aldi.co.uk/product/bramwells-tartare-sauce-000000000335756001","worcestershire sauce","2026-04-10T18:15:17.743Z","aldi","3.71","per 1 KG","0.175 KG"
"BRAMWELLS",,"https://dm.emea.cms.aldi.cx/is/image/aldiprodeu/product/jpg/scaleWidth/232/5d5d6c03-afdb-4270-91b7-f96cd46968d6/Horseradish%20Sauce","Horseradish Sauce",,"false","0.65","https://www.aldi.co.uk/product/bramwells-horseradish-sauce-000000000335756002","worcestershire sauce","2026-04-10T18:15:17.743Z","aldi","3.71","per 1 KG","0.175 KG"
"BRAMWELLS",,"https://dm.emea.cms.aldi.cx/is/image/aldiprodeu/product/jpg/scaleWidth/232/3102380b-4def-4879-98c9-0cacc1482962/Hot%20Peri%20Peri%20Sauce%20%20Marinade","Hot Peri Peri Sauce & Marinade",,"false","1.39","https://www.aldi.co.uk/product/bramwells-hot-peri-peri-sauce-marinade-000000000337375003","hot sauce","2026-04-10T18:15:22.749Z","aldi","5.25","per 1 KG","0.265 KG"
"FIESTA",,"https://dm.emea.cms.aldi.cx/is/image/aldiprodeu/product/jpg/scaleWidth/232/93cc8602-0a99-4e38-8018-d5a5d0c65f85/Hot%20Chilli%20Con%20Carne%20Cooking%20Sauce","Hot Chilli Con Carne Cooking Sauce",,"false","0.89","https://www.aldi.co.uk/product/fiesta-hot-chilli-con-carne-cooking-sauce-000000000335773001","hot sauce","2026-04-10T18:15:22.749Z","aldi","1.78","per 1 KG","0.5 KG"
"SNACKRITE",,"https://dm.emea.cms.aldi.cx/is/image/aldiprodeu/product/jpg/scaleWidth/232/29dedf94-92df-455e-9087-a53e69e41ac7/Hot%20Chilli%20Peanuts","Hot Chilli Peanuts",,"false","0.99","https://www.aldi.co.uk/product/snackrite-hot-chilli-peanuts-000000000308145002","hot sauce","2026-04-10T18:15:22.749Z","aldi","4.95","per 1 KG","0.2 KG"
"INSPIRED CUISINE",,"https://dm.emea.cms.aldi.cx/is/image/aldiprodeu/product/jpg/scaleWidth/232/63050543-1224-4d16-9d2c-f12c9495c2f2/Lamb%20Hot%20Pot","Lamb Hot Pot",,"false","2.79","https://www.aldi.co.uk/product/inspired-cuisine-lamb-hot-pot-000000000405538001","hot sauce","2026-04-10T18:15:22.749Z","aldi","6.98","per 1 KG","0.4 KG"
"INSPIRED CUISINE",,"https://dm.emea.cms.aldi.cx/is/image/aldiprodeu/product/jpg/scaleWidth/232/7880d662-c4cf-41a4-b970-4aedf1b01e8e/Beef%20Hot%20Pot","Beef Hot Pot",,"false","2.79","https://www.aldi.co.uk/product/inspired-cuisine-beef-hot-pot-000000000405538002","hot sauce","2026-04-10T18:15:22.749Z","aldi","6.98","per 1 KG","0.4 KG"
"BRAMWELLS",,"https://dm.emea.cms.aldi.cx/is/image/aldiprodeu/product/jpg/scaleWidth/232/46adc2a9-3624-4d90-bba3-50c66e8feff8/Wholegrain%20Mustard","Wholegrain Mustard",,"false","0.49","https://www.aldi.co.uk/product/bramwells-wholegrain-mustard-000000000335764001","mustard","2026-04-10T18:15:29.551Z","aldi","2.45","per 1 KG","0.2 KG"
"BRAMWELLS",,"https://dm.emea.cms.aldi.cx/is/image/aldiprodeu/product/jpg/scaleWidth/232/0c653e39-a35a-4cd4-93a9-8e3ec753aa2b/English%20Mustard","English Mustard",,"false","0.49","https://www.aldi.co.uk/product/bramwells-english-mustard-000000000335764002","mustard","2026-04-10T18:15:29.551Z","aldi","2.45","per 1 KG","0.2 KG"
"BRAMWELLS",,"https://dm.emea.cms.aldi.cx/is/image/aldiprodeu/product/jpg/scaleWidth/232/2b49a502-c2ce-4211-9a10-c972944e5223/Dijon%20Mustard","Dijon Mustard",,"false","0.49","https://www.aldi.co.uk/product/bramwells-dijon-mustard-000000000335764003","mustard","2026-04-10T18:15:29.551Z","aldi","2.45","per 1 KG","0.2 KG"
"BRAMWELLS",,"https://dm.emea.cms.aldi.cx/is/image/aldiprodeu/product/jpg/scaleWidth/232/3a64d6b4-b76f-4313-ab0c-48642552bf40/Honey%20%20Mustard%20Salad%20Dressing","Honey & Mustard Salad Dressing",,"false","0.99","https://www.aldi.co.uk/product/bramwells-honey-mustard-salad-dressing-000000000335989003","mustard","2026-04-10T18:15:29.551Z","aldi","3.96","per 1 L","0.25 L"
"ASHFIELDS",,"https://dm.emea.cms.aldi.cx/is/image/aldiprodeu/product/jpg/scaleWidth/232/c8441775-f34c-4e4c-ab24-74fe4c52b987/Gammon%20Steaks%20Honey%20%20Mustard","Gammon Steaks Honey & Mustard",,"false","3.49","https://www.aldi.co.uk/product/ashfields-gammon-steaks-honey-mustard-000000000725579001","mustard","2026-04-10T18:15:29.551Z","aldi","11.63","per 1 KG","0.3 KG"
"WORLDWIDE FOODS",,"https://dm.emea.cms.aldi.cx/is/image/aldiprodeu/product/jpg/scaleWidth/232/dbbbe33b-2df0-4634-a0ff-2a372584446d/ReadyToHeat%20Sticky%20Jasmine%20Rice","Ready-To-Heat Sticky Jasmine Rice",,"false","0.65","https://www.aldi.co.uk/product/worldwide-foods-ready-to-heat-sticky-jasmine-rice-000000000726161001","jasmine rice","2026-04-10T18:15:31.009Z","aldi","2.6","per 1 KG","0.25 KG"
"WORLDWIDE FOODS",,"https://dm.emea.cms.aldi.cx/is/image/aldiprodeu/product/jpg/scaleWidth/232/f98c378e-9af7-42ed-a978-55d326d70971/ReadyToHeat%20Sticky%20Jasmine%20Rice","Ready-To-Heat Sticky Jasmine Rice",,"false","0.65","https://www.aldi.co.uk/product/worldwide-foods-ready-to-heat-sticky-jasmine-rice-000000000726161002","jasmine rice","2026-04-10T18:15:31.009Z","aldi","2.6","per 1 KG","0.25 KG"
"WORLDWIDE FOODS",,"https://dm.emea.cms.aldi.cx/is/image/aldiprodeu/product/jpg/scaleWidth/232/b09a6487-a891-47c0-8482-bde7c185b9c8/Basmati%20Rice","Basmati Rice",,"false","1.79","https://www.aldi.co.uk/product/worldwide-foods-basmati-rice-000000000000262344","jasmine rice","2026-04-10T18:15:31.009Z","aldi","1.79","per 1 KG","1 KG"
"CUCINA",,"https://dm.emea.cms.aldi.cx/is/image/aldiprodeu/product/jpg/scaleWidth/232/230040cd-2d27-4487-b4cc-49cd82e5ab47/Arborio%20Rice","Arborio Rice",,"false","2.49","https://www.aldi.co.uk/product/cucina-arborio-rice-000000000000262588","jasmine rice","2026-04-10T18:15:31.009Z","aldi","2.49","per 1 KG","1 KG"
"DESSERT MENU",,"https://dm.emea.cms.aldi.cx/is/image/aldiprodeu/product/jpg/scaleWidth/232/66249bc0-a76e-4327-87c0-9096774ff69c/Rice%20Pudding","Rice Pudding",,"false","0.75","https://www.aldi.co.uk/product/dessert-menu-rice-pudding-000000000000335787","jasmine rice","2026-04-10T18:15:31.009Z","aldi","0.19","per 100 G","400 G"
"AQUA VALE",,"https://dm.emea.cms.aldi.cx/is/image/aldiprodeu/product/jpg/scaleWidth/232/aae34904-3d39-4d1d-ae91-cf8e0fd08f9c/Sparkling%20Water%206%20Pack","Sparkling Water 6 Pack",,"false","1.19","https://www.aldi.co.uk/product/aqua-vale-sparkling-water-6-pack-000000000000335926","sparkling water","2026-04-10T18:15:31.671Z","aldi","0.04","per 100 ML","3,000 ML"
"AQUA VALE",,"https://dm.emea.cms.aldi.cx/is/image/aldiprodeu/product/jpg/scaleWidth/232/a4ac5d1f-a14a-4b74-9aa5-fbeeef206981/Sparkling%20Water%204%20Pack","Sparkling Water 4 Pack",,"false","1.55","https://www.aldi.co.uk/product/aqua-vale-sparkling-water-4-pack-000000000000434138","sparkling water","2026-04-10T18:15:31.671Z","aldi","0.19","per 100 ML","800 ML"
"AQUEO",,"https://dm.emea.cms.aldi.cx/is/image/aldiprodeu/product/jpg/scaleWidth/232/a3195cbb-8df8-4668-87f8-25faf01a69f8/Lemon%20%20Lime%20Flavoured%20Sparkling%20Water","Lemon & Lime Flavoured Sparkling Water",,"false","0.55","https://www.aldi.co.uk/product/aqueo-lemon-lime-flavoured-sparkling-water-000000000335847003","sparkling water","2026-04-10T18:15:31.671Z","aldi","0.55","per 1 L","1 L"
"AQUEO",,"https://dm.emea.cms.aldi.cx/is/image/aldiprodeu/product/jpg/scaleWidth/232/4892d7c0-6775-44c7-826b-e16a6e219abb/Peach%20%20Passion%20Fruit%20Flavoured%20Sparkling%20Water","Peach & Passion Fruit Flavoured Sparkling Water",,"false","0.55","https://www.aldi.co.uk/product/aqueo-peach-passion-fruit-flavoured-sparkling-water-000000000335847004","sparkling water","2026-04-10T18:15:31.671Z","aldi","0.55","per 1 L","1 L"
"EVERYDAY ESSENTIALS",,"https://dm.emea.cms.aldi.cx/is/image/aldiprodeu/product/jpg/scaleWidth/232/31222eee-147d-4bdd-9857-ae12c557ccb4/Sparkling%20Spring%20Water","Sparkling Spring Water",,"false","0.39","https://www.aldi.co.uk/product/everyday-essentials-sparkling-spring-water-000000000335833002","sparkling water","2026-04-10T18:15:31.671Z","aldi","0.2","per 1 L","2 L"
"WORLDWIDE FOODS",,"https://dm.emea.cms.aldi.cx/is/image/aldiprodeu/product/jpg/scaleWidth/232/b09a6487-a891-47c0-8482-bde7c185b9c8/Basmati%20Rice","Basmati Rice",,"false","1.79","https://www.aldi.co.uk/product/worldwide-foods-basmati-rice-000000000000262344","risotto rice","2026-04-10T18:15:39.872Z","aldi","1.79","per 1 KG","1 KG"
"CUCINA",,"https://dm.emea.cms.aldi.cx/is/image/aldiprodeu/product/jpg/scaleWidth/232/230040cd-2d27-4487-b4cc-49cd82e5ab47/Arborio%20Rice","Arborio Rice",,"false","2.49","https://www.aldi.co.uk/product/cucina-arborio-rice-000000000000262588","risotto rice","2026-04-10T18:15:39.872Z","aldi","2.49","per 1 KG","1 KG"
"DESSERT MENU",,"https://dm.emea.cms.aldi.cx/is/image/aldiprodeu/product/jpg/scaleWidth/232/66249bc0-a76e-4327-87c0-9096774ff69c/Rice%20Pudding","Rice Pudding",,"false","0.75","https://www.aldi.co.uk/product/dessert-menu-rice-pudding-000000000000335787","risotto rice","2026-04-10T18:15:39.872Z","aldi","0.19","per 100 G","400 G"
"EVERYDAY ESSENTIALS",,"https://dm.emea.cms.aldi.cx/is/image/aldiprodeu/product/jpg/scaleWidth/232/3590d61c-394f-44a7-8d5e-e96daafb50ba/Rice%20Pudding","Rice Pudding",,"false","0.35","https://www.aldi.co.uk/product/everyday-essentials-rice-pudding-000000000000335821","risotto rice","2026-04-10T18:15:39.872Z","aldi","0.09","per 100 G","400 G"
"WORLDWIDE FOODS",,"https://dm.emea.cms.aldi.cx/is/image/aldiprodeu/product/jpg/scaleWidth/232/0b086c40-97e7-43a3-9fd2-79de35942b6e/Brown%20Rice","Brown Rice",,"false","1.39","https://www.aldi.co.uk/product/worldwide-foods-brown-rice-000000000000467442","risotto rice","2026-04-10T18:15:39.872Z","aldi","1.39","per 1 KG","1 KG"
"SNACKRITE",,"https://dm.emea.cms.aldi.cx/is/image/aldiprodeu/product/jpg/scaleWidth/232/aa9c5091-ac1f-4c82-89bd-6c7a08c9bb38/Sweet%20Popcorn%20Share%20Bag","Sweet Popcorn Share Bag",,"false","0.99","https://www.aldi.co.uk/product/snackrite-sweet-popcorn-share-bag-000000000386330001","popcorn","2026-04-10T18:15:40.989Z","aldi","9","per 1 KG","0.11 KG"
"SNACKRITE",,"https://dm.emea.cms.aldi.cx/is/image/aldiprodeu/product/jpg/scaleWidth/232/5346d895-9b7f-4175-a11b-dfb9441f4caa/Sweet%20Popcorn%206%20Pack","Sweet Popcorn 6 Pack",,"false","1.09","https://www.aldi.co.uk/product/snackrite-sweet-popcorn-6-pack-000000000608077001","popcorn","2026-04-10T18:15:40.989Z","aldi","15.14","per 1 KG","0.072 KG"
"SNACKRITE",,"https://dm.emea.cms.aldi.cx/is/image/aldiprodeu/product/jpg/scaleWidth/232/e40a10b7-5480-44b4-ba14-cca2f251516e/Sweet%20%20Salty%20Popcorn%20Share%20Bag","Sweet & Salty Popcorn Share Bag",,"false","0.99","https://www.aldi.co.uk/product/snackrite-sweet-salty-popcorn-share-bag-000000000386330002","popcorn","2026-04-10T18:15:40.989Z","aldi","9","per 1 KG","0.11 KG"
"SNACKRITE",,"https://dm.emea.cms.aldi.cx/is/image/aldiprodeu/product/jpg/scaleWidth/232/3deb806a-b657-4a16-bed1-70c9d0defa8d/Sweet%20%20Salty%20Popcorn%206%20Pack","Sweet & Salty Popcorn 6 Pack",,"false","1.09","https://www.aldi.co.uk/product/snackrite-sweet-salty-popcorn-6-pack-000000000608077002","popcorn","2026-04-10T18:15:40.989Z","aldi","15.14","per 1 KG","0.072 KG"
"EVERYDAY ESSENTIALS",,"https://dm.emea.cms.aldi.cx/is/image/aldiprodeu/product/jpg/scaleWidth/232/f5f69e2f-e234-4e17-bab7-efac8d0da892/Dark%20Chocolate%20Bar%20100g","Dark Chocolate Bar 100g","Was £0.75","true","0.65","https://www.aldi.co.uk/product/everyday-essentials-dark-chocolate-bar-100g-000000000403475001","chocolate bar","2026-04-10T18:15:48.870Z","aldi","6.5","per 1 KG","0.1 KG"
"EVERYDAY ESSENTIALS",,"https://dm.emea.cms.aldi.cx/is/image/aldiprodeu/product/jpg/scaleWidth/232/06c64df6-87ae-4b41-bdea-1a7005c16465/White%20Chocolate%20Bar%20100g","White Chocolate Bar 100g","Was £0.75","true","0.65","https://www.aldi.co.uk/product/everyday-essentials-white-chocolate-bar-100g-000000000403475002","chocolate bar","2026-04-10T18:15:48.870Z","aldi","6.5","per 1 KG","0.1 KG"
"EVERYDAY ESSENTIALS",,"https://dm.emea.cms.aldi.cx/is/image/aldiprodeu/product/jpg/scaleWidth/232/f607dc3e-20c0-4733-b810-1807344f9a18/Milk%20Chocolate%20Bar%20100g","Milk Chocolate Bar 100g","Was £0.75","true","0.65","https://www.aldi.co.uk/product/everyday-essentials-milk-chocolate-bar-100g-000000000403475003","chocolate bar","2026-04-10T18:15:48.870Z","aldi","6.5","per 1 KG","0.1 KG"
"DAIRYFINE",,"https://dm.emea.cms.aldi.cx/is/image/aldiprodeu/product/jpg/scaleWidth/232/a4c159b3-ca76-4b90-b406-b1466304e248/Romeo%20Chocolate%20Bars%204%20Pack","Romeo Chocolate Bars 4 Pack",,"false","1.49","https://www.aldi.co.uk/product/dairyfine-romeo-chocolate-bars-4-pack-000000000517935002","chocolate bar","2026-04-10T18:15:48.870Z","aldi","0.75","per 100 G","200 G"
"DAIRYFINE",,"https://dm.emea.cms.aldi.cx/is/image/aldiprodeu/product/jpg/scaleWidth/232/361862eb-4110-4bf9-9970-3ebb2f78d366/Caramel%20Crunch%20Chocolate%20Bars%204%20Pack","Caramel Crunch Chocolate Bars 4 Pack",,"false","1.49","https://www.aldi.co.uk/product/dairyfine-caramel-crunch-chocolate-bars-4-pack-000000000517935001","chocolate bar","2026-04-10T18:15:48.870Z","aldi","0.98","per 100 G","152 G"
"READY, SET…COOK!",,"https://dm.emea.cms.aldi.cx/is/image/aldiprodeu/product/jpg/scaleWidth/232/dc20934c-8c20-43e2-af74-ef4ee83cbe4c/Egg%20Noodles","Egg Noodles",,"false","1.19","https://www.aldi.co.uk/product/ready-set-cook-egg-noodles-000000000000339840","egg noodles","2026-04-10T18:15:55.879Z","aldi","2.9","per 1 KG","0.41 KG"
"READY, SET…COOK!",,"https://dm.emea.cms.aldi.cx/is/image/aldiprodeu/product/jpg/scaleWidth/232/81ae3e6f-e5b3-454f-8fd3-39f40dc2c3e9/Protein%20Egg%20Noodles","Protein Egg Noodles",,"false","0.99","https://www.aldi.co.uk/product/ready-set-cook-protein-egg-noodles-000000000000622328","egg noodles","2026-04-10T18:15:55.879Z","aldi","3.3","per 1 KG","0.3 KG"
"CUCINA",,"https://dm.emea.cms.aldi.cx/is/image/aldiprodeu/product/jpg/scaleWidth/232/a329d78d-8d58-4c7e-906a-551794511554/Egg%20Pappardelle","Egg Pappardelle",,"false","1.19","https://www.aldi.co.uk/product/cucina-egg-pappardelle-000000000000624961","egg noodles","2026-04-10T18:15:55.879Z","aldi","4.76","per 1 KG","0.25 KG"
"SPECIALLY SELECTED",,"https://dm.emea.cms.aldi.cx/is/image/aldiprodeu/product/jpg/scaleWidth/232/967e2f79-2ee8-4530-8cc8-9da499c32a3c/Egg%20Tagliatelle","Egg Tagliatelle",,"false","1.45","https://www.aldi.co.uk/product/specially-selected-egg-tagliatelle-000000000000476098","egg noodles","2026-04-10T18:15:55.879Z","aldi","2.9","per 1 KG","0.5 KG"
"WORLDWIDE FOODS",,"https://dm.emea.cms.aldi.cx/is/image/aldiprodeu/product/jpg/scaleWidth/232/d9a16f0d-4dd2-4213-83ff-42b02086d749/ReadytoHeat%20Egg%20Fried%20Rice","Ready-to-Heat Egg Fried Rice",,"false","0.55","https://www.aldi.co.uk/product/worldwide-foods-ready-to-heat-egg-fried-rice-000000000000653709","egg noodles","2026-04-10T18:15:55.879Z","aldi","0.22","per 100 G","250 G"
"SOLESTA",,"https://dm.emea.cms.aldi.cx/is/image/aldiprodeu/product/jpg/scaleWidth/232/0287dbe3-f04b-469d-951e-4d9c7f4a73fa/Extra%20Virgin%20Olive%20Oil","Extra Virgin Olive Oil",,"false","6.19","https://www.aldi.co.uk/product/solesta-extra-virgin-olive-oil-000000000000488795","olive oil extra virgin","2026-04-10T18:16:03.987Z","aldi","0.62","per 100 ML","1,000 ML"
"THE FISHMONGER",,"https://dm.emea.cms.aldi.cx/is/image/aldiprodeu/product/jpg/scaleWidth/232/f275fc4e-8704-4144-85bb-0a63f7a37651/Anchovies%20in%20Extra%20Virgin%20Olive%20Oil","Anchovies in Extra Virgin Olive Oil",,"false","0.69","https://www.aldi.co.uk/product/the-fishmonger-anchovies-in-extra-virgin-olive-oil-000000000000336472","olive oil extra virgin","2026-04-10T18:16:03.987Z","aldi","1.38","per 100 G","50 G"
"SOLESTA",,"https://dm.emea.cms.aldi.cx/is/image/aldiprodeu/product/jpg/scaleWidth/232/fec894f4-8215-4217-ba11-d5b92768052d/Virgin%20Olive%20Oil%2010%25","Virgin Olive Oil 10%",,"false","5.69","https://www.aldi.co.uk/product/solesta-virgin-olive-oil-10-000000000199833001","olive oil extra virgin","2026-04-10T18:16:03.987Z","aldi","5.69","per 1 L","1 L"
"SOLESTA",,"https://dm.emea.cms.aldi.cx/is/image/aldiprodeu/product/jpg/scaleWidth/232/662ca690-5a44-42c0-99e8-467e332dc3d2/Light%20in%20Colour%20Virgin%20Olive%20Oil%202%25","Light in Colour Virgin Olive Oil 2%",,"false","5.69","https://www.aldi.co.uk/product/solesta-light-in-colour-virgin-olive-oil-2-000000000199833002","olive oil extra virgin","2026-04-10T18:16:03.987Z","aldi","5.69","per 1 L","1 L"
"SOLESTA",,"https://dm.emea.cms.aldi.cx/is/image/aldiprodeu/product/jpg/scaleWidth/232/d20900a6-b0a6-4bbb-b141-45c707b3c109/Spray%20Light%20Olive%20Oil","Spray Light Olive Oil",,"false","1.29","https://www.aldi.co.uk/product/solesta-spray-light-olive-oil-000000000337299002","olive oil extra virgin","2026-04-10T18:16:03.987Z","aldi","6.79","per 1 L","0.19 L"
"AQUA VALE",,"https://dm.emea.cms.aldi.cx/is/image/aldiprodeu/product/jpg/scaleWidth/232/2db91027-aa70-48af-b5fd-3bd9eb6271a6/Still%20Water%206%20Pack","Still Water 6 Pack",,"false","2.25","https://www.aldi.co.uk/product/aqua-vale-still-water-6-pack-000000000000452105","still water","2026-04-10T18:16:11.978Z","aldi","0.02","per 100 ML","12,000 ML"
"AQUA VALE",,"https://dm.emea.cms.aldi.cx/is/image/aldiprodeu/product/jpg/scaleWidth/232/7327959e-74ea-4ab2-be0b-aecd8493cffd/Strawberry%20Flavoured%20Still%20Water","Strawberry Flavoured Still Water",,"false","0.55","https://www.aldi.co.uk/product/aqua-vale-strawberry-flavoured-still-water-000000000336819001","still water","2026-04-10T18:16:11.978Z","aldi","0.55","per 1 L","1 L"
"AQUA VALE",,"https://dm.emea.cms.aldi.cx/is/image/aldiprodeu/product/jpg/scaleWidth/232/a9c4190b-f77e-4e47-ba42-49dc0696bf22/Orange%20%20Peach%20Flavoured%20Still%20Water","Orange & Peach Flavoured Still Water",,"false","0.55","https://www.aldi.co.uk/product/aqua-vale-orange-peach-flavoured-still-water-000000000336819002","still water","2026-04-10T18:16:11.978Z","aldi","0.55","per 1 L","1 L"
"AQUA VALE",,"https://dm.emea.cms.aldi.cx/is/image/aldiprodeu/product/jpg/scaleWidth/232/705b54b5-6e95-4704-b9d9-db7a2055135c/Lemon%20%20Lime%20Flavoured%20Still%20Water","Lemon & Lime Flavoured Still Water",,"false","0.55","https://www.aldi.co.uk/product/aqua-vale-lemon-lime-flavoured-still-water-000000000336819003","still water","2026-04-10T18:16:11.978Z","aldi","0.55","per 1 L","1 L"
"EVERYDAY ESSENTIALS",,"https://dm.emea.cms.aldi.cx/is/image/aldiprodeu/product/jpg/scaleWidth/232/0d762ced-7980-4848-9b18-ad6d684af903/Still%20Spring%20Water","Still Spring Water",,"false","0.39","https://www.aldi.co.uk/product/everyday-essentials-still-spring-water-000000000335833001","still water","2026-04-10T18:16:11.978Z","aldi","0.2","per 1 L","2 L"
"NATURE'S PICK",,"https://dm.emea.cms.aldi.cx/is/image/aldiprodeu/product/jpg/scaleWidth/232/ffe8ef51-a828-4cbe-bbfc-b5647f5a570b/Butternut%20Squash%20Each","Butternut Squash Each",,"false","1.09","https://www.aldi.co.uk/product/nature-s-pick-butternut-squash-each-000000000000339783","squash cordial","2026-04-10T18:16:14.070Z","aldi","1.09","per 1 Each","1 Each"
"SUN QUENCH",,"https://dm.emea.cms.aldi.cx/is/image/aldiprodeu/product/jpg/scaleWidth/232/431bffce-e658-4893-a872-ee7606ce4888/Mixed%20Fruit%20Squash","Mixed Fruit Squash",,"false","1.09","https://www.aldi.co.uk/product/sun-quench-mixed-fruit-squash-000000000556545001","squash cordial","2026-04-10T18:16:14.070Z","aldi","1.09","per 1 L","1 L"
"SPECIALLY SELECTED",,"https://dm.emea.cms.aldi.cx/is/image/aldiprodeu/product/jpg/scaleWidth/232/684e9c6b-94a6-4e5a-a02e-5d1ea37dea51/Butternut%20Squash%20Soup","Butternut Squash Soup",,"false","2.49","https://www.aldi.co.uk/product/specially-selected-butternut-squash-soup-000000000562050004","squash cordial","2026-04-10T18:16:14.070Z","aldi","4.15","per 1 KG","0.6 KG"
"SUN QUENCH",,"https://dm.emea.cms.aldi.cx/is/image/aldiprodeu/product/jpg/scaleWidth/232/e09a9c55-345d-4b07-883c-981e6699f19b/Double%20Strength%20Orange%20Squash","Double Strength Orange Squash",,"false","0.99","https://www.aldi.co.uk/product/sun-quench-double-strength-orange-squash-000000000336000002","squash cordial","2026-04-10T18:16:14.070Z","aldi","0.66","per 1 L","1.5 L"
"SUN QUENCH FRUITY BLAST",,"https://dm.emea.cms.aldi.cx/is/image/aldiprodeu/product/jpg/scaleWidth/232/6a377062-b2bf-4203-a468-22308a48224c/Double%20Strength%20Lemon%20Squash","Double Strength Lemon Squash",,"false","0.99","https://www.aldi.co.uk/product/sun-quench-fruity-blast-double-strength-lemon-squash-000000000336612001","squash cordial","2026-04-10T18:16:14.070Z","aldi","0.66","per 1 L","1.5 L"
"BELMONT",,"https://dm.emea.cms.aldi.cx/is/image/aldiprodeu/product/jpg/scaleWidth/232/e2ca0672-1cda-4d47-8751-75a164d88cc6/Digestive%20Biscuits","Digestive Biscuits",,"false","0.59","https://www.aldi.co.uk/product/belmont-digestive-biscuits-000000000000383279","biscuits digestive","2026-04-10T18:16:23.670Z","aldi","0.15","per 100 G","400 G"
"MCVITIE'S",,"https://dm.emea.cms.aldi.cx/is/image/aldiprodeu/product/jpg/scaleWidth/232/68bda398-60ec-4a43-a09b-e5d76ab50de6/Milk%20Chocolate%20Digestive%20Biscuits","Milk Chocolate Digestive Biscuits",,"false","2.39","https://www.aldi.co.uk/product/mcvitie-s-milk-chocolate-digestive-biscuits-000000000568303001","biscuits digestive","2026-04-10T18:16:23.670Z","aldi","0.55","per 100 G","433 G"
"BELMONT",,"https://dm.emea.cms.aldi.cx/is/image/aldiprodeu/product/jpg/scaleWidth/232/ebf6a051-5773-4f17-88cb-53be7e43a86b/Caramelised%20Biscuits","Caramelised Biscuits",,"false","0.99","https://www.aldi.co.uk/product/belmont-caramelised-biscuits-000000000000385949","biscuits digestive","2026-04-10T18:16:23.670Z","aldi","0.4","per 100 G","250 G"
"EARLS",,"https://dm.emea.cms.aldi.cx/is/image/aldiprodeu/product/jpg/scaleWidth/232/b8522f03-f973-4bd3-a62a-701cb8c54d00/Dog%20Biscuits","Dog Biscuits",,"false","0.89","https://www.aldi.co.uk/product/earls-dog-biscuits-000000000346073002","biscuits digestive","2026-04-10T18:16:23.670Z","aldi","1.78","per 1 KG","0.5 KG"
"BELMONT",,"https://dm.emea.cms.aldi.cx/is/image/aldiprodeu/product/jpg/scaleWidth/232/fffdbe2d-a000-475c-b263-cce3a727fe30/Cookies%20%20Cream","Cookies & Cream",,"false","0.49","https://www.aldi.co.uk/product/belmont-cookies-cream-000000000000383436","biscuits digestive","2026-04-10T18:16:23.670Z","aldi","0.32","per 100 G","154 G"
"SOLESTA",,"https://dm.emea.cms.aldi.cx/is/image/aldiprodeu/product/jpg/scaleWidth/232/c04914c5-73d5-46d9-b204-14ce0c0f3769/Vegetable%20Oil","Vegetable Oil",,"false","1.45","https://www.aldi.co.uk/product/solesta-vegetable-oil-000000000000335872","vegetable oil","2026-04-10T18:16:24.444Z","aldi","0.15","per 100 ML","1,000 ML"
"SOLESTA",,"https://dm.emea.cms.aldi.cx/is/image/aldiprodeu/product/jpg/scaleWidth/232/a9fbc290-0f1d-402c-a534-d1e1ea7150a9/Sunflower%20Oil","Sunflower Oil",,"false","1.49","https://www.aldi.co.uk/product/solesta-sunflower-oil-000000000000198481","vegetable oil","2026-04-10T18:16:24.444Z","aldi","0.15","per 100 ML","1,000 ML"
"SPECIALLY SELECTED",,"https://dm.emea.cms.aldi.cx/is/image/aldiprodeu/product/jpg/scaleWidth/232/36c3a082-a303-4d38-8cac-8a2e20b0629d/British%20Rapeseed%20Oil","British Rapeseed Oil",,"false","2.75","https://www.aldi.co.uk/product/specially-selected-british-rapeseed-oil-000000000000335573","vegetable oil","2026-04-10T18:16:24.444Z","aldi","0.55","per 100 ML","500 ML"
"FOUR SEASONS",,"https://dm.emea.cms.aldi.cx/is/image/aldiprodeu/product/jpg/scaleWidth/232/2d44b83d-49c7-4202-8efa-b80af505dd42/Mixed%20Vegetables","Mixed Vegetables",,"false","0.99","https://www.aldi.co.uk/product/four-seasons-mixed-vegetables-000000000000366028","vegetable oil","2026-04-10T18:16:24.444Z","aldi","0.99","per 1 KG","1 KG"
"BRAMWELLS",,"https://dm.emea.cms.aldi.cx/is/image/aldiprodeu/product/jpg/scaleWidth/232/68bd57b0-2ece-4805-8452-00ff4443d1b2/Vegetable%20Soup","Vegetable Soup",,"false","0.59","https://www.aldi.co.uk/product/bramwells-vegetable-soup-000000000335613001","vegetable oil","2026-04-10T18:16:24.444Z","aldi","1.48","per 1 KG","0.4 KG"
"READY, SET…COOK!",,"https://dm.emea.cms.aldi.cx/is/image/aldiprodeu/product/jpg/scaleWidth/232/7393bf99-4291-4854-974e-4c58702426e3/Rice%20Noodles","Rice Noodles",,"false","0.99","https://www.aldi.co.uk/product/ready-set-cook-rice-noodles-000000000340666001","rice noodles","2026-04-10T18:16:27.168Z","aldi","3.3","per 1 KG","0.3 KG"
"WORLDWIDE FOODS",,"https://dm.emea.cms.aldi.cx/is/image/aldiprodeu/product/jpg/scaleWidth/232/b09a6487-a891-47c0-8482-bde7c185b9c8/Basmati%20Rice","Basmati Rice",,"false","1.79","https://www.aldi.co.uk/product/worldwide-foods-basmati-rice-000000000000262344","rice noodles","2026-04-10T18:16:27.168Z","aldi","1.79","per 1 KG","1 KG"
"CUCINA",,"https://dm.emea.cms.aldi.cx/is/image/aldiprodeu/product/jpg/scaleWidth/232/230040cd-2d27-4487-b4cc-49cd82e5ab47/Arborio%20Rice","Arborio Rice",,"false","2.49","https://www.aldi.co.uk/product/cucina-arborio-rice-000000000000262588","rice noodles","2026-04-10T18:16:27.168Z","aldi","2.49","per 1 KG","1 KG"
"WORLDWIDE FOODS",,"https://dm.emea.cms.aldi.cx/is/image/aldiprodeu/product/jpg/scaleWidth/232/0b086c40-97e7-43a3-9fd2-79de35942b6e/Brown%20Rice","Brown Rice",,"false","1.39","https://www.aldi.co.uk/product/worldwide-foods-brown-rice-000000000000467442","rice noodles","2026-04-10T18:16:27.168Z","aldi","1.39","per 1 KG","1 KG"
"WORLDWIDE FOODS",,"https://dm.emea.cms.aldi.cx/is/image/aldiprodeu/product/jpg/scaleWidth/232/b710ee4d-5bc9-4806-8861-c4341fcd24a0/Pilau%20Rice","Pilau Rice",,"false","0.45","https://www.aldi.co.uk/product/worldwide-foods-pilau-rice-000000000000653690","rice noodles","2026-04-10T18:16:27.168Z","aldi","1.8","per 1 KG","0.25 KG"
"SOLESTA",,"https://dm.emea.cms.aldi.cx/is/image/aldiprodeu/product/jpg/scaleWidth/232/a9fbc290-0f1d-402c-a534-d1e1ea7150a9/Sunflower%20Oil","Sunflower Oil",,"false","1.49","https://www.aldi.co.uk/product/solesta-sunflower-oil-000000000000198481","sunflower oil","2026-04-10T18:16:35.154Z","aldi","0.15","per 100 ML","1,000 ML"
"THE FISHMONGER",,"https://dm.emea.cms.aldi.cx/is/image/aldiprodeu/product/jpg/scaleWidth/232/d4cd13b8-2944-4ea6-a1d5-23662cdd6cb5/Mackerel%20Fillets%20in%20Sunflower%20Oil","Mackerel Fillets in Sunflower Oil",,"false","0.89","https://www.aldi.co.uk/product/the-fishmonger-mackerel-fillets-in-sunflower-oil-000000000000201734","sunflower oil","2026-04-10T18:16:35.154Z","aldi","1.01","per 100 G","88 G"
"SOLESTA",,"https://dm.emea.cms.aldi.cx/is/image/aldiprodeu/product/jpg/scaleWidth/232/6c735cce-aeb3-43d6-a561-27af208e4e1c/Spray%20Light%20Sunflower%20Oil","Spray Light Sunflower Oil",,"false","1.29","https://www.aldi.co.uk/product/solesta-spray-light-sunflower-oil-000000000337299001","sunflower oil","2026-04-10T18:16:35.154Z","aldi","6.79","per 1 L","0.19 L"
"THE FISHMONGER",,"https://dm.emea.cms.aldi.cx/is/image/aldiprodeu/product/jpg/scaleWidth/232/63824cec-5aa5-4c66-8ff6-8931c889842f/Tuna%20Chunks%20in%20Sunflower%20Oil%204%20Pack","Tuna Chunks in Sunflower Oil 4 Pack",,"false","2.49","https://www.aldi.co.uk/product/the-fishmonger-tuna-chunks-in-sunflower-oil-4-pack-000000000000227643","sunflower oil","2026-04-10T18:16:35.154Z","aldi","6.1","per 1 Kg","0.408 Kg drained"
"THE FISHMONGER",,"https://dm.emea.cms.aldi.cx/is/image/aldiprodeu/product/jpg/scaleWidth/232/5a0067b0-7199-4ffb-ac92-e7ba52d40258/Tuna%20Chunks%20In%20Sunflower%20Oil%204%20Pack","Tuna Chunks In Sunflower Oil 4 Pack",,"false","0.65","https://www.aldi.co.uk/product/the-fishmonger-tuna-chunks-in-sunflower-oil-4-pack-000000000000227660","sunflower oil","2026-04-10T18:16:35.154Z","aldi","0.64","per 100 G","102 G"
"BRAMWELLS",,"https://dm.emea.cms.aldi.cx/is/image/aldiprodeu/product/jpg/scaleWidth/232/ec2a14d2-c81c-46e9-993d-3a83bbfce909/Baked%20Beans%20with%20Sausages","Baked Beans with Sausages","Was £0.59","true","0.55","https://www.aldi.co.uk/product/bramwells-baked-beans-with-sausages-000000000000635009","baked beans","2026-04-10T18:16:35.341Z","aldi","0.14","per 100 G","400 G"
"EVERYDAY ESSENTIALS",,"https://dm.emea.cms.aldi.cx/is/image/aldiprodeu/product/jpg/scaleWidth/232/8fbbc06e-b493-4b39-999f-43547ef27ddb/Baked%20Beans%20in%20Tomato%20Sauce","Baked Beans in Tomato Sauce",,"false","0.27","https://www.aldi.co.uk/product/everyday-essentials-baked-beans-in-tomato-sauce-000000000000541280","baked beans","2026-04-10T18:16:35.341Z","aldi","0.07","per 100 G","410 G"
"BRAMWELLS",,"https://dm.emea.cms.aldi.cx/is/image/aldiprodeu/product/jpg/scaleWidth/232/4017e82b-e4ac-42e3-a2f6-0788d91bae3b/Baked%20Beans%20in%20a%20Rich%20Tomato%20Sauce","Baked Beans in a Rich Tomato Sauce",,"false","0.4","https://www.aldi.co.uk/product/bramwells-baked-beans-in-a-rich-tomato-sauce-000000000000541364","baked beans","2026-04-10T18:16:35.341Z","aldi","0.1","per 100 G","410 G"
"CRESTWOOD",,"https://dm.emea.cms.aldi.cx/is/image/aldiprodeu/product/jpg/scaleWidth/232/7111d714-9847-41b6-9877-a387ae5ee367/Sausage%20Bean%20%20Cheese%20Bakes%202%20Pack","Sausage, Bean & Cheese Bakes 2 Pack",,"false","1.39","https://www.aldi.co.uk/product/crestwood-sausage-bean-cheese-bakes-2-pack-000000000552301001","baked beans","2026-04-10T18:16:35.341Z","aldi","4.51","per 1 KG","0.308 KG"
"PLANT MENU",,"https://dm.emea.cms.aldi.cx/is/image/aldiprodeu/product/jpg/scaleWidth/232/7c0707e4-48cf-47d3-b442-91781f08e25c/No%20Sausage%20Bean%20%20Vegan%20Melt%20Bakes%202%20Pack","No Sausage Bean & Vegan Melt Bakes 2 Pack","Was £0.89","true","0.69","https://www.aldi.co.uk/product/plant-menu-no-sausage-bean-vegan-melt-bakes-2-pack-000000000371355007","baked beans","2026-04-10T18:16:35.341Z","aldi","0.25","per 100 G","280 G"
"FOUR SEASONS",,"https://dm.emea.cms.aldi.cx/is/image/aldiprodeu/product/jpg/scaleWidth/232/34ea5096-ff13-4e22-88e6-8bb0f03c1581/Garden%20Peas","Garden Peas",,"false","1.15","https://www.aldi.co.uk/product/four-seasons-garden-peas-000000000000366805","frozen peas","2026-04-10T18:16:45.776Z","aldi","1.28","per 1 KG","0.9 KG"
"BIRDSEYE",,"https://dm.emea.cms.aldi.cx/is/image/aldiprodeu/product/jpg/scaleWidth/232/bc1a5fc5-4a04-4519-8da4-f0255acba86f/Garden%20Peas","Garden Peas",,"false","2.25","https://www.aldi.co.uk/product/birdseye-garden-peas-000000000000371215","frozen peas","2026-04-10T18:16:45.776Z","aldi","2.81","per 1 KG","0.8 KG"
"FOUR SEASONS",,"https://dm.emea.cms.aldi.cx/is/image/aldiprodeu/product/jpg/scaleWidth/232/ddcf3f80-4e11-44e9-9268-951deb4fa0e3/Marrowfat%20Peas","Marrowfat Peas",,"false","0.39","https://www.aldi.co.uk/product/four-seasons-marrowfat-peas-000000000000335551","frozen peas","2026-04-10T18:16:45.776Z","aldi","0.13","per 100 G","300 G"
"FOUR SEASONS",,"https://dm.emea.cms.aldi.cx/is/image/aldiprodeu/product/jpg/scaleWidth/232/bd73ce18-7b24-4694-b1be-b40a391b44af/Mushy%20Peas","Mushy Peas",,"false","0.39","https://www.aldi.co.uk/product/four-seasons-mushy-peas-000000000000335811","frozen peas","2026-04-10T18:16:45.776Z","aldi","0.13","per 100 G","300 G"
"EVERYDAY ESSENTIALS",,"https://dm.emea.cms.aldi.cx/is/image/aldiprodeu/product/jpg/scaleWidth/232/f0ec6314-af62-4c18-b5cf-619c1ba6b1bb/Garden%20Peas%20in%20Water","Garden Peas in Water",,"false","0.28","https://www.aldi.co.uk/product/everyday-essentials-garden-peas-in-water-000000000000335577","frozen peas","2026-04-10T18:16:45.776Z","aldi","0.15","per 100 G","185 G"
"GIANNI'S",,"https://dm.emea.cms.aldi.cx/is/image/aldiprodeu/product/jpg/scaleWidth/232/b2214441-3e05-4847-9cca-b209a3d3d361/Cookies%20%20Chocolate%20Whippy%20Cones%204%20Pack","Cookies & Chocolate Whippy Cones 4 Pack",,"false","2.69","https://www.aldi.co.uk/product/gianni-s-cookies-chocolate-whippy-cones-4-pack-000000000616610002","biscuits chocolate","2026-04-10T18:16:52.898Z","aldi","4.8","per 1 L","0.56 L"
"BELMONT",,"https://dm.emea.cms.aldi.cx/is/image/aldiprodeu/product/jpg/scaleWidth/232/a83e5ae4-bbec-4490-9e27-304dc5fed85a/Chocolate%20Chunk%20Cookies","Chocolate Chunk Cookies",,"false","0.99","https://www.aldi.co.uk/product/belmont-chocolate-chunk-cookies-000000000000464913","biscuits chocolate","2026-04-10T18:16:52.898Z","aldi","0.5","per 100 G","200 G"
"EVERYDAY ESSENTIALS",,"https://dm.emea.cms.aldi.cx/is/image/aldiprodeu/product/jpg/scaleWidth/232/38beb9e1-5a9b-42ff-9c94-29a53b2fb6f0/Chocolate%20Chip%20Cookies","Chocolate Chip Cookies",,"false","0.65","https://www.aldi.co.uk/product/everyday-essentials-chocolate-chip-cookies-000000000000588361","biscuits chocolate","2026-04-10T18:16:52.898Z","aldi","0.26","per 100 G","250 G"
"SPECIALLY SELECTED",,"https://dm.emea.cms.aldi.cx/is/image/aldiprodeu/product/jpg/scaleWidth/232/a1303344-4f72-426e-a0f2-b14cd5e1bcdb/Quadruple%20Chocolate%20Cookies","Quadruple Chocolate Cookies",,"false","1.99","https://www.aldi.co.uk/product/specially-selected-quadruple-chocolate-cookies-000000000383318002","biscuits chocolate","2026-04-10T18:16:52.898Z","aldi","9.95","per 1 KG","0.2 KG"
"BELMONT",,"https://dm.emea.cms.aldi.cx/is/image/aldiprodeu/product/jpg/scaleWidth/232/25b4ba4c-c869-41ca-ba05-c0d2270cb3b1/Triple%20Chocolate%20Cookies","Triple Chocolate Cookies",,"false","0.99","https://www.aldi.co.uk/product/belmont-triple-chocolate-cookies-000000000386828002","biscuits chocolate","2026-04-10T18:16:52.898Z","aldi","4.95","per 1 KG","0.2 KG"
"THE PANTRY",,"https://dm.emea.cms.aldi.cx/is/image/aldiprodeu/product/jpg/scaleWidth/232/9874d9c8-3ef4-428e-a240-bfb89e936dbf/Plain%20Flour","Plain Flour",,"false","0.7","https://www.aldi.co.uk/product/the-pantry-plain-flour-000000000000382617","plain flour","2026-04-10T18:17:01.683Z","aldi","0.47","per 1 KG","1.5 KG"
"THE PANTRY",,"https://dm.emea.cms.aldi.cx/is/image/aldiprodeu/product/jpg/scaleWidth/232/208edda4-7705-4f82-baa3-420e05203306/Self%20Raising%20Flour","Self Raising Flour",,"false","0.7","https://www.aldi.co.uk/product/the-pantry-self-raising-flour-000000000000382618","plain flour","2026-04-10T18:17:01.683Z","aldi","0.47","per 1 KG","1.5 KG"
"THE PANTRY",,"https://dm.emea.cms.aldi.cx/is/content/aldiprodeu/GB%20Fallback%20Image%203-no%20text","Wholemeal Bread Flour",,"false","0.99","https://www.aldi.co.uk/product/the-pantry-wholemeal-bread-flour-000000000000518582","plain flour","2026-04-10T18:17:01.683Z","aldi","0.66","per 1 KG","1.5 KG"
"THE PANTRY",,"https://dm.emea.cms.aldi.cx/is/image/aldiprodeu/product/jpg/scaleWidth/232/89706636-8c85-4df3-9d7c-e1718d36f458/Strong%20White%20Bread%20Flour","Strong White Bread Flour",,"false","1.09","https://www.aldi.co.uk/product/the-pantry-strong-white-bread-flour-000000000000480603","plain flour","2026-04-10T18:17:01.683Z","aldi","0.73","per 1 KG","1.5 KG"
"BILASH",,"https://dm.emea.cms.aldi.cx/is/image/aldiprodeu/product/jpg/scaleWidth/232/ebbc112c-66ee-4d5e-aa5f-40e218844664/Plain%20Naan%20Breads","Plain Naan Breads",,"false","0.69","https://www.aldi.co.uk/product/bilash-plain-naan-breads-000000000000383275","plain flour","2026-04-10T18:17:01.683Z","aldi","0.35","per 1 Each","2 Each"
"EVERYDAY ESSENTIALS",,"https://dm.emea.cms.aldi.cx/is/image/aldiprodeu/product/jpg/scaleWidth/232/176db4ee-2596-4f94-bb37-180c453522a0/Chopped%20Tomatoes%20in%20Tomato%20Juice","Chopped Tomatoes in Tomato Juice",,"false","0.43","https://www.aldi.co.uk/product/everyday-essentials-chopped-tomatoes-in-tomato-juice-000000000000278702","chopped tomatoes","2026-04-10T18:17:09.652Z","aldi","0.11","per 100 G","400 G"
"CUCINA",,"https://dm.emea.cms.aldi.cx/is/image/aldiprodeu/product/jpg/scaleWidth/232/d0aed977-f72b-4f96-bed7-36aa9dee8e55/Chopped%20Tomatoes%20in%20a%20Rich%20Tomato%20Juice","Chopped Tomatoes in a Rich Tomato Juice",,"false","0.47","https://www.aldi.co.uk/product/cucina-chopped-tomatoes-in-a-rich-tomato-juice-000000000000278588","chopped tomatoes","2026-04-10T18:17:09.652Z","aldi","0.12","per 100 G","400 G"
"CUCINA",,"https://dm.emea.cms.aldi.cx/is/image/aldiprodeu/product/jpg/scaleWidth/232/5a147b58-43a8-489d-a048-c095f5c4f39e/Chunky%20Chopped%20Tomatoes%20with%20Herbs%20in%20Tomato%20Juice","Chunky Chopped Tomatoes with Herbs in Tomato Juice",,"false","0.69","https://www.aldi.co.uk/product/cucina-chunky-chopped-tomatoes-with-herbs-in-tomato-juice-000000000000278593","chopped tomatoes","2026-04-10T18:17:09.652Z","aldi","0.17","per 100 G","400 G"
"EVERYDAY ESSENTIALS",,"https://dm.emea.cms.aldi.cx/is/image/aldiprodeu/product/jpg/scaleWidth/232/642f2f02-563a-4803-a007-f8b889680089/Peeled%20Plum%20Tomatoes%20in%20Tomato%20Juice","Peeled Plum Tomatoes in Tomato Juice",,"false","0.43","https://www.aldi.co.uk/product/everyday-essentials-peeled-plum-tomatoes-in-tomato-juice-000000000000278692","chopped tomatoes","2026-04-10T18:17:09.652Z","aldi","0.11","per 100 G","400 G"
"SPECIALLY SELECTED",,"https://dm.emea.cms.aldi.cx/is/image/aldiprodeu/product/jpg/scaleWidth/232/60367d3f-ad99-47d9-8a4f-fd0e0c02e3de/Cherry%20Tomatoes%20in%20Rich%20Tomato%20Juice","Cherry Tomatoes in Rich Tomato Juice",,"false","0.75","https://www.aldi.co.uk/product/specially-selected-cherry-tomatoes-in-rich-tomato-juice-000000000000278727","chopped tomatoes","2026-04-10T18:17:09.652Z","aldi","0.19","per 100 G","400 G"
"POWER FORCE",,"https://dm.emea.cms.aldi.cx/is/image/aldiprodeu/product/jpg/scaleWidth/232/3dfdb1a9-84d3-4288-990f-240bf8c8d34c/Washing%20Up%20Liquid","Washing Up Liquid",,"false","1.09","https://www.aldi.co.uk/product/power-force-washing-up-liquid-000000000000505664","washing up liquid","2026-04-10T18:17:15.693Z","aldi","1.09","per 1 L","1 L"
"POWER FORCE",,"https://dm.emea.cms.aldi.cx/is/image/aldiprodeu/product/jpg/scaleWidth/232/820ce420-b144-4ca6-9b26-4a48d49f1d92/Washing%20Up%20Liquid","Washing Up Liquid",,"false","0.62","https://www.aldi.co.uk/product/power-force-washing-up-liquid-000000000519249001","washing up liquid","2026-04-10T18:17:15.693Z","aldi","1.24","per 1 L","0.5 L"
"FAIRY",,"https://dm.emea.cms.aldi.cx/is/image/aldiprodeu/product/jpg/scaleWidth/232/c8a2ef43-b55f-459d-8977-8fe5ff6ba07a/Washing%20Up%20Liquid","Washing Up Liquid",,"false","0.89","https://www.aldi.co.uk/product/fairy-washing-up-liquid-000000000000540616","washing up liquid","2026-04-10T18:17:15.693Z","aldi","2.78","per 1 L","0.32 L"
"POWER FORCE",,"https://dm.emea.cms.aldi.cx/is/image/aldiprodeu/product/jpg/scaleWidth/232/720a5bbd-fb9c-4489-ae10-ca4937911902/AntiBacterial%20Washing%20Up%20Liquid%20Eucalyptus","Anti-Bacterial Washing Up Liquid Eucalyptus",,"false","0.79","https://www.aldi.co.uk/product/power-force-anti-bacterial-washing-up-liquid-eucalyptus-000000000633099001","washing up liquid","2026-04-10T18:17:15.693Z","aldi",,,""
"PREMIER",,"https://dm.emea.cms.aldi.cx/is/image/aldiprodeu/product/jpg/scaleWidth/232/51112eb8-c346-41fe-85d1-f7d021092b19/Washing%20Up%20Bowl","Washing Up Bowl",,"false","1.29","https://www.aldi.co.uk/product/premier-washing-up-bowl-000000000718568001","washing up liquid","2026-04-10T18:17:15.693Z","aldi","1.29","per 1 Each","1 Each"
"FOUR SEASONS",,"https://dm.emea.cms.aldi.cx/is/image/aldiprodeu/product/jpg/scaleWidth/232/b031169e-11c8-4613-963c-fcbdcb59afd5/Chickpeas","Chickpeas","Was £0.49","true","0.45","https://www.aldi.co.uk/product/four-seasons-chickpeas-000000000000625258","chickpeas tinned","2026-04-10T18:17:30.493Z","aldi","0.19","per 100 G","240 G"
"FREE FROM",,"https://dm.emea.cms.aldi.cx/is/image/aldiprodeu/product/jpg/scaleWidth/232/89dc3fbb-bd9b-4fe1-89be-026434abeeb8/Chickpea%20Fusilli","Chickpea Fusilli","Was £1.25","true","0.69","https://www.aldi.co.uk/product/free-from-chickpea-fusilli-000000000335701003","chickpeas tinned","2026-04-10T18:17:30.493Z","aldi","2.76","per 1 KG","0.25 KG"
"DAIRYFINE",,"https://dm.emea.cms.aldi.cx/is/image/aldiprodeu/product/jpg/scaleWidth/232/4821891a-0937-4b66-9c34-7afa869d3a58/Easter%20Munch%20Mix%20Tin","Easter Munch Mix Tin","Was £5.99","true","2.99","https://www.aldi.co.uk/product/dairyfine-easter-munch-mix-tin-000000000595881001","chickpeas tinned","2026-04-10T18:17:30.493Z","aldi","8.54","per 1 KG","0.35 KG"
"FOUR SEASONS",,"https://dm.emea.cms.aldi.cx/is/image/aldiprodeu/product/jpg/scaleWidth/232/1a67998f-35ff-4d9c-8857-8666bd6125a8/Tinned%20Black%20BeansGreen%20Lentils","Tinned Black Beans/Green Lentils",,"false","0.49","https://www.aldi.co.uk/product/four-seasons-tinned-black-beans-green-lentils-000000000627180001","chickpeas tinned","2026-04-10T18:17:30.493Z","aldi","1.23","per 1 KG","0.4 KG"
"FOUR SEASONS",,"https://dm.emea.cms.aldi.cx/is/image/aldiprodeu/product/jpg/scaleWidth/232/705229ea-da06-4bdf-92d4-fdf39e4b077b/Tinned%20Black%20BeansGreen%20Lentils","Tinned Black Beans/Green Lentils",,"false","0.49","https://www.aldi.co.uk/product/four-seasons-tinned-black-beans-green-lentils-000000000627180002","chickpeas tinned","2026-04-10T18:17:30.493Z","aldi","1.23","per 1 KG","0.4 KG"
"FOUR SEASONS",,"https://dm.emea.cms.aldi.cx/is/image/aldiprodeu/product/jpg/scaleWidth/232/d31ece0d-3c11-48e3-9a6d-5020e206adf4/Sweetcorn","Sweetcorn",,"false","1.49","https://www.aldi.co.uk/product/four-seasons-sweetcorn-000000000000262686","frozen sweetcorn","2026-04-10T18:17:31.373Z","aldi","1.49","per 1 KG","1 KG"
"NATURE'S PICK",,"https://dm.emea.cms.aldi.cx/is/image/aldiprodeu/product/jpg/scaleWidth/232/f206f4bc-3825-4fec-8eba-c06b4b078732/British%20Sweetcorn","British Sweetcorn",,"false","1.29","https://www.aldi.co.uk/product/nature-s-pick-british-sweetcorn-000000000000339993","frozen sweetcorn","2026-04-10T18:17:31.373Z","aldi","0.65","per 1 Each","2 Each"
"THE DELI",,"https://dm.emea.cms.aldi.cx/is/image/aldiprodeu/product/jpg/scaleWidth/232/d761d9c7-18d2-4087-b7e7-4d2245fd9bf5/Chicken%20%20Sweetcorn","Chicken & Sweetcorn",,"false","1.45","https://www.aldi.co.uk/product/the-deli-chicken-sweetcorn-000000000400912003","frozen sweetcorn","2026-04-10T18:17:31.373Z","aldi","0.66","per 100 G","220 G"
"FOUR SEASONS",,"https://dm.emea.cms.aldi.cx/is/image/aldiprodeu/product/jpg/scaleWidth/232/ce5cdc3c-0b01-4841-9815-c5896067d635/Supersweet%20Sweetcorn%20in%20Water","Supersweet Sweetcorn in Water",,"false","0.55","https://www.aldi.co.uk/product/four-seasons-supersweet-sweetcorn-in-water-000000000000274512","frozen sweetcorn","2026-04-10T18:17:31.373Z","aldi","0.19","per 100 G","285 G"
"FOUR SEASONS",,"https://dm.emea.cms.aldi.cx/is/image/aldiprodeu/product/jpg/scaleWidth/232/ddf867ff-8d03-4fad-8ea6-09b2eca784a1/Sweetcorn%20in%20Water%204%20Pack","Sweetcorn in Water 4 Pack",,"false","1.85","https://www.aldi.co.uk/product/four-seasons-sweetcorn-in-water-4-pack-000000000000275576","frozen sweetcorn","2026-04-10T18:17:31.373Z","aldi","1.12","per 100 G","165 G"
"LACURA",,"https://dm.emea.cms.aldi.cx/is/image/aldiprodeu/product/jpg/scaleWidth/232/eed4971b-f606-4041-bef0-27b07eb65925/Antibacterial%20Handwash","Antibacterial Handwash",,"false","0.55","https://www.aldi.co.uk/product/lacura-antibacterial-handwash-000000000463567004","surface cleaner antibacterial","2026-04-10T18:17:31.879Z","aldi","1.1","per 1 L","0.5 L"
"POWER FORCE",,"https://dm.emea.cms.aldi.cx/is/image/aldiprodeu/product/jpg/scaleWidth/232/16aea84d-8c9b-4c27-b894-0979186a7757/Biodegradable%20Surface%20Wipes","Biodegradable Surface Wipes",,"false","1.15","https://www.aldi.co.uk/product/power-force-biodegradable-surface-wipes-000000000563052001","surface cleaner antibacterial","2026-04-10T18:17:31.879Z","aldi","1.15","per 1 Pack","1 Pack"
"POWER FORCE",,"https://dm.emea.cms.aldi.cx/is/image/aldiprodeu/product/jpg/scaleWidth/232/3415933e-606d-4b4e-ae36-3fe458fb2df4/Cleaner","Cleaner",,"false","0.85","https://www.aldi.co.uk/product/power-force-cleaner-000000000541528001","surface cleaner antibacterial","2026-04-10T18:17:31.879Z","aldi","1.13","per 1 L","0.75 L"
"FERREX",,"https://dm.emea.cms.aldi.cx/is/image/aldiprodeu/product/jpg/scaleWidth/232/95b8b086-1704-446e-8a60-cc3b45557ae6/Patio%20and%20Wall%20Cleaner","Patio and Wall Cleaner",,"false","19.99","https://www.aldi.co.uk/product/ferrex-patio-and-wall-cleaner-000000000000706496","surface cleaner antibacterial","2026-04-10T18:17:31.879Z","aldi","19.99","per 1 Each","1 Each"
"AMBIANO",,"https://dm.emea.cms.aldi.cx/is/image/aldiprodeu/product/jpg/scaleWidth/232/81a05d5a-b66c-4cea-a0ae-99ee798894a7/Mites%20Vacuum%20Cleaner","Mites Vacuum Cleaner",,"false","24.99","https://www.aldi.co.uk/product/ambiano-mites-vacuum-cleaner-000000000000704942","surface cleaner antibacterial","2026-04-10T18:17:31.879Z","aldi","24.99","per 1 Each","1 Each"
"THE PANTRY",,"https://dm.emea.cms.aldi.cx/is/image/aldiprodeu/product/jpg/scaleWidth/232/208edda4-7705-4f82-baa3-420e05203306/Self%20Raising%20Flour","Self Raising Flour",,"false","0.7","https://www.aldi.co.uk/product/the-pantry-self-raising-flour-000000000000382618","self raising flour","2026-04-10T18:17:42.989Z","aldi","0.47","per 1 KG","1.5 KG"
"THE PANTRY",,"https://dm.emea.cms.aldi.cx/is/image/aldiprodeu/product/jpg/scaleWidth/232/9874d9c8-3ef4-428e-a240-bfb89e936dbf/Plain%20Flour","Plain Flour",,"false","0.7","https://www.aldi.co.uk/product/the-pantry-plain-flour-000000000000382617","self raising flour","2026-04-10T18:17:42.989Z","aldi","0.47","per 1 KG","1.5 KG"
"THE PANTRY",,"https://dm.emea.cms.aldi.cx/is/content/aldiprodeu/GB%20Fallback%20Image%203-no%20text","Wholemeal Bread Flour",,"false","0.99","https://www.aldi.co.uk/product/the-pantry-wholemeal-bread-flour-000000000000518582","self raising flour","2026-04-10T18:17:42.989Z","aldi","0.66","per 1 KG","1.5 KG"
"BELAVI",,"https://dm.emea.cms.aldi.cx/is/image/aldiprodeu/product/jpg/scaleWidth/232/b501b7ab-63a1-4caf-b868-bc9d2eba0b2c/Childrens%20Raised%20Planter","Children's Raised Planter",,"false","24.99","https://www.aldi.co.uk/product/belavi-children-s-raised-planter-000000000711229001","self raising flour","2026-04-10T18:17:42.989Z","aldi",,,""
"THE PANTRY",,"https://dm.emea.cms.aldi.cx/is/image/aldiprodeu/product/jpg/scaleWidth/232/89706636-8c85-4df3-9d7c-e1718d36f458/Strong%20White%20Bread%20Flour","Strong White Bread Flour",,"false","1.09","https://www.aldi.co.uk/product/the-pantry-strong-white-bread-flour-000000000000480603","self raising flour","2026-04-10T18:17:42.989Z","aldi","0.73","per 1 KG","1.5 KG"
"FOUR SEASONS",,"https://dm.emea.cms.aldi.cx/is/image/aldiprodeu/product/jpg/scaleWidth/232/2d44b83d-49c7-4202-8efa-b80af505dd42/Mixed%20Vegetables","Mixed Vegetables",,"false","0.99","https://www.aldi.co.uk/product/four-seasons-mixed-vegetables-000000000000366028","frozen mixed vegetables","2026-04-10T18:17:43.397Z","aldi","0.99","per 1 KG","1 KG"
"FOUR SEASONS",,"https://dm.emea.cms.aldi.cx/is/image/aldiprodeu/product/jpg/scaleWidth/232/182fcd70-35cd-4687-9f26-1cfcb9d1684a/Country%20Vegetable%20Mix","Country Vegetable Mix",,"false","1.39","https://www.aldi.co.uk/product/four-seasons-country-vegetable-mix-000000000000365250","frozen mixed vegetables","2026-04-10T18:17:43.397Z","aldi","1.39","per 1 KG","1 KG"
"NATURE'S PICK",,"https://dm.emea.cms.aldi.cx/is/image/aldiprodeu/product/jpg/scaleWidth/232/5e2e9f22-d0b7-4ed5-8257-43c1c3693480/Mixed%20Chillies","Mixed Chillies",,"false","0.55","https://www.aldi.co.uk/product/nature-s-pick-mixed-chillies-000000000340668001","frozen mixed vegetables","2026-04-10T18:17:43.397Z","aldi","8.46","per 1 KG","0.065 KG"
"NATURE'S PICK",,"https://dm.emea.cms.aldi.cx/is/image/aldiprodeu/product/jpg/scaleWidth/232/7cb5ae7c-0838-4709-9081-afa2f857554a/Mixed%20Peppers","Mixed Peppers",,"false","1.79","https://www.aldi.co.uk/product/nature-s-pick-mixed-peppers-000000000000275392","frozen mixed vegetables","2026-04-10T18:17:43.397Z","aldi","0.6","per 1 Each","3 Each"
"FOUR SEASONS",,"https://dm.emea.cms.aldi.cx/is/image/aldiprodeu/product/jpg/scaleWidth/232/e47a7921-e8ab-4ccb-ad63-0f394333f804/Frozen%20Green%20Smoothie%20Mix","Frozen Green Smoothie Mix",,"false","1.75","https://www.aldi.co.uk/product/four-seasons-frozen-green-smoothie-mix-000000000285753001","frozen mixed vegetables","2026-04-10T18:17:43.397Z","aldi","3.5","per 1 KG","0.5 KG"
"EVERYDAY ESSENTIALS",,"https://dm.emea.cms.aldi.cx/is/content/aldiprodeu/GB%20Fallback%20Image%203-no%20text","Red Kidney Beans",,"false","0.33","https://www.aldi.co.uk/product/everyday-essentials-red-kidney-beans-000000000000623466","kidney beans tinned","2026-04-10T18:17:50.375Z","aldi","0.13","per 100 G","255 G"
"FOUR SEASONS",,"https://dm.emea.cms.aldi.cx/is/image/aldiprodeu/product/jpg/scaleWidth/232/42c7e646-5dab-4aa3-9fbb-be3184fd931c/Red%20Kidney%20Beans%20in%20Water","Red Kidney Beans in Water",,"false","0.42","https://www.aldi.co.uk/product/four-seasons-red-kidney-beans-in-water-000000000000284569","kidney beans tinned","2026-04-10T18:17:50.375Z","aldi","0.18","per 100 G","240 G"
"FOUR SEASONS",,"https://dm.emea.cms.aldi.cx/is/image/aldiprodeu/product/jpg/scaleWidth/232/d94aa39a-888c-4f5a-8475-e48f5ddbaede/Midly%20Spiced%20Red%20Kidney%20Beans%20in%20Chilli%20Sauce","Midly Spiced Red Kidney Beans in Chilli Sauce",,"false","0.69","https://www.aldi.co.uk/product/four-seasons-midly-spiced-red-kidney-beans-in-chilli-sauce-000000000336007001","kidney beans tinned","2026-04-10T18:17:50.375Z","aldi","0.18","per 100 G","390 G"
"FOUR SEASONS",,"https://dm.emea.cms.aldi.cx/is/image/aldiprodeu/product/jpg/scaleWidth/232/1a67998f-35ff-4d9c-8857-8666bd6125a8/Tinned%20Black%20BeansGreen%20Lentils","Tinned Black Beans/Green Lentils",,"false","0.49","https://www.aldi.co.uk/product/four-seasons-tinned-black-beans-green-lentils-000000000627180001","kidney beans tinned","2026-04-10T18:17:50.375Z","aldi","1.23","per 1 KG","0.4 KG"
"FOUR SEASONS",,"https://dm.emea.cms.aldi.cx/is/image/aldiprodeu/product/jpg/scaleWidth/232/705229ea-da06-4bdf-92d4-fdf39e4b077b/Tinned%20Black%20BeansGreen%20Lentils","Tinned Black Beans/Green Lentils",,"false","0.49","https://www.aldi.co.uk/product/four-seasons-tinned-black-beans-green-lentils-000000000627180002","kidney beans tinned","2026-04-10T18:17:50.375Z","aldi","1.23","per 1 KG","0.4 KG"
"ALMAT",,"https://dm.emea.cms.aldi.cx/is/image/aldiprodeu/product/jpg/scaleWidth/232/d772d591-33a0-4218-9d8e-b0c792f792c2/Laundry%20Capsules","Laundry Capsules",,"false","3.15","https://www.aldi.co.uk/product/almat-laundry-capsules-000000000512180001","washing capsules laundry","2026-04-10T18:17:57.478Z","aldi","10.1","per 1 L","0.312 L"
"ALMAT",,"https://dm.emea.cms.aldi.cx/is/image/aldiprodeu/product/jpg/scaleWidth/232/f3d649e8-77c6-4c5a-b1ff-fde8dcc3d333/Washing%20Powder","Washing Powder",,"false","3.89","https://www.aldi.co.uk/product/almat-washing-powder-000000000555564001","washing capsules laundry","2026-04-10T18:17:57.478Z","aldi","1.95","per 1 KG","2 KG"
"PERSIL",,"https://dm.emea.cms.aldi.cx/is/image/aldiprodeu/product/jpg/scaleWidth/232/95e08116-b786-4da1-abc5-a4e0565f6e43/Laundry%20Pods%2029%20Washes","Laundry Pods 29 Washes",,"false","6.25","https://www.aldi.co.uk/product/persil-laundry-pods-29-washes-000000000600437001","washing capsules laundry","2026-04-10T18:17:57.478Z","aldi","11.34","per 1 L","0.551 L"
"MAGNUM (ALDI)",,"https://dm.emea.cms.aldi.cx/is/image/aldiprodeu/product/jpg/scaleWidth/232/9d68b9ad-bdf4-46f2-8c6d-f1fdc4ecbdf0/Washing%20Machine%20Cleaner","Washing Machine Cleaner",,"false","0.95","https://www.aldi.co.uk/product/magnum-aldi-washing-machine-cleaner-000000000546394001","washing capsules laundry","2026-04-10T18:17:57.478Z","aldi","3.8","per 1 L","0.25 L"
"LACURA",,"https://dm.emea.cms.aldi.cx/is/image/aldiprodeu/product/jpg/scaleWidth/232/de674974-be7f-495d-9670-79f6a9dab2d4/Facial%20Wash","Facial Wash",,"false","1.19","https://www.aldi.co.uk/product/lacura-facial-wash-000000000343615002","washing capsules laundry","2026-04-10T18:17:57.478Z","aldi","7.93","per 1 L","0.15 L"
"THE PANTRY",,"https://dm.emea.cms.aldi.cx/is/content/aldiprodeu/GB%20Fallback%20Image%203-no%20text","Wholemeal Bread Flour",,"false","0.99","https://www.aldi.co.uk/product/the-pantry-wholemeal-bread-flour-000000000000518582","bread flour","2026-04-10T18:18:04.595Z","aldi","0.66","per 1 KG","1.5 KG"
"THE PANTRY",,"https://dm.emea.cms.aldi.cx/is/image/aldiprodeu/product/jpg/scaleWidth/232/89706636-8c85-4df3-9d7c-e1718d36f458/Strong%20White%20Bread%20Flour","Strong White Bread Flour",,"false","1.09","https://www.aldi.co.uk/product/the-pantry-strong-white-bread-flour-000000000000480603","bread flour","2026-04-10T18:18:04.595Z","aldi","0.73","per 1 KG","1.5 KG"
"THE PANTRY",,"https://dm.emea.cms.aldi.cx/is/image/aldiprodeu/product/jpg/scaleWidth/232/9874d9c8-3ef4-428e-a240-bfb89e936dbf/Plain%20Flour","Plain Flour",,"false","0.7","https://www.aldi.co.uk/product/the-pantry-plain-flour-000000000000382617","bread flour","2026-04-10T18:18:04.595Z","aldi","0.47","per 1 KG","1.5 KG"
"THE PANTRY",,"https://dm.emea.cms.aldi.cx/is/image/aldiprodeu/product/jpg/scaleWidth/232/208edda4-7705-4f82-baa3-420e05203306/Self%20Raising%20Flour","Self Raising Flour",,"false","0.7","https://www.aldi.co.uk/product/the-pantry-self-raising-flour-000000000000382618","bread flour","2026-04-10T18:18:04.595Z","aldi","0.47","per 1 KG","1.5 KG"
"BILASH",,"https://dm.emea.cms.aldi.cx/is/image/aldiprodeu/product/jpg/scaleWidth/232/ebbc112c-66ee-4d5e-aa5f-40e218844664/Plain%20Naan%20Breads","Plain Naan Breads",,"false","0.69","https://www.aldi.co.uk/product/bilash-plain-naan-breads-000000000000383275","bread flour","2026-04-10T18:18:04.595Z","aldi","0.35","per 1 Each","2 Each"
"FOUR SEASONS",,"https://dm.emea.cms.aldi.cx/is/image/aldiprodeu/product/jpg/scaleWidth/232/1a67998f-35ff-4d9c-8857-8666bd6125a8/Tinned%20Black%20BeansGreen%20Lentils","Tinned Black Beans/Green Lentils",,"false","0.49","https://www.aldi.co.uk/product/four-seasons-tinned-black-beans-green-lentils-000000000627180001","lentils tinned","2026-04-10T18:18:16.190Z","aldi","1.23","per 1 KG","0.4 KG"
"FOUR SEASONS",,"https://dm.emea.cms.aldi.cx/is/image/aldiprodeu/product/jpg/scaleWidth/232/705229ea-da06-4bdf-92d4-fdf39e4b077b/Tinned%20Black%20BeansGreen%20Lentils","Tinned Black Beans/Green Lentils",,"false","0.49","https://www.aldi.co.uk/product/four-seasons-tinned-black-beans-green-lentils-000000000627180002","lentils tinned","2026-04-10T18:18:16.190Z","aldi","1.23","per 1 KG","0.4 KG"
"WORLDWIDE FOODS",,"https://dm.emea.cms.aldi.cx/is/image/aldiprodeu/product/jpg/scaleWidth/232/b5a63c3c-5a17-481f-afec-9b7be8b24fce/Red%20Lentils","Red Lentils",,"false","0.99","https://www.aldi.co.uk/product/worldwide-foods-red-lentils-000000000000336258","lentils tinned","2026-04-10T18:18:16.190Z","aldi","1.98","per 1 KG","0.5 KG"
"SPECIALLY SELECTED",,"https://dm.emea.cms.aldi.cx/is/image/aldiprodeu/product/jpg/scaleWidth/232/6cc8af55-f6cc-4e66-bb7f-cbdd60f2bbd7/Tomato%20%20Lentil%20Soup","Tomato & Lentil Soup",,"false","2.49","https://www.aldi.co.uk/product/specially-selected-tomato-lentil-soup-000000000559768001","lentils tinned","2026-04-10T18:18:16.190Z","aldi","4.15","per 1 KG","0.6 KG"
"THE FOODIE MARKET",,"https://dm.emea.cms.aldi.cx/is/image/aldiprodeu/product/jpg/scaleWidth/232/87dc7539-fea8-4ffe-af68-3298bf7ec678/Red%20Lentil%20%20Beetroot%20Fusilli","Red Lentil & Beetroot Fusilli","Was £1.25","true","0.69","https://www.aldi.co.uk/product/the-foodie-market-red-lentil-beetroot-fusilli-000000000335701001","lentils tinned","2026-04-10T18:18:16.190Z","aldi","2.76","per 1 KG","0.25 KG"
"ALMAT SO SOFT",,"https://dm.emea.cms.aldi.cx/is/image/aldiprodeu/product/jpg/scaleWidth/232/5cf51b25-1911-404c-9ccb-3faf6f9d4ab6/Fabric%20Conditioner","Fabric Conditioner",,"false","1.35","https://www.aldi.co.uk/product/almat-so-soft-fabric-conditioner-000000000531396002","fabric conditioner","2026-04-10T18:18:16.496Z","aldi","1.07","per 1 L","1.26 L"
"LENOR",,"https://dm.emea.cms.aldi.cx/is/image/aldiprodeu/product/jpg/scaleWidth/232/a58c45d8-f23a-467b-b612-ce26b92d1055/Fabric%20Conditioner","Fabric Conditioner",,"false","1.89","https://www.aldi.co.uk/product/lenor-fabric-conditioner-000000000587694001","fabric conditioner","2026-04-10T18:18:16.496Z","aldi","2.12","per 1 L","0.891 L"
"ALMAT SO SOFT",,"https://dm.emea.cms.aldi.cx/is/image/aldiprodeu/product/jpg/scaleWidth/232/a93def89-aa26-4711-adc3-654b57f6eb9b/Premium%20Fabric%20Conditioner","Premium Fabric Conditioner",,"false","1.79","https://www.aldi.co.uk/product/almat-so-soft-premium-fabric-conditioner-000000000521781001","fabric conditioner","2026-04-10T18:18:16.496Z","aldi","1.7","per 1 L","1.05 L"
"LACURA",,"https://dm.emea.cms.aldi.cx/is/image/aldiprodeu/product/jpg/scaleWidth/232/b819317e-c578-460a-b9a9-b999052549a9/ShampooConditioner","Shampoo/Conditioner",,"false","1.39","https://www.aldi.co.uk/product/lacura-shampoo-conditioner-000000000343953001","fabric conditioner","2026-04-10T18:18:16.496Z","aldi","4.63","per 1 L","0.3 L"
"LACURA",,"https://dm.emea.cms.aldi.cx/is/image/aldiprodeu/product/jpg/scaleWidth/232/23c00717-c8fa-4007-a02c-0f2a2c28b583/ShampooConditioner","Shampoo/Conditioner",,"false","0.79","https://www.aldi.co.uk/product/lacura-shampoo-conditioner-000000000346604001","fabric conditioner","2026-04-10T18:18:16.496Z","aldi","1.58","per 1 L","0.5 L"
"THE PANTRY",,"https://dm.emea.cms.aldi.cx/is/image/aldiprodeu/product/jpg/scaleWidth/232/20c7a4b9-ff2e-49f3-9f4e-0986978cd967/Caster%20Sugar","Caster Sugar",,"false","1.49","https://www.aldi.co.uk/product/the-pantry-caster-sugar-000000000000382607","caster sugar","2026-04-10T18:18:23.721Z","aldi","1.49","per 1 KG","1 KG"
"THE PANTRY",,"https://dm.emea.cms.aldi.cx/is/image/aldiprodeu/product/jpg/scaleWidth/232/1ffa96ef-0645-459c-87e3-df96ab283fa4/Icing%20Sugar","Icing Sugar",,"false","0.89","https://www.aldi.co.uk/product/the-pantry-icing-sugar-000000000000382313","caster sugar","2026-04-10T18:18:23.721Z","aldi","1.78","per 1 KG","0.5 KG"
"THE PANTRY",,"https://dm.emea.cms.aldi.cx/is/image/aldiprodeu/product/jpg/scaleWidth/232/fdbdd4e5-3dde-4a2f-be99-5cbf4010f5b7/Demerara%20Sugar","Demerara Sugar",,"false","1.09","https://www.aldi.co.uk/product/the-pantry-demerara-sugar-000000000000383427","caster sugar","2026-04-10T18:18:23.721Z","aldi","2.18","per 1 KG","0.5 KG"
"THE PANTRY",,"https://dm.emea.cms.aldi.cx/is/image/aldiprodeu/product/jpg/scaleWidth/232/47340dd6-cbba-4e9d-b366-d2217a3dbe41/Granulated%20Sugar","Granulated Sugar",,"false","1.09","https://www.aldi.co.uk/product/the-pantry-granulated-sugar-000000000000386277","caster sugar","2026-04-10T18:18:23.721Z","aldi","1.09","per 1 KG","1 KG"
"THE FOODIE MARKET",,"https://dm.emea.cms.aldi.cx/is/image/aldiprodeu/product/jpg/scaleWidth/232/dd92de71-bb23-424e-b99d-4dffb095b924/Sugared%20Mango","Sugared Mango",,"false","1.25","https://www.aldi.co.uk/product/the-foodie-market-sugared-mango-000000000662977001","caster sugar","2026-04-10T18:18:23.721Z","aldi",,,""
"FOUR SEASONS",,"https://dm.emea.cms.aldi.cx/is/image/aldiprodeu/product/jpg/scaleWidth/232/1a67998f-35ff-4d9c-8857-8666bd6125a8/Tinned%20Black%20BeansGreen%20Lentils","Tinned Black Beans/Green Lentils",,"false","0.49","https://www.aldi.co.uk/product/four-seasons-tinned-black-beans-green-lentils-000000000627180001","butter beans tinned","2026-04-10T18:18:36.444Z","aldi","1.23","per 1 KG","0.4 KG"
"FOUR SEASONS",,"https://dm.emea.cms.aldi.cx/is/image/aldiprodeu/product/jpg/scaleWidth/232/705229ea-da06-4bdf-92d4-fdf39e4b077b/Tinned%20Black%20BeansGreen%20Lentils","Tinned Black Beans/Green Lentils",,"false","0.49","https://www.aldi.co.uk/product/four-seasons-tinned-black-beans-green-lentils-000000000627180002","butter beans tinned","2026-04-10T18:18:36.444Z","aldi","1.23","per 1 KG","0.4 KG"
"BRAMWELLS",,"https://dm.emea.cms.aldi.cx/is/image/aldiprodeu/product/jpg/scaleWidth/232/ec2a14d2-c81c-46e9-993d-3a83bbfce909/Baked%20Beans%20with%20Sausages","Baked Beans with Sausages","Was £0.59","true","0.55","https://www.aldi.co.uk/product/bramwells-baked-beans-with-sausages-000000000000635009","butter beans tinned","2026-04-10T18:18:36.444Z","aldi","0.14","per 100 G","400 G"
"FOUR SEASONS",,"https://dm.emea.cms.aldi.cx/is/image/aldiprodeu/product/jpg/scaleWidth/232/2ba7fa71-6a96-476b-97cc-f1d9154fea05/Mixed%20Beans%20in%20Water","Mixed Beans in Water",,"false","0.69","https://www.aldi.co.uk/product/four-seasons-mixed-beans-in-water-000000000286085001","butter beans tinned","2026-04-10T18:18:36.444Z","aldi","2.88","per 1 KG","0.24 KG"
"EVERYDAY ESSENTIALS",,"https://dm.emea.cms.aldi.cx/is/content/aldiprodeu/GB%20Fallback%20Image%203-no%20text","Red Kidney Beans",,"false","0.33","https://www.aldi.co.uk/product/everyday-essentials-red-kidney-beans-000000000000623466","butter beans tinned","2026-04-10T18:18:36.444Z","aldi","0.13","per 100 G","255 G"
"THE PANTRY",,"https://dm.emea.cms.aldi.cx/is/image/aldiprodeu/product/jpg/scaleWidth/232/f0cf18bc-671d-43ed-92c4-0c974739f9e6/Dark%20Brown%20Soft%20Sugar","Dark Brown Soft Sugar",,"false","1.09","https://www.aldi.co.uk/product/the-pantry-dark-brown-soft-sugar-000000000387457001","brown sugar","2026-04-10T18:18:36.686Z","aldi","2.18","per 1 KG","0.5 KG"
"THE PANTRY",,"https://dm.emea.cms.aldi.cx/is/image/aldiprodeu/product/jpg/scaleWidth/232/6c74dce7-4cee-4ea2-9d79-fae4e54e8aeb/Light%20Brown%20Soft%20Sugar","Light Brown Soft Sugar",,"false","1.09","https://www.aldi.co.uk/product/the-pantry-light-brown-soft-sugar-000000000387457002","brown sugar","2026-04-10T18:18:36.686Z","aldi","2.18","per 1 KG","0.5 KG"
"FOUR SEASONS",,"https://dm.emea.cms.aldi.cx/is/image/aldiprodeu/product/jpg/scaleWidth/232/b58a1a20-6af4-403b-9846-1d22e367228c/Hash%20Browns","Hash Browns",,"false","1.75","https://www.aldi.co.uk/product/four-seasons-hash-browns-000000000000270164","brown sugar","2026-04-10T18:18:36.686Z","aldi","2.33","per 1 KG","0.75 KG"
"NATURE'S PICK",,"https://dm.emea.cms.aldi.cx/is/image/aldiprodeu/product/jpg/scaleWidth/232/07378999-9bce-4375-a805-a09e76e1dd4a/Brown%20Onions","Brown Onions",,"false","0.99","https://www.aldi.co.uk/product/nature-s-pick-brown-onions-000000000000339777","brown sugar","2026-04-10T18:18:36.686Z","aldi","0.99","per 1 KG","1 KG"
"WORLDWIDE FOODS",,"https://dm.emea.cms.aldi.cx/is/image/aldiprodeu/product/jpg/scaleWidth/232/0b086c40-97e7-43a3-9fd2-79de35942b6e/Brown%20Rice","Brown Rice",,"false","1.39","https://www.aldi.co.uk/product/worldwide-foods-brown-rice-000000000000467442","brown sugar","2026-04-10T18:18:36.686Z","aldi","1.39","per 1 KG","1 KG"
"EVERYDAY ESSENTIALS",,"https://dm.emea.cms.aldi.cx/is/image/aldiprodeu/product/jpg/scaleWidth/232/af9ceeed-90a3-4804-82ce-d3af68b8d002/Jumbo%20Kitchen%20Towel","Jumbo Kitchen Towel","Was £1.19","true","1.15","https://www.aldi.co.uk/product/everyday-essentials-jumbo-kitchen-towel-000000000000648594","kitchen roll","2026-04-10T18:18:43.887Z","aldi","0.48","per 100 Sheets","240 Sheets"
"POWER FORCE",,"https://dm.emea.cms.aldi.cx/is/image/aldiprodeu/product/jpg/scaleWidth/232/5dfc253c-5987-482d-a59b-d24e84d91d77/Blast%20Kitchen%20Towel%203%20Pack","Blast Kitchen Towel 3 Pack",,"false","3.99","https://www.aldi.co.uk/product/power-force-blast-kitchen-towel-3-pack-000000000000644155","kitchen roll","2026-04-10T18:18:43.887Z","aldi","1.33","per 100 Sheets","300 Sheets"
"POWER FORCE",,"https://dm.emea.cms.aldi.cx/is/image/aldiprodeu/product/jpg/scaleWidth/232/f1d5ff85-e5a3-426a-b77a-52d3f99d6830/Standard%20Kitchen%20Towel%202%20Pack","Standard Kitchen Towel 2 Pack",,"false","1.75","https://www.aldi.co.uk/product/power-force-standard-kitchen-towel-2-pack-000000000000648580","kitchen roll","2026-04-10T18:18:43.887Z","aldi","0.88","per 100 Sheets","200 Sheets"
"POWER FORCE",,"https://dm.emea.cms.aldi.cx/is/image/aldiprodeu/product/jpg/scaleWidth/232/787438cd-7bdd-4bf0-84bd-6c6abfae2ed5/Ultra%20Kitchen%20Towel%202%20Pack","Ultra Kitchen Towel 2 Pack",,"false","2.55","https://www.aldi.co.uk/product/power-force-ultra-kitchen-towel-2-pack-000000000000648709","kitchen roll","2026-04-10T18:18:43.887Z","aldi","1.28","per 100 Sheets","200 Sheets"
"SAXON",,"https://dm.emea.cms.aldi.cx/is/image/aldiprodeu/product/jpg/scaleWidth/232/b240ad9e-a55f-4dd1-bbec-434a997175e1/Everyday%20Tissues","Everyday Tissues",,"false","0.79","https://www.aldi.co.uk/product/saxon-everyday-tissues-000000000000346542","kitchen roll","2026-04-10T18:18:43.887Z","aldi","1.1","per 100 Sheets","72 Sheets"
"THE FISHMONGER",,"https://dm.emea.cms.aldi.cx/is/image/aldiprodeu/product/jpg/scaleWidth/232/70ee3cbd-01a4-492d-8c5b-6f6b6ad3c2a0/Tuna%20Chunks%20In%20Brine","Tuna Chunks In Brine",,"false","0.65","https://www.aldi.co.uk/product/the-fishmonger-tuna-chunks-in-brine-000000000000227573","tinned tuna","2026-04-10T18:18:56.199Z","aldi","0.64","per 100 G","102 G"
"EVERYDAY ESSENTIALS",,"https://dm.emea.cms.aldi.cx/is/image/aldiprodeu/product/jpg/scaleWidth/232/072819ca-69a0-4c77-a6f7-526982c3fa3c/Tuna%20Chunks%20In%20Brine","Tuna Chunks In Brine",,"false","0.55","https://www.aldi.co.uk/product/everyday-essentials-tuna-chunks-in-brine-000000000000227713","tinned tuna","2026-04-10T18:18:56.199Z","aldi","0.38","per 100 G","145 G"
"THE FISHMONGER",,"https://dm.emea.cms.aldi.cx/is/image/aldiprodeu/product/jpg/scaleWidth/232/bafb0938-1993-4c2a-b86e-946ab47aa804/Jalapeo%20Fusions%20Tuna","Jalapeño Fusions Tuna",,"false","0.89","https://www.aldi.co.uk/product/the-fishmonger-jalapeno-fusions-tuna-000000000262127004","tinned tuna","2026-04-10T18:18:56.199Z","aldi","11.13","per 1 KG","0.08 KG"
"THE FISHMONGER",,"https://dm.emea.cms.aldi.cx/is/image/aldiprodeu/product/jpg/scaleWidth/232/1898267d-d303-4cc9-8e75-37a89fc7b84c/Tuna%20Chunks%20In%20Spring%20Water","Tuna Chunks In Spring Water",,"false","0.65","https://www.aldi.co.uk/product/the-fishmonger-tuna-chunks-in-spring-water-000000000000227567","tinned tuna","2026-04-10T18:18:56.199Z","aldi","0.64","per 100 G","102 G"
"THE FISHMONGER",,"https://dm.emea.cms.aldi.cx/is/image/aldiprodeu/product/jpg/scaleWidth/232/f9050c87-f04a-4e39-af79-665700413d2d/Chilli%20%20Garlic%20Fusions%20Tuna","Chilli & Garlic Fusions Tuna",,"false","0.89","https://www.aldi.co.uk/product/the-fishmonger-chilli-garlic-fusions-tuna-000000000262127001","tinned tuna","2026-04-10T18:18:56.199Z","aldi","11.13","per 1 KG","0.08 KG"
"THE PANTRY",,"https://dm.emea.cms.aldi.cx/is/image/aldiprodeu/product/jpg/scaleWidth/232/1ffa96ef-0645-459c-87e3-df96ab283fa4/Icing%20Sugar","Icing Sugar",,"false","0.89","https://www.aldi.co.uk/product/the-pantry-icing-sugar-000000000000382313","icing sugar","2026-04-10T18:18:56.682Z","aldi","1.78","per 1 KG","0.5 KG"
"THE PANTRY",,"https://dm.emea.cms.aldi.cx/is/image/aldiprodeu/product/jpg/scaleWidth/232/20c7a4b9-ff2e-49f3-9f4e-0986978cd967/Caster%20Sugar","Caster Sugar",,"false","1.49","https://www.aldi.co.uk/product/the-pantry-caster-sugar-000000000000382607","icing sugar","2026-04-10T18:18:56.682Z","aldi","1.49","per 1 KG","1 KG"
"THE PANTRY",,"https://dm.emea.cms.aldi.cx/is/image/aldiprodeu/product/jpg/scaleWidth/232/fdbdd4e5-3dde-4a2f-be99-5cbf4010f5b7/Demerara%20Sugar","Demerara Sugar",,"false","1.09","https://www.aldi.co.uk/product/the-pantry-demerara-sugar-000000000000383427","icing sugar","2026-04-10T18:18:56.682Z","aldi","2.18","per 1 KG","0.5 KG"
"THE PANTRY",,"https://dm.emea.cms.aldi.cx/is/image/aldiprodeu/product/jpg/scaleWidth/232/47340dd6-cbba-4e9d-b366-d2217a3dbe41/Granulated%20Sugar","Granulated Sugar",,"false","1.09","https://www.aldi.co.uk/product/the-pantry-granulated-sugar-000000000000386277","icing sugar","2026-04-10T18:18:56.682Z","aldi","1.09","per 1 KG","1 KG"
"THE FOODIE MARKET",,"https://dm.emea.cms.aldi.cx/is/image/aldiprodeu/product/jpg/scaleWidth/232/dd92de71-bb23-424e-b99d-4dffb095b924/Sugared%20Mango","Sugared Mango",,"false","1.25","https://www.aldi.co.uk/product/the-foodie-market-sugared-mango-000000000662977001","icing sugar","2026-04-10T18:18:56.682Z","aldi",,,""
"CUSHELLE",,"https://dm.emea.cms.aldi.cx/is/image/aldiprodeu/product/jpg/scaleWidth/232/5b47bb90-cfc1-488c-be8b-63a85a66ee67/Cushelle%20Toilet%20Roll","Cushelle Toilet Roll",,"false","11.75","https://www.aldi.co.uk/product/cushelle-cushelle-toilet-roll-000000000000589251","toilet roll","2026-04-10T18:19:03.900Z","aldi","0.27","per 100 Sheets","4,320 Sheets"
"SAXON",,"https://dm.emea.cms.aldi.cx/is/image/aldiprodeu/product/jpg/scaleWidth/232/ce980cbe-3c24-431a-b48f-8942e1a194b0/Toilet%20Tissue%20Wipes","Toilet Tissue Wipes",,"false","0.43","https://www.aldi.co.uk/product/saxon-toilet-tissue-wipes-000000000481023001","toilet roll","2026-04-10T18:19:03.900Z","aldi","1.08","per 100 Sheets","40 Sheets"
"SAXON",,"https://dm.emea.cms.aldi.cx/is/image/aldiprodeu/product/jpg/scaleWidth/232/0b5529d5-7a03-4bc1-b0af-b4fb454fc0a4/Premium%20Toilet%20Paper%2012%20Pack","Premium Toilet Paper 12 Pack",,"false","5.29","https://www.aldi.co.uk/product/saxon-premium-toilet-paper-12-pack-000000000000632047","toilet roll","2026-04-10T18:19:03.900Z","aldi","0.14","per 100 Sheets","3,840 Sheets"
"SAXON",,"https://dm.emea.cms.aldi.cx/is/image/aldiprodeu/product/jpg/scaleWidth/232/c1d310e3-f6cb-4d58-bd95-8167d5a444bc/Standard%20Toilet%20Paper%206%20Pack","Standard Toilet Paper 6 Pack",,"false","2.49","https://www.aldi.co.uk/product/saxon-standard-toilet-paper-6-pack-000000000000632066","toilet roll","2026-04-10T18:19:03.900Z","aldi","0.09","per 100 Sheets","2,640 Sheets"
"SAXON",,"https://dm.emea.cms.aldi.cx/is/image/aldiprodeu/product/jpg/scaleWidth/232/8d9e8387-a64b-491b-9f04-f03fe66e0e8f/Luxury%20Toilet%20Paper%204%20Pack","Luxury Toilet Paper 4 Pack",,"false","1.29","https://www.aldi.co.uk/product/saxon-luxury-toilet-paper-4-pack-000000000000632078","toilet roll","2026-04-10T18:19:03.900Z","aldi","0.15","per 100 Sheets","880 Sheets"
"SPECIALLY SELECTED",,"https://dm.emea.cms.aldi.cx/is/image/aldiprodeu/product/jpg/scaleWidth/232/cf545e56-33ba-49b0-9c35-b6cacc8aa16c/Manuka%20Honey","Manuka Honey",,"false","4.15","https://www.aldi.co.uk/product/specially-selected-manuka-honey-000000000000629340","honey","2026-04-10T18:19:16.056Z","aldi","1.84","per 100 G","225 G"
"GRANDESSA",,"https://dm.emea.cms.aldi.cx/is/image/aldiprodeu/product/jpg/scaleWidth/232/4f3c2af0-4f14-48cd-93c6-c8689c0abb72/Squeezy%20Honey","Squeezy Honey",,"false","1.39","https://www.aldi.co.uk/product/grandessa-squeezy-honey-000000000000672171","honey","2026-04-10T18:19:16.056Z","aldi","0.31","per 100 G","454 G"
"EVERYDAY ESSENTIALS",,"https://dm.emea.cms.aldi.cx/is/image/aldiprodeu/product/jpg/scaleWidth/232/cf66950a-a163-4771-acac-ca6e48b8ed12/Clear%20Honey","Clear Honey",,"false","0.99","https://www.aldi.co.uk/product/everyday-essentials-clear-honey-000000000000680177","honey","2026-04-10T18:19:16.056Z","aldi","0.22","per 100 G","454 G"
"SPECIALLY SELECTED",,"https://dm.emea.cms.aldi.cx/is/image/aldiprodeu/product/jpg/scaleWidth/232/b27843b0-b9f4-4c1d-b013-83881096a1d9/Acacia%20Squeezy%20Honey","Acacia Squeezy Honey",,"false","2.19","https://www.aldi.co.uk/product/specially-selected-acacia-squeezy-honey-000000000337079004","honey","2026-04-10T18:19:16.056Z","aldi","6.44","per 1 KG","0.34 KG"
"SPECIALLY SELECTED",,"https://dm.emea.cms.aldi.cx/is/image/aldiprodeu/product/jpg/scaleWidth/232/a382a216-aa6b-47a7-a79f-3b3c909ce9c7/Orange%20Blossom%20Squeezy%20Honey","Orange Blossom Squeezy Honey",,"false","2.19","https://www.aldi.co.uk/product/specially-selected-orange-blossom-squeezy-honey-000000000337079002","honey","2026-04-10T18:19:16.056Z","aldi","6.44","per 1 KG","0.34 KG"
"POWER FORCE",,"https://dm.emea.cms.aldi.cx/is/content/aldiprodeu/GB%20Fallback%20Image%203-no%20text","Swing Bin Liners 20 Pack",,"false","0.99","https://www.aldi.co.uk/product/power-force-swing-bin-liners-20-pack-000000000537424001","bin bags","2026-04-10T18:19:16.158Z","aldi","0.05","per 1 BAG","20 BAG"
"EASY HOME",,"https://dm.emea.cms.aldi.cx/is/image/aldiprodeu/product/jpg/scaleWidth/232/24f8a6e4-050e-4849-9d9f-9da439acc5aa/Laundry%20Bags","Laundry Bags",,"false","1.49","https://www.aldi.co.uk/product/easy-home-laundry-bags-000000000691725001","bin bags","2026-04-10T18:19:16.158Z","aldi","1.49","per 1 Each","1 Each"
"EARLS",,"https://dm.emea.cms.aldi.cx/is/image/aldiprodeu/product/jpg/scaleWidth/232/a34f9e4d-a9f3-413b-a68b-a79264c25799/Dog%20Poop%20Bags","Dog Poop Bags",,"false","1.65","https://www.aldi.co.uk/product/earls-dog-poop-bags-000000000000346559","bin bags","2026-04-10T18:19:16.158Z","aldi","0.01","per 1 Pack","130 Pack"
"THE FISHMONGER",,"https://dm.emea.cms.aldi.cx/is/image/aldiprodeu/product/jpg/scaleWidth/232/e7ee1cfb-891b-4c45-830f-bd000f5d221b/Infused%20Salmon%20Freezer%20Bag","Infused Salmon Freezer Bag",,"false","9.99","https://www.aldi.co.uk/product/the-fishmonger-infused-salmon-freezer-bag-000000000000725500","bin bags","2026-04-10T18:19:16.158Z","aldi","15.14","per 1 KG","0.66 KG"
"SNACKRITE",,"https://dm.emea.cms.aldi.cx/is/image/aldiprodeu/product/jpg/scaleWidth/232/aa9c5091-ac1f-4c82-89bd-6c7a08c9bb38/Sweet%20Popcorn%20Share%20Bag","Sweet Popcorn Share Bag",,"false","0.99","https://www.aldi.co.uk/product/snackrite-sweet-popcorn-share-bag-000000000386330001","bin bags","2026-04-10T18:19:16.158Z","aldi","9","per 1 KG","0.11 KG"
"EVERYDAY ESSENTIALS",,"https://dm.emea.cms.aldi.cx/is/image/aldiprodeu/product/jpg/scaleWidth/232/de72945f-2694-47fe-ac1e-d9dc8bc18950/Wrapping%20Foil%2020M","Wrapping Foil 20M",,"false","1.09","https://www.aldi.co.uk/product/everyday-essentials-wrapping-foil-20m-000000000000397904","cling film","2026-04-10T18:19:22.970Z","aldi","0.05","per 1 M","20 M"
"POWER FORCE",,"https://dm.emea.cms.aldi.cx/is/image/aldiprodeu/product/jpg/scaleWidth/232/ea3d9cdc-5d32-4744-bd22-d5232ad6e150/ZIp%20Freezer%20Bags%201%20Litre","ZIp Freezer Bags 1 Litre",,"false","1.15","https://www.aldi.co.uk/product/power-force-zip-freezer-bags-1-litre-000000000619974001","cling film","2026-04-10T18:19:22.970Z","aldi",,,""
"ALDI",,"https://dm.emea.cms.aldi.cx/is/image/aldiprodeu/product/jpg/scaleWidth/232/0e9ea88c-c8cc-43b1-a0fd-351c06407732/Red%20Woven%20Reusable%20Bag","Red Woven Reusable Bag",,"false","0.65","https://www.aldi.co.uk/product/aldi-red-woven-reusable-bag-000000000563299001","cling film","2026-04-10T18:19:22.970Z","aldi","0.65","per 1 Each","1 Each"
"EVERYDAY ESSENTIALS",,"https://dm.emea.cms.aldi.cx/is/image/aldiprodeu/product/jpg/scaleWidth/232/de72945f-2694-47fe-ac1e-d9dc8bc18950/Wrapping%20Foil%2020M","Wrapping Foil 20M",,"false","1.09","https://www.aldi.co.uk/product/everyday-essentials-wrapping-foil-20m-000000000000397904","tin foil","2026-04-10T18:19:32.076Z","aldi","0.05","per 1 M","20 M"
"DAIRYFINE",,"https://dm.emea.cms.aldi.cx/is/image/aldiprodeu/product/jpg/scaleWidth/232/4821891a-0937-4b66-9c34-7afa869d3a58/Easter%20Munch%20Mix%20Tin","Easter Munch Mix Tin","Was £5.99","true","2.99","https://www.aldi.co.uk/product/dairyfine-easter-munch-mix-tin-000000000595881001","tin foil","2026-04-10T18:19:32.076Z","aldi","8.54","per 1 KG","0.35 KG"
"FOUR SEASONS",,"https://dm.emea.cms.aldi.cx/is/image/aldiprodeu/product/jpg/scaleWidth/232/1a67998f-35ff-4d9c-8857-8666bd6125a8/Tinned%20Black%20BeansGreen%20Lentils","Tinned Black Beans/Green Lentils",,"false","0.49","https://www.aldi.co.uk/product/four-seasons-tinned-black-beans-green-lentils-000000000627180001","tin foil","2026-04-10T18:19:32.076Z","aldi","1.23","per 1 KG","0.4 KG"
"FOUR SEASONS",,"https://dm.emea.cms.aldi.cx/is/image/aldiprodeu/product/jpg/scaleWidth/232/705229ea-da06-4bdf-92d4-fdf39e4b077b/Tinned%20Black%20BeansGreen%20Lentils","Tinned Black Beans/Green Lentils",,"false","0.49","https://www.aldi.co.uk/product/four-seasons-tinned-black-beans-green-lentils-000000000627180002","tin foil","2026-04-10T18:19:32.076Z","aldi","1.23","per 1 KG","0.4 KG"
"POWER FORCE",,"https://dm.emea.cms.aldi.cx/is/image/aldiprodeu/product/jpg/scaleWidth/232/ea3d9cdc-5d32-4744-bd22-d5232ad6e150/ZIp%20Freezer%20Bags%201%20Litre","ZIp Freezer Bags 1 Litre",,"false","1.15","https://www.aldi.co.uk/product/power-force-zip-freezer-bags-1-litre-000000000619974001","tin foil","2026-04-10T18:19:32.076Z","aldi",,,""
