"brand","gtin","imageUrl","name","offerDescription","onOffer","price","productId","productUrl","query","scrapedAt","store","unitPrice","unitPriceMeasure","unitSize"
"Morrisons",,"https://groceries.morrisons.com/images-v3/4b85987b-1398-4173-a0c1-3546047c9d74/d2a6b1e2-6806-4892-8f6d-96b86344552b/300x300.jpg","Morrisons British Whole Milk 4 Pint","Price Match","true","1.65","113239405","https://groceries.morrisons.com/products/morrisons-british-whole-milk-4-pint/113239405","whole milk","2026-04-10T19:04:50.709Z","morrisons",,,"2.272L"
"Morrisons",,"https://groceries.morrisons.com/images-v3/4b85987b-1398-4173-a0c1-3546047c9d74/1301e006-7d65-47d6-9887-c85692d53c8a/300x300.jpg","Morrisons Whole British Milk 4 Pints","Price Match","true","1.65","103103141","https://groceries.morrisons.com/products/morrisons-whole-british-milk-4-pints/103103141","whole milk","2026-04-10T19:04:50.709Z","morrisons",,,"2.272L"
"Morrisons",,"https://groceries.morrisons.com/images-v3/4b85987b-1398-4173-a0c1-3546047c9d74/51e7f3c1-3db1-4158-8b9f-c5ba8b10bbb0/300x300.jpg","Morrisons British Whole Milk 2 Pint","Price Match","true","1.2","113240377","https://groceries.morrisons.com/products/morrisons-british-whole-milk-2-pint/113240377","whole milk","2026-04-10T19:04:50.709Z","morrisons",,,"1.136L"
"Morrisons",,"https://groceries.morrisons.com/images-v3/4b85987b-1398-4173-a0c1-3546047c9d74/c7853174-5e14-4ec2-bf59-7a8e7e6df31f/300x300.jpg","Morrisons Long Life British Whole Milk",,"false","6.15","103113892","https://groceries.morrisons.com/products/morrisons-long-life-british-whole-milk/103113892","whole milk","2026-04-10T19:04:50.709Z","morrisons",,,"6 x 1L"
"Morrisons",,"https://groceries.morrisons.com/images-v3/4b85987b-1398-4173-a0c1-3546047c9d74/d7213e96-6d1b-44b4-a57c-a7e5fb754e30/300x300.jpg","Morrisons Whole British Milk 1 Pint","Price Match","true","0.85","114155772","https://groceries.morrisons.com/products/morrisons-whole-british-milk-1-pint/114155772","whole milk","2026-04-10T19:04:50.709Z","morrisons",,,"568ml"
"Morrisons",,"https://groceries.morrisons.com/images-v3/4b85987b-1398-4173-a0c1-3546047c9d74/6f697676-cdc2-4581-983e-e50e9dff9039/300x300.jpg","Morrisons British Semi Skimmed Milk 4 Pint","Price Match","true","1.65","113240422","https://groceries.morrisons.com/products/morrisons-british-semi-skimmed-milk-4-pint/113240422","semi skimmed milk","2026-04-10T19:04:51.127Z","morrisons",,,"2.272L"
"Morrisons",,"https://groceries.morrisons.com/images-v3/4b85987b-1398-4173-a0c1-3546047c9d74/c7ae2bef-d01e-4f3e-9a4e-e031aba381ab/300x300.jpg","Morrisons Semi Skimmed British Milk 4 Pints","Price Match","true","1.65","103112099","https://groceries.morrisons.com/products/morrisons-semi-skimmed-british-milk-4-pints/103112099","semi skimmed milk","2026-04-10T19:04:51.128Z","morrisons",,,"2.27L"
"Morrisons",,"https://groceries.morrisons.com/images-v3/4b85987b-1398-4173-a0c1-3546047c9d74/ecfd6bd7-3623-4b1e-99a6-6f85dd8e4534/300x300.jpg","Morrisons British Semi Skimmed Milk  2 Pints","Price Match","true","1.2","103051652","https://groceries.morrisons.com/products/morrisons-british-semi-skimmed-milk-2-pints/103051652","semi skimmed milk","2026-04-10T19:04:51.128Z","morrisons",,,"1.136L"
"Morrisons",,"https://groceries.morrisons.com/images-v3/4b85987b-1398-4173-a0c1-3546047c9d74/daf7ed2e-e358-43d9-a1dc-2c3cd601d0ad/300x300.jpg","Morrisons Less Than 2% Fat Semi Skimmed Long Life Milk 6 x 1L",,"false","6.15","103039311","https://groceries.morrisons.com/products/morrisons-less-than-2-fat-semi-skimmed-long-life-milk-6-x-1l/103039311","semi skimmed milk","2026-04-10T19:04:51.128Z","morrisons",,,"6 x 1L"
"Morrisons",,"https://groceries.morrisons.com/images-v3/4b85987b-1398-4173-a0c1-3546047c9d74/b491a42a-0d19-4c7e-866d-77c82eb690a1/300x300.jpg","Morrisons British Semi Skimmed Milk 2 Pint",,"false","1.2","113239376","https://groceries.morrisons.com/products/morrisons-british-semi-skimmed-milk-2-pint/113239376","semi skimmed milk","2026-04-10T19:04:51.128Z","morrisons",,,"1.136L"
"Morrisons",,"https://groceries.morrisons.com/images-v3/4b85987b-1398-4173-a0c1-3546047c9d74/da836f80-9416-4da8-a991-5df8a575114e/300x300.jpg","Morrisons Brown Onions   1kg","Price Match","true","0.99","108504753","https://groceries.morrisons.com/products/morrisons-brown-onions-1kg/108504753","brown onions","2026-04-10T19:04:59.063Z","morrisons",,,"1kg"
"Morrisons",,"https://groceries.morrisons.com/images-v3/4b85987b-1398-4173-a0c1-3546047c9d74/141088eb-d86c-4d83-bc99-a1d6bf4981c4/300x300.jpg","Morrisons Loose Onion","Price Match","true","0.16","108504884","https://groceries.morrisons.com/products/morrisons-loose-onion/108504884","brown onions","2026-04-10T19:04:59.063Z","morrisons",,,"0.16kg"
"Morrisons",,"https://groceries.morrisons.com/images-v3/4b85987b-1398-4173-a0c1-3546047c9d74/ff321e38-fec3-48b7-b042-5ce11e703b2a/300x300.jpg","Morrisons Onions 3 pk",,"false","0.95","113301635","https://groceries.morrisons.com/products/morrisons-onions-3-pk/113301635","brown onions","2026-04-10T19:04:59.063Z","morrisons",,,"3 per pack"
"Morrisons",,"https://groceries.morrisons.com/images-v3/4b85987b-1398-4173-a0c1-3546047c9d74/8b24cd91-b92e-4061-9194-953c36a18a60/300x300.jpg","Morrisons Large Mild Brown Onions",,"false","2","108462670","https://groceries.morrisons.com/products/morrisons-large-mild-brown-onions/108462670","brown onions","2026-04-10T19:04:59.063Z","morrisons",,,"3 per pack"
"Morrisons",,"https://groceries.morrisons.com/images-v3/4b85987b-1398-4173-a0c1-3546047c9d74/b421a747-3dab-41c4-b617-117bdb078edb/300x300.jpg","Morrisons Organic Brown Onions 500g",,"false","1.05","108900756","https://groceries.morrisons.com/products/morrisons-organic-brown-onions-500g/108900756","brown onions","2026-04-10T19:04:59.063Z","morrisons",,,"500g"
"Morrisons",,"https://groceries.morrisons.com/images-v3/4b85987b-1398-4173-a0c1-3546047c9d74/0f2b8583-8b5a-4203-a6b3-a91c47389bb0/300x300.jpg","Morrisons British Skimmed Milk 4 Pint","Price Match","true","1.65","113240772","https://groceries.morrisons.com/products/morrisons-british-skimmed-milk-4-pint/113240772","skimmed milk","2026-04-10T19:05:01.069Z","morrisons",,,"2.272L"
"Morrisons",,"https://groceries.morrisons.com/images-v3/4b85987b-1398-4173-a0c1-3546047c9d74/95e020d2-0777-4917-b3d9-7175728ee357/300x300.jpg","Morrisons British Skimmed Milk 2 Pint","Price Match","true","1.2","113244079","https://groceries.morrisons.com/products/morrisons-british-skimmed-milk-2-pint/113244079","skimmed milk","2026-04-10T19:05:01.069Z","morrisons",,,"1.136L"
"Morrisons",,"https://groceries.morrisons.com/images-v3/4b85987b-1398-4173-a0c1-3546047c9d74/38ed4eff-9744-4495-8309-8b3019ee702d/300x300.jpg","Morrisons British Skimmed Milk 2 Pints","Price Match","true","1.2","103071979","https://groceries.morrisons.com/products/morrisons-british-skimmed-milk-2-pints/103071979","skimmed milk","2026-04-10T19:05:01.069Z","morrisons",,,"1.136L"
"Morrisons",,"https://groceries.morrisons.com/images-v3/4b85987b-1398-4173-a0c1-3546047c9d74/6ff5e263-13cc-4268-9818-9a8f704c5b3c/300x300.jpg","Morrisons British Skimmed Milk 4 Pints","Price Match","true","1.65","103087401","https://groceries.morrisons.com/products/morrisons-british-skimmed-milk-4-pints/103087401","skimmed milk","2026-04-10T19:05:01.069Z","morrisons",,,"2.272L"
"Morrisons",,"https://groceries.morrisons.com/images-v3/4b85987b-1398-4173-a0c1-3546047c9d74/07d2b6a5-3857-40fe-8e10-b4ffd7dd1790/300x300.jpg","Morrisons Long Life British Skimmed Milk",,"false","6.15","103039397","https://groceries.morrisons.com/products/morrisons-long-life-british-skimmed-milk/103039397","skimmed milk","2026-04-10T19:05:01.069Z","morrisons",,,"6 x 1L"
"Morrisons",,"https://groceries.morrisons.com/images-v3/4b85987b-1398-4173-a0c1-3546047c9d74/ecdadc8a-07c7-4a65-8325-6211dec23c40/300x300.jpg","Morrisons The Butcher's On Market Street British Pork Loin Chops 400g","Buy 3 for £10","true","4.25","113027381","https://groceries.morrisons.com/products/morrisons-the-butcher-s-on-market-street-british-pork-loin-chops-400g/113027381","pork chops","2026-04-10T19:05:12.764Z","morrisons",,,"400g"
"Morrisons",,"https://groceries.morrisons.com/images-v3/4b85987b-1398-4173-a0c1-3546047c9d74/a9999613-dfdd-4266-adb8-920baa56ad2f/300x300.jpg","Morrisons British Pork Loin Steaks 400g","Buy 3 for £10","true","4.25","113005828","https://groceries.morrisons.com/products/morrisons-british-pork-loin-steaks-400g/113005828","pork chops","2026-04-10T19:05:12.764Z","morrisons",,,"400g"
"Morrisons",,"https://groceries.morrisons.com/images-v3/4b85987b-1398-4173-a0c1-3546047c9d74/49110f26-7f06-4e18-95de-28bf1e7a8bb5/300x300.jpg","Morrisons The Best Hampshire Breed 2 Pork Chops",,"false","5","114751961","https://groceries.morrisons.com/products/morrisons-the-best-hampshire-breed-2-pork-chops/114751961","pork chops","2026-04-10T19:05:12.764Z","morrisons",,,"500g"
"Market",,"https://groceries.morrisons.com/images-v3/4b85987b-1398-4173-a0c1-3546047c9d74/57061cf4-136c-4c60-8f76-a8aa16965dc1/300x300.jpg","Market Street British Pork Loin Steaks",,"false","3","102798586","https://groceries.morrisons.com/products/market-street-british-pork-loin-steaks/102798586","pork chops","2026-04-10T19:05:12.764Z","morrisons",,,"0.4kg"
"Morrisons",,"https://groceries.morrisons.com/images-v3/4b85987b-1398-4173-a0c1-3546047c9d74/7f219f54-be16-43f7-bacc-f5f8a38c8ad5/300x300.jpg","Morrisons British Pork Loin Steaks 600g",,"false","5.9","112062396","https://groceries.morrisons.com/products/morrisons-british-pork-loin-steaks-600g/112062396","pork chops","2026-04-10T19:05:12.764Z","morrisons",,,"600g"
"Morrisons",,"https://groceries.morrisons.com/images-v3/4b85987b-1398-4173-a0c1-3546047c9d74/8fe7b81d-b82e-4e66-aae9-0ef1ed347312/300x300.jpg","Morrisons Red Onions 3 Pack",,"false","0.95","108464077","https://groceries.morrisons.com/products/morrisons-red-onions-3-pack/108464077","red onions","2026-04-10T19:05:14.168Z","morrisons",,,"3 per pack"
"Morrisons",,"https://groceries.morrisons.com/images-v3/4b85987b-1398-4173-a0c1-3546047c9d74/63224220-3f67-4e5d-be4f-aff6c037e68c/300x300.jpg","Morrisons Red Onions 1kg",,"false","0.95","108462418","https://groceries.morrisons.com/products/morrisons-red-onions-1kg/108462418","red onions","2026-04-10T19:05:14.168Z","morrisons",,,"1kg"
"Morrisons",,"https://groceries.morrisons.com/images-v3/4b85987b-1398-4173-a0c1-3546047c9d74/855464a3-d230-42b4-8c4d-d21e05f0c5bd/300x300.jpg","Morrisons Sliced Red Onion",,"false","1.65","108205681","https://groceries.morrisons.com/products/morrisons-sliced-red-onion/108205681","red onions","2026-04-10T19:05:14.168Z","morrisons",,,"650g"
"Morrisons",,"https://groceries.morrisons.com/images-v3/4b85987b-1398-4173-a0c1-3546047c9d74/1ed20c30-fce9-4ab4-90be-21e6c722810c/300x300.jpg","Morrisons Market Street Sliced Red Onions",,"false","0.75","114065401","https://groceries.morrisons.com/products/morrisons-market-street-sliced-red-onions/114065401","red onions","2026-04-10T19:05:14.168Z","morrisons",,,"150g"
"Morrisons",,"https://groceries.morrisons.com/images-v3/4b85987b-1398-4173-a0c1-3546047c9d74/ff321e38-fec3-48b7-b042-5ce11e703b2a/300x300.jpg","Morrisons Onions 3 pk",,"false","0.95","113301635","https://groceries.morrisons.com/products/morrisons-onions-3-pk/113301635","red onions","2026-04-10T19:05:14.168Z","morrisons",,,"3 per pack"
"Califia",,"https://groceries.morrisons.com/images-v3/4b85987b-1398-4173-a0c1-3546047c9d74/9907318a-14bf-4165-a1ca-35d53f9ad4c3/300x300.jpg","Califia Farms Oat Barista Chilled","Now £1.50, Was £2.10","true","1.5","112673971","https://groceries.morrisons.com/products/califia-farms-oat-barista-chilled/112673971","oat milk","2026-04-10T19:05:15.678Z","morrisons",,,"1L"
"Oatly",,"https://groceries.morrisons.com/images-v3/4b85987b-1398-4173-a0c1-3546047c9d74/c1ebc350-983c-48d1-a8a2-005ee10eb84f/300x300.jpg","Oatly Oat Drink Barista Edition Long Life 1L",,"false","2.2","108033226","https://groceries.morrisons.com/products/oatly-oat-drink-barista-edition-long-life-1l/108033226","oat milk","2026-04-10T19:05:15.678Z","morrisons",,,"1L"
"Oatly",,"https://groceries.morrisons.com/images-v3/4b85987b-1398-4173-a0c1-3546047c9d74/2d989949-a92a-4071-a703-ebb3e6ffecc5/300x300.jpg","Oatly Oat Drink Barista Edition Multi Pack 3x1.5L",,"false","8.1","115056768","https://groceries.morrisons.com/products/oatly-oat-drink-barista-edition-multi-pack-3x1-5l/115056768","oat milk","2026-04-10T19:05:15.678Z","morrisons",,,"3 x 1.5L"
"Oatly",,"https://groceries.morrisons.com/images-v3/4b85987b-1398-4173-a0c1-3546047c9d74/d31ddc20-e6ed-4891-bdc5-d341adcaea99/300x300.jpg","Oatly Oat Drink Whole Long Life 1L","Now £1.50, Was £2","true","1.5","113170452","https://groceries.morrisons.com/products/oatly-oat-drink-whole-long-life-1l/113170452","oat milk","2026-04-10T19:05:15.678Z","morrisons",,,"1L"
"Oatly",,"https://groceries.morrisons.com/images-v3/4b85987b-1398-4173-a0c1-3546047c9d74/1c7014e9-3a97-4fb5-b330-7e502356a1ad/300x300.jpg","Oatly Oat Drink Semi Long Life 1L","Now £1.50, Was £2","true","1.5","113171893","https://groceries.morrisons.com/products/oatly-oat-drink-semi-long-life-1l/113171893","oat milk","2026-04-10T19:05:15.678Z","morrisons",,,"1L"
"Morrisons",,"https://groceries.morrisons.com/images-v3/4b85987b-1398-4173-a0c1-3546047c9d74/b74ecc02-7ff7-4e79-b07e-e0129db2d6a5/300x300.jpg","Morrisons Salad Onions (minimum 100g)","Price Match","true","0.69","108336382","https://groceries.morrisons.com/products/morrisons-salad-onions-minimum-100g/108336382","spring onions","2026-04-10T19:05:22.176Z","morrisons",,,"100g"
"Morrisons",,"https://groceries.morrisons.com/images-v3/4b85987b-1398-4173-a0c1-3546047c9d74/591c0147-c3f1-41bb-9513-1665348aeee1/300x300.jpg","Morrisons Jumbo Salad Onions   130g","Summer Ready BBQ 10% Off - More Card Price","true","1","108336577","https://groceries.morrisons.com/products/morrisons-jumbo-salad-onions-130g/108336577","spring onions","2026-04-10T19:05:22.176Z","morrisons",,,"130g"
"Morrisons",,"https://groceries.morrisons.com/images-v3/4b85987b-1398-4173-a0c1-3546047c9d74/41918e35-8190-49d9-adfc-3990f3d2e96e/300x300.jpg","Morrisons Spring Greens",,"false","0.9","108302422","https://groceries.morrisons.com/products/morrisons-spring-greens/108302422","spring onions","2026-04-10T19:05:22.176Z","morrisons",,,"500g"
"Schwartz",,"https://groceries.morrisons.com/images-v3/4b85987b-1398-4173-a0c1-3546047c9d74/826f6b9a-044b-44e0-871f-f784f301a1f8/300x300.jpg","Schwartz Onion Granules","Buy 2 for £3.50","true","2","111258127","https://groceries.morrisons.com/products/schwartz-onion-granules/111258127","spring onions","2026-04-10T19:05:22.176Z","morrisons",,,"30g"
"Blue",,"https://groceries.morrisons.com/images-v3/4b85987b-1398-4173-a0c1-3546047c9d74/508dd3ee-611f-4f35-9af1-aacd62563dee/300x300.jpg","Blue Dragon Oyster & Spring Onion Stir Fry Cooking Sauce Mild 120g","Now 75p, Was 95p","true","0.75","100417807","https://groceries.morrisons.com/products/blue-dragon-oyster-spring-onion-stir-fry-cooking-sauce-mild-120g/100417807","spring onions","2026-04-10T19:05:22.176Z","morrisons",,,"120g"
"New",,"https://groceries.morrisons.com/images-v3/4b85987b-1398-4173-a0c1-3546047c9d74/f2d3e7d5-032b-4b1f-b45b-f990a9e8e5df/300x300.jpg","New York Bakery Co. Original Bagels 5 Pack","Now £1.35, Was £1.90","true","1.35","105340212","https://groceries.morrisons.com/products/new-york-bakery-co-original-bagels-5-pack/105340212","bagels","2026-04-10T19:05:32.912Z","morrisons",,,"5 per pack"
"New",,"https://groceries.morrisons.com/images-v3/4b85987b-1398-4173-a0c1-3546047c9d74/787c1f08-1d55-429c-9245-c12367502200/300x300.jpg","New York Bakery Co. Sesame Bagel 5 Pack","Now £1.35, Was £1.90","true","1.35","102371822","https://groceries.morrisons.com/products/new-york-bakery-co-sesame-bagel-5-pack/102371822","bagels","2026-04-10T19:05:32.912Z","morrisons",,,"5 Pack"
"Warburtons",,"https://groceries.morrisons.com/images-v3/4b85987b-1398-4173-a0c1-3546047c9d74/7c58e58f-d5f2-4945-b744-33b88678ac7e/300x300.jpg","Warburtons Seeded Protein Thin Bagels","Now £1.40, Was £1.85","true","1.4","109585807","https://groceries.morrisons.com/products/warburtons-seeded-protein-thin-bagels/109585807","bagels","2026-04-10T19:05:32.912Z","morrisons",,,"4 per pack"
"New",,"https://groceries.morrisons.com/images-v3/4b85987b-1398-4173-a0c1-3546047c9d74/6b4a1066-a7f6-4ba6-92cb-0d6b89bd7d20/300x300.jpg","New York Bakery Co. Cinnamon & Raisin Bagels 5 Pack","Now £1.35, Was £1.90","true","1.35","102371806","https://groceries.morrisons.com/products/new-york-bakery-co-cinnamon-raisin-bagels-5-pack/102371806","bagels","2026-04-10T19:05:32.912Z","morrisons",,,"5 per pack"
"New",,"https://groceries.morrisons.com/images-v3/4b85987b-1398-4173-a0c1-3546047c9d74/73094756-8070-4afd-b14d-e5bef4ed9afe/300x300.jpg","New York Bakery Co. Red Onion & Chive Bagels","Now £1.35, Was £1.90","true","1.35","108286215","https://groceries.morrisons.com/products/new-york-bakery-co-red-onion-chive-bagels/108286215","bagels","2026-04-10T19:05:32.912Z","morrisons",,,"5 per pack"
"Morrisons",,"https://groceries.morrisons.com/images-v3/4b85987b-1398-4173-a0c1-3546047c9d74/8cf18f1c-75da-4d4c-8ecf-009f0f7109be/300x300.jpg","Morrisons 10 Pack Smoked Back Bacon Rashers 300g","Price Match","true","1.49","105030433","https://groceries.morrisons.com/products/morrisons-10-pack-smoked-back-bacon-rashers-300g/105030433","smoked bacon","2026-04-10T19:05:44.036Z","morrisons",,,"300g"
"Morrisons",,"https://groceries.morrisons.com/images-v3/4b85987b-1398-4173-a0c1-3546047c9d74/8efa7b21-8593-4a0a-a529-f49a0a78c6ca/300x300.jpg","Morrisons 16 Rashers Smoked Back Bacon 500g","Buy 3 for £10","true","4.25","109152201","https://groceries.morrisons.com/products/morrisons-16-rashers-smoked-back-bacon-500g/109152201","smoked bacon","2026-04-10T19:05:44.036Z","morrisons",,,"500g"
"Morrisons",,"https://groceries.morrisons.com/images-v3/4b85987b-1398-4173-a0c1-3546047c9d74/daaf5d4b-1e7d-47ec-b6ce-a76589a9f76c/300x300.jpg","Morrisons 6 Pack Smoked Back Bacon Rashers 300g","Price Match","true","1.49","105032666","https://groceries.morrisons.com/products/morrisons-6-pack-smoked-back-bacon-rashers-300g/105032666","smoked bacon","2026-04-10T19:05:44.036Z","morrisons",,,"300g"
"Morrisons",,"https://groceries.morrisons.com/images-v3/4b85987b-1398-4173-a0c1-3546047c9d74/f3d14007-5645-491d-9715-fb380f2718fe/300x300.jpg","Morrisons Smoked Lardons",,"false","2.75","105042362","https://groceries.morrisons.com/products/morrisons-smoked-lardons/105042362","smoked bacon","2026-04-10T19:05:44.036Z","morrisons",,,"200g"
"Morrisons",,"https://groceries.morrisons.com/images-v3/4b85987b-1398-4173-a0c1-3546047c9d74/0a338cea-2634-4a72-9208-bb05ed1310d5/300x300.jpg","Morrisons 8 Lean Smoked Bacon Medallions",,"false","3.25","111008110","https://groceries.morrisons.com/products/morrisons-8-lean-smoked-bacon-medallions/111008110","smoked bacon","2026-04-10T19:05:44.036Z","morrisons",,,"225g"
"Alpro",,"https://groceries.morrisons.com/images-v3/4b85987b-1398-4173-a0c1-3546047c9d74/4a4888e2-cafc-42e4-ab40-a33a25f370e3/300x300.jpg","Alpro Almond No Sugars Chilled Drink 1L",,"false","2.2","104927767","https://groceries.morrisons.com/products/alpro-almond-no-sugars-chilled-drink-1l/104927767","almond milk","2026-04-10T19:05:55.714Z","morrisons",,,"1L"
"Morrisons",,"https://groceries.morrisons.com/images-v3/4b85987b-1398-4173-a0c1-3546047c9d74/678074ea-b46a-4dda-b8f7-fc27a070b8a4/300x300.jpg","Morrisons Almond Unsweetened Uht",,"false","1.25","110280921","https://groceries.morrisons.com/products/morrisons-almond-unsweetened-uht/110280921","almond milk","2026-04-10T19:05:55.714Z","morrisons",,,"1L"
"Plenish",,"https://groceries.morrisons.com/images-v3/4b85987b-1398-4173-a0c1-3546047c9d74/e9eec93f-e447-4cd7-8acb-14a482ba9e00/300x300.jpg","Plenish Organic Almond Milk",,"false","2.25","113730536","https://groceries.morrisons.com/products/plenish-organic-almond-milk/113730536","almond milk","2026-04-10T19:05:55.714Z","morrisons",,,"1L"
"Blue",,"https://groceries.morrisons.com/images-v3/4b85987b-1398-4173-a0c1-3546047c9d74/6a76e141-562f-4b28-90b4-2c2e4c719651/300x300.jpg","Blue Diamond Almonds Almond Breeze Unsweetened",,"false","1.9","111103900","https://groceries.morrisons.com/products/blue-diamond-almonds-almond-breeze-unsweetened/111103900","almond milk","2026-04-10T19:05:55.714Z","morrisons",,,"1L"
"Morrisons",,"https://groceries.morrisons.com/images-v3/4b85987b-1398-4173-a0c1-3546047c9d74/f6cda37d-9985-48d4-9332-207724730910/300x300.jpg","Morrisons Oat Milk",,"false","1.5","110738807","https://groceries.morrisons.com/products/morrisons-oat-milk/110738807","almond milk","2026-04-10T19:05:55.714Z","morrisons",,,"1L"
"Alpro",,"https://groceries.morrisons.com/images-v3/4b85987b-1398-4173-a0c1-3546047c9d74/ce1cba5e-1bc7-41ab-8c38-9250a13f21b4/300x300.jpg","Alpro Soya Unsweetened Long Life Drink 1L","Now £1.80, Was £2.10","true","1.8","103128859","https://groceries.morrisons.com/products/alpro-soya-unsweetened-long-life-drink-1l/103128859","soy milk","2026-04-10T19:06:07.678Z","morrisons",,,"1L"
"Alpro",,"https://groceries.morrisons.com/images-v3/4b85987b-1398-4173-a0c1-3546047c9d74/0ff0877d-b4df-43a3-8ac5-747a2725a3b7/300x300.jpg","Alpro No Sugars Soya Chilled 1L","Now £1.80, Was £2","true","1.8","103080411","https://groceries.morrisons.com/products/alpro-no-sugars-soya-chilled-1l/103080411","soy milk","2026-04-10T19:06:07.678Z","morrisons",,,"1L"
"Alpro",,"https://groceries.morrisons.com/images-v3/4b85987b-1398-4173-a0c1-3546047c9d74/3d5b0501-25a5-4d4c-82a0-b010645ce278/300x300.jpg","Alpro Soya Chilled Dairy Free Drink 1L","Now £1.80, Was £2","true","1.8","103134520","https://groceries.morrisons.com/products/alpro-soya-chilled-dairy-free-drink-1l/103134520","soy milk","2026-04-10T19:06:07.678Z","morrisons",,,"1L"
"The",,"https://groceries.morrisons.com/images-v3/4b85987b-1398-4173-a0c1-3546047c9d74/fc20514a-d3c7-4cac-b922-943ae6c260dc/300x300.jpg","The Coconut Collab Natural Coconut Yoghurt 350g","Now £2.20, Was £2.75","true","2.2","107890681","https://groceries.morrisons.com/products/the-coconut-collab-natural-coconut-yoghurt-350g/107890681","soy milk","2026-04-10T19:06:07.678Z","morrisons",,,"350g"
"Morrisons",,"https://groceries.morrisons.com/images-v3/4b85987b-1398-4173-a0c1-3546047c9d74/001e07cf-5ba8-4aa5-ac03-9a4f33746867/300x300.jpg","Morrisons Long Life Unsweetened Soya Drink",,"false","1.25","103124321","https://groceries.morrisons.com/products/morrisons-long-life-unsweetened-soya-drink/103124321","soy milk","2026-04-10T19:06:07.678Z","morrisons",,,"1L"
"Morrisons",,"https://groceries.morrisons.com/images-v3/4b85987b-1398-4173-a0c1-3546047c9d74/a6b00cd2-3ced-4d44-add0-9317f49f2b12/300x300.jpg","Morrisons Garlic","Price Match","true","0.87","111467041","https://groceries.morrisons.com/products/morrisons-garlic/111467041","garlic","2026-04-10T19:06:10.233Z","morrisons",,,"4 per pack"
"Very",,"https://groceries.morrisons.com/images-v3/4b85987b-1398-4173-a0c1-3546047c9d74/3732b060-2bc9-4730-9e37-2ddb5355426b/300x300.jpg","Very Lazy Chopped Garlic","Now £1.75, Was £1.95","true","1.75","100405380","https://groceries.morrisons.com/products/very-lazy-chopped-garlic/100405380","garlic","2026-04-10T19:06:10.233Z","morrisons",,,"200g"
"Morrisons",,"https://groceries.morrisons.com/images-v3/4b85987b-1398-4173-a0c1-3546047c9d74/75ec779e-716a-4446-aa6e-5675664bd72e/300x300.jpg","Morrisons Organic Garlic 3 Pack",,"false","1","108769680","https://groceries.morrisons.com/products/morrisons-organic-garlic-3-pack/108769680","garlic","2026-04-10T19:06:10.233Z","morrisons",,,"3 per pack"
"Morrisons",,"https://groceries.morrisons.com/images-v3/4b85987b-1398-4173-a0c1-3546047c9d74/eaa3145a-e131-4544-8b98-e8f55601a596/300x300.jpg","Morrisons Garlic Granules",,"false","1.09","106625543","https://groceries.morrisons.com/products/morrisons-garlic-granules/106625543","garlic","2026-04-10T19:06:10.233Z","morrisons",,,"55g"
"Morrisons",,"https://groceries.morrisons.com/images-v3/4b85987b-1398-4173-a0c1-3546047c9d74/74f280ac-3eb4-421e-a2cb-4a61b56948ad/300x300.jpg","Morrisons Chopped Garlic",,"false","1.5","113776278","https://groceries.morrisons.com/products/morrisons-chopped-garlic/113776278","garlic","2026-04-10T19:06:10.233Z","morrisons",,,"100g"
"Morrisons",,"https://groceries.morrisons.com/images-v3/4b85987b-1398-4173-a0c1-3546047c9d74/c614f02a-26ce-4745-af83-6ab5bb7f8887/300x300.jpg","Morrisons 10 Pack Unsmoked Back Bacon Rashers 300g","Price Match","true","1.49","105030409","https://groceries.morrisons.com/products/morrisons-10-pack-unsmoked-back-bacon-rashers-300g/105030409","unsmoked bacon","2026-04-10T19:06:20.203Z","morrisons",,,"300g"
"Morrisons",,"https://groceries.morrisons.com/images-v3/4b85987b-1398-4173-a0c1-3546047c9d74/6e6fc4a2-4f6e-4a6a-9c25-82d6bb3cad41/300x300.jpg","Morrisons 16 Rashers Unsmoked Back Bacon 500g","Buy 3 for £10","true","4.25","109151566","https://groceries.morrisons.com/products/morrisons-16-rashers-unsmoked-back-bacon-500g/109151566","unsmoked bacon","2026-04-10T19:06:20.203Z","morrisons",,,"500g"
"Morrisons",,"https://groceries.morrisons.com/images-v3/4b85987b-1398-4173-a0c1-3546047c9d74/3a5253fc-51b7-4cbc-a01a-326e503be536/300x300.jpg","Morrisons 6 Pack Unsmoked Back Bacon Rashers 300g","Price Match","true","1.49","105032308","https://groceries.morrisons.com/products/morrisons-6-pack-unsmoked-back-bacon-rashers-300g/105032308","unsmoked bacon","2026-04-10T19:06:20.203Z","morrisons",,,"300g"
"Morrisons",,"https://groceries.morrisons.com/images-v3/4b85987b-1398-4173-a0c1-3546047c9d74/a8b7be82-a961-4077-b61e-2e009a72abc2/300x300.jpg","Morrisons The Best 6 Unsmoked Thick Cut Back Bacon 240g","Buy 2 for £5","true","3.5","114110460","https://groceries.morrisons.com/products/morrisons-the-best-6-unsmoked-thick-cut-back-bacon-240g/114110460","unsmoked bacon","2026-04-10T19:06:20.203Z","morrisons",,,"240g"
"Morrisons",,"https://groceries.morrisons.com/images-v3/4b85987b-1398-4173-a0c1-3546047c9d74/53b0c8aa-1718-4e95-b888-2d672023c999/300x300.jpg","Morrisons Lean Unsmoked Bacon Medallions",,"false","3.25","111008064","https://groceries.morrisons.com/products/morrisons-lean-unsmoked-bacon-medallions/111008064","unsmoked bacon","2026-04-10T19:06:20.203Z","morrisons",,,"225g"
"Morrisons",,"https://groceries.morrisons.com/images-v3/4b85987b-1398-4173-a0c1-3546047c9d74/f487dbfc-595e-485c-a02a-79cbd3de9f6c/300x300.jpg","Morrisons Croissants",,"false","1.8","108751818","https://groceries.morrisons.com/products/morrisons-croissants/108751818","croissants","2026-04-10T19:06:31.134Z","morrisons",,,"6 per pack"
"Morrisons",,"https://groceries.morrisons.com/images-v3/4b85987b-1398-4173-a0c1-3546047c9d74/e069d006-04f2-4072-9140-c2ca4326c27a/300x300.jpg","Morrisons The Best All Butter Croissants 4 Pack",,"false","2.4","102372235","https://groceries.morrisons.com/products/morrisons-the-best-all-butter-croissants-4-pack/102372235","croissants","2026-04-10T19:06:31.134Z","morrisons",,,"4 per pack"
"Morrisons",,"https://groceries.morrisons.com/images-v3/4b85987b-1398-4173-a0c1-3546047c9d74/e623cda8-e903-4976-8cf2-3b7faaae1950/300x300.jpg","Morrisons Bake At Home 6 Croissants 348g",,"false","3.35","114743460","https://groceries.morrisons.com/products/morrisons-bake-at-home-6-croissants-348g/114743460","croissants","2026-04-10T19:06:31.134Z","morrisons",,,"348g"
"Morrisons",,"https://groceries.morrisons.com/images-v3/4b85987b-1398-4173-a0c1-3546047c9d74/2d3632df-3190-4bb2-ae80-622229e372a9/300x300.jpg","Morrisons All Butter Croissants",,"false","2.25","102372201","https://groceries.morrisons.com/products/morrisons-all-butter-croissants/102372201","croissants","2026-04-10T19:06:31.134Z","morrisons",,,"8 per pack"
"Pret",,"https://groceries.morrisons.com/images-v3/4b85987b-1398-4173-a0c1-3546047c9d74/a4aad275-3bd6-46d5-90e7-2200dbc186c7/300x300.jpg","Pret 6 All Butter Croissants 330g",,"false","4.15","115238220","https://groceries.morrisons.com/products/pret-6-all-butter-croissants-330g/115238220","croissants","2026-04-10T19:06:31.134Z","morrisons",,,"330g"
"Lindahls",,"https://groceries.morrisons.com/images-v3/4b85987b-1398-4173-a0c1-3546047c9d74/e77819f7-336b-4266-a0a1-ff2ac15e77cb/300x300.jpg","Lindahls Protein Cottage Cheese 175g","Now £1.25, Was £1.50","true","1.25","114933853","https://groceries.morrisons.com/products/lindahls-protein-cottage-cheese-175g/114933853","cottage cheese","2026-04-10T19:06:42.402Z","morrisons",,,"175g"
"Morrisons",,"https://groceries.morrisons.com/images-v3/4b85987b-1398-4173-a0c1-3546047c9d74/bccdf9b7-ada1-4fc4-98a0-6cbdb0d612ea/300x300.jpg","Morrisons Low Fat Cottage Cheese",,"false","1.6","107374141","https://groceries.morrisons.com/products/morrisons-low-fat-cottage-cheese/107374141","cottage cheese","2026-04-10T19:06:42.402Z","morrisons",,,"300g"
"Morrisons",,"https://groceries.morrisons.com/images-v3/4b85987b-1398-4173-a0c1-3546047c9d74/08f8bcbc-e160-4a22-86f6-f2310ab1df2f/300x300.jpg","Morrisons Natural Full Fat Cottage Cheese 300g",,"false","1.6","113359482","https://groceries.morrisons.com/products/morrisons-natural-full-fat-cottage-cheese-300g/113359482","cottage cheese","2026-04-10T19:06:42.402Z","morrisons",,,"300g"
"Longley",,"https://groceries.morrisons.com/images-v3/4b85987b-1398-4173-a0c1-3546047c9d74/9a390bdb-51e4-485b-be0c-ee4bf8b03e5a/300x300.jpg","Longley Farm Yorkshire Natural Cottage Cheese 250g",,"false","1.79","103070642","https://groceries.morrisons.com/products/longley-farm-yorkshire-natural-cottage-cheese-250g/103070642","cottage cheese","2026-04-10T19:06:42.402Z","morrisons",,,"250g"
"Morrisons",,"https://groceries.morrisons.com/images-v3/4b85987b-1398-4173-a0c1-3546047c9d74/28b2eb9d-423a-42d0-84c4-d718627aba34/300x300.jpg","Morrisons Pineapple Cottage Cheese",,"false","1.6","107374037","https://groceries.morrisons.com/products/morrisons-pineapple-cottage-cheese/107374037","cottage cheese","2026-04-10T19:06:42.402Z","morrisons",,,"300g"
"Morrisons",,"https://groceries.morrisons.com/images-v3/4b85987b-1398-4173-a0c1-3546047c9d74/c2bca329-0005-4720-a7f3-c311b65c670a/300x300.jpg","Morrisons Smoked Streaky Bacon 16 Rashers","Price Match","true","1.71","111042473","https://groceries.morrisons.com/products/morrisons-smoked-streaky-bacon-16-rashers/111042473","streaky bacon","2026-04-10T19:06:53.074Z","morrisons",,,"225g"
"Spoilt",,"https://groceries.morrisons.com/images-v3/4b85987b-1398-4173-a0c1-3546047c9d74/cc58b5fa-cd93-4c42-b6ef-46b0c008e2c6/300x300.jpg","Spoilt Pig Dry Cured Smoked Streaky Bacon","Now £2.50, Was £3.25","true","2.5","109540975","https://groceries.morrisons.com/products/spoilt-pig-dry-cured-smoked-streaky-bacon/109540975","streaky bacon","2026-04-10T19:06:53.074Z","morrisons",,,"184g"
"Morrisons",,"https://groceries.morrisons.com/images-v3/4b85987b-1398-4173-a0c1-3546047c9d74/14286875-6c88-4989-935b-d161b23bf3ea/300x300.jpg","Morrisons Unsmoked Streaky Bacon 16 Rashers","Price Match","true","1.71","111007951","https://groceries.morrisons.com/products/morrisons-unsmoked-streaky-bacon-16-rashers/111007951","streaky bacon","2026-04-10T19:06:53.074Z","morrisons",,,"225g"
"Morrisons",,"https://groceries.morrisons.com/images-v3/4b85987b-1398-4173-a0c1-3546047c9d74/f2870926-d4d0-42e0-9f58-dee2dbebe820/300x300.jpg","Morrisons The Best Dry Cured Smoked Streaky Bacon","Buy 2 for £5","true","3.5","113825033","https://groceries.morrisons.com/products/morrisons-the-best-dry-cured-smoked-streaky-bacon/113825033","streaky bacon","2026-04-10T19:06:53.074Z","morrisons",,,"220g"
"Morrisons",,"https://groceries.morrisons.com/images-v3/4b85987b-1398-4173-a0c1-3546047c9d74/4cda7009-3aa2-455f-95e9-b9be92c3674a/300x300.jpg","Morrisons The Best Dry Cured Unsmoked Streaky Bacon","Buy 2 for £5","true","3.5","113826626","https://groceries.morrisons.com/products/morrisons-the-best-dry-cured-unsmoked-streaky-bacon/113826626","streaky bacon","2026-04-10T19:06:53.074Z","morrisons",,,"220g"
"Old",,"https://groceries.morrisons.com/images-v3/4b85987b-1398-4173-a0c1-3546047c9d74/19429491-4341-45d3-8552-f18e5deeab34/300x300.jpg","Old Jamaica Ginger Beer","Buy 2 for £1","true","0.6","105185208","https://groceries.morrisons.com/products/old-jamaica-ginger-beer/105185208","ginger root","2026-04-10T19:07:01.691Z","morrisons",,,"330ml"
"Twinings",,"https://groceries.morrisons.com/images-v3/4b85987b-1398-4173-a0c1-3546047c9d74/9b29221f-86e5-4a7f-8690-f386d27a9325/300x300.jpg","Twinings Detox Lemon & Ginger With Burdock Root & Fennel 20 Bags","Now £2.50, Was £3.50","true","2.5","111540907","https://groceries.morrisons.com/products/twinings-detox-lemon-ginger-with-burdock-root-fennel-20-bags/111540907","ginger root","2026-04-10T19:07:01.691Z","morrisons",,,"40g"
"Morrisons",,"https://groceries.morrisons.com/images-v3/4b85987b-1398-4173-a0c1-3546047c9d74/c996b593-39b4-4730-91f3-7f111b52d0a9/300x300.jpg","Morrisons Ginger 125g",,"false","1.55","110541561","https://groceries.morrisons.com/products/morrisons-ginger-125g/110541561","ginger root","2026-04-10T19:07:01.691Z","morrisons",,,"125g"
"Morrisons",,"https://groceries.morrisons.com/images-v3/4b85987b-1398-4173-a0c1-3546047c9d74/1cfe3ceb-3cf4-418c-889e-12caccc3acfe/300x300.jpg","Morrisons Ginger Nuts",,"false","0.59","109151013","https://groceries.morrisons.com/products/morrisons-ginger-nuts/109151013","ginger root","2026-04-10T19:07:01.691Z","morrisons",,,"300g"
"Fentimans",,"https://groceries.morrisons.com/images-v3/4b85987b-1398-4173-a0c1-3546047c9d74/e6b63634-ac1a-4bfd-8ca4-e332274d782a/300x300.jpg","Fentimans Natural Ginger Beer",,"false","3.6","110843050","https://groceries.morrisons.com/products/fentimans-natural-ginger-beer/110843050","ginger root","2026-04-10T19:07:01.691Z","morrisons",,,"750ml"
"Arla",,"https://groceries.morrisons.com/images-v3/4b85987b-1398-4173-a0c1-3546047c9d74/d492073b-766d-46ae-98a6-935427af5474/300x300.jpg","Arla LactoFREE Semi Skimmed Milk Drink","Now £1.50, Was £1.95","true","1.5","103135961","https://groceries.morrisons.com/products/arla-lactofree-semi-skimmed-milk-drink/103135961","lactose free milk","2026-04-10T19:07:03.689Z","morrisons",,,"1L"
"Arla",,"https://groceries.morrisons.com/images-v3/4b85987b-1398-4173-a0c1-3546047c9d74/15a7ee11-fc7d-4a55-ae21-0256ebe43b22/300x300.jpg","Arla LactoFREE Whole Milk Drink","Now £1.50, Was £1.95","true","1.5","103106174","https://groceries.morrisons.com/products/arla-lactofree-whole-milk-drink/103106174","lactose free milk","2026-04-10T19:07:03.689Z","morrisons",,,"1L"
"Morrisons",,"https://groceries.morrisons.com/images-v3/4b85987b-1398-4173-a0c1-3546047c9d74/5b586102-23ff-4dea-b78a-4d4894848cb5/300x300.jpg","Morrisons Lactose Free Semi Skimmed Milk 1L",,"false","1.35","110742523","https://groceries.morrisons.com/products/morrisons-lactose-free-semi-skimmed-milk-1l/110742523","lactose free milk","2026-04-10T19:07:03.689Z","morrisons",,,"1L"
"Morrisons",,"https://groceries.morrisons.com/images-v3/4b85987b-1398-4173-a0c1-3546047c9d74/bf05bec0-6a7d-40d8-b54c-9e016f0f1899/300x300.jpg","Morrisons Lactose Free Whole Milk",,"false","1.35","110742419","https://groceries.morrisons.com/products/morrisons-lactose-free-whole-milk/110742419","lactose free milk","2026-04-10T19:07:03.689Z","morrisons",,,"1L"
"Morrisons",,"https://groceries.morrisons.com/images-v3/4b85987b-1398-4173-a0c1-3546047c9d74/ca8bdc9f-147d-479b-9028-aa3d10993621/300x300.jpg","Morrisons Lactose Free Skimmed Milk",,"false","1.35","110742460","https://groceries.morrisons.com/products/morrisons-lactose-free-skimmed-milk/110742460","lactose free milk","2026-04-10T19:07:03.689Z","morrisons",,,"1L"
"Morrisons",,"https://groceries.morrisons.com/images-v3/4b85987b-1398-4173-a0c1-3546047c9d74/2dc6b4b2-8885-4d94-8a0b-8da1448e5d90/300x300.jpg","Morrisons The Best 4 Brioche Buns","The Best Burger & Brioche Bun BBQ Bundle for £6","true","1.45","108831447","https://groceries.morrisons.com/products/morrisons-the-best-4-brioche-buns/108831447","burger buns","2026-04-10T19:07:14.948Z","morrisons",,,"4 per pack"
"Morrisons",,"https://groceries.morrisons.com/images-v3/4b85987b-1398-4173-a0c1-3546047c9d74/e38429db-2f12-4516-9354-239fb5a8d5eb/300x300.jpg","Morrisons The Best White Bread Rolls 4 Pack","Summer Ready BBQ 10% Off - More Card Price","true","1.35","109198911","https://groceries.morrisons.com/products/morrisons-the-best-white-bread-rolls-4-pack/109198911","burger buns","2026-04-10T19:07:14.948Z","morrisons",,,"4 per pack"
"St",,"https://groceries.morrisons.com/images-v3/4b85987b-1398-4173-a0c1-3546047c9d74/a4498e30-2c94-4196-ba56-caec598d469c/300x300.jpg","St Pierre 6 Brioche Buns","Now £2.25, Was £2.90","true","2.25","111708571","https://groceries.morrisons.com/products/st-pierre-6-brioche-buns/111708571","burger buns","2026-04-10T19:07:14.948Z","morrisons",,,"6 per pack"
"St.",,"https://groceries.morrisons.com/images-v3/4b85987b-1398-4173-a0c1-3546047c9d74/1b67b9f9-37de-45a3-9f14-9d5e8deeef5d/300x300.jpg","St. Pierre 4 Seeded Brioche Burger Buns",,"false","2.9","112411381","https://groceries.morrisons.com/products/st-pierre-4-seeded-brioche-burger-buns/112411381","burger buns","2026-04-10T19:07:14.948Z","morrisons",,,"4 per pack"
"Baker",,"https://groceries.morrisons.com/images-v3/4b85987b-1398-4173-a0c1-3546047c9d74/825c79f7-6ad2-4eac-8bca-f425eacabdd4/300x300.jpg","Baker Street Seeded Burger Buns 6 Pack",,"false","1.65","113404722","https://groceries.morrisons.com/products/baker-street-seeded-burger-buns-6-pack/113404722","burger buns","2026-04-10T19:07:14.948Z","morrisons",,,"6 per pack"
"Morrisons",,"https://groceries.morrisons.com/images-v3/4b85987b-1398-4173-a0c1-3546047c9d74/73eeb113-98a8-464b-9fed-504be6ba116d/300x300.jpg","Morrisons Large Free Range Eggs   12 Pack",,"false","3.3","105830001","https://groceries.morrisons.com/products/morrisons-large-free-range-eggs-12-pack/105830001","free range eggs","2026-04-10T19:07:25.725Z","morrisons",,,"12 per pack"
"Morrisons",,"https://groceries.morrisons.com/images-v3/4b85987b-1398-4173-a0c1-3546047c9d74/614df921-f925-42d1-a786-64c0b0d749ee/300x300.jpg","Morrisons Large Free Range Eggs   6 Pack",,"false","2.1","105828461","https://groceries.morrisons.com/products/morrisons-large-free-range-eggs-6-pack/105828461","free range eggs","2026-04-10T19:07:25.725Z","morrisons",,,"6 per pack"
"Morrisons",,"https://groceries.morrisons.com/images-v3/4b85987b-1398-4173-a0c1-3546047c9d74/5ca5ff4c-1e33-421d-beba-2a9fe2c1f624/300x300.jpg","Morrisons The Best 6 White Golden Yolk Free Range Eggs",,"false","2.9","111855108","https://groceries.morrisons.com/products/morrisons-the-best-6-white-golden-yolk-free-range-eggs/111855108","free range eggs","2026-04-10T19:07:25.725Z","morrisons",,,"6 per pack"
"Morrisons",,"https://groceries.morrisons.com/images-v3/4b85987b-1398-4173-a0c1-3546047c9d74/61e5e8d8-e23b-42dc-b1ed-6a65964b33b7/300x300.jpg","Morrisons Medium Free Range Eggs 12 Pack",,"false","2.85","110250449","https://groceries.morrisons.com/products/morrisons-medium-free-range-eggs-12-pack/110250449","free range eggs","2026-04-10T19:07:25.725Z","morrisons",,,"12 per pack"
"Morrisons",,"https://groceries.morrisons.com/images-v3/4b85987b-1398-4173-a0c1-3546047c9d74/c81d6fff-4b37-4b94-b700-a64eb293d27b/300x300.jpg","Morrisons Medium Free Range Eggs   6 Pack",,"false","1.75","105828736","https://groceries.morrisons.com/products/morrisons-medium-free-range-eggs-6-pack/105828736","free range eggs","2026-04-10T19:07:25.725Z","morrisons",,,"6 per pack"
"Morrisons",,"https://groceries.morrisons.com/images-v3/4b85987b-1398-4173-a0c1-3546047c9d74/2dc6b4b2-8885-4d94-8a0b-8da1448e5d90/300x300.jpg","Morrisons The Best 4 Brioche Buns","The Best Burger & Brioche Bun BBQ Bundle for £6","true","1.45","108831447","https://groceries.morrisons.com/products/morrisons-the-best-4-brioche-buns/108831447","brioche","2026-04-10T19:07:32.984Z","morrisons",,,"4 per pack"
"St",,"https://groceries.morrisons.com/images-v3/4b85987b-1398-4173-a0c1-3546047c9d74/a4498e30-2c94-4196-ba56-caec598d469c/300x300.jpg","St Pierre 6 Brioche Buns","Now £2.25, Was £2.90","true","2.25","111708571","https://groceries.morrisons.com/products/st-pierre-6-brioche-buns/111708571","brioche","2026-04-10T19:07:32.984Z","morrisons",,,"6 per pack"
"St",,"https://groceries.morrisons.com/images-v3/4b85987b-1398-4173-a0c1-3546047c9d74/dbcd3df9-2327-40eb-9ad6-4fa17a7b117c/300x300.jpg","St Pierre Brioche Loaf",,"false","3.65","112890087","https://groceries.morrisons.com/products/st-pierre-brioche-loaf/112890087","brioche","2026-04-10T19:07:32.984Z","morrisons",,,"500g"
"Morrisons",,"https://groceries.morrisons.com/images-v3/4b85987b-1398-4173-a0c1-3546047c9d74/122d51d5-525a-4fe2-8bb6-5c4972839aa4/300x300.jpg","Morrisons Choc Chip Brioche Rolls",,"false","1.7","107313331","https://groceries.morrisons.com/products/morrisons-choc-chip-brioche-rolls/107313331","brioche","2026-04-10T19:07:32.984Z","morrisons",,,"8 per pack"
"Morrisons",,"https://groceries.morrisons.com/images-v3/4b85987b-1398-4173-a0c1-3546047c9d74/b5a30897-86cb-4397-9481-5cd43d8f105d/300x300.jpg","Morrisons Pain Au Chocolat    6 Pack",,"false","1.8","107313373","https://groceries.morrisons.com/products/morrisons-pain-au-chocolat-6-pack/107313373","brioche","2026-04-10T19:07:32.984Z","morrisons",,,"6 per pack"
"Morrisons",,"https://groceries.morrisons.com/images-v3/4b85987b-1398-4173-a0c1-3546047c9d74/32b50461-bc51-4339-94ca-788cdb8b23b3/300x300.jpg","Morrisons Carrots   1kg","Price Match","true","0.69","108305527","https://groceries.morrisons.com/products/morrisons-carrots-1kg/108305527","carrots","2026-04-10T19:07:44.542Z","morrisons",,,"1kg"
"Morrisons",,"https://groceries.morrisons.com/images-v3/4b85987b-1398-4173-a0c1-3546047c9d74/e9c21f90-1ad2-44fd-b44c-1f48102958d8/300x300.jpg","Morrisons Carrots  500g",,"false","0.55","108305383","https://groceries.morrisons.com/products/morrisons-carrots-500g/108305383","carrots","2026-04-10T19:07:44.542Z","morrisons",,,"500g"
"Morrisons",,"https://groceries.morrisons.com/images-v3/4b85987b-1398-4173-a0c1-3546047c9d74/ef46897f-2864-40ba-b517-913b4074985b/300x300.jpg","Morrisons Wonky Carrots 1.45kg",,"false","0.76","115195928","https://groceries.morrisons.com/products/morrisons-wonky-carrots-1-45kg/115195928","carrots","2026-04-10T19:07:44.542Z","morrisons",,,"1.45kg"
"Morrisons",,"https://groceries.morrisons.com/images-v3/4b85987b-1398-4173-a0c1-3546047c9d74/ed4cbb06-cf6a-4555-b764-a73f4f16e54b/300x300.jpg","Morrisons Carrot Batons",,"false","1","113369921","https://groceries.morrisons.com/products/morrisons-carrot-batons/113369921","carrots","2026-04-10T19:07:44.542Z","morrisons",,,"300g"
"Morrisons",,"https://groceries.morrisons.com/images-v3/4b85987b-1398-4173-a0c1-3546047c9d74/e0257e67-1171-4df6-bc29-ed519aad6c80/300x300.jpg","Morrisons Chantenay Carrots",,"false","1.3","108305471","https://groceries.morrisons.com/products/morrisons-chantenay-carrots/108305471","carrots","2026-04-10T19:07:44.542Z","morrisons",,,"500g"
"Morrisons",,"https://groceries.morrisons.com/images-v3/4b85987b-1398-4173-a0c1-3546047c9d74/65b3dbb4-674f-44f0-9781-595f411cffa3/300x300.jpg","Morrisons The Best 6 Thick Pork Sausages 400g","Buy 2 for £5","true","3.25","109033391","https://groceries.morrisons.com/products/morrisons-the-best-6-thick-pork-sausages-400g/109033391","pork sausages","2026-04-10T19:07:56.331Z","morrisons",,,"400g"
"Richmond",,"https://groceries.morrisons.com/images-v3/4b85987b-1398-4173-a0c1-3546047c9d74/49ba3756-a744-4ccb-a1fb-dcefc6162520/300x300.jpg","Richmond 12 Thick Pork Sausages 615g","Now £2, Was £3.30","true","2","111071522","https://groceries.morrisons.com/products/richmond-12-thick-pork-sausages-615g/111071522","pork sausages","2026-04-10T19:07:56.331Z","morrisons",,,"615g"
"Morrisons",,"https://groceries.morrisons.com/images-v3/4b85987b-1398-4173-a0c1-3546047c9d74/9ac7dda2-afbe-4ffb-8736-5d1aca678865/300x300.jpg","Morrisons  Butcher's Style 8 Pork Sausages 454g","Buy 2 for £3.50","true","2.25","104421547","https://groceries.morrisons.com/products/morrisons-butcher-s-style-8-pork-sausages-454g/104421547","pork sausages","2026-04-10T19:07:56.331Z","morrisons",,,"454g"
"Morrisons",,"https://groceries.morrisons.com/images-v3/4b85987b-1398-4173-a0c1-3546047c9d74/48eb84dc-0282-469f-8d6d-49c8d8b94ea3/300x300.jpg","The Best Signature Collection 4 Ultimate Pork Sausages 360g","The Best Hot Dog & Sauce Bundle for £6","true","4","114829773","https://groceries.morrisons.com/products/the-best-signature-collection-4-ultimate-pork-sausages-360g/114829773","pork sausages","2026-04-10T19:07:56.331Z","morrisons",,,"360g"
"Morrisons",,"https://groceries.morrisons.com/images-v3/4b85987b-1398-4173-a0c1-3546047c9d74/3713e81f-7f7a-4893-bb9a-01012fe1e7b6/300x300.jpg","Morrisons The Best 16 Thick Pork Sausages 1kg",,"false","6","110836731","https://groceries.morrisons.com/products/morrisons-the-best-16-thick-pork-sausages-1kg/110836731","pork sausages","2026-04-10T19:07:56.331Z","morrisons",,,"1kg"
"Morrisons",,"https://groceries.morrisons.com/images-v3/4b85987b-1398-4173-a0c1-3546047c9d74/61e5e8d8-e23b-42dc-b1ed-6a65964b33b7/300x300.jpg","Morrisons Medium Free Range Eggs 12 Pack",,"false","2.85","110250449","https://groceries.morrisons.com/products/morrisons-medium-free-range-eggs-12-pack/110250449","medium eggs","2026-04-10T19:08:07.786Z","morrisons",,,"12 per pack"
"Morrisons",,"https://groceries.morrisons.com/images-v3/4b85987b-1398-4173-a0c1-3546047c9d74/c81d6fff-4b37-4b94-b700-a64eb293d27b/300x300.jpg","Morrisons Medium Free Range Eggs   6 Pack",,"false","1.75","105828736","https://groceries.morrisons.com/products/morrisons-medium-free-range-eggs-6-pack/105828736","medium eggs","2026-04-10T19:08:07.786Z","morrisons",,,"6 per pack"
"Morrisons",,"https://groceries.morrisons.com/images-v3/4b85987b-1398-4173-a0c1-3546047c9d74/73eeb113-98a8-464b-9fed-504be6ba116d/300x300.jpg","Morrisons Large Free Range Eggs   12 Pack",,"false","3.3","105830001","https://groceries.morrisons.com/products/morrisons-large-free-range-eggs-12-pack/105830001","medium eggs","2026-04-10T19:08:07.786Z","morrisons",,,"12 per pack"
"Chuckle",,"https://groceries.morrisons.com/images-v3/4b85987b-1398-4173-a0c1-3546047c9d74/5a550a54-d65b-48f1-9cc8-b46e523a9941/300x300.jpg","Chuckle Medium Free Range Eggs For Farmers",,"false","3.25","111571341","https://groceries.morrisons.com/products/chuckle-medium-free-range-eggs-for-farmers/111571341","medium eggs","2026-04-10T19:08:07.786Z","morrisons",,,"12 per pack"
"Chuckle",,"https://groceries.morrisons.com/images-v3/4b85987b-1398-4173-a0c1-3546047c9d74/0fe9d906-a6d1-41ff-8a0f-f18f502ed60e/300x300.jpg","Chuckle  Medium Free Range Eggs For Farmers",,"false","1.95","113376928","https://groceries.morrisons.com/products/chuckle-medium-free-range-eggs-for-farmers/113376928","medium eggs","2026-04-10T19:08:07.786Z","morrisons",,,"6 per pack"
"Morrisons",,"https://groceries.morrisons.com/images-v3/4b85987b-1398-4173-a0c1-3546047c9d74/779963d3-6d5c-47e2-a2a2-9376a77ee9b5/300x300.jpg","Morrisons British Salted Butter   250g","Price Match","true","1.99","107007886","https://groceries.morrisons.com/products/morrisons-british-salted-butter-250g/107007886","salted butter","2026-04-10T19:08:18.469Z","morrisons",,,"250g"
"Anchor",,"https://groceries.morrisons.com/images-v3/4b85987b-1398-4173-a0c1-3546047c9d74/940844dc-43f1-48b6-a529-59e1e3cbdc55/300x300.jpg","Anchor Butter 500g","Now £4, Was £5.50","true","4","114830820","https://groceries.morrisons.com/products/anchor-butter-500g/114830820","salted butter","2026-04-10T19:08:18.469Z","morrisons",,,"500g"
"Lurpak",,"https://groceries.morrisons.com/images-v3/4b85987b-1398-4173-a0c1-3546047c9d74/860e1567-6332-4586-a391-2b5631cf5d16/300x300.jpg","Lurpak Slightly Salted Butter 200g","Now £1.95, Was £2.70","true","1.95","113113765","https://groceries.morrisons.com/products/lurpak-slightly-salted-butter-200g/113113765","salted butter","2026-04-10T19:08:18.469Z","morrisons",,,"200g"
"Kerrygold",,"https://groceries.morrisons.com/images-v3/4b85987b-1398-4173-a0c1-3546047c9d74/468ee205-4451-407d-873f-3f09f9f12190/300x300.jpg","Kerrygold Salted Pure Irish Butter 200g","Now £2.25, Was £2.65","true","2.25","115363338","https://groceries.morrisons.com/products/kerrygold-salted-pure-irish-butter-200g/115363338","salted butter","2026-04-10T19:08:18.469Z","morrisons",,,"200g"
"Morrisons",,"https://groceries.morrisons.com/images-v3/4b85987b-1398-4173-a0c1-3546047c9d74/e1a878d6-197d-42d3-9b32-a8bd01385d22/300x300.jpg","Morrisons The Best West Country Butter",,"false","2.9","112857341","https://groceries.morrisons.com/products/morrisons-the-best-west-country-butter/112857341","salted butter","2026-04-10T19:08:18.469Z","morrisons",,,"250g"
"Heck",,"https://groceries.morrisons.com/images-v3/4b85987b-1398-4173-a0c1-3546047c9d74/ad1ff7b4-056a-4c25-9c21-bde91ca192fd/300x300.jpg","Heck Simply Chicken Sausages","Now £2.75, Was £3.20","true","2.75","109644029","https://groceries.morrisons.com/products/heck-simply-chicken-sausages/109644029","chicken sausages","2026-04-10T19:08:19.166Z","morrisons",,,"340g"
"HECK!",,"https://groceries.morrisons.com/images-v3/4b85987b-1398-4173-a0c1-3546047c9d74/a05d03ea-6cf5-4c04-b296-80c6d6727bac/300x300.jpg","HECK! Chicken Italia Gluten Free Sausage Rashers 6 Pack 300g","Now £2.50, Was £3","true","2.5","115343484","https://groceries.morrisons.com/products/heck-chicken-italia-gluten-free-sausage-rashers-6-pack-300g/115343484","chicken sausages","2026-04-10T19:08:19.166Z","morrisons",,,"300g"
"Morrisons",,"https://groceries.morrisons.com/images-v3/4b85987b-1398-4173-a0c1-3546047c9d74/1f2e7039-6165-48ca-8056-2cd82910accd/300x300.jpg","Morrisons 25 Chicken Cocktail Sausages","Buy 2 for £4","true","2.25","113990776","https://groceries.morrisons.com/products/morrisons-25-chicken-cocktail-sausages/113990776","chicken sausages","2026-04-10T19:08:19.166Z","morrisons",,,"205g"
"Heck",,"https://groceries.morrisons.com/images-v3/4b85987b-1398-4173-a0c1-3546047c9d74/c69e2d69-84f3-4528-b5f4-2bac3a5a1e29/300x300.jpg","Heck Chicken Italia Sausage",,"false","3.2","107848335","https://groceries.morrisons.com/products/heck-chicken-italia-sausage/107848335","chicken sausages","2026-04-10T19:08:19.166Z","morrisons",,,"340g"
"Richmond",,"https://groceries.morrisons.com/images-v3/4b85987b-1398-4173-a0c1-3546047c9d74/51cf1dff-d7ec-4dab-8a5c-66b756693b3b/300x300.jpg","Richmond 8 Roast Chicken Sausages 410g",,"false","2.5","113762407","https://groceries.morrisons.com/products/richmond-8-roast-chicken-sausages-410g/113762407","chicken sausages","2026-04-10T19:08:19.166Z","morrisons",,,"410g"
"Morrisons",,"https://groceries.morrisons.com/images-v3/4b85987b-1398-4173-a0c1-3546047c9d74/c41dbc56-3a14-41e9-aae2-4eada964d996/300x300.jpg","Morrisons Unsalted British Butter   250g","Price Match","true","1.99","107007851","https://groceries.morrisons.com/products/morrisons-unsalted-british-butter-250g/107007851","unsalted butter","2026-04-10T19:08:30.717Z","morrisons",,,"250g"
"Lurpak",,"https://groceries.morrisons.com/images-v3/4b85987b-1398-4173-a0c1-3546047c9d74/3986d514-3b74-401a-a269-de773220dd5a/300x300.jpg","Lurpak Unsalted Butter","Now £1.95, Was £2.70","true","1.95","113113790","https://groceries.morrisons.com/products/lurpak-unsalted-butter/113113790","unsalted butter","2026-04-10T19:08:30.717Z","morrisons",,,"200g"
"Kerrygold",,"https://groceries.morrisons.com/images-v3/4b85987b-1398-4173-a0c1-3546047c9d74/1427d0af-b0ed-436c-90a6-6388fed37ad7/300x300.jpg","Kerrygold Pure Irish Butter Unsalted 200g","Now £2.25, Was £2.60","true","2.25","115363194","https://groceries.morrisons.com/products/kerrygold-pure-irish-butter-unsalted-200g/115363194","unsalted butter","2026-04-10T19:08:30.717Z","morrisons",,,"200g"
"Elmlea",,"https://groceries.morrisons.com/images-v3/4b85987b-1398-4173-a0c1-3546047c9d74/463aef0f-8369-4b95-b14d-29b8f36caf97/300x300.jpg","Elmlea Creamy & Buttery Blend Unsalted Block   250g","Intro Offer","true","1.5","115674304","https://groceries.morrisons.com/products/elmlea-creamy-buttery-blend-unsalted-block-250g/115674304","unsalted butter","2026-04-10T19:08:30.717Z","morrisons",,,"250g"
"Country",,"https://groceries.morrisons.com/images-v3/4b85987b-1398-4173-a0c1-3546047c9d74/f760d3c9-b55e-4bc5-9ceb-1f3038e16900/300x300.jpg","Country Life Unsalted Butter   200g",,"false","2.7","114854995","https://groceries.morrisons.com/products/country-life-unsalted-butter-200g/114854995","unsalted butter","2026-04-10T19:08:30.717Z","morrisons",,,"200g"
"Morrisons",,"https://groceries.morrisons.com/images-v3/4b85987b-1398-4173-a0c1-3546047c9d74/039c26a6-5dd0-442f-a21c-61e320697f7b/300x300.jpg","Morrisons Parsnips 500g","Price Match","true","0.74","108304575","https://groceries.morrisons.com/products/morrisons-parsnips-500g/108304575","parsnips","2026-04-10T19:08:40.923Z","morrisons",,,"500g"
"Morrisons",,"https://groceries.morrisons.com/images-v3/4b85987b-1398-4173-a0c1-3546047c9d74/9cd3e8b3-e958-4a12-bbd2-6a00006fa4fc/300x300.jpg","Morrisons Wonky Parsnips 500g",,"false","0.55","108502141","https://groceries.morrisons.com/products/morrisons-wonky-parsnips-500g/108502141","parsnips","2026-04-10T19:08:40.923Z","morrisons",,,"500g"
"Aunt",,"https://groceries.morrisons.com/images-v3/4b85987b-1398-4173-a0c1-3546047c9d74/769731fc-d404-4adc-a6df-5c277502a893/300x300.jpg","Aunt Bessie's Honey Glazed Parsnips 500g","Now £2.50, Was £3","true","2.5","108779423","https://groceries.morrisons.com/products/aunt-bessie-s-honey-glazed-parsnips-500g/108779423","parsnips","2026-04-10T19:08:40.923Z","morrisons",,,"500g"
"Morrisons",,"https://groceries.morrisons.com/images-v3/4b85987b-1398-4173-a0c1-3546047c9d74/246bc461-6e2d-431e-998d-b8ae7c840a43/300x300.jpg","Morrisons Roasting Parsnips",,"false","2.5","104896251","https://groceries.morrisons.com/products/morrisons-roasting-parsnips/104896251","parsnips","2026-04-10T19:08:40.923Z","morrisons",,,"750g"
"Morrisons",,"https://groceries.morrisons.com/images-v3/4b85987b-1398-4173-a0c1-3546047c9d74/487a77d6-4ae2-47d8-a393-a0fbfe3a3a79/300x300.jpg","Morrisons The Greengrocer's on Market Street Stewpack with Parsnip",,"false","1.5","108304436","https://groceries.morrisons.com/products/morrisons-the-greengrocer-s-on-market-street-stewpack-with-parsnip/108304436","parsnips","2026-04-10T19:08:40.923Z","morrisons",,,
"Soreen",,"https://groceries.morrisons.com/images-v3/4b85987b-1398-4173-a0c1-3546047c9d74/077ad0fa-89ef-4f03-956c-0bbaaaf9a671/300x300.jpg","Soreen Lunchbox Loaves Banana","Now £1.25, Was £1.80","true","1.25","105425363","https://groceries.morrisons.com/products/soreen-lunchbox-loaves-banana/105425363","bananas","2026-04-10T19:08:52.110Z","morrisons",,,"5 per pack"
"Fyffes",,"https://groceries.morrisons.com/images-v3/4b85987b-1398-4173-a0c1-3546047c9d74/3b727580-851d-42bb-8716-f5055d63d144/300x300.jpg","Fyffes Loose Bananas",,"false","0.17","115455128","https://groceries.morrisons.com/products/fyffes-loose-bananas/115455128","bananas","2026-04-10T19:08:52.110Z","morrisons",,,"0.19kg"
"Muller",,"https://groceries.morrisons.com/images-v3/4b85987b-1398-4173-a0c1-3546047c9d74/4f6b40ac-96d1-4445-8456-5ab57526c10a/300x300.jpg","Muller Corner Vanilla Chocolate Balls, Banana Chocolate Yogurts 6 x 124g","Buy 2 for £6","true","4","112562930","https://groceries.morrisons.com/products/muller-corner-vanilla-chocolate-balls-banana-chocolate-yogurts-6-x-124g/112562930","bananas","2026-04-10T19:08:52.110Z","morrisons",,,"6 x 124g"
"Muller",,"https://groceries.morrisons.com/images-v3/4b85987b-1398-4173-a0c1-3546047c9d74/50a6f869-b10b-45d7-b4a9-7be31789bffb/300x300.jpg","Muller Corner Banana Yogurt with Chocolate Flakes 124g","Buy 10 for £4","true","0.9","112546577","https://groceries.morrisons.com/products/muller-corner-banana-yogurt-with-chocolate-flakes-124g/112546577","bananas","2026-04-10T19:08:52.110Z","morrisons",,,"124g"
"Soreen",,"https://groceries.morrisons.com/images-v3/4b85987b-1398-4173-a0c1-3546047c9d74/a2e64b0c-6461-46f1-9aef-5c851d1eceb9/300x300.jpg","Soreen Banana Loaf","Now £1, Was £1.50","true","1","102469272","https://groceries.morrisons.com/products/soreen-banana-loaf/102469272","bananas","2026-04-10T19:08:52.110Z","morrisons",,,"260g"
"Freshlay",,"https://groceries.morrisons.com/images-v3/4b85987b-1398-4173-a0c1-3546047c9d74/f0e11b12-3f00-41ef-8f08-0bf98482e2d5/300x300.jpg","Freshlay Golden Yolker 10 Mixed Weight Eggs","Now £3.80, Was £4.10","true","3.8","113908509","https://groceries.morrisons.com/products/freshlay-golden-yolker-10-mixed-weight-eggs/113908509","organic eggs","2026-04-10T19:09:02.992Z","morrisons",,,
"Purely",,"https://groceries.morrisons.com/images-v3/4b85987b-1398-4173-a0c1-3546047c9d74/04b2e694-f80d-43d7-9136-5b3db268300d/300x300.jpg","Purely Organic 10 Mixed Size Eggs",,"false","5.2","110389336","https://groceries.morrisons.com/products/purely-organic-10-mixed-size-eggs/110389336","organic eggs","2026-04-10T19:09:02.992Z","morrisons",,,"10 per pack"
"Morrisons",,"https://groceries.morrisons.com/images-v3/4b85987b-1398-4173-a0c1-3546047c9d74/639c9ff9-0f8e-4d34-ac70-188b22633945/300x300.jpg","Morrisons Organic 6 Mixed Size British Egg Selection",,"false","2.8","106914417","https://groceries.morrisons.com/products/morrisons-organic-6-mixed-size-british-egg-selection/106914417","organic eggs","2026-04-10T19:09:02.992Z","morrisons",,,"6 per pack"
"Morrisons",,"https://groceries.morrisons.com/images-v3/4b85987b-1398-4173-a0c1-3546047c9d74/5ca5ff4c-1e33-421d-beba-2a9fe2c1f624/300x300.jpg","Morrisons The Best 6 White Golden Yolk Free Range Eggs",,"false","2.9","111855108","https://groceries.morrisons.com/products/morrisons-the-best-6-white-golden-yolk-free-range-eggs/111855108","organic eggs","2026-04-10T19:09:02.992Z","morrisons",,,"6 per pack"
"Clarence",,"https://groceries.morrisons.com/images-v3/4b85987b-1398-4173-a0c1-3546047c9d74/e8a2177e-a27f-4378-aacb-df7d4442adad/300x300.jpg","Clarence Court Assorted Cotswold Legbar Eggs 6 pack",,"false","3.2","103153229","https://groceries.morrisons.com/products/clarence-court-assorted-cotswold-legbar-eggs-6-pack/103153229","organic eggs","2026-04-10T19:09:02.992Z","morrisons",,,"6 per pack"
"Morrisons",,"https://groceries.morrisons.com/images-v3/4b85987b-1398-4173-a0c1-3546047c9d74/58a6fe56-de73-46f0-acdd-3f0ac425409c/300x300.jpg","Morrisons Cooking Chorizo",,"false","3.75","115397714","https://groceries.morrisons.com/products/morrisons-cooking-chorizo/115397714","chorizo","2026-04-10T19:09:12.808Z","morrisons",,,"250g"
"Morrisons",,"https://groceries.morrisons.com/images-v3/4b85987b-1398-4173-a0c1-3546047c9d74/3a708cb5-2115-499b-bfa8-448801140508/300x300.jpg","Morrisons Spanish Chorizo Ring 200g",,"false","2.5","108262344","https://groceries.morrisons.com/products/morrisons-spanish-chorizo-ring-200g/108262344","chorizo","2026-04-10T19:09:12.808Z","morrisons",,,"200g"
"Morrisons",,"https://groceries.morrisons.com/images-v3/4b85987b-1398-4173-a0c1-3546047c9d74/2235a0fa-8163-4237-aef4-544c8e153611/300x300.jpg","Morrisons Diced Spanish Chorizo",,"false","2.69","104514145","https://groceries.morrisons.com/products/morrisons-diced-spanish-chorizo/104514145","chorizo","2026-04-10T19:09:12.808Z","morrisons",,,"140g"
"Morrisons",,"https://groceries.morrisons.com/images-v3/4b85987b-1398-4173-a0c1-3546047c9d74/2fb440f3-41f1-40c5-a72d-e86006b66165/300x300.jpg","Morrisons Spicy Spanish Chorizo Ring",,"false","2.5","108262133","https://groceries.morrisons.com/products/morrisons-spicy-spanish-chorizo-ring/108262133","chorizo","2026-04-10T19:09:12.808Z","morrisons",,,"200g"
"Elpozo",,"https://groceries.morrisons.com/images-v3/4b85987b-1398-4173-a0c1-3546047c9d74/31ac1b8d-e6ad-4ea9-a953-20305e80311a/300x300.jpg","Elpozo Chorizo Ring   200g",,"false","4.25","110500073","https://groceries.morrisons.com/products/elpozo-chorizo-ring-200g/110500073","chorizo","2026-04-10T19:09:12.808Z","morrisons",,,"200g"
"Fage",,"https://groceries.morrisons.com/images-v3/4b85987b-1398-4173-a0c1-3546047c9d74/8a6a49c0-80ae-41aa-a4ad-8f05a3d24a3b/300x300.jpg","Fage Total 5% Fat Strained Yoghurt","Now £2.95, Was £3.75","true","2.95","112364714","https://groceries.morrisons.com/products/fage-total-5-fat-strained-yoghurt/112364714","greek yoghurt","2026-04-10T19:09:14.596Z","morrisons",,,"450g"
"Morrisons",,"https://groceries.morrisons.com/images-v3/4b85987b-1398-4173-a0c1-3546047c9d74/4a0e1c14-be64-497f-9043-62299ae9a383/300x300.jpg","Morrisons The Best Authentic Luxury Greek Yogurt 1kg",,"false","4","115152805","https://groceries.morrisons.com/products/morrisons-the-best-authentic-luxury-greek-yogurt-1kg/115152805","greek yoghurt","2026-04-10T19:09:14.596Z","morrisons",,,"1kg"
"Morrisons",,"https://groceries.morrisons.com/images-v3/4b85987b-1398-4173-a0c1-3546047c9d74/e3d41c3c-5b44-49cd-829c-9a0177503738/300x300.jpg","Morrisons Greek Style Yogurt  1kg",,"false","2","112799013","https://groceries.morrisons.com/products/morrisons-greek-style-yogurt-1kg/112799013","greek yoghurt","2026-04-10T19:09:14.596Z","morrisons",,,"1kg"
"Morrisons",,"https://groceries.morrisons.com/images-v3/4b85987b-1398-4173-a0c1-3546047c9d74/59e684f8-524c-42b2-be32-cc9afa372606/300x300.jpg","Morrisons The Best Greek Yogurt 10% Fat 500g",,"false","2.29","109815035","https://groceries.morrisons.com/products/morrisons-the-best-greek-yogurt-10-fat-500g/109815035","greek yoghurt","2026-04-10T19:09:14.596Z","morrisons",,,"500g"
"Morrisons",,"https://groceries.morrisons.com/images-v3/4b85987b-1398-4173-a0c1-3546047c9d74/18553d2d-a243-408d-bd8a-5d0a94959eff/300x300.jpg","Morrisons Greek Style Yogurt 500g",,"false","1.15","103078919","https://groceries.morrisons.com/products/morrisons-greek-style-yogurt-500g/103078919","greek yoghurt","2026-04-10T19:09:14.596Z","morrisons",,,"500g"
"Anchor",,"https://groceries.morrisons.com/images-v3/4b85987b-1398-4173-a0c1-3546047c9d74/60e9db52-2fb4-48ac-9940-5a200268517a/300x300.jpg","Anchor Spreadable Blend of Butter and Rapeseed Oil 400g","Now £2.75, Was £3.75","true","2.75","113113941","https://groceries.morrisons.com/products/anchor-spreadable-blend-of-butter-and-rapeseed-oil-400g/113113941","spreadable butter","2026-04-10T19:09:32.027Z","morrisons",,,"400g"
"Country",,"https://groceries.morrisons.com/images-v3/4b85987b-1398-4173-a0c1-3546047c9d74/c3578609-024d-42dc-9261-637004f9c672/300x300.jpg","Country Life British Spreadable","Now £5.70, Was £6.25","true","5.7","104743861","https://groceries.morrisons.com/products/country-life-british-spreadable/104743861","spreadable butter","2026-04-10T19:09:32.027Z","morrisons",,,"750g"
"Morrisons",,"https://groceries.morrisons.com/images-v3/4b85987b-1398-4173-a0c1-3546047c9d74/a38179bd-1484-4a36-bd0c-1274421be172/300x300.jpg","Morrisons Salted Spreadable With 100% British Butter 500g","Price Match","true","2.18","115289422","https://groceries.morrisons.com/products/morrisons-salted-spreadable-with-100-british-butter-500g/115289422","spreadable butter","2026-04-10T19:09:32.027Z","morrisons",,,"500g"
"Morrisons",,"https://groceries.morrisons.com/images-v3/4b85987b-1398-4173-a0c1-3546047c9d74/990485a7-ac21-4701-b6ae-0231243387e4/300x300.jpg","Morrisons Reduced Fat Spreadable 500g","Price Match","true","2.18","115288876","https://groceries.morrisons.com/products/morrisons-reduced-fat-spreadable-500g/115288876","spreadable butter","2026-04-10T19:09:32.027Z","morrisons",,,"500g"
"Lurpak",,"https://groceries.morrisons.com/images-v3/4b85987b-1398-4173-a0c1-3546047c9d74/be3984c0-2e31-4ea9-acf3-5519b0c9cc67/300x300.jpg","Lurpak Slightly Salted Spreadable Blend of Butter and Rapeseed Oil   750g",,"false","5.5","112632310","https://groceries.morrisons.com/products/lurpak-slightly-salted-spreadable-blend-of-butter-and-rapeseed-oil-750g/112632310","spreadable butter","2026-04-10T19:09:32.027Z","morrisons",,,"750g"
"Morrisons",,"https://groceries.morrisons.com/images-v3/4b85987b-1398-4173-a0c1-3546047c9d74/35ae940f-64a5-46dd-8ba6-754b8fe8c569/300x300.jpg","Morrisons Savers Strawberries  227g","Price Match","true","1.99","113455028","https://groceries.morrisons.com/products/morrisons-savers-strawberries-227g/113455028","strawberries","2026-04-10T19:09:43.177Z","morrisons",,,"227g"
"Morrisons",,"https://groceries.morrisons.com/images-v3/4b85987b-1398-4173-a0c1-3546047c9d74/64769687-bb7e-4d58-bee1-d7b9d368b978/300x300.jpg","Morrisons Strawberries 400g",,"false","3.6","108473117","https://groceries.morrisons.com/products/morrisons-strawberries-400g/108473117","strawberries","2026-04-10T19:09:43.177Z","morrisons",,,"400g"
"Petits",,"https://groceries.morrisons.com/images-v3/4b85987b-1398-4173-a0c1-3546047c9d74/34c8106a-89f0-4762-9fcd-351b449741e4/300x300.jpg","Petits Filous Strawberry, Raspberry & Apricot Yogurt Pots","Now £3, Was £3.50","true","3","113704231","https://groceries.morrisons.com/products/petits-filous-strawberry-raspberry-apricot-yogurt-pots/113704231","strawberries","2026-04-10T19:09:43.177Z","morrisons",,,"18 x 47g"
"Petits",,"https://groceries.morrisons.com/images-v3/4b85987b-1398-4173-a0c1-3546047c9d74/6d802084-bdfa-426d-b948-9ff6adb4a704/300x300.jpg","Petits Filous Kids Strawberry Yoghurt Drink","Now £1.25, Was £2.40","true","1.25","110435718","https://groceries.morrisons.com/products/petits-filous-kids-strawberry-yoghurt-drink/110435718","strawberries","2026-04-10T19:09:43.177Z","morrisons",,,"4 x 100g"
"Wildlife",,"https://groceries.morrisons.com/images-v3/4b85987b-1398-4173-a0c1-3546047c9d74/2ca32e23-9a5b-4cef-aedd-05d7197c700f/300x300.jpg","Wildlife Choobs Kids Strawberry, Raspberry & Apricot Yoghurt Tubes 6x37g","Now £1, Was £1.20","true","1","110205525","https://groceries.morrisons.com/products/wildlife-choobs-kids-strawberry-raspberry-apricot-yoghurt-tubes-6x37g/110205525","strawberries","2026-04-10T19:09:43.177Z","morrisons",,,"6 x 37g"
"Morrisons",,"https://groceries.morrisons.com/images-v3/4b85987b-1398-4173-a0c1-3546047c9d74/5e1ca7a0-29fb-40e5-965e-be568ce2feba/300x300.jpg","Morrisons Savers Low Fat Natural Yogurt 500g","Price Match","true","0.55","104141369","https://groceries.morrisons.com/products/morrisons-savers-low-fat-natural-yogurt-500g/104141369","natural yoghurt","2026-04-10T19:09:53.370Z","morrisons",,,"500g"
"Morrisons",,"https://groceries.morrisons.com/images-v3/4b85987b-1398-4173-a0c1-3546047c9d74/fe0d3f0a-b840-4e37-a8f4-c33872e137b1/300x300.jpg","Morrisons Natural Yogurt",,"false","1.1","103145923","https://groceries.morrisons.com/products/morrisons-natural-yogurt/103145923","natural yoghurt","2026-04-10T19:09:53.370Z","morrisons",,,"500g"
"Morrisons",,"https://groceries.morrisons.com/images-v3/4b85987b-1398-4173-a0c1-3546047c9d74/989671e5-2249-4e1d-ba9d-a3ea126b4bd2/300x300.jpg","Morrisons Fat Free Natural Yogurt",,"false","1.1","108586867","https://groceries.morrisons.com/products/morrisons-fat-free-natural-yogurt/108586867","natural yoghurt","2026-04-10T19:09:53.370Z","morrisons",,,"500g"
"Morrisons",,"https://groceries.morrisons.com/images-v3/4b85987b-1398-4173-a0c1-3546047c9d74/c07c3b87-6c19-4572-b86a-9a7bec76b9c7/300x300.jpg","Morrisons Whole Milk Natural Yoghurt",,"false","2","114031121","https://groceries.morrisons.com/products/morrisons-whole-milk-natural-yoghurt/114031121","natural yoghurt","2026-04-10T19:09:53.370Z","morrisons",,,"1kg"
"Morrisons",,"https://groceries.morrisons.com/images-v3/4b85987b-1398-4173-a0c1-3546047c9d74/e3d41c3c-5b44-49cd-829c-9a0177503738/300x300.jpg","Morrisons Greek Style Yogurt  1kg",,"false","2","112799013","https://groceries.morrisons.com/products/morrisons-greek-style-yogurt-1kg/112799013","natural yoghurt","2026-04-10T19:09:53.370Z","morrisons",,,"1kg"
"Morrisons",,"https://groceries.morrisons.com/images-v3/4b85987b-1398-4173-a0c1-3546047c9d74/1e7d6d1e-c571-4195-80d6-139766e05764/300x300.jpg","Morrisons Broccoli Florets","Now £1.25, Was £1.50","true","1.25","112817947","https://groceries.morrisons.com/products/morrisons-broccoli-florets/112817947","broccoli","2026-04-10T19:09:55.822Z","morrisons",,,"160g"
"Morrisons",,"https://groceries.morrisons.com/images-v3/4b85987b-1398-4173-a0c1-3546047c9d74/6499ac3b-f344-4a29-88e5-9472ec39a056/300x300.jpg","Morrisons Broccoli & Cauliflower Florets  375g","Now £1.25, Was £1.80","true","1.25","108309608","https://groceries.morrisons.com/products/morrisons-broccoli-cauliflower-florets-375g/108309608","broccoli","2026-04-10T19:09:55.822Z","morrisons",,,"375g"
"Morrisons",,"https://groceries.morrisons.com/images-v3/4b85987b-1398-4173-a0c1-3546047c9d74/29a0193e-6e14-48ba-8b07-2a1fdc0ec86e/300x300.jpg","Morrisons Broccoli  375g",,"false","0.82","109148703","https://groceries.morrisons.com/products/morrisons-broccoli-375g/109148703","broccoli","2026-04-10T19:09:55.822Z","morrisons",,,"375g"
"Market",,"https://groceries.morrisons.com/images-v3/4b85987b-1398-4173-a0c1-3546047c9d74/79e42aba-f652-465d-8cca-295cdbc2506a/300x300.jpg","Market Street Tenderstem Broccoli Tips",,"false","1.39","114177365","https://groceries.morrisons.com/products/market-street-tenderstem-broccoli-tips/114177365","broccoli","2026-04-10T19:09:55.822Z","morrisons",,,"100g"
"Morrisons",,"https://groceries.morrisons.com/images-v3/4b85987b-1398-4173-a0c1-3546047c9d74/e08d41b1-d267-473b-84b1-f1a77074bee1/300x300.jpg","Morrisons Carrots Broccoli & Cauliflower",,"false","1","113487951","https://groceries.morrisons.com/products/morrisons-carrots-broccoli-cauliflower/113487951","broccoli","2026-04-10T19:09:55.822Z","morrisons",,,"800g"
"Kerrygold",,"https://groceries.morrisons.com/images-v3/4b85987b-1398-4173-a0c1-3546047c9d74/019e54a4-be4d-484b-8602-6a608eb6ff6f/300x300.jpg","Kerrygold Spreadable Olive Oil   200g",,"false","3.5","115808106","https://groceries.morrisons.com/products/kerrygold-spreadable-olive-oil-200g/115808106","olive spread","2026-04-10T19:10:06.323Z","morrisons",,,"200g"
"Morrisons",,"https://groceries.morrisons.com/images-v3/4b85987b-1398-4173-a0c1-3546047c9d74/3b0168d2-7746-45a5-b0a7-dc7cf621eaca/300x300.jpg","Morrisons Olive Spread 500g",,"false","1.45","115289211","https://groceries.morrisons.com/products/morrisons-olive-spread-500g/115289211","olive spread","2026-04-10T19:10:06.323Z","morrisons",,,"500g"
"Bertolli",,"https://groceries.morrisons.com/images-v3/4b85987b-1398-4173-a0c1-3546047c9d74/b5d3d015-513c-488b-a700-03c53d9aba4f/300x300.jpg","Bertolli Olive Oil Spread",,"false","2.25","112702074","https://groceries.morrisons.com/products/bertolli-olive-oil-spread/112702074","olive spread","2026-04-10T19:10:06.323Z","morrisons",,,"450g"
"Bertolli",,"https://groceries.morrisons.com/images-v3/4b85987b-1398-4173-a0c1-3546047c9d74/030fb06c-bcb4-4ce2-bb08-e9ec8c3f2f84/300x300.jpg","Bertolli Olive Oil Light Spread",,"false","2.25","112709591","https://groceries.morrisons.com/products/bertolli-olive-oil-light-spread/112709591","olive spread","2026-04-10T19:10:06.323Z","morrisons",,,"450g"
"ProActiv",,"https://groceries.morrisons.com/images-v3/4b85987b-1398-4173-a0c1-3546047c9d74/ae594f31-14bb-4a7d-b68c-d496c946ef4d/300x300.jpg","ProActiv Buttery Taste Spread",,"false","4.75","113197444","https://groceries.morrisons.com/products/proactiv-buttery-taste-spread/113197444","olive spread","2026-04-10T19:10:06.323Z","morrisons",,,"450g"
"Morrisons",,"https://groceries.morrisons.com/images-v3/4b85987b-1398-4173-a0c1-3546047c9d74/7cda084e-d45b-4fea-b7a9-ab6cc4545ed8/300x300.jpg","Morrisons Blueberries    150g","Buy 3 for £5","true","1.9","108472966","https://groceries.morrisons.com/products/morrisons-blueberries-150g/108472966","blueberries","2026-04-10T19:10:17.814Z","morrisons",,,"150g"
"Morrisons",,"https://groceries.morrisons.com/images-v3/4b85987b-1398-4173-a0c1-3546047c9d74/c210c92c-f98a-4255-bcc8-20cf3bf7c0f0/300x300.jpg","Morrisons Blueberries  350g",,"false","3.35","110771800","https://groceries.morrisons.com/products/morrisons-blueberries-350g/110771800","blueberries","2026-04-10T19:10:17.814Z","morrisons",,,"350g"
"Morrisons",,"https://groceries.morrisons.com/images-v3/4b85987b-1398-4173-a0c1-3546047c9d74/23ca369c-8e13-4656-8a3b-54d31c930e0e/300x300.jpg","Morrisons Savers Blueberries  125g",,"false","1.08","113455600","https://groceries.morrisons.com/products/morrisons-savers-blueberries-125g/113455600","blueberries","2026-04-10T19:10:17.814Z","morrisons",,,"125g"
"Morrisons",,"https://groceries.morrisons.com/images-v3/4b85987b-1398-4173-a0c1-3546047c9d74/17c28523-e432-4941-9038-5db29c870746/300x300.jpg","Morrisons  Blueberries  450g",,"false","4.25","111748687","https://groceries.morrisons.com/products/morrisons-blueberries-450g/111748687","blueberries","2026-04-10T19:10:17.814Z","morrisons",,,"450g"
"Morrisons",,"https://groceries.morrisons.com/images-v3/4b85987b-1398-4173-a0c1-3546047c9d74/3102467b-83e8-47ae-adcd-fa37e51fd175/300x300.jpg","Morrisons Organic Blueberries",,"false","2.35","112788111","https://groceries.morrisons.com/products/morrisons-organic-blueberries/112788111","blueberries","2026-04-10T19:10:17.814Z","morrisons",,,"125g"
"Chicago",,"https://groceries.morrisons.com/images-v3/4b85987b-1398-4173-a0c1-3546047c9d74/9c8769e2-463d-4cc6-ab15-9ba320041955/300x300.jpg","Chicago Town Takeaway Large Stuffed Pepperoni Pizza (Tomato stuffed crust)","Now £3.25, Was £5","true","3.25","100002465","https://groceries.morrisons.com/products/chicago-town-takeaway-large-stuffed-pepperoni-pizza-tomato-stuffed-crust/100002465","pepperoni","2026-04-10T19:10:28.703Z","morrisons",,,"645g"
"Morrisons",,"https://groceries.morrisons.com/images-v3/4b85987b-1398-4173-a0c1-3546047c9d74/341e8f89-1fd4-4d6f-922c-b65f7c6708bb/300x300.jpg","Morrisons Stonebaked Pepperoni Pizza 285g","Buy 3 for £7","true","3.5","114877396","https://groceries.morrisons.com/products/morrisons-stonebaked-pepperoni-pizza-285g/114877396","pepperoni","2026-04-10T19:10:28.703Z","morrisons",,,"285g"
"Morrisons",,"https://groceries.morrisons.com/images-v3/4b85987b-1398-4173-a0c1-3546047c9d74/ca84ea0b-693a-48ea-9cb4-0f7b55633fa8/300x300.jpg","Morrisons The Best Pepperoni Ring",,"false","2.5","115397554","https://groceries.morrisons.com/products/morrisons-the-best-pepperoni-ring/115397554","pepperoni","2026-04-10T19:10:28.703Z","morrisons",,,"225g"
"Morrisons",,"https://groceries.morrisons.com/images-v3/4b85987b-1398-4173-a0c1-3546047c9d74/46dbabb9-9ad8-43bc-895f-817be246d045/300x300.jpg","Morrisons Pepperoni",,"false","1.75","115399453","https://groceries.morrisons.com/products/morrisons-pepperoni/115399453","pepperoni","2026-04-10T19:10:28.703Z","morrisons",,,"140g"
"Morrisons",,"https://groceries.morrisons.com/images-v3/4b85987b-1398-4173-a0c1-3546047c9d74/5cd6b33e-5053-4e6e-ae0f-b4e90fba3382/300x300.jpg","Morrisons Pepperoni 100g",,"false","1","115093526","https://groceries.morrisons.com/products/morrisons-pepperoni-100g/115093526","pepperoni","2026-04-10T19:10:28.703Z","morrisons",,,"100g"
"Morrisons",,"https://groceries.morrisons.com/images-v3/4b85987b-1398-4173-a0c1-3546047c9d74/1aa53d47-da4f-4a95-a894-8601b852ce28/300x300.jpg","Morrisons Medium Cauliflower","Price Match","true","1.19","108303071","https://groceries.morrisons.com/products/morrisons-medium-cauliflower/108303071","cauliflower","2026-04-10T19:10:36.643Z","morrisons",,,
"Morrisons",,"https://groceries.morrisons.com/images-v3/4b85987b-1398-4173-a0c1-3546047c9d74/6499ac3b-f344-4a29-88e5-9472ec39a056/300x300.jpg","Morrisons Broccoli & Cauliflower Florets  375g","Now £1.25, Was £1.80","true","1.25","108309608","https://groceries.morrisons.com/products/morrisons-broccoli-cauliflower-florets-375g/108309608","cauliflower","2026-04-10T19:10:36.643Z","morrisons",,,"375g"
"Morrisons",,"https://groceries.morrisons.com/images-v3/4b85987b-1398-4173-a0c1-3546047c9d74/cd4d7a30-b991-4358-b893-d5ae9fd2c646/300x300.jpg","Morrisons Large Cauliflower",,"false","2.1","114312475","https://groceries.morrisons.com/products/morrisons-large-cauliflower/114312475","cauliflower","2026-04-10T19:10:36.643Z","morrisons",,,
"Morrisons",,"https://groceries.morrisons.com/images-v3/4b85987b-1398-4173-a0c1-3546047c9d74/1a03e4db-7256-4acc-b41c-b3801e62f211/300x300.jpg","Morrisons Cauliflower Florets",,"false","1.5","104893641","https://groceries.morrisons.com/products/morrisons-cauliflower-florets/104893641","cauliflower","2026-04-10T19:10:36.643Z","morrisons",,,"1kg"
"Morrisons",,"https://groceries.morrisons.com/images-v3/4b85987b-1398-4173-a0c1-3546047c9d74/94668977-56d7-439a-b890-97f7fe188992/300x300.jpg","Morrisons Steam & Serve Cauliflower Rice (4x150g)",,"false","2.75","110201428","https://groceries.morrisons.com/products/morrisons-steam-serve-cauliflower-rice-4x150g/110201428","cauliflower","2026-04-10T19:10:36.643Z","morrisons",,,"600g"
"Peppa",,"https://groceries.morrisons.com/images-v3/4b85987b-1398-4173-a0c1-3546047c9d74/726ea592-34e4-4732-a77f-ea85fcb7b510/300x300.jpg","Peppa Pig Kids Strawberry Yoghurt Pots","Now £1, Was £1.20","true","1","104358091","https://groceries.morrisons.com/products/peppa-pig-kids-strawberry-yoghurt-pots/104358091","flavoured yoghurt","2026-04-10T19:10:47.790Z","morrisons",,,"6 x 45g"
"Morrisons",,"https://groceries.morrisons.com/images-v3/4b85987b-1398-4173-a0c1-3546047c9d74/d89a8605-2aab-49e2-b5f2-1899522aadaf/300x300.jpg","Morrisons The Best Fudge Yoghurt","Now 85p, Was £1","true","0.85","113974338","https://groceries.morrisons.com/products/morrisons-the-best-fudge-yoghurt/113974338","flavoured yoghurt","2026-04-10T19:10:47.790Z","morrisons",,,"150g"
"Activia",,"https://groceries.morrisons.com/images-v3/4b85987b-1398-4173-a0c1-3546047c9d74/cdbfec70-4fd1-48f6-b216-5a4fb8026754/300x300.jpg","Activia Strawberry Mixed Fruit Yogurt",,"false","4.25","111904635","https://groceries.morrisons.com/products/activia-strawberry-mixed-fruit-yogurt/111904635","flavoured yoghurt","2026-04-10T19:10:47.790Z","morrisons",,,"8 x 115g"
"Village",,"https://groceries.morrisons.com/images-v3/4b85987b-1398-4173-a0c1-3546047c9d74/6b0b2c62-0fab-4210-814d-d51818cdf167/300x300.jpg","Village Dairy Llaeth Y Llan Raspberry Yogurt   450g",,"false","1.6","109754527","https://groceries.morrisons.com/products/village-dairy-llaeth-y-llan-raspberry-yogurt-450g/109754527","flavoured yoghurt","2026-04-10T19:10:47.790Z","morrisons",,,"450g"
"Morrisons",,"https://groceries.morrisons.com/images-v3/4b85987b-1398-4173-a0c1-3546047c9d74/1ac83984-bc5d-40ea-aad8-5896fc7edaa0/300x300.jpg","Morrisons The Best Rhubarb And Custard Yoghurt","Now 85p, Was £1","true","0.85","112939485","https://groceries.morrisons.com/products/morrisons-the-best-rhubarb-and-custard-yoghurt/112939485","flavoured yoghurt","2026-04-10T19:10:47.790Z","morrisons",,,"150g"
"Morrisons",,"https://groceries.morrisons.com/images-v3/4b85987b-1398-4173-a0c1-3546047c9d74/07b72094-cb9c-4c6c-bfe0-ddf1ba7829f3/300x300.jpg","Morrisons Mature Cheddar  400g","Now £3, Was £3.25","true","3","114285471","https://groceries.morrisons.com/products/morrisons-mature-cheddar-400g/114285471","mature cheddar","2026-04-10T19:10:59.209Z","morrisons",,,"400g"
"Morrisons",,"https://groceries.morrisons.com/images-v3/4b85987b-1398-4173-a0c1-3546047c9d74/a0f4b5e3-9a5e-40f8-a5d8-6965fceae14c/300x300.jpg","Morrisons Savers Mature White Cheddar  400g","Price Match","true","2.49","114287732","https://groceries.morrisons.com/products/morrisons-savers-mature-white-cheddar-400g/114287732","mature cheddar","2026-04-10T19:10:59.209Z","morrisons",,,"400g"
"Morrisons",,"https://groceries.morrisons.com/images-v3/4b85987b-1398-4173-a0c1-3546047c9d74/1a06a152-0b36-4509-9c77-e79eca061978/300x300.jpg","Morrisons Mature Cheddar 750g",,"false","5.4","113771653","https://groceries.morrisons.com/products/morrisons-mature-cheddar-750g/113771653","mature cheddar","2026-04-10T19:10:59.209Z","morrisons",,,"750g"
"Morrisons",,"https://groceries.morrisons.com/images-v3/4b85987b-1398-4173-a0c1-3546047c9d74/192c0281-69e3-46b7-9ef2-6b3a8054378d/300x300.jpg","Morrisons The Best Somerset Cheddar Crunch   300g",,"false","3.49","111141789","https://groceries.morrisons.com/products/morrisons-the-best-somerset-cheddar-crunch-300g/111141789","mature cheddar","2026-04-10T19:10:59.209Z","morrisons",,,"300g"
"Morrisons",,"https://groceries.morrisons.com/images-v3/4b85987b-1398-4173-a0c1-3546047c9d74/37b99419-113d-4106-bc82-4f03cfbc3ac0/300x300.jpg","Morrisons Mature Cheddar 240g",,"false","2.75","112603682","https://groceries.morrisons.com/products/morrisons-mature-cheddar-240g/112603682","mature cheddar","2026-04-10T19:10:59.209Z","morrisons",,,"240g"
"Morrisons",,"https://groceries.morrisons.com/images-v3/4b85987b-1398-4173-a0c1-3546047c9d74/5706650e-2ccc-49d1-a9dd-abbb7abf3551/300x300.jpg","Morrisons The Best British Finely Sliced Applewood Smoked Ham 100g","Buy 2 for £5.50","true","3.25","110085455","https://groceries.morrisons.com/products/morrisons-the-best-british-finely-sliced-applewood-smoked-ham-100g/110085455","ham sliced","2026-04-10T19:11:10.701Z","morrisons",,,"100g"
"Morrisons",,"https://groceries.morrisons.com/images-v3/4b85987b-1398-4173-a0c1-3546047c9d74/83063193-7638-46f2-a92f-16ec2f104839/300x300.jpg","Morrisons British Honey Roast Ham 120g","Now £2, Was £2.25","true","2","112634147","https://groceries.morrisons.com/products/morrisons-british-honey-roast-ham-120g/112634147","ham sliced","2026-04-10T19:11:10.701Z","morrisons",,,"120g"
"Market",,"https://groceries.morrisons.com/images-v3/4b85987b-1398-4173-a0c1-3546047c9d74/a2ca4be4-937a-4fb2-9362-70fd16b9662f/300x300.jpg","Market Street Deli Breaded Ham","Buy 3 for £6","true","2.5","111543286","https://groceries.morrisons.com/products/market-street-deli-breaded-ham/111543286","ham sliced","2026-04-10T19:11:10.701Z","morrisons",,,"125g"
"Morrisons",,"https://groceries.morrisons.com/images-v3/4b85987b-1398-4173-a0c1-3546047c9d74/c2d80851-651c-4ef7-b324-50f4d4ad0cb4/300x300.jpg","Morrisons British Thinly Sliced Honey Roast Ham  120g","Now £2, Was £2.25","true","2","112634180","https://groceries.morrisons.com/products/morrisons-british-thinly-sliced-honey-roast-ham-120g/112634180","ham sliced","2026-04-10T19:11:10.701Z","morrisons",,,"120g"
"Morrisons",,"https://groceries.morrisons.com/images-v3/4b85987b-1398-4173-a0c1-3546047c9d74/eaa800da-d223-4896-a325-3108b62f1133/300x300.jpg","Morrisons The Best Finely Sliced Dry Cured Cooked Ham 240g",,"false","5","114867358","https://groceries.morrisons.com/products/morrisons-the-best-finely-sliced-dry-cured-cooked-ham-240g/114867358","ham sliced","2026-04-10T19:11:10.701Z","morrisons",,,"240g"
"Driscoll's",,"https://groceries.morrisons.com/images-v3/4b85987b-1398-4173-a0c1-3546047c9d74/94a80a2d-0754-4cfc-9fe3-a6a5f3303ff3/300x300.jpg","Driscoll's Raspberries   125g","Buy 2 for £5","true","3","113694969","https://groceries.morrisons.com/products/driscoll-s-raspberries-125g/113694969","raspberries","2026-04-10T19:11:21.503Z","morrisons",,,"125g"
"Morrisons",,"https://groceries.morrisons.com/images-v3/4b85987b-1398-4173-a0c1-3546047c9d74/7d9db533-8498-426a-b61e-07ac38191ea5/300x300.jpg","Morrisons Raspberry Trifles","Now £1.50, Was £2.25","true","1.5","105627141","https://groceries.morrisons.com/products/morrisons-raspberry-trifles/105627141","raspberries","2026-04-10T19:11:21.503Z","morrisons",,,"3 x 135g"
"Morrisons",,"https://groceries.morrisons.com/images-v3/4b85987b-1398-4173-a0c1-3546047c9d74/102d4b85-db4e-4a20-b961-6d0a41d5293d/300x300.jpg","Morrisons Raspberries   250g",,"false","3.25","109675731","https://groceries.morrisons.com/products/morrisons-raspberries-250g/109675731","raspberries","2026-04-10T19:11:21.503Z","morrisons",,,"250g"
"Morrisons",,"https://groceries.morrisons.com/images-v3/4b85987b-1398-4173-a0c1-3546047c9d74/943f8625-36b7-41e7-958e-21dcdd8d36b5/300x300.jpg","Morrisons Raspberries  150g",,"false","2.15","108472798","https://groceries.morrisons.com/products/morrisons-raspberries-150g/108472798","raspberries","2026-04-10T19:11:21.503Z","morrisons",,,"150g"
"Morrisons",,"https://groceries.morrisons.com/images-v3/4b85987b-1398-4173-a0c1-3546047c9d74/994fbfd9-d429-4cfe-892b-96765928ea00/300x300.jpg","Morrisons Raspberries 300g",,"false","3.35","112043751","https://groceries.morrisons.com/products/morrisons-raspberries-300g/112043751","raspberries","2026-04-10T19:11:21.503Z","morrisons",,,"300g"
"Morrisons",,"https://groceries.morrisons.com/images-v3/4b85987b-1398-4173-a0c1-3546047c9d74/dad16e6c-8c97-42ed-8005-373672e474bb/300x300.jpg","Morrisons Whole Cucumber","Price Match","true","0.99","108413093","https://groceries.morrisons.com/products/morrisons-whole-cucumber/108413093","cucumber","2026-04-10T19:11:31.675Z","morrisons",,,
"Morrisons",,"https://groceries.morrisons.com/images-v3/4b85987b-1398-4173-a0c1-3546047c9d74/13e565d4-3a9c-401f-bef2-0bc08938dbe7/300x300.jpg","Morrisons Market Street Large Cucumber","Summer Ready BBQ 10% Off - More Card Price","true","1.15","109331831","https://groceries.morrisons.com/products/morrisons-market-street-large-cucumber/109331831","cucumber","2026-04-10T19:11:31.675Z","morrisons",,,
"Mrs",,"https://groceries.morrisons.com/images-v3/4b85987b-1398-4173-a0c1-3546047c9d74/7cf562b3-85f6-4426-8653-49894b39fac9/300x300.jpg","Mrs Elswood Sweet Cucumber Sandwich Slices  (540g)","Now £2, Was £2.65","true","2","100390456","https://groceries.morrisons.com/products/mrs-elswood-sweet-cucumber-sandwich-slices-540g/100390456","cucumber","2026-04-10T19:11:31.675Z","morrisons",,,"310g"
"Morrisons",,"https://groceries.morrisons.com/images-v3/4b85987b-1398-4173-a0c1-3546047c9d74/45bf2200-ddab-42c0-b2f8-0f2e8041d053/300x300.jpg","Morrisons Cucumber Portion",,"false","0.68","108426492","https://groceries.morrisons.com/products/morrisons-cucumber-portion/108426492","cucumber","2026-04-10T19:11:31.675Z","morrisons",,,
"Morrisons",,"https://groceries.morrisons.com/images-v3/4b85987b-1398-4173-a0c1-3546047c9d74/7eb98fbe-a70e-470b-80fa-46fdb9f7bddd/300x300.jpg","Morrisons Mini Cucumbers 200g",,"false","1.1","109537426","https://groceries.morrisons.com/products/morrisons-mini-cucumbers-200g/109537426","cucumber","2026-04-10T19:11:31.675Z","morrisons",,,"200g"
"Morrisons",,"https://groceries.morrisons.com/images-v3/4b85987b-1398-4173-a0c1-3546047c9d74/c0b627fa-56aa-4027-a1d8-ac888a84c443/300x300.jpg","Morrisons Mild Cheddar","Now £3, Was £3.25","true","3","114285534","https://groceries.morrisons.com/products/morrisons-mild-cheddar/114285534","mild cheddar","2026-04-10T19:11:40.674Z","morrisons",,,"400g"
"Morrisons",,"https://groceries.morrisons.com/images-v3/4b85987b-1398-4173-a0c1-3546047c9d74/040ff648-ad27-4ec6-a6c1-3e75307482bf/300x300.jpg","Morrisons Savers Mild White Cheddar  400g","Price Match","true","2.49","114293219","https://groceries.morrisons.com/products/morrisons-savers-mild-white-cheddar-400g/114293219","mild cheddar","2026-04-10T19:11:40.674Z","morrisons",,,"400g"
"Morrisons",,"https://groceries.morrisons.com/images-v3/4b85987b-1398-4173-a0c1-3546047c9d74/9aa43bb4-a058-46a7-b24b-cd7542d77b9e/300x300.jpg","Morrisons Savers Mild White Cheddar","Price Match","true","3.88","114296444","https://groceries.morrisons.com/products/morrisons-savers-mild-white-cheddar/114296444","mild cheddar","2026-04-10T19:11:40.674Z","morrisons",,,"700g"
"Morrisons",,"https://groceries.morrisons.com/images-v3/4b85987b-1398-4173-a0c1-3546047c9d74/7f374e4a-ae92-43df-96aa-2c2791eaa16e/300x300.jpg","Morrisons Mild Cheddar 240g",,"false","2.75","112602671","https://groceries.morrisons.com/products/morrisons-mild-cheddar-240g/112602671","mild cheddar","2026-04-10T19:11:40.674Z","morrisons",,,"240g"
"Cathedral",,"https://groceries.morrisons.com/images-v3/4b85987b-1398-4173-a0c1-3546047c9d74/d66efa2e-19f1-4db3-8a14-9615c5130fb3/300x300.jpg","Cathedral City Mild Cheddar Cheese",,"false","3","103258979","https://groceries.morrisons.com/products/cathedral-city-mild-cheddar-cheese/103258979","mild cheddar","2026-04-10T19:11:40.674Z","morrisons",,,"350g"
"Morrisons",,"https://groceries.morrisons.com/images-v3/4b85987b-1398-4173-a0c1-3546047c9d74/5633149c-e579-4798-852f-e027ebd00c82/300x300.jpg","Morrisons The Best Piccolina Vine Tomatoes 400g",,"false","3.3","113541671","https://groceries.morrisons.com/products/morrisons-the-best-piccolina-vine-tomatoes-400g/113541671","vine tomatoes","2026-04-10T19:11:41.007Z","morrisons",,,"400g"
"Morrisons",,"https://groceries.morrisons.com/images-v3/4b85987b-1398-4173-a0c1-3546047c9d74/568f94af-923c-40f4-9a61-7dcdd37fe9b0/300x300.jpg","Morrisons Vine Ripe Cherry Tomatoes  225g",,"false","1.35","108388529","https://groceries.morrisons.com/products/morrisons-vine-ripe-cherry-tomatoes-225g/108388529","vine tomatoes","2026-04-10T19:11:41.007Z","morrisons",,,"225g"
"Morrisons",,"https://groceries.morrisons.com/images-v3/4b85987b-1398-4173-a0c1-3546047c9d74/b2e703ae-0189-47c5-8cd5-2ab735686201/300x300.jpg","Morrisons The Best Piccolina Vine Tomatoes 220g",,"false","2.15","113544602","https://groceries.morrisons.com/products/morrisons-the-best-piccolina-vine-tomatoes-220g/113544602","vine tomatoes","2026-04-10T19:11:41.007Z","morrisons",,,"220g"
"Morrisons",,"https://groceries.morrisons.com/images-v3/4b85987b-1398-4173-a0c1-3546047c9d74/79ced67b-2a9a-4faf-926e-d71adc35ad94/300x300.jpg","Morrisons Vine Ripened Large Tomatoes",,"false","1.25","108388692","https://groceries.morrisons.com/products/morrisons-vine-ripened-large-tomatoes/108388692","vine tomatoes","2026-04-10T19:11:41.007Z","morrisons",,,
"Morrisons",,"https://groceries.morrisons.com/images-v3/4b85987b-1398-4173-a0c1-3546047c9d74/8919c424-b647-4623-a88d-c27aec0ffa90/300x300.jpg","Morrisons Sweet Vine Ripened Tomatoes   250g",,"false","1.15","108388490","https://groceries.morrisons.com/products/morrisons-sweet-vine-ripened-tomatoes-250g/108388490","vine tomatoes","2026-04-10T19:11:41.007Z","morrisons",,,"250g"
"Arla",,"https://groceries.morrisons.com/images-v3/4b85987b-1398-4173-a0c1-3546047c9d74/ba2f0430-2211-4879-ab15-9ad2223ecae4/300x300.jpg","Arla Skyr High Protein Natural Icelandic Style Yogurt","Buy 2 for £2.50","true","2.25","107365430","https://groceries.morrisons.com/products/arla-skyr-high-protein-natural-icelandic-style-yogurt/107365430","skyr yoghurt","2026-04-10T19:11:52.616Z","morrisons",,,"450g"
"Arla",,"https://groceries.morrisons.com/images-v3/4b85987b-1398-4173-a0c1-3546047c9d74/32fb6d67-7285-46b2-9f2c-3a6972b94c28/300x300.jpg","Arla Skyr High Protein Vanilla Icelandic Style Yogurt","Buy 2 for £2.50","true","2.25","109841858","https://groceries.morrisons.com/products/arla-skyr-high-protein-vanilla-icelandic-style-yogurt/109841858","skyr yoghurt","2026-04-10T19:11:52.616Z","morrisons",,,"450g"
"Arla",,"https://groceries.morrisons.com/images-v3/4b85987b-1398-4173-a0c1-3546047c9d74/f83db4a7-a289-4688-9588-74c764dd1d3c/300x300.jpg","Arla Skyr High Protein Strawberry Icelandic Style Yogurt","Buy 2 for £2.50","true","2.25","107365405","https://groceries.morrisons.com/products/arla-skyr-high-protein-strawberry-icelandic-style-yogurt/107365405","skyr yoghurt","2026-04-10T19:11:52.616Z","morrisons",,,"450g"
"Danone",,"https://groceries.morrisons.com/images-v3/4b85987b-1398-4173-a0c1-3546047c9d74/b7782725-a170-4c4f-a8a6-3ac8aaaab9be/300x300.jpg","Danone Skyr Plain Yoghurt 800g",,"false","3.3","115003738","https://groceries.morrisons.com/products/danone-skyr-plain-yoghurt-800g/115003738","skyr yoghurt","2026-04-10T19:11:52.616Z","morrisons",,,"800g"
"Danone",,"https://groceries.morrisons.com/images-v3/4b85987b-1398-4173-a0c1-3546047c9d74/cf6b989e-3953-4ab4-a808-9722cf6bbda8/300x300.jpg","Danone Skyr Strawberry Yoghurt Drink 270g","Now £1.20, Was £1.50","true","1.2","115003914","https://groceries.morrisons.com/products/danone-skyr-strawberry-yoghurt-drink-270g/115003914","skyr yoghurt","2026-04-10T19:11:52.616Z","morrisons",,,"270g"
"Morrisons",,"https://groceries.morrisons.com/images-v3/4b85987b-1398-4173-a0c1-3546047c9d74/0c6e2230-05f9-4ea8-903d-8657d7237af1/300x300.jpg","Morrisons 2 Salmon Fillets 220g","Buy 3 for £10","true","4.5","111595107","https://groceries.morrisons.com/products/morrisons-2-salmon-fillets-220g/111595107","salmon fillets","2026-04-10T19:12:04.032Z","morrisons",,,"220g"
"Morrisons",,"https://groceries.morrisons.com/images-v3/4b85987b-1398-4173-a0c1-3546047c9d74/c37b0bd7-11f3-44d5-94a5-5bd1e390dde8/300x300.jpg","Morrisons The Best 2 Scottish Salmon Fillets 220g",,"false","6.1","111555316","https://groceries.morrisons.com/products/morrisons-the-best-2-scottish-salmon-fillets-220g/111555316","salmon fillets","2026-04-10T19:12:04.032Z","morrisons",,,"220g"
"Morrisons",,"https://groceries.morrisons.com/images-v3/4b85987b-1398-4173-a0c1-3546047c9d74/effe58b8-3a6c-45d1-aa8c-590bc67e8580/300x300.jpg","Morrisons 3 Skin on & Boneless Wild Pink Salmon Fillets 330g",,"false","5.5","114999326","https://groceries.morrisons.com/products/morrisons-3-skin-on-boneless-wild-pink-salmon-fillets-330g/114999326","salmon fillets","2026-04-10T19:12:04.032Z","morrisons",,,"330g"
"Morrisons",,"https://groceries.morrisons.com/images-v3/4b85987b-1398-4173-a0c1-3546047c9d74/45c40802-6c93-40d1-a735-0d7b45c2bb4b/300x300.jpg","Morrisons Market Street 4 Boneless Salmon Fillets 440g",,"false","8","115342748","https://groceries.morrisons.com/products/morrisons-market-street-4-boneless-salmon-fillets-440g/115342748","salmon fillets","2026-04-10T19:12:04.032Z","morrisons",,,"440g"
"Morrisons",,"https://groceries.morrisons.com/images-v3/4b85987b-1398-4173-a0c1-3546047c9d74/c57edb7f-9573-483b-8262-b8d16ed46924/300x300.jpg","Morrisons Hot Smoked Sweet Chilli Salmon Fillet 2 Pack",,"false","5.95","111264607","https://groceries.morrisons.com/products/morrisons-hot-smoked-sweet-chilli-salmon-fillet-2-pack/111264607","salmon fillets","2026-04-10T19:12:04.032Z","morrisons",,,"180g"
"Morrisons",,"https://groceries.morrisons.com/images-v3/4b85987b-1398-4173-a0c1-3546047c9d74/2542b93b-0ae5-4ad8-96c9-c18bbfd3e440/300x300.jpg","Morrisons Loose Braeburn Apples","Buy 6 for £2","true","0.5","109861605","https://groceries.morrisons.com/products/morrisons-loose-braeburn-apples/109861605","braeburn apples","2026-04-10T19:12:15.509Z","morrisons",,,
"Morrisons",,"https://groceries.morrisons.com/images-v3/4b85987b-1398-4173-a0c1-3546047c9d74/789ef858-368e-4887-a9d6-0251db33d706/300x300.jpg","Morrisons Braeburn Apples 6 Pack",,"false","1.8","108682681","https://groceries.morrisons.com/products/morrisons-braeburn-apples-6-pack/108682681","braeburn apples","2026-04-10T19:12:15.509Z","morrisons",,,"6 per pack"
"Morrisons",,"https://groceries.morrisons.com/images-v3/4b85987b-1398-4173-a0c1-3546047c9d74/c6ae94e5-2058-45a8-b6b6-8f0f8db37349/300x300.jpg","Morrisons Royal Gala Apples   6 Pack",,"false","1.89","108682621","https://groceries.morrisons.com/products/morrisons-royal-gala-apples-6-pack/108682621","braeburn apples","2026-04-10T19:12:15.509Z","morrisons",,,"6 per pack"
"Morrisons",,"https://groceries.morrisons.com/images-v3/4b85987b-1398-4173-a0c1-3546047c9d74/d9f8a46c-815b-4cd9-97ea-dbf7ed2335b4/300x300.jpg","Morrisons Apples 1.2kg",,"false","2.5","113348193","https://groceries.morrisons.com/products/morrisons-apples-1-2kg/113348193","braeburn apples","2026-04-10T19:12:15.509Z","morrisons",,,"1.2kg"
"Morrisons",,"https://groceries.morrisons.com/images-v3/4b85987b-1398-4173-a0c1-3546047c9d74/14e1f596-a491-4dba-87ef-e521a316789a/300x300.jpg","Morrisons Bramley Apples (Min 3)",,"false","2.6","110271160","https://groceries.morrisons.com/products/morrisons-bramley-apples-min-3/110271160","braeburn apples","2026-04-10T19:12:15.509Z","morrisons",,,"3 per pack"
"Morrisons",,"https://groceries.morrisons.com/images-v3/4b85987b-1398-4173-a0c1-3546047c9d74/6a7598ef-437e-4251-94b6-4203b09481fe/300x300.jpg","Morrisons Baby Plum Tomatoes   250g","Now 68p, Was 75p","true","0.68","108388174","https://groceries.morrisons.com/products/morrisons-baby-plum-tomatoes-250g/108388174","cherry tomatoes","2026-04-10T19:12:24.988Z","morrisons",,,"250g"
"Morrisons",,"https://groceries.morrisons.com/images-v3/4b85987b-1398-4173-a0c1-3546047c9d74/ff0152c9-4dcc-4395-afaf-f2cd0200853c/300x300.jpg","Morrisons Cherry Tomatoes 420g",,"false","1.4","108388220","https://groceries.morrisons.com/products/morrisons-cherry-tomatoes-420g/108388220","cherry tomatoes","2026-04-10T19:12:24.988Z","morrisons",,,"420g"
"Organic",,"https://groceries.morrisons.com/images-v3/4b85987b-1398-4173-a0c1-3546047c9d74/4b018d0b-8e13-4965-b315-9e08fc3ec120/300x300.jpg","Organic Cherry Tomatoes On The Vine 200g",,"false","2","112719909","https://groceries.morrisons.com/products/organic-cherry-tomatoes-on-the-vine-200g/112719909","cherry tomatoes","2026-04-10T19:12:24.988Z","morrisons",,,"200g"
"Morrisons",,"https://groceries.morrisons.com/images-v3/4b85987b-1398-4173-a0c1-3546047c9d74/d9c4a98b-dd47-4f62-bbca-bf70f2262d81/300x300.jpg","MorrisonsThe Best San Marzano Cooking Plum Tomatoes 400g",,"false","2.15","115527929","https://groceries.morrisons.com/products/morrisonsthe-best-san-marzano-cooking-plum-tomatoes-400g/115527929","cherry tomatoes","2026-04-10T19:12:24.988Z","morrisons",,,"400g"
"Morrisons",,"https://groceries.morrisons.com/images-v3/4b85987b-1398-4173-a0c1-3546047c9d74/568f94af-923c-40f4-9a61-7dcdd37fe9b0/300x300.jpg","Morrisons Vine Ripe Cherry Tomatoes  225g",,"false","1.35","108388529","https://groceries.morrisons.com/products/morrisons-vine-ripe-cherry-tomatoes-225g/108388529","cherry tomatoes","2026-04-10T19:12:24.988Z","morrisons",,,"225g"
"Morrisons",,"https://groceries.morrisons.com/images-v3/4b85987b-1398-4173-a0c1-3546047c9d74/4c45f4f1-a393-4ec0-83ef-969bab6d11ca/300x300.jpg","Morrisons Loose Royal Gala Apples","Buy 6 for £2","true","0.5","109861752","https://groceries.morrisons.com/products/morrisons-loose-royal-gala-apples/109861752","gala apples","2026-04-10T19:12:26.599Z","morrisons",,,
"Morrisons",,"https://groceries.morrisons.com/images-v3/4b85987b-1398-4173-a0c1-3546047c9d74/338c972c-2a2b-42da-851a-2e22e17b5a97/300x300.jpg","Morrisons Small Apples","Price Match","true","0.99","114557641","https://groceries.morrisons.com/products/morrisons-small-apples/114557641","gala apples","2026-04-10T19:12:26.599Z","morrisons",,,"6 per pack"
"Morrisons",,"https://groceries.morrisons.com/images-v3/4b85987b-1398-4173-a0c1-3546047c9d74/c6ae94e5-2058-45a8-b6b6-8f0f8db37349/300x300.jpg","Morrisons Royal Gala Apples   6 Pack",,"false","1.89","108682621","https://groceries.morrisons.com/products/morrisons-royal-gala-apples-6-pack/108682621","gala apples","2026-04-10T19:12:26.599Z","morrisons",,,"6 per pack"
"Morrisons",,"https://groceries.morrisons.com/images-v3/4b85987b-1398-4173-a0c1-3546047c9d74/d9f8a46c-815b-4cd9-97ea-dbf7ed2335b4/300x300.jpg","Morrisons Apples 1.2kg",,"false","2.5","113348193","https://groceries.morrisons.com/products/morrisons-apples-1-2kg/113348193","gala apples","2026-04-10T19:12:26.599Z","morrisons",,,"1.2kg"
"Morrisons",,"https://groceries.morrisons.com/images-v3/4b85987b-1398-4173-a0c1-3546047c9d74/676bcd36-bdc9-4ed1-878c-8936d5e58d0e/300x300.jpg","Morrisons Organic Gala Apples 6 Pack",,"false","2.35","113655476","https://groceries.morrisons.com/products/morrisons-organic-gala-apples-6-pack/113655476","gala apples","2026-04-10T19:12:26.599Z","morrisons",,,"6 per pack"
"Birds",,"https://groceries.morrisons.com/images-v3/4b85987b-1398-4173-a0c1-3546047c9d74/d701b60a-1c15-4983-b01a-23a9c6ea7797/300x300.jpg","Birds Eye 4 Breaded Cod Fish Fillets 400g","Now £5, Was £6.60","true","5","114862506","https://groceries.morrisons.com/products/birds-eye-4-breaded-cod-fish-fillets-400g/114862506","cod fillets","2026-04-10T19:12:37.813Z","morrisons",,,"400g"
"Young's",,"https://groceries.morrisons.com/images-v3/4b85987b-1398-4173-a0c1-3546047c9d74/bf8964e9-29f6-4d19-863b-130ef7818518/300x300.jpg","Young's 4 Chip Shop Omega 3 Fish Fillets","Now £3, Was £4.35","true","3","110712682","https://groceries.morrisons.com/products/young-s-4-chip-shop-omega-3-fish-fillets/110712682","cod fillets","2026-04-10T19:12:37.813Z","morrisons",,,"400g"
"Morrisons",,"https://groceries.morrisons.com/images-v3/4b85987b-1398-4173-a0c1-3546047c9d74/8d60eb87-c9c1-4e44-821d-0df6dee5b707/300x300.jpg","Morrisons 3 Skinless & Boneless Haddock Fillets 320g",,"false","5","115000529","https://groceries.morrisons.com/products/morrisons-3-skinless-boneless-haddock-fillets-320g/115000529","cod fillets","2026-04-10T19:12:37.813Z","morrisons",,,"320g"
"Morrisons",,"https://groceries.morrisons.com/images-v3/4b85987b-1398-4173-a0c1-3546047c9d74/dc2b49c1-6708-4681-b44f-fb27a608fed1/300x300.jpg","Morrisons 3 Skinless & Boneless Cod Fillets 320g",,"false","5","115000490","https://groceries.morrisons.com/products/morrisons-3-skinless-boneless-cod-fillets-320g/115000490","cod fillets","2026-04-10T19:12:37.813Z","morrisons",,,"320g"
"Morrisons",,"https://groceries.morrisons.com/images-v3/4b85987b-1398-4173-a0c1-3546047c9d74/7adfb733-dea7-4c0b-8a1a-928d8b182fff/300x300.jpg","Morrisons 2 Cod Fillets 220g",,"false","6.1","110739421","https://groceries.morrisons.com/products/morrisons-2-cod-fillets-220g/110739421","cod fillets","2026-04-10T19:12:37.813Z","morrisons",,,"220g"
"Morrisons",,"https://groceries.morrisons.com/images-v3/4b85987b-1398-4173-a0c1-3546047c9d74/02fc18d1-8bb3-424a-9af7-b73cda20ceaa/300x300.jpg","Morrisons British Double Cream 600ml",,"false","2.95","103111053","https://groceries.morrisons.com/products/morrisons-british-double-cream-600ml/103111053","double cream","2026-04-10T19:12:48.307Z","morrisons",,,"600ml"
"Morrisons",,"https://groceries.morrisons.com/images-v3/4b85987b-1398-4173-a0c1-3546047c9d74/b0e5ff57-e8f7-48a0-a776-bd623b2bd895/300x300.jpg","Morrisons British Double Cream 300ml",,"false","1.65","103123724","https://groceries.morrisons.com/products/morrisons-british-double-cream-300ml/103123724","double cream","2026-04-10T19:12:48.307Z","morrisons",,,"300ml"
"Morrisons",,"https://groceries.morrisons.com/images-v3/4b85987b-1398-4173-a0c1-3546047c9d74/64e7b401-bdaf-4ea9-9eed-c09e74d1f24d/300x300.jpg","Morrisons British Double Cream",,"false","1.2","103085203","https://groceries.morrisons.com/products/morrisons-british-double-cream/103085203","double cream","2026-04-10T19:12:48.307Z","morrisons",,,"150ml"
"Morrisons",,"https://groceries.morrisons.com/images-v3/4b85987b-1398-4173-a0c1-3546047c9d74/8e804411-7fe7-4937-a3e1-b3dae0988528/300x300.jpg","Morrisons British Extra Thick Double Cream",,"false","2.1","103049659","https://groceries.morrisons.com/products/morrisons-british-extra-thick-double-cream/103049659","double cream","2026-04-10T19:12:48.307Z","morrisons",,,"300ml"
"Morrisons",,"https://groceries.morrisons.com/images-v3/4b85987b-1398-4173-a0c1-3546047c9d74/c16c6e54-75e6-463f-a4d4-776d41bf916d/300x300.jpg","Morrisons For Farmers British Double Cream",,"false","1.85","108175380","https://groceries.morrisons.com/products/morrisons-for-farmers-british-double-cream/108175380","double cream","2026-04-10T19:12:48.307Z","morrisons",,,"300ml"
"Morrisons",,"https://groceries.morrisons.com/images-v3/4b85987b-1398-4173-a0c1-3546047c9d74/21fd5dad-58fc-40c3-a589-6138eedeb2eb/300x300.jpg","Morrisons Extra Mature Cheddar  400g","Now £3, Was £3.25","true","3","114285438","https://groceries.morrisons.com/products/morrisons-extra-mature-cheddar-400g/114285438","extra mature cheddar","2026-04-10T19:12:59.663Z","morrisons",,,"400g"
"Morrisons",,"https://groceries.morrisons.com/images-v3/4b85987b-1398-4173-a0c1-3546047c9d74/d5f2b75b-5647-4be6-8494-d36237f59891/300x300.jpg","Morrisons Extra Mature Cheddar 750g",,"false","5.4","113771549","https://groceries.morrisons.com/products/morrisons-extra-mature-cheddar-750g/113771549","extra mature cheddar","2026-04-10T19:12:59.663Z","morrisons",,,"750g"
"Pilgrims",,"https://groceries.morrisons.com/images-v3/4b85987b-1398-4173-a0c1-3546047c9d74/083ace89-91cb-4a88-ab04-94e471da363f/300x300.jpg","Pilgrims Choice Extra Mature Cheddar",,"false","3.7","110432621","https://groceries.morrisons.com/products/pilgrims-choice-extra-mature-cheddar/110432621","extra mature cheddar","2026-04-10T19:12:59.663Z","morrisons",,,"550g"
"Lake",,"https://groceries.morrisons.com/images-v3/4b85987b-1398-4173-a0c1-3546047c9d74/39a40107-6ac4-4581-b29e-1c8454c1fe3a/300x300.jpg","Lake District Extra Mature Cheddar 700g",,"false","7","113836592","https://groceries.morrisons.com/products/lake-district-extra-mature-cheddar-700g/113836592","extra mature cheddar","2026-04-10T19:12:59.663Z","morrisons",,,"700g"
"Morrisons",,"https://groceries.morrisons.com/images-v3/4b85987b-1398-4173-a0c1-3546047c9d74/192c0281-69e3-46b7-9ef2-6b3a8054378d/300x300.jpg","Morrisons The Best Somerset Cheddar Crunch   300g",,"false","3.49","111141789","https://groceries.morrisons.com/products/morrisons-the-best-somerset-cheddar-crunch-300g/111141789","extra mature cheddar","2026-04-10T19:12:59.663Z","morrisons",,,"300g"
"Birds",,"https://groceries.morrisons.com/images-v3/4b85987b-1398-4173-a0c1-3546047c9d74/19125776-02ae-4776-868d-f2590acefb09/300x300.jpg","Birds Eye 4 Large Breaded Haddock Fillets 400g","Now £5, Was £6.60","true","5","114862240","https://groceries.morrisons.com/products/birds-eye-4-large-breaded-haddock-fillets-400g/114862240","haddock fillets","2026-04-10T19:13:09.195Z","morrisons",,,"400g"
"Young's",,"https://groceries.morrisons.com/images-v3/4b85987b-1398-4173-a0c1-3546047c9d74/7b24940f-1dd2-4500-a521-582576e78a7d/300x300.jpg","Young's Chip Shop 4 Haddock Fillets","Now £5, Was £6.50","true","5","109826383","https://groceries.morrisons.com/products/young-s-chip-shop-4-haddock-fillets/109826383","haddock fillets","2026-04-10T19:13:09.195Z","morrisons",,,"400g"
"Morrisons",,"https://groceries.morrisons.com/images-v3/4b85987b-1398-4173-a0c1-3546047c9d74/8d60eb87-c9c1-4e44-821d-0df6dee5b707/300x300.jpg","Morrisons 3 Skinless & Boneless Haddock Fillets 320g",,"false","5","115000529","https://groceries.morrisons.com/products/morrisons-3-skinless-boneless-haddock-fillets-320g/115000529","haddock fillets","2026-04-10T19:13:09.195Z","morrisons",,,"320g"
"Morrisons",,"https://groceries.morrisons.com/images-v3/4b85987b-1398-4173-a0c1-3546047c9d74/33fa03aa-525f-49fe-93fa-44897ce75261/300x300.jpg","Morrisons The Best Breaded Chunky Haddock Fillets",,"false","5.8","113813147","https://groceries.morrisons.com/products/morrisons-the-best-breaded-chunky-haddock-fillets/113813147","haddock fillets","2026-04-10T19:13:09.195Z","morrisons",,,"350g"
"Baxters",,"https://groceries.morrisons.com/images-v3/4b85987b-1398-4173-a0c1-3546047c9d74/75483b5c-7024-490c-9eaf-146a382fb1de/300x300.jpg","Baxters Luxury Cullen Skink Cream of Smoked Haddock Soup",,"false","3.9","102302114","https://groceries.morrisons.com/products/baxters-luxury-cullen-skink-cream-of-smoked-haddock-soup/102302114","haddock fillets","2026-04-10T19:13:09.195Z","morrisons",,,"400g"
"Morrisons",,"https://groceries.morrisons.com/images-v3/4b85987b-1398-4173-a0c1-3546047c9d74/14f99748-602b-4452-90e0-86561752245f/300x300.jpg","Morrisons Red Leicester","Now £3, Was £3.25","true","3","114286431","https://groceries.morrisons.com/products/morrisons-red-leicester/114286431","red leicester","2026-04-10T19:13:10.593Z","morrisons",,,"400g"
"Morrisons",,"https://groceries.morrisons.com/images-v3/4b85987b-1398-4173-a0c1-3546047c9d74/5aec9d7f-2c75-4af2-9341-1bc185e4615f/300x300.jpg","Morrisons Savers Red Leicester","Price Match","true","2.49","114298706","https://groceries.morrisons.com/products/morrisons-savers-red-leicester/114298706","red leicester","2026-04-10T19:13:10.593Z","morrisons",,,"400g"
"Morrisons",,"https://groceries.morrisons.com/images-v3/4b85987b-1398-4173-a0c1-3546047c9d74/0d643771-28d1-4541-a1ce-2a466fc97ef3/300x300.jpg","Morrisons The Best Vintage Red Fox   300g","Now £3.25, Was £4","true","3.25","115481457","https://groceries.morrisons.com/products/morrisons-the-best-vintage-red-fox-300g/115481457","red leicester","2026-04-10T19:13:10.593Z","morrisons",,,"300g"
"Morrisons",,"https://groceries.morrisons.com/images-v3/4b85987b-1398-4173-a0c1-3546047c9d74/d1abc0f9-460a-4c25-97a3-bc6d325550b5/300x300.jpg","Morrisons Red Leicester 240g",,"false","2.75","112602962","https://groceries.morrisons.com/products/morrisons-red-leicester-240g/112602962","red leicester","2026-04-10T19:13:10.593Z","morrisons",,,"240g"
"Morrisons",,"https://groceries.morrisons.com/images-v3/4b85987b-1398-4173-a0c1-3546047c9d74/1b87fa42-ba25-4d95-b6d8-f184ae3f792f/300x300.jpg","Morrisons The Best Aged Red Leicester",,"false","3.75","111356616","https://groceries.morrisons.com/products/morrisons-the-best-aged-red-leicester/111356616","red leicester","2026-04-10T19:13:10.593Z","morrisons",,,"300g"
"Morrisons",,"https://groceries.morrisons.com/images-v3/4b85987b-1398-4173-a0c1-3546047c9d74/e10cb565-3f62-4122-a3bf-8490833d6f32/300x300.jpg","Morrisons Baby Spinach 160g",,"false","1","108320372","https://groceries.morrisons.com/products/morrisons-baby-spinach-160g/108320372","baby spinach","2026-04-10T19:13:21.652Z","morrisons",,,"160g"
"Morrisons",,"https://groceries.morrisons.com/images-v3/4b85987b-1398-4173-a0c1-3546047c9d74/6322e912-d581-4294-a900-6e6ed59d0958/300x300.jpg","Morrisons Spinach",,"false","2.25","112020452","https://groceries.morrisons.com/products/morrisons-spinach/112020452","baby spinach","2026-04-10T19:13:21.652Z","morrisons",,,"450g"
"Morrisons",,"https://groceries.morrisons.com/images-v3/4b85987b-1398-4173-a0c1-3546047c9d74/e723040e-02dc-4599-bcd6-b7055dd883f4/300x300.jpg","Morrisons Baby Leaf Salad 60g",,"false","0.89","112951054","https://groceries.morrisons.com/products/morrisons-baby-leaf-salad-60g/112951054","baby spinach","2026-04-10T19:13:21.652Z","morrisons",,,"60g"
"Morrisons",,"https://groceries.morrisons.com/images-v3/4b85987b-1398-4173-a0c1-3546047c9d74/ae105e65-6c35-4567-938f-28a1e73032cb/300x300.jpg","Morrisons Organic Baby Spinach 100g",,"false","1.55","112846633","https://groceries.morrisons.com/products/morrisons-organic-baby-spinach-100g/112846633","baby spinach","2026-04-10T19:13:21.652Z","morrisons",,,"100g"
"Morrisons",,"https://groceries.morrisons.com/images-v3/4b85987b-1398-4173-a0c1-3546047c9d74/c3133d8b-fda0-4acf-ab8f-338015058a93/300x300.jpg","Morrisons Whole Leaf Spinach",,"false","1.3","113487610","https://groceries.morrisons.com/products/morrisons-whole-leaf-spinach/113487610","baby spinach","2026-04-10T19:13:21.652Z","morrisons",,,"850g"
"Morrisons",,"https://groceries.morrisons.com/images-v3/4b85987b-1398-4173-a0c1-3546047c9d74/f90c3288-94c7-4d8f-9813-0c7ae9c13ae1/300x300.jpg","Morrisons Oranges","Price Match","true","1.39","109541521","https://groceries.morrisons.com/products/morrisons-oranges/109541521","oranges","2026-04-10T19:13:29.617Z","morrisons",,,"5 per pack"
"Morrisons",,"https://groceries.morrisons.com/images-v3/4b85987b-1398-4173-a0c1-3546047c9d74/009f1b97-b471-4bb7-88bf-bd65d037c8fc/300x300.jpg","Morrisons Large Oranges 4 Pack","Buy 3 for £5","true","2.2","109486809","https://groceries.morrisons.com/products/morrisons-large-oranges-4-pack/109486809","oranges","2026-04-10T19:13:29.617Z","morrisons",,,"4 per pack"
"Morrisons",,"https://groceries.morrisons.com/images-v3/4b85987b-1398-4173-a0c1-3546047c9d74/19846ffc-7066-4d1f-bb83-56ca29151d3d/300x300.jpg","Morrisons Disney Easy Peelers",,"false","1","115750493","https://groceries.morrisons.com/products/morrisons-disney-easy-peelers/115750493","oranges","2026-04-10T19:13:29.617Z","morrisons",,,"500g"
"Morrisons",,"https://groceries.morrisons.com/images-v3/4b85987b-1398-4173-a0c1-3546047c9d74/08506182-53a8-482e-a7a8-6709986b1593/300x300.jpg","Morrisons Tangerines 600g",,"false","1.5","108379497","https://groceries.morrisons.com/products/morrisons-tangerines-600g/108379497","oranges","2026-04-10T19:13:29.617Z","morrisons",,,"600g"
"Morrisons",,"https://groceries.morrisons.com/images-v3/4b85987b-1398-4173-a0c1-3546047c9d74/d50baec6-ace5-4887-b2a2-c0a322f5d075/300x300.jpg","Morrisons Sweetclems Easy Peelers 600g",,"false","1.35","108377096","https://groceries.morrisons.com/products/morrisons-sweetclems-easy-peelers-600g/108377096","oranges","2026-04-10T19:13:29.617Z","morrisons",,,"600g"
"Morrisons",,"https://groceries.morrisons.com/images-v3/4b85987b-1398-4173-a0c1-3546047c9d74/acd46fdb-c330-494c-856f-dc9624034931/300x300.jpg","Morrisons British Single Cream","Price Match","true","2.18","103115433","https://groceries.morrisons.com/products/morrisons-british-single-cream/103115433","single cream","2026-04-10T19:13:39.424Z","morrisons",,,"600ml"
"Elmlea",,"https://groceries.morrisons.com/images-v3/4b85987b-1398-4173-a0c1-3546047c9d74/ee90dfdf-0d6f-4d1f-b67f-adfdbb380a81/300x300.jpg","Elmlea Single Alternative To Cream",,"false","1.25","111781348","https://groceries.morrisons.com/products/elmlea-single-alternative-to-cream/111781348","single cream","2026-04-10T19:13:39.424Z","morrisons",,,"270ml"
"Elmlea",,"https://groceries.morrisons.com/images-v3/4b85987b-1398-4173-a0c1-3546047c9d74/ad64d861-ef32-4d5e-bd90-c92d0020c81d/300x300.jpg","Elmlea Single Light Alternative To Cream",,"false","1.25","111781452","https://groceries.morrisons.com/products/elmlea-single-light-alternative-to-cream/111781452","single cream","2026-04-10T19:13:39.424Z","morrisons",,,"270ml"
"Morrisons",,"https://groceries.morrisons.com/images-v3/4b85987b-1398-4173-a0c1-3546047c9d74/b0e5ff57-e8f7-48a0-a776-bd623b2bd895/300x300.jpg","Morrisons British Double Cream 300ml",,"false","1.65","103123724","https://groceries.morrisons.com/products/morrisons-british-double-cream-300ml/103123724","single cream","2026-04-10T19:13:39.424Z","morrisons",,,"300ml"
"Morrisons",,"https://groceries.morrisons.com/images-v3/4b85987b-1398-4173-a0c1-3546047c9d74/64e7b401-bdaf-4ea9-9eed-c09e74d1f24d/300x300.jpg","Morrisons British Double Cream",,"false","1.2","103085203","https://groceries.morrisons.com/products/morrisons-british-double-cream/103085203","single cream","2026-04-10T19:13:39.424Z","morrisons",,,"150ml"
"Morrisons",,"https://groceries.morrisons.com/images-v3/4b85987b-1398-4173-a0c1-3546047c9d74/a506f4a9-9cd1-45a7-9279-122b428185fc/300x300.jpg","Morrisons 2 Sea Bass Fillets 180g","Buy 3 for £10","true","5.5","109804336","https://groceries.morrisons.com/products/morrisons-2-sea-bass-fillets-180g/109804336","sea bass","2026-04-10T19:13:49.882Z","morrisons",,,"180g"
"Morrisons",,"https://groceries.morrisons.com/images-v3/4b85987b-1398-4173-a0c1-3546047c9d74/c7f7f169-6f01-4ec9-97a6-8f1534a7090a/300x300.jpg","Morrisons Seabass Fillets With A Lemon & Pepper Butter","Buy 3 for £10","true","5.5","114397464","https://groceries.morrisons.com/products/morrisons-seabass-fillets-with-a-lemon-pepper-butter/114397464","sea bass","2026-04-10T19:13:49.882Z","morrisons",,,"200g"
"Morrisons",,"https://groceries.morrisons.com/images-v3/4b85987b-1398-4173-a0c1-3546047c9d74/c1dd225a-7fa5-4616-b342-1af421129959/300x300.jpg","Morrisons Sea Bream Fillets","Buy 3 for £10","true","5.5","113039446","https://groceries.morrisons.com/products/morrisons-sea-bream-fillets/113039446","sea bass","2026-04-10T19:13:49.882Z","morrisons",,,"180g"
"Morrisons",,"https://groceries.morrisons.com/images-v3/4b85987b-1398-4173-a0c1-3546047c9d74/bcb25c9f-bedc-4d46-a1ae-b7411c38f77b/300x300.jpg","Morrisons Basa Fillets",,"false","2.59","113038072","https://groceries.morrisons.com/products/morrisons-basa-fillets/113038072","sea bass","2026-04-10T19:13:49.882Z","morrisons",,,"240g"
"Morrisons",,"https://groceries.morrisons.com/images-v3/4b85987b-1398-4173-a0c1-3546047c9d74/98c44343-91e0-43d0-9a77-422011bd75c3/300x300.jpg","Morrisons Smoked Basa Fillets",,"false","1.87","113037408","https://groceries.morrisons.com/products/morrisons-smoked-basa-fillets/113037408","sea bass","2026-04-10T19:13:49.882Z","morrisons",,,"230g"
"Morrisons",,"https://groceries.morrisons.com/images-v3/4b85987b-1398-4173-a0c1-3546047c9d74/fb5f8b8e-0969-453a-9964-43c64aee4c43/300x300.jpg","Morrisons Grated Mozzarella 240g","Buy 2 for £4.50","true","2.75","112608547","https://groceries.morrisons.com/products/morrisons-grated-mozzarella-240g/112608547","mozzarella","2026-04-10T19:14:00.486Z","morrisons",,,"240g"
"Galbani",,"https://groceries.morrisons.com/images-v3/4b85987b-1398-4173-a0c1-3546047c9d74/26790529-cf60-4957-9285-1492bd8e7f68/300x300.jpg","Galbani Mozzarella","Now £1.30, Was £1.85","true","1.3","103045623","https://groceries.morrisons.com/products/galbani-mozzarella/103045623","mozzarella","2026-04-10T19:14:00.486Z","morrisons",,,"125g"
"Morrisons",,"https://groceries.morrisons.com/images-v3/4b85987b-1398-4173-a0c1-3546047c9d74/6f70493e-15bd-42e5-8374-8c2ef31a2a0e/300x300.jpg","Morrisons Grated Mozzarella & Cheddar Mix 240g","Buy 2 for £4.50","true","2.75","112608635","https://groceries.morrisons.com/products/morrisons-grated-mozzarella-cheddar-mix-240g/112608635","mozzarella","2026-04-10T19:14:00.486Z","morrisons",,,"240g"
"Galbani",,"https://groceries.morrisons.com/images-v3/4b85987b-1398-4173-a0c1-3546047c9d74/a3c11cc4-3ca3-4b03-aff4-4fc5eb6cc084/300x300.jpg","Galbani Maxi Mozzarella   250g","Now £2.50, Was £2.95","true","2.5","103071004","https://groceries.morrisons.com/products/galbani-maxi-mozzarella-250g/103071004","mozzarella","2026-04-10T19:14:00.486Z","morrisons",,,"250g"
"Morrisons",,"https://groceries.morrisons.com/images-v3/4b85987b-1398-4173-a0c1-3546047c9d74/a850e9fa-0d9f-4b4f-a380-c1f36c691f0a/300x300.jpg","Morrisons Grated Mozzarella",,"false","6","115504444","https://groceries.morrisons.com/products/morrisons-grated-mozzarella/115504444","mozzarella","2026-04-10T19:14:00.486Z","morrisons",,,"675g"
"Morrisons",,"https://groceries.morrisons.com/images-v3/4b85987b-1398-4173-a0c1-3546047c9d74/df709419-fe62-4334-8494-d0edde0145cd/300x300.jpg","Morrisons The Best Sweetclems 600g","Buy 3 for £5","true","2.2","113626536","https://groceries.morrisons.com/products/morrisons-the-best-sweetclems-600g/113626536","satsumas","2026-04-10T19:14:02.784Z","morrisons",,,"600g"
"Morrisons",,"https://groceries.morrisons.com/images-v3/4b85987b-1398-4173-a0c1-3546047c9d74/0bf9daf5-ba7e-40ff-8501-3104863c8c76/300x300.jpg","Morrisons Sweetclems Easy Peelers 1.1kg","Price Match","true","2","115014728","https://groceries.morrisons.com/products/morrisons-sweetclems-easy-peelers-1-1kg/115014728","satsumas","2026-04-10T19:14:02.784Z","morrisons",,,"1.1kg"
"Morrisons",,"https://groceries.morrisons.com/images-v3/4b85987b-1398-4173-a0c1-3546047c9d74/19846ffc-7066-4d1f-bb83-56ca29151d3d/300x300.jpg","Morrisons Disney Easy Peelers",,"false","1","115750493","https://groceries.morrisons.com/products/morrisons-disney-easy-peelers/115750493","satsumas","2026-04-10T19:14:02.784Z","morrisons",,,"500g"
"Morrisons",,"https://groceries.morrisons.com/images-v3/4b85987b-1398-4173-a0c1-3546047c9d74/08506182-53a8-482e-a7a8-6709986b1593/300x300.jpg","Morrisons Tangerines 600g",,"false","1.5","108379497","https://groceries.morrisons.com/products/morrisons-tangerines-600g/108379497","satsumas","2026-04-10T19:14:02.784Z","morrisons",,,"600g"
"Morrisons",,"https://groceries.morrisons.com/images-v3/4b85987b-1398-4173-a0c1-3546047c9d74/d50baec6-ace5-4887-b2a2-c0a322f5d075/300x300.jpg","Morrisons Sweetclems Easy Peelers 600g",,"false","1.35","108377096","https://groceries.morrisons.com/products/morrisons-sweetclems-easy-peelers-600g/108377096","satsumas","2026-04-10T19:14:02.784Z","morrisons",,,"600g"
"Morrisons",,"https://groceries.morrisons.com/images-v3/4b85987b-1398-4173-a0c1-3546047c9d74/54bb1676-633c-4cc4-8372-fe16043e8bee/300x300.jpg","Morrisons Wild Rocket 60g",,"false","1","112489939","https://groceries.morrisons.com/products/morrisons-wild-rocket-60g/112489939","rocket salad","2026-04-10T19:14:12.116Z","morrisons",,,"60g"
"Morrisons",,"https://groceries.morrisons.com/images-v3/4b85987b-1398-4173-a0c1-3546047c9d74/bc388ede-4eeb-4c9b-8c56-7d120b9c27b9/300x300.jpg","Morrisons Watercress, Spinach & Rocket",,"false","1","112845403","https://groceries.morrisons.com/products/morrisons-watercress-spinach-rocket/112845403","rocket salad","2026-04-10T19:14:12.116Z","morrisons",,,"60g"
"Unbeleafable",,"https://groceries.morrisons.com/images-v3/4b85987b-1398-4173-a0c1-3546047c9d74/fe2733a7-0758-4122-8fea-56071909ea18/300x300.jpg","Unbeleafable Rocket & Baby Leaves",,"false","1.5","115222973","https://groceries.morrisons.com/products/unbeleafable-rocket-baby-leaves/115222973","rocket salad","2026-04-10T19:14:12.116Z","morrisons",,,"80g"
"Morrisons",,"https://groceries.morrisons.com/images-v3/4b85987b-1398-4173-a0c1-3546047c9d74/530f69bd-3f23-41e4-8b4f-f6d26389547b/300x300.jpg","Morrisons Rocket & Baby Leaf Salad 60g",,"false","0.89","112021287","https://groceries.morrisons.com/products/morrisons-rocket-baby-leaf-salad-60g/112021287","rocket salad","2026-04-10T19:14:12.116Z","morrisons",,,"60g"
"Morrisons",,"https://groceries.morrisons.com/images-v3/4b85987b-1398-4173-a0c1-3546047c9d74/50eb2ca5-07b5-48a4-9e39-587da22c733b/300x300.jpg","Morrisons  Bistro Salad",,"false","1.4","111136200","https://groceries.morrisons.com/products/morrisons-bistro-salad/111136200","rocket salad","2026-04-10T19:14:12.116Z","morrisons",,,"160g"
"Morrisons",,"https://groceries.morrisons.com/images-v3/4b85987b-1398-4173-a0c1-3546047c9d74/d57711c1-b683-4b6b-ab9f-d12f2ddfcbba/300x300.jpg","Morrisons British Soured Cream","Price Match","true","0.99","103046167","https://groceries.morrisons.com/products/morrisons-british-soured-cream/103046167","sour cream","2026-04-10T19:14:22.703Z","morrisons",,,"300ml"
"Morrisons",,"https://groceries.morrisons.com/images-v3/4b85987b-1398-4173-a0c1-3546047c9d74/4a239939-f223-45a9-aa44-8bcbf966692c/300x300.jpg","Morrisons Soured Cream & Chive Dip 170g","Buy 2 for £2","true","1.3","112877051","https://groceries.morrisons.com/products/morrisons-soured-cream-chive-dip-170g/112877051","sour cream","2026-04-10T19:14:22.703Z","morrisons",,,"170g"
"Old",,"https://groceries.morrisons.com/images-v3/4b85987b-1398-4173-a0c1-3546047c9d74/3bc4e3e0-5be4-457e-9fb0-e0bb3cbed9e9/300x300.jpg","Old El Paso Squeezy Soured Cream 230g","Buy 2 for £3","true","2.5","107487568","https://groceries.morrisons.com/products/old-el-paso-squeezy-soured-cream-230g/107487568","sour cream","2026-04-10T19:14:22.703Z","morrisons",,,"230g"
"Morrisons",,"https://groceries.morrisons.com/images-v3/4b85987b-1398-4173-a0c1-3546047c9d74/b6ca1ea1-0335-4ce8-88a3-022702f94dd9/300x300.jpg","Morrisons Creamy Soured Cream Squeezy Topping 280g",,"false","1.5","113768606","https://groceries.morrisons.com/products/morrisons-creamy-soured-cream-squeezy-topping-280g/113768606","sour cream","2026-04-10T19:14:22.703Z","morrisons",,,"280g"
"Morrisons",,"https://groceries.morrisons.com/images-v3/4b85987b-1398-4173-a0c1-3546047c9d74/50dd7162-b587-4d3e-9aa8-e2a12c0b5016/300x300.jpg","Morrisons Sour Cream & Chive Dip",,"false","1.5","115434765","https://groceries.morrisons.com/products/morrisons-sour-cream-chive-dip/115434765","sour cream","2026-04-10T19:14:22.703Z","morrisons",,,"280g"
"Morrisons",,"https://groceries.morrisons.com/images-v3/4b85987b-1398-4173-a0c1-3546047c9d74/20a1fba4-6d56-44a3-b2f5-3a0ec8ed2ebe/300x300.jpg","Morrisons Savers Lemons  4 Pack","Price Match","true","0.89","113742641","https://groceries.morrisons.com/products/morrisons-savers-lemons-4-pack/113742641","lemons","2026-04-10T19:14:33.365Z","morrisons",,,"4 per pack"
"Morrisons",,"https://groceries.morrisons.com/images-v3/4b85987b-1398-4173-a0c1-3546047c9d74/e8c953f1-e3d1-4af5-9737-cff7b2680e51/300x300.jpg","Morrisons Unwaxed Lemons   4 Pack",,"false","1.4","110285318","https://groceries.morrisons.com/products/morrisons-unwaxed-lemons-4-pack/110285318","lemons","2026-04-10T19:14:33.365Z","morrisons",,,"4 per pack"
"Morrisons",,"https://groceries.morrisons.com/images-v3/4b85987b-1398-4173-a0c1-3546047c9d74/9931427b-81ce-425e-8ba1-903c1f9a9ee0/300x300.jpg","Morrisons Loose Lemon",,"false","0.35","108379999","https://groceries.morrisons.com/products/morrisons-loose-lemon/108379999","lemons","2026-04-10T19:14:33.365Z","morrisons",,,
"Morrisons",,"https://groceries.morrisons.com/images-v3/4b85987b-1398-4173-a0c1-3546047c9d74/a315444c-fe0a-4fdd-bb90-8752d3ad8b59/300x300.jpg","Morrisons Lemons & Limes",,"false","1.55","108447066","https://groceries.morrisons.com/products/morrisons-lemons-limes/108447066","lemons","2026-04-10T19:14:33.365Z","morrisons",,,"6 per pack"
"Morrisons",,"https://groceries.morrisons.com/images-v3/4b85987b-1398-4173-a0c1-3546047c9d74/a2a758e8-3015-4f32-b65a-24b0778ae32e/300x300.jpg","Morrisons Organic Lemons 3 Pack",,"false","1.9","112773331","https://groceries.morrisons.com/products/morrisons-organic-lemons-3-pack/112773331","lemons","2026-04-10T19:14:33.365Z","morrisons",,,"3 per pack"
"Philadelphia",,"https://groceries.morrisons.com/images-v3/4b85987b-1398-4173-a0c1-3546047c9d74/05f0ee3f-afef-4ac1-b4d5-883afe964edc/300x300.jpg","Philadelphia Original Soft Cream Cheese 165g","Now £1.35, Was £2.25","true","1.35","112483094","https://groceries.morrisons.com/products/philadelphia-original-soft-cream-cheese-165g/112483094","cream cheese","2026-04-10T19:14:43.490Z","morrisons",,,"165g"
"Morrisons",,"https://groceries.morrisons.com/images-v3/4b85987b-1398-4173-a0c1-3546047c9d74/9ffcff3d-3f4c-4866-9ab9-bd05b04032f8/300x300.jpg","Morrisons Savers Soft Cheese 200g","Price Match","true","0.95","112462963","https://groceries.morrisons.com/products/morrisons-savers-soft-cheese-200g/112462963","cream cheese","2026-04-10T19:14:43.490Z","morrisons",,,"200g"
"Philadelphia",,"https://groceries.morrisons.com/images-v3/4b85987b-1398-4173-a0c1-3546047c9d74/a0373608-5f70-4f2f-acc7-f75de8f0d7e3/300x300.jpg","Philadelphia Light Low Fat Soft Cream Cheese 165g","Now £1.35, Was £2.25","true","1.35","112482972","https://groceries.morrisons.com/products/philadelphia-light-low-fat-soft-cream-cheese-165g/112482972","cream cheese","2026-04-10T19:14:43.490Z","morrisons",,,"165g"
"Morrisons",,"https://groceries.morrisons.com/images-v3/4b85987b-1398-4173-a0c1-3546047c9d74/0dfc2ae4-1d87-4bb8-a4d8-d677bdb562e3/300x300.jpg","Morrisons Full Fat Soft Cheese 200g",,"false","1.5","112462912","https://groceries.morrisons.com/products/morrisons-full-fat-soft-cheese-200g/112462912","cream cheese","2026-04-10T19:14:43.490Z","morrisons",,,"200g"
"Morrisons",,"https://groceries.morrisons.com/images-v3/4b85987b-1398-4173-a0c1-3546047c9d74/41691f8a-94a4-4f08-87e8-de6586bb7b93/300x300.jpg","Morrisons 50% Reduced Fat Soft Cheese 200g",,"false","1.5","112460669","https://groceries.morrisons.com/products/morrisons-50-reduced-fat-soft-cheese-200g/112460669","cream cheese","2026-04-10T19:14:43.490Z","morrisons",,,"200g"
"Morrisons",,"https://groceries.morrisons.com/images-v3/4b85987b-1398-4173-a0c1-3546047c9d74/a07e7d5c-5cdd-4ebc-a711-7bf342b3c516/300x300.jpg","Morrisons British Reduced Fat Creme Fraiche","Price Match","true","0.85","113016990","https://groceries.morrisons.com/products/morrisons-british-reduced-fat-creme-fraiche/113016990","creme fraiche","2026-04-10T19:14:44.998Z","morrisons",,,"300ml"
"Boursin",,"https://groceries.morrisons.com/images-v3/4b85987b-1398-4173-a0c1-3546047c9d74/2d53cf53-5a86-4746-889c-1af91a72b7cc/300x300.jpg","Boursin Portions Garlic & Herbs Soft French Cream Cheese","Now £1.95, Was £2.50","true","1.95","111037295","https://groceries.morrisons.com/products/boursin-portions-garlic-herbs-soft-french-cream-cheese/111037295","creme fraiche","2026-04-10T19:14:44.998Z","morrisons",,,"6 x 16g"
"Morrisons",,"https://groceries.morrisons.com/images-v3/4b85987b-1398-4173-a0c1-3546047c9d74/d57711c1-b683-4b6b-ab9f-d12f2ddfcbba/300x300.jpg","Morrisons British Soured Cream","Price Match","true","0.99","103046167","https://groceries.morrisons.com/products/morrisons-british-soured-cream/103046167","creme fraiche","2026-04-10T19:14:44.998Z","morrisons",,,"300ml"
"Morrisons",,"https://groceries.morrisons.com/images-v3/4b85987b-1398-4173-a0c1-3546047c9d74/9e84dcd6-cc20-4488-9854-227635c09a41/300x300.jpg","Morrisons British Creme Fraiche",,"false","1","103139161","https://groceries.morrisons.com/products/morrisons-british-creme-fraiche/103139161","creme fraiche","2026-04-10T19:14:44.998Z","morrisons",,,"300ml"
"Oatly",,"https://groceries.morrisons.com/images-v3/4b85987b-1398-4173-a0c1-3546047c9d74/7dea9287-02b8-460a-9216-aeacc0b12b15/300x300.jpg","Oatly Creamy Oat Fraiche Chilled 200ml",,"false","1.85","110425691","https://groceries.morrisons.com/products/oatly-creamy-oat-fraiche-chilled-200ml/110425691","creme fraiche","2026-04-10T19:14:44.998Z","morrisons",,,"200ml"
"Morrisons",,"https://groceries.morrisons.com/images-v3/4b85987b-1398-4173-a0c1-3546047c9d74/66735f81-004d-4276-a881-403587c2c57e/300x300.jpg","Morrisons Iceberg Lettuce","Price Match","true","0.89","108370943","https://groceries.morrisons.com/products/morrisons-iceberg-lettuce/108370943","iceberg lettuce","2026-04-10T19:14:58.565Z","morrisons",,,
"Morrisons",,"https://groceries.morrisons.com/images-v3/4b85987b-1398-4173-a0c1-3546047c9d74/74c73161-5fb6-4f33-a99f-4b8e3bb0900b/300x300.jpg","Morrisons Shredded Iceberg Lettuce 80g","Summer Ready BBQ 10% Off - More Card Price","true","0.47","112854596","https://groceries.morrisons.com/products/morrisons-shredded-iceberg-lettuce-80g/112854596","iceberg lettuce","2026-04-10T19:14:58.565Z","morrisons",,,"80g"
"Morrisons",,"https://groceries.morrisons.com/images-v3/4b85987b-1398-4173-a0c1-3546047c9d74/3c3ebad6-7403-4457-83b8-118d74fd260c/300x300.jpg","Morrisons Organic Lettuce (2 to 3 heads of lettuce)",,"false","2","112730032","https://groceries.morrisons.com/products/morrisons-organic-lettuce-2-to-3-heads-of-lettuce/112730032","iceberg lettuce","2026-04-10T19:14:58.565Z","morrisons",,,
"Morrisons",,"https://groceries.morrisons.com/images-v3/4b85987b-1398-4173-a0c1-3546047c9d74/4056c5b8-2a8c-40ec-8e15-b2863e7c1c5a/300x300.jpg","Morrisons Chopped Iceberg Lettuce 200g",,"false","0.85","112854473","https://groceries.morrisons.com/products/morrisons-chopped-iceberg-lettuce-200g/112854473","iceberg lettuce","2026-04-10T19:14:58.565Z","morrisons",,,"200g"
"Morrisons",,"https://groceries.morrisons.com/images-v3/4b85987b-1398-4173-a0c1-3546047c9d74/6bd20698-2b10-450f-8d74-2758e4eb07f2/300x300.jpg","Morrisons Butterhead Salad",,"false","1","112846473","https://groceries.morrisons.com/products/morrisons-butterhead-salad/112846473","iceberg lettuce","2026-04-10T19:14:58.565Z","morrisons",,,"80g"
"Morrisons",,"https://groceries.morrisons.com/images-v3/4b85987b-1398-4173-a0c1-3546047c9d74/f4e098bf-a609-43c5-bf73-4de218cac9d1/300x300.jpg","Morrisons Cooked & Peeled King Prawns  150g","Buy 3 for £10","true","3.75","108809733","https://groceries.morrisons.com/products/morrisons-cooked-peeled-king-prawns-150g/108809733","king prawns","2026-04-10T19:14:59.760Z","morrisons",,,"150g"
"Morrisons",,"https://groceries.morrisons.com/images-v3/4b85987b-1398-4173-a0c1-3546047c9d74/2b0ee820-8780-40db-b75d-d8fb01a57099/300x300.jpg","Morrisons The Best Raw Peeled King Prawns",,"false","5.25","108421000","https://groceries.morrisons.com/products/morrisons-the-best-raw-peeled-king-prawns/108421000","king prawns","2026-04-10T19:14:59.760Z","morrisons",,,"225g"
"Morrisons",,"https://groceries.morrisons.com/images-v3/4b85987b-1398-4173-a0c1-3546047c9d74/d1dec0e1-ca86-48cf-90cd-fc010360ae04/300x300.jpg","Morrisons The Best Jumbo King Prawns",,"false","4.25","110517297","https://groceries.morrisons.com/products/morrisons-the-best-jumbo-king-prawns/110517297","king prawns","2026-04-10T19:14:59.760Z","morrisons",,,"150g"
"Morrisons",,"https://groceries.morrisons.com/images-v3/4b85987b-1398-4173-a0c1-3546047c9d74/3f4034e7-909f-4580-a718-b7d7b49cf385/300x300.jpg","Morrisons Raw Peeled King Prawns",,"false","3.99","109372975","https://groceries.morrisons.com/products/morrisons-raw-peeled-king-prawns/109372975","king prawns","2026-04-10T19:14:59.760Z","morrisons",,,"200g"
"Morrisons",,"https://groceries.morrisons.com/images-v3/4b85987b-1398-4173-a0c1-3546047c9d74/b10a3e5a-1223-4e0f-891a-13f7e9b62c22/300x300.jpg","Morrisons The Best Peeled & Cooked Jumbo King Prawns",,"false","5.25","108420963","https://groceries.morrisons.com/products/morrisons-the-best-peeled-cooked-jumbo-king-prawns/108420963","king prawns","2026-04-10T19:14:59.760Z","morrisons",,,"225g"
"Morrisons",,"https://groceries.morrisons.com/images-v3/4b85987b-1398-4173-a0c1-3546047c9d74/dc173c8c-df7d-42b1-af6e-ff76ad7550d5/300x300.jpg","Morrisons British Chicken Breast Fillets 1kg",,"false","6.84","108444711","https://groceries.morrisons.com/products/morrisons-british-chicken-breast-fillets-1kg/108444711","chicken breast","2026-04-10T19:15:00.787Z","morrisons",,,"1kg"
"Morrisons",,"https://groceries.morrisons.com/images-v3/4b85987b-1398-4173-a0c1-3546047c9d74/9cbf1d1b-8d33-4f45-9afa-1c6c68fcba08/300x300.jpg","Morrisons British Chicken Breast Fillets 2KG",,"false","12.5","110970892","https://groceries.morrisons.com/products/morrisons-british-chicken-breast-fillets-2kg/110970892","chicken breast","2026-04-10T19:15:00.787Z","morrisons",,,"2kg"
"Morrisons",,"https://groceries.morrisons.com/images-v3/4b85987b-1398-4173-a0c1-3546047c9d74/38e288ef-2af0-407e-b746-46c6fed7e3cb/300x300.jpg","Morrisons British Chicken Breast Fillets 630g",,"false","4.65","108444754","https://groceries.morrisons.com/products/morrisons-british-chicken-breast-fillets-630g/108444754","chicken breast","2026-04-10T19:15:00.787Z","morrisons",,,"630g"
"Morrisons",,"https://groceries.morrisons.com/images-v3/4b85987b-1398-4173-a0c1-3546047c9d74/950fd70d-4d34-4631-9ac2-6ab357f2918b/300x300.jpg","Morrisons The Best Corn Fed Free Range Chicken Breast Fillets",,"false","5.9","108947693","https://groceries.morrisons.com/products/morrisons-the-best-corn-fed-free-range-chicken-breast-fillets/108947693","chicken breast","2026-04-10T19:15:00.787Z","morrisons",,,"340g"
"Morrisons",,"https://groceries.morrisons.com/images-v3/4b85987b-1398-4173-a0c1-3546047c9d74/bd6d53d2-bfd5-4c3a-964f-5dd19169ba15/300x300.jpg","Morrisons British Chicken Diced Breast Fillets 400g",,"false","3.95","112125537","https://groceries.morrisons.com/products/morrisons-british-chicken-diced-breast-fillets-400g/112125537","chicken breast","2026-04-10T19:15:00.787Z","morrisons",,,"400g"
"Morrisons",,"https://groceries.morrisons.com/images-v3/4b85987b-1398-4173-a0c1-3546047c9d74/270e5abd-4f9d-4c55-a9d8-1fb67647126a/300x300.jpg","Morrisons Little Gem Lettuce  2 Pack","Price Match","true","0.77","108285343","https://groceries.morrisons.com/products/morrisons-little-gem-lettuce-2-pack/108285343","romaine lettuce","2026-04-10T19:15:07.366Z","morrisons",,,"2 per pack"
"Morrisons",,"https://groceries.morrisons.com/images-v3/4b85987b-1398-4173-a0c1-3546047c9d74/999879a8-d0bc-493a-8c2f-17f5580b0440/300x300.jpg","Morrisons The Best Sweet Gem Lettuce","The Best Summer Ready Salad Bundle for £4.50","true","1.5","109541599","https://groceries.morrisons.com/products/morrisons-the-best-sweet-gem-lettuce/109541599","romaine lettuce","2026-04-10T19:15:07.366Z","morrisons",,,"2 per pack"
"Morrisons",,"https://groceries.morrisons.com/images-v3/4b85987b-1398-4173-a0c1-3546047c9d74/7b85186e-e208-4126-88f9-3acb1824d05a/300x300.jpg","Morrisons Romaine Lettuce Hearts",,"false","1.2","108292210","https://groceries.morrisons.com/products/morrisons-romaine-lettuce-hearts/108292210","romaine lettuce","2026-04-10T19:15:07.366Z","morrisons",,,"2 per pack"
"Morrisons",,"https://groceries.morrisons.com/images-v3/4b85987b-1398-4173-a0c1-3546047c9d74/57403d3c-a595-4752-9a77-4db8970f9995/300x300.jpg","Morrisons Red Gem Lettuce",,"false","1.2","108292279","https://groceries.morrisons.com/products/morrisons-red-gem-lettuce/108292279","romaine lettuce","2026-04-10T19:15:07.366Z","morrisons",,,"2 per pack"
"Morrisons",,"https://groceries.morrisons.com/images-v3/4b85987b-1398-4173-a0c1-3546047c9d74/66735f81-004d-4276-a881-403587c2c57e/300x300.jpg","Morrisons Iceberg Lettuce","Price Match","true","0.89","108370943","https://groceries.morrisons.com/products/morrisons-iceberg-lettuce/108370943","romaine lettuce","2026-04-10T19:15:07.366Z","morrisons",,,
"Morrisons",,"https://groceries.morrisons.com/images-v3/4b85987b-1398-4173-a0c1-3546047c9d74/eef05200-03d5-4f7f-8da0-a626788c6d3b/300x300.jpg","Morrisons Limes 4 Pack","Price Match","true","0.94","109567748","https://groceries.morrisons.com/products/morrisons-limes-4-pack/109567748","limes","2026-04-10T19:15:17.929Z","morrisons",,,"4 per pack"
"Morrisons",,"https://groceries.morrisons.com/images-v3/4b85987b-1398-4173-a0c1-3546047c9d74/1dba26b7-fe9c-4f28-9f26-d5bd082c8af4/300x300.jpg","Morrisons Loose Lime","Price Match","true","0.24","108379593","https://groceries.morrisons.com/products/morrisons-loose-lime/108379593","limes","2026-04-10T19:15:17.929Z","morrisons",,,
"San",,"https://groceries.morrisons.com/images-v3/4b85987b-1398-4173-a0c1-3546047c9d74/529d3b5d-d4d9-47b5-8645-bed4252715ec/300x300.jpg","San Pellegrino Lemon 6x330ml","Now £4, Was £5.10","true","4","112643051","https://groceries.morrisons.com/products/san-pellegrino-lemon-6x330ml/112643051","limes","2026-04-10T19:15:17.929Z","morrisons",,,"6 x 330ml"
"Walkers",,"https://groceries.morrisons.com/images-v3/4b85987b-1398-4173-a0c1-3546047c9d74/afc9e2d6-ea42-40d0-970d-bb737526210f/300x300.jpg","Walkers Sensations Lime & Coriander Chutney Sharing Poppadoms 82.5g","Now £1.75, Was £2.50","true","1.75","108631681","https://groceries.morrisons.com/products/walkers-sensations-lime-coriander-chutney-sharing-poppadoms-82-5g/108631681","limes","2026-04-10T19:15:17.929Z","morrisons",,,"82.5g"
"Morrisons",,"https://groceries.morrisons.com/images-v3/4b85987b-1398-4173-a0c1-3546047c9d74/a315444c-fe0a-4fdd-bb90-8752d3ad8b59/300x300.jpg","Morrisons Lemons & Limes",,"false","1.55","108447066","https://groceries.morrisons.com/products/morrisons-lemons-limes/108447066","limes","2026-04-10T19:15:17.929Z","morrisons",,,"6 per pack"
"Morrisons",,"https://groceries.morrisons.com/images-v3/4b85987b-1398-4173-a0c1-3546047c9d74/fde815cc-66a9-4219-8ca9-5b6f376e63a9/300x300.jpg","Morrisons Grated Parmigiano Reggiano    100g",,"false","2.8","106145566","https://groceries.morrisons.com/products/morrisons-grated-parmigiano-reggiano-100g/106145566","parmesan","2026-04-10T19:15:27.774Z","morrisons",,,"100g"
"Morrisons",,"https://groceries.morrisons.com/images-v3/4b85987b-1398-4173-a0c1-3546047c9d74/7aa06ad0-e644-49ff-91e0-a3231383b6b6/300x300.jpg","Morrisons The Best Parmigiano Reggiano",,"false","3.85","108435874","https://groceries.morrisons.com/products/morrisons-the-best-parmigiano-reggiano/108435874","parmesan","2026-04-10T19:15:27.774Z","morrisons",,,"170g"
"Morrisons",,"https://groceries.morrisons.com/images-v3/4b85987b-1398-4173-a0c1-3546047c9d74/3b63d7ae-33f1-467b-b16f-f11823005be9/300x300.jpg","Morrisons Grana Padano Wedge",,"false","3.25","108435815","https://groceries.morrisons.com/products/morrisons-grana-padano-wedge/108435815","parmesan","2026-04-10T19:15:27.774Z","morrisons",,,"200g"
"Morrisons",,"https://groceries.morrisons.com/images-v3/4b85987b-1398-4173-a0c1-3546047c9d74/7f087fda-822b-4090-9894-408f45912d11/300x300.jpg","Morrisons Grated Italian Style Cheese",,"false","2","113815871","https://groceries.morrisons.com/products/morrisons-grated-italian-style-cheese/113815871","parmesan","2026-04-10T19:15:27.774Z","morrisons",,,"80g"
"Morrisons",,"https://groceries.morrisons.com/images-v3/4b85987b-1398-4173-a0c1-3546047c9d74/c7695ad3-3d3e-44a5-9735-5c581fe52f32/300x300.jpg","Morrisons Parmigiano Reggiano",,"false","4","106145591","https://groceries.morrisons.com/products/morrisons-parmigiano-reggiano/106145591","parmesan","2026-04-10T19:15:27.774Z","morrisons",,,"200g"
"Morrisons",,"https://groceries.morrisons.com/images-v3/4b85987b-1398-4173-a0c1-3546047c9d74/2d75554b-377c-4d68-9400-1add76e35181/300x300.jpg","Morrisons Smoked Salmon Slices","Buy 3 for £10","true","4.25","111897113","https://groceries.morrisons.com/products/morrisons-smoked-salmon-slices/111897113","smoked salmon","2026-04-10T19:15:38.260Z","morrisons",,,"120g"
"Big",,"https://groceries.morrisons.com/images-v3/4b85987b-1398-4173-a0c1-3546047c9d74/36e876e1-24b7-49aa-8950-6d15bd413a72/300x300.jpg","Big Blue Sea Smoked Salmon Slices",,"false","3","114214533","https://groceries.morrisons.com/products/big-blue-sea-smoked-salmon-slices/114214533","smoked salmon","2026-04-10T19:15:38.260Z","morrisons",,,"100g"
"Morrisons",,"https://groceries.morrisons.com/images-v3/4b85987b-1398-4173-a0c1-3546047c9d74/8ccd5a1a-e410-465c-adf7-61aa36a306ba/300x300.jpg","Morrisons Ready To Eat Smoked Salmon Slices",,"false","2.3","111264666","https://groceries.morrisons.com/products/morrisons-ready-to-eat-smoked-salmon-slices/111264666","smoked salmon","2026-04-10T19:15:38.260Z","morrisons",,,"60g"
"Morrisons",,"https://groceries.morrisons.com/images-v3/4b85987b-1398-4173-a0c1-3546047c9d74/814b67e6-d609-413e-a2fb-75f673802c44/300x300.jpg","Morrisons The Best Scottish Mild Smoked Salmon",,"false","4.75","113711731","https://groceries.morrisons.com/products/morrisons-the-best-scottish-mild-smoked-salmon/113711731","smoked salmon","2026-04-10T19:15:38.260Z","morrisons",,,"100g"
"Morrisons",,"https://groceries.morrisons.com/images-v3/4b85987b-1398-4173-a0c1-3546047c9d74/903b692a-7acd-4d4c-b44b-81bf1784f648/300x300.jpg","Morrisons The Best Strong & Intense Smoked Scottish Salmon    100g",,"false","4.75","113709083","https://groceries.morrisons.com/products/morrisons-the-best-strong-intense-smoked-scottish-salmon-100g/113709083","smoked salmon","2026-04-10T19:15:38.260Z","morrisons",,,"100g"
"Morrisons",,"https://groceries.morrisons.com/images-v3/4b85987b-1398-4173-a0c1-3546047c9d74/c3f22f37-df4a-4237-a4ee-32dc1bfa5c2a/300x300.jpg","Morrisons Closed Cup Mushrooms 465g","Price Match","true","1.5","115267952","https://groceries.morrisons.com/products/morrisons-closed-cup-mushrooms-465g/115267952","mushrooms","2026-04-10T19:15:45.976Z","morrisons",,,"465g"
"Morrisons",,"https://groceries.morrisons.com/images-v3/4b85987b-1398-4173-a0c1-3546047c9d74/15fe882a-c1b8-416c-a94a-07e80df0ee3a/300x300.jpg","Morrisons Closed Cup Mushrooms",,"false","1","112702218","https://groceries.morrisons.com/products/morrisons-closed-cup-mushrooms/112702218","mushrooms","2026-04-10T19:15:45.976Z","morrisons",,,"250g"
"Morrisons",,"https://groceries.morrisons.com/images-v3/4b85987b-1398-4173-a0c1-3546047c9d74/ba856864-4ffa-436c-8c83-d0c5352807e0/300x300.jpg","Morrisons Chestnut Mushrooms 340g",,"false","1.5","115270035","https://groceries.morrisons.com/products/morrisons-chestnut-mushrooms-340g/115270035","mushrooms","2026-04-10T19:15:45.977Z","morrisons",,,"340g"
"Morrisons",,"https://groceries.morrisons.com/images-v3/4b85987b-1398-4173-a0c1-3546047c9d74/64f92563-9f58-411a-83a1-fb16b8b90f3b/300x300.jpg","Morrisons Button Mushrooms 250g",,"false","1.5","115269991","https://groceries.morrisons.com/products/morrisons-button-mushrooms-250g/115269991","mushrooms","2026-04-10T19:15:45.977Z","morrisons",,,"250g"
"Morrisons",,"https://groceries.morrisons.com/images-v3/4b85987b-1398-4173-a0c1-3546047c9d74/ee3d44ba-3166-4ca5-af6e-615d05b5206d/300x300.jpg","Morrisons Family Pack Closed Cup Mushrooms 700g",,"false","2","115268971","https://groceries.morrisons.com/products/morrisons-family-pack-closed-cup-mushrooms-700g/115268971","mushrooms","2026-04-10T19:15:45.977Z","morrisons",,,"700g"
"Morrisons",,"https://groceries.morrisons.com/images-v3/4b85987b-1398-4173-a0c1-3546047c9d74/589e7aa9-0c4e-4a6d-989b-0802135af8f5/300x300.jpg","Morrisons Large Ripened Avocado Single","Price Match","true","0.88","103853612","https://groceries.morrisons.com/products/morrisons-large-ripened-avocado-single/103853612","avocado","2026-04-10T19:15:47.700Z","morrisons",,,
"Morrisons",,"https://groceries.morrisons.com/images-v3/4b85987b-1398-4173-a0c1-3546047c9d74/2e29d81c-b1c7-467e-aaa0-510a3ee42511/300x300.jpg","Morrisons The Best  Avocados 2 Pack","The Best Avocado And Toast Bundle £4","true","2.5","114834919","https://groceries.morrisons.com/products/morrisons-the-best-avocados-2-pack/114834919","avocado","2026-04-10T19:15:47.700Z","morrisons",,,"2 per pack"
"Morrisons",,"https://groceries.morrisons.com/images-v3/4b85987b-1398-4173-a0c1-3546047c9d74/ddf5cd0f-e4da-48ee-8c97-47191956f4b0/300x300.jpg","Morrisons Ripe & Ready Avocados 2 Pack",,"false","1.5","108409289","https://groceries.morrisons.com/products/morrisons-ripe-ready-avocados-2-pack/108409289","avocado","2026-04-10T19:15:47.700Z","morrisons",,,"2 per pack"
"Morrisons",,"https://groceries.morrisons.com/images-v3/4b85987b-1398-4173-a0c1-3546047c9d74/608fcb18-4704-4bcc-95dd-6f5f6e293a14/300x300.jpg","Morrisons Extra Large Avocado",,"false","1.5","108409220","https://groceries.morrisons.com/products/morrisons-extra-large-avocado/108409220","avocado","2026-04-10T19:15:47.700Z","morrisons",,,
"Morrisons",,"https://groceries.morrisons.com/images-v3/4b85987b-1398-4173-a0c1-3546047c9d74/f646ba42-9acd-4596-b179-66a9a03be49f/300x300.jpg","Morrisons Savers Avocado",,"false","1.29","113037811","https://groceries.morrisons.com/products/morrisons-savers-avocado/113037811","avocado","2026-04-10T19:15:47.700Z","morrisons",,,"4 per pack"
"Birds",,"https://groceries.morrisons.com/images-v3/4b85987b-1398-4173-a0c1-3546047c9d74/d1966a18-fc0f-4773-88a8-d2c5fbb41586/300x300.jpg","Birds Eye 20 Omega 3 Fish Fingers 560g","Now £3, Was £4.50","true","3","110455348","https://groceries.morrisons.com/products/birds-eye-20-omega-3-fish-fingers-560g/110455348","fish fingers","2026-04-10T19:15:57.890Z","morrisons",,,"560g"
"Birds",,"https://groceries.morrisons.com/images-v3/4b85987b-1398-4173-a0c1-3546047c9d74/efe3d004-7e13-41f8-ba9f-507c36e99128/300x300.jpg","Birds Eye 8 Breaded Cod Fish Fingers","Now £3.50, Was £4.25","true","3.5","115798315","https://groceries.morrisons.com/products/birds-eye-8-breaded-cod-fish-fingers/115798315","fish fingers","2026-04-10T19:15:57.890Z","morrisons",,,"240g"
"Birds",,"https://groceries.morrisons.com/images-v3/4b85987b-1398-4173-a0c1-3546047c9d74/34fa6e79-707c-424f-be41-29bc1de2a7f1/300x300.jpg","Birds Eye 8 Breaded Haddock Fish Fingers    240g","Now £3.50, Was £4.25","true","3.5","115798534","https://groceries.morrisons.com/products/birds-eye-8-breaded-haddock-fish-fingers-240g/115798534","fish fingers","2026-04-10T19:15:57.890Z","morrisons",,,"240g"
"Birds",,"https://groceries.morrisons.com/images-v3/4b85987b-1398-4173-a0c1-3546047c9d74/547a02b6-4fb9-4f35-a17d-c7c3389b664a/300x300.jpg","Birds Eye 26 Breaded Cod Fish Fingers    780g",,"false","8.5","115798850","https://groceries.morrisons.com/products/birds-eye-26-breaded-cod-fish-fingers-780g/115798850","fish fingers","2026-04-10T19:15:57.890Z","morrisons",,,"780g"
"Birds",,"https://groceries.morrisons.com/images-v3/4b85987b-1398-4173-a0c1-3546047c9d74/0fb2c59e-a370-4bb3-965d-7bbc34959f36/300x300.jpg","Birds Eye 40 Breaded Omega 3 Fish Fingers    1.12kg",,"false","6.5","115798681","https://groceries.morrisons.com/products/birds-eye-40-breaded-omega-3-fish-fingers-1-12kg/115798681","fish fingers","2026-04-10T19:15:57.890Z","morrisons",,,"1.12kg"
"President",,"https://groceries.morrisons.com/images-v3/4b85987b-1398-4173-a0c1-3546047c9d74/76ceba7f-0606-4e11-bde1-59fd4ea29978/300x300.jpg","President French Brie    200g","Now £2.25, Was £2.85","true","2.25","103073982","https://groceries.morrisons.com/products/president-french-brie-200g/103073982","brie","2026-04-10T19:16:07.900Z","morrisons",,,"200g"
"Castello",,"https://groceries.morrisons.com/images-v3/4b85987b-1398-4173-a0c1-3546047c9d74/73250066-f438-440d-a576-22b1a1efd60c/300x300.jpg","Castello Extra Creamy Brie Cheese","Now £2, Was £2.79","true","2","110816959","https://groceries.morrisons.com/products/castello-extra-creamy-brie-cheese/110816959","brie","2026-04-10T19:16:07.900Z","morrisons",,,"200g"
"Morrisons",,"https://groceries.morrisons.com/images-v3/4b85987b-1398-4173-a0c1-3546047c9d74/f978fcde-370d-430f-91bf-49b5f7911cbd/300x300.jpg","Morrisons French Brie","Price Match","true","1.65","107682339","https://groceries.morrisons.com/products/morrisons-french-brie/107682339","brie","2026-04-10T19:16:07.900Z","morrisons",,,"200g"
"Morrisons",,"https://groceries.morrisons.com/images-v3/4b85987b-1398-4173-a0c1-3546047c9d74/079cb4e9-7236-457e-9c81-dedb6248ac6f/300x300.jpg","Morrisons Somerset Brie",,"false","2.25","107682380","https://groceries.morrisons.com/products/morrisons-somerset-brie/107682380","brie","2026-04-10T19:16:07.900Z","morrisons",,,"160g"
"Market",,"https://groceries.morrisons.com/images-v3/4b85987b-1398-4173-a0c1-3546047c9d74/0e8ff916-09df-446d-98b6-65cd8b63f300/300x300.jpg","Market Street Deli Mild & Creamy French Brie",,"false","1.75","104788912","https://groceries.morrisons.com/products/market-street-deli-mild-creamy-french-brie/104788912","brie","2026-04-10T19:16:07.900Z","morrisons",,,"125g"
"Morrisons",,"https://groceries.morrisons.com/images-v3/4b85987b-1398-4173-a0c1-3546047c9d74/f6be6a69-245e-44a8-9a41-ca9a09968eb5/300x300.jpg","Morrisons Market Street British Boneless Chicken Thigh Fillets 600g",,"false","5.5","106793580","https://groceries.morrisons.com/products/morrisons-market-street-british-boneless-chicken-thigh-fillets-600g/106793580","chicken thighs","2026-04-10T19:16:18.770Z","morrisons",,,"600g"
"Morrisons",,"https://groceries.morrisons.com/images-v3/4b85987b-1398-4173-a0c1-3546047c9d74/98eb20eb-bbcd-4e0d-9819-6f0f210ffa77/300x300.jpg","Morrisons Market Street British Boneless Chicken Thigh Fillets 1kg",,"false","6.95","108854278","https://groceries.morrisons.com/products/morrisons-market-street-british-boneless-chicken-thigh-fillets-1kg/108854278","chicken thighs","2026-04-10T19:16:18.770Z","morrisons",,,"1kg"
"Morrisons",,"https://groceries.morrisons.com/images-v3/4b85987b-1398-4173-a0c1-3546047c9d74/a458c5d4-53ac-49e6-8b57-81f27181579f/300x300.jpg","Morrisons The Best Corn Fed Thigh Fillet",,"false","6.25","115352495","https://groceries.morrisons.com/products/morrisons-the-best-corn-fed-thigh-fillet/115352495","chicken thighs","2026-04-10T19:16:18.770Z","morrisons",,,"360g"
"Morrisons",,"https://groceries.morrisons.com/images-v3/4b85987b-1398-4173-a0c1-3546047c9d74/c0ef65fc-52ca-487a-abcb-bbc839cb6a2b/300x300.jpg","Morrisons Market Street British Chicken Thighs 1kg",,"false","3.4","111335735","https://groceries.morrisons.com/products/morrisons-market-street-british-chicken-thighs-1kg/111335735","chicken thighs","2026-04-10T19:16:18.770Z","morrisons",,,"1kg"
"Morrisons",,"https://groceries.morrisons.com/images-v3/4b85987b-1398-4173-a0c1-3546047c9d74/515f60a2-1fb8-481f-9118-3b044a02ee47/300x300.jpg","Morrisons Chicken Thighs",,"false","3.5","107701755","https://groceries.morrisons.com/products/morrisons-chicken-thighs/107701755","chicken thighs","2026-04-10T19:16:18.770Z","morrisons",,,"1kg"
"Morrisons",,"https://groceries.morrisons.com/images-v3/4b85987b-1398-4173-a0c1-3546047c9d74/414f7b62-fcf5-430e-9556-20d84d00f921/300x300.jpg","Morrisons Mango Chunks 500g",,"false","3.35","110772693","https://groceries.morrisons.com/products/morrisons-mango-chunks-500g/110772693","mango","2026-04-10T19:16:26.293Z","morrisons",,,"500g"
"Morrisons",,"https://groceries.morrisons.com/images-v3/4b85987b-1398-4173-a0c1-3546047c9d74/93c3ec97-662f-4f4d-8148-0038604a36dd/300x300.jpg","Morrisons Ripe & Ready To Eat Mango",,"false","1.75","108409342","https://groceries.morrisons.com/products/morrisons-ripe-ready-to-eat-mango/108409342","mango","2026-04-10T19:16:26.293Z","morrisons",,,"2 per pack"
"Morrisons",,"https://groceries.morrisons.com/images-v3/4b85987b-1398-4173-a0c1-3546047c9d74/734fbdbf-d22d-4687-8c21-879146b4384a/300x300.jpg","Morrisons Mango 240g",,"false","2.5","110524788","https://groceries.morrisons.com/products/morrisons-mango-240g/110524788","mango","2026-04-10T19:16:26.293Z","morrisons",,,"240g"
"Morrisons",,"https://groceries.morrisons.com/images-v3/4b85987b-1398-4173-a0c1-3546047c9d74/b3db94fc-619c-45f2-bd13-6b9de82c8259/300x300.jpg","Morrisons Mango Chunks   450g",,"false","4","114616954","https://groceries.morrisons.com/products/morrisons-mango-chunks-450g/114616954","mango","2026-04-10T19:16:26.293Z","morrisons",,,"450g"
"Morrisons",,"https://groceries.morrisons.com/images-v3/4b85987b-1398-4173-a0c1-3546047c9d74/12f99fea-8dd7-4400-9360-003cae4f8f94/300x300.jpg","Morrisons Ready To Eat Loose Mango",,"false","0.88","109111492","https://groceries.morrisons.com/products/morrisons-ready-to-eat-loose-mango/109111492","mango","2026-04-10T19:16:26.293Z","morrisons",,,
"Morrisons",,"https://groceries.morrisons.com/images-v3/4b85987b-1398-4173-a0c1-3546047c9d74/15a8c615-0a5f-48bb-976f-ebc09d9109dc/300x300.jpg","Morrisons Fishmongers Frozen Yellow Fin Tuna Steaks","Buy 3 for £10","true","4.25","110978923","https://groceries.morrisons.com/products/morrisons-fishmongers-frozen-yellow-fin-tuna-steaks/110978923","tuna steaks","2026-04-10T19:16:28.405Z","morrisons",,,"225g"
"John",,"https://groceries.morrisons.com/images-v3/4b85987b-1398-4173-a0c1-3546047c9d74/e3add59f-5581-4652-b1fd-da8c23539bf5/300x300.jpg","John West No Drain Fridge Pot Tuna Steak In Sunflower Oil (3x110g)","Now £3.50, Was £5","true","3.5","110015596","https://groceries.morrisons.com/products/john-west-no-drain-fridge-pot-tuna-steak-in-sunflower-oil-3x110g/110015596","tuna steaks","2026-04-10T19:16:28.405Z","morrisons",,,"3 x 110g"
"Morrisons",,"https://groceries.morrisons.com/images-v3/4b85987b-1398-4173-a0c1-3546047c9d74/2c4a8b81-65e2-45f4-acb6-c70524b292e6/300x300.jpg","Morrisons 3 Skinless & Boneless Tuna Steaks 300g",,"false","5","114999730","https://groceries.morrisons.com/products/morrisons-3-skinless-boneless-tuna-steaks-300g/114999730","tuna steaks","2026-04-10T19:16:28.405Z","morrisons",,,"300g"
"Morrisons",,"https://groceries.morrisons.com/images-v3/4b85987b-1398-4173-a0c1-3546047c9d74/66ac93b8-1c69-4ceb-b703-3e7c1eeabbb7/300x300.jpg","Morrisons No Drain Tuna Steak In A Little Spring Water (3x110g)",,"false","3","110446468","https://groceries.morrisons.com/products/morrisons-no-drain-tuna-steak-in-a-little-spring-water-3x110g/110446468","tuna steaks","2026-04-10T19:16:28.405Z","morrisons",,,"3 x 110g"
"Morrisons",,"https://groceries.morrisons.com/images-v3/4b85987b-1398-4173-a0c1-3546047c9d74/72f51cec-74fe-4849-ae31-57e9bec709bd/300x300.jpg","Morrisons No Drain Tuna Steak In A Little Brine (3x110g)",,"false","3","110446425","https://groceries.morrisons.com/products/morrisons-no-drain-tuna-steak-in-a-little-brine-3x110g/110446425","tuna steaks","2026-04-10T19:16:28.405Z","morrisons",,,"3 x 110g"
"Morrisons",,"https://groceries.morrisons.com/images-v3/4b85987b-1398-4173-a0c1-3546047c9d74/e0a701a4-a5fa-44c6-a65e-bdad1a5095a6/300x300.jpg","Morrisons Roast In The Bag Extra Tasty Whole Chicken 1.6kg",,"false","6.8","109139971","https://groceries.morrisons.com/products/morrisons-roast-in-the-bag-extra-tasty-whole-chicken-1-6kg/109139971","whole chicken","2026-04-10T19:16:38.323Z","morrisons",,,"1.6kg"
"Morrisons",,"https://groceries.morrisons.com/images-v3/4b85987b-1398-4173-a0c1-3546047c9d74/cd900dfa-9857-459c-9ab1-21496ae046a4/300x300.jpg","Morrisons The Best Corn Fed Free Range Whole Chicken",,"false","10.99","108947634","https://groceries.morrisons.com/products/morrisons-the-best-corn-fed-free-range-whole-chicken/108947634","whole chicken","2026-04-10T19:16:38.323Z","morrisons",,,"1.575kg"
"Morrisons",,"https://groceries.morrisons.com/images-v3/4b85987b-1398-4173-a0c1-3546047c9d74/8a37da2a-24b7-4588-89ac-311caf8a8628/300x300.jpg","Morrisons Market Street Extra Large Whole Chicken   2.15kg",,"false","7.3","107951404","https://groceries.morrisons.com/products/morrisons-market-street-extra-large-whole-chicken-2-15kg/107951404","whole chicken","2026-04-10T19:16:38.323Z","morrisons",,,"2.15kg"
"Morrisons",,"https://groceries.morrisons.com/images-v3/4b85987b-1398-4173-a0c1-3546047c9d74/5210f6c0-37f6-487c-994e-eaf65521e168/300x300.jpg","Morrisons Market Street British Large Whole Chicken   1.7kg",,"false","5.8","108444640","https://groceries.morrisons.com/products/morrisons-market-street-british-large-whole-chicken-1-7kg/108444640","whole chicken","2026-04-10T19:16:38.323Z","morrisons",,,"1.7kg"
"Morrisons",,"https://groceries.morrisons.com/images-v3/4b85987b-1398-4173-a0c1-3546047c9d74/d857ae16-ce46-40f8-9b2c-1c6446d4ccb0/300x300.jpg","Morrisons Organic Whole Chicken",,"false","15.5","115352401","https://groceries.morrisons.com/products/morrisons-organic-whole-chicken/115352401","whole chicken","2026-04-10T19:16:38.323Z","morrisons",,,"1.55kg"
"Morrisons",,"https://groceries.morrisons.com/images-v3/4b85987b-1398-4173-a0c1-3546047c9d74/3efcba7b-8f27-44df-a082-a7438e16076f/300x300.jpg","Morrisons Savers Mixed Peppers 3 Pack (Colours May Vary)","Price Match","true","1.79","112916566","https://groceries.morrisons.com/products/morrisons-savers-mixed-peppers-3-pack-colours-may-vary/112916566","peppers mixed","2026-04-10T19:16:48.420Z","morrisons",,,"3 per pack"
"Morrisons",,"https://groceries.morrisons.com/images-v3/4b85987b-1398-4173-a0c1-3546047c9d74/d425ce94-a905-465b-811e-ef9ee6fb2454/300x300.jpg","Morrisons Mackerel Strips With Mixed Pepper","Buy 3 for £10","true","5.5","113809244","https://groceries.morrisons.com/products/morrisons-mackerel-strips-with-mixed-pepper/113809244","peppers mixed","2026-04-10T19:16:48.420Z","morrisons",,,"220g"
"Morrisons",,"https://groceries.morrisons.com/images-v3/4b85987b-1398-4173-a0c1-3546047c9d74/ce6c6942-5a92-4365-ab55-6e514c67c517/300x300.jpg","Morrisons Loose Red Pepper","Price Match","true","0.7","108407187","https://groceries.morrisons.com/products/morrisons-loose-red-pepper/108407187","peppers mixed","2026-04-10T19:16:48.420Z","morrisons",,,
"Morrisons",,"https://groceries.morrisons.com/images-v3/4b85987b-1398-4173-a0c1-3546047c9d74/42cd6acc-d9c9-491b-b557-901cd856ad6f/300x300.jpg","Morrisons Sliced Mixed Peppers",,"false","1.25","104893392","https://groceries.morrisons.com/products/morrisons-sliced-mixed-peppers/104893392","peppers mixed","2026-04-10T19:16:48.420Z","morrisons",,,"500g"
"Morrisons",,"https://groceries.morrisons.com/images-v3/4b85987b-1398-4173-a0c1-3546047c9d74/8ed0454b-a7b6-463e-b5e1-e8c4df0f4a65/300x300.jpg","Morrisons Grilled Mixed Peppers (280g)",,"false","2.69","109603201","https://groceries.morrisons.com/products/morrisons-grilled-mixed-peppers-280g/109603201","peppers mixed","2026-04-10T19:16:48.420Z","morrisons",,,"280g"
"Morrisons",,"https://groceries.morrisons.com/images-v3/4b85987b-1398-4173-a0c1-3546047c9d74/09a6765c-fe04-4473-833f-89a3500a64ee/300x300.jpg","Morrisons Halloumi 200g","Price Match","true","1.77","112922894","https://groceries.morrisons.com/products/morrisons-halloumi-200g/112922894","halloumi","2026-04-10T19:16:58.573Z","morrisons",,,"200g"
"Galbani",,"https://groceries.morrisons.com/images-v3/4b85987b-1398-4173-a0c1-3546047c9d74/26790529-cf60-4957-9285-1492bd8e7f68/300x300.jpg","Galbani Mozzarella","Now £1.30, Was £1.85","true","1.3","103045623","https://groceries.morrisons.com/products/galbani-mozzarella/103045623","halloumi","2026-04-10T19:16:58.573Z","morrisons",,,"125g"
"Olympus",,"https://groceries.morrisons.com/images-v3/4b85987b-1398-4173-a0c1-3546047c9d74/5002a2f1-bc20-4873-8b20-8134bbd8c7a6/300x300.jpg","Olympus Halloumi Cheese  225g",,"false","2.89","113767259","https://groceries.morrisons.com/products/olympus-halloumi-cheese-225g/113767259","halloumi","2026-04-10T19:16:58.573Z","morrisons",,,"225g"
"Morrisons",,"https://groceries.morrisons.com/images-v3/4b85987b-1398-4173-a0c1-3546047c9d74/7afd8ff7-68c4-4d7a-97c6-848172a667e9/300x300.jpg","Morrisons The Best Halloumi",,"false","3.65","109755618","https://groceries.morrisons.com/products/morrisons-the-best-halloumi/109755618","halloumi","2026-04-10T19:16:58.573Z","morrisons",,,"225g"
"Olympus",,"https://groceries.morrisons.com/images-v3/4b85987b-1398-4173-a0c1-3546047c9d74/bf83a62d-890d-45af-b013-d3f5d16846ae/300x300.jpg","Olympus Grill Cheese",,"false","2.29","113761623","https://groceries.morrisons.com/products/olympus-grill-cheese/113761623","halloumi","2026-04-10T19:16:58.573Z","morrisons",,,"200g"
"Morrisons",,"https://groceries.morrisons.com/images-v3/4b85987b-1398-4173-a0c1-3546047c9d74/32ddf0f9-abf3-4eaa-8401-345b09372ea2/300x300.jpg","Morrisons Seedless Red Grapes 400g","Buy 3 for £5","true","2","112933112","https://groceries.morrisons.com/products/morrisons-seedless-red-grapes-400g/112933112","grapes","2026-04-10T19:17:05.769Z","morrisons",,,"400g"
"Morrisons",,"https://groceries.morrisons.com/images-v3/4b85987b-1398-4173-a0c1-3546047c9d74/4806c1aa-5d89-462e-a27c-fe418fe63351/300x300.jpg","Morrisons Seedless Green Grapes 400g","Buy 3 for £5","true","2","108306239","https://groceries.morrisons.com/products/morrisons-seedless-green-grapes-400g/108306239","grapes","2026-04-10T19:17:05.769Z","morrisons",,,"400g"
"Morrisons",,"https://groceries.morrisons.com/images-v3/4b85987b-1398-4173-a0c1-3546047c9d74/c096228d-2ffc-4ffb-9ea5-0d81b40f9341/300x300.jpg","Morrisons Seedless Grape Selection  400g","Buy 3 for £5","true","2","112933067","https://groceries.morrisons.com/products/morrisons-seedless-grape-selection-400g/112933067","grapes","2026-04-10T19:17:05.769Z","morrisons",,,"400g"
"Explore",,"https://groceries.morrisons.com/images-v3/4b85987b-1398-4173-a0c1-3546047c9d74/36bb11b5-bcbf-4b66-8bb6-a145b17ffca9/300x300.jpg","Explore Cotton Candy Seedless Grapes 400g","Buy 2 for £4","true","2.4","112040630","https://groceries.morrisons.com/products/explore-cotton-candy-seedless-grapes-400g/112040630","grapes","2026-04-10T19:17:05.769Z","morrisons",,,"400g"
"Morrisons",,"https://groceries.morrisons.com/images-v3/4b85987b-1398-4173-a0c1-3546047c9d74/90a82746-00d1-45c7-a800-40a02783f3fa/300x300.jpg","Morrisons Seedless Black Grapes 400g","Buy 3 for £5","true","2","108305640","https://groceries.morrisons.com/products/morrisons-seedless-black-grapes-400g/108305640","grapes","2026-04-10T19:17:05.769Z","morrisons",,,"400g"
"Hovis",,"https://groceries.morrisons.com/images-v3/4b85987b-1398-4173-a0c1-3546047c9d74/b914a9c6-7706-4a7b-9a7d-b3e63d31a747/300x300.jpg","Hovis Farmhouse Soft White Bread","Now £1, Was £1.50","true","1","108349431","https://groceries.morrisons.com/products/hovis-farmhouse-soft-white-bread/108349431","white sliced bread","2026-04-10T19:17:07.909Z","morrisons",,,"800g"
"Warburtons",,"https://groceries.morrisons.com/images-v3/4b85987b-1398-4173-a0c1-3546047c9d74/ae3e1cf1-8797-4a36-99b1-3da5d61fe95b/300x300.jpg","Warburtons Original Farmhouse Bread 800g","Now £1.35, Was £1.60","true","1.35","102369802","https://groceries.morrisons.com/products/warburtons-original-farmhouse-bread-800g/102369802","white sliced bread","2026-04-10T19:17:07.909Z","morrisons",,,"800g"
"Morrisons",,"https://groceries.morrisons.com/images-v3/4b85987b-1398-4173-a0c1-3546047c9d74/10c189a4-9704-4cfb-b76f-fad73a6c7cbf/300x300.jpg","Morrisons White Medium Sliced Bread 800g","Price Match","true","0.74","102369773","https://groceries.morrisons.com/products/morrisons-white-medium-sliced-bread-800g/102369773","white sliced bread","2026-04-10T19:17:07.909Z","morrisons",,,"800g"
"Hovis",,"https://groceries.morrisons.com/images-v3/4b85987b-1398-4173-a0c1-3546047c9d74/db31c190-2a56-4614-83fb-1c777089afee/300x300.jpg","Hovis Soft White Medium Bread 800g","Buy 2 for £2.50","true","1.39","102369829","https://groceries.morrisons.com/products/hovis-soft-white-medium-bread-800g/102369829","white sliced bread","2026-04-10T19:17:07.909Z","morrisons",,,"800g"
"Morrisons",,"https://groceries.morrisons.com/images-v3/4b85987b-1398-4173-a0c1-3546047c9d74/64763739-9d36-475c-a85a-61f14964e952/300x300.jpg","Morrisons Toastie Thick Sliced White Bread 800g","Price Match","true","0.75","102369722","https://groceries.morrisons.com/products/morrisons-toastie-thick-sliced-white-bread-800g/102369722","white sliced bread","2026-04-10T19:17:07.909Z","morrisons",,,"800g"
"Castello",,"https://groceries.morrisons.com/images-v3/4b85987b-1398-4173-a0c1-3546047c9d74/3f72df87-68a6-49f7-856d-c09de0f62630/300x300.jpg","Castello Danish Blue Cheese","Now £2, Was £2.79","true","2","103082264","https://groceries.morrisons.com/products/castello-danish-blue-cheese/103082264","stilton","2026-04-10T19:17:17.972Z","morrisons",,,"150g"
"1912",,"https://groceries.morrisons.com/images-v3/4b85987b-1398-4173-a0c1-3546047c9d74/1811a210-ad57-4dc0-ae5f-32a2da2a8aa5/300x300.jpg","1912 Artisan Stilton Cheese","Now £2.25, Was £3","true","2.25","113090858","https://groceries.morrisons.com/products/1912-artisan-stilton-cheese/113090858","stilton","2026-04-10T19:17:17.972Z","morrisons",,,"150g"
"Morrisons",,"https://groceries.morrisons.com/images-v3/4b85987b-1398-4173-a0c1-3546047c9d74/4f4c81cd-67b1-4fe7-9630-cbd10a3f7545/300x300.jpg","Morrisons Blue Stilton",,"false","2.9","115361009","https://groceries.morrisons.com/products/morrisons-blue-stilton/115361009","stilton","2026-04-10T19:17:17.972Z","morrisons",,,"220g"
"Market",,"https://groceries.morrisons.com/images-v3/4b85987b-1398-4173-a0c1-3546047c9d74/30f8d1cf-1f40-4b75-b7b0-7fcceb851a22/300x300.jpg","Market Street Deli Mature Blue Stilton",,"false","2.13","104786765","https://groceries.morrisons.com/products/market-street-deli-mature-blue-stilton/104786765","stilton","2026-04-10T19:17:17.972Z","morrisons",,,"125g"
"Morrisons",,"https://groceries.morrisons.com/images-v3/4b85987b-1398-4173-a0c1-3546047c9d74/54008655-7849-4969-b083-164a38a7b392/300x300.jpg","Morrisons The Best Stilton",,"false","3.5","115434466","https://groceries.morrisons.com/products/morrisons-the-best-stilton/115434466","stilton","2026-04-10T19:17:17.972Z","morrisons",,,"210g"
"Very",,"https://groceries.morrisons.com/images-v3/4b85987b-1398-4173-a0c1-3546047c9d74/532cb7fb-c871-4b9f-9e87-a4deaa6405d5/300x300.jpg","Very Lazy Red Chillies","Now £1.75, Was £1.95","true","1.75","100405398","https://groceries.morrisons.com/products/very-lazy-red-chillies/100405398","red chillies","2026-04-10T19:17:28.696Z","morrisons",,,"190g"
"Santa",,"https://groceries.morrisons.com/images-v3/4b85987b-1398-4173-a0c1-3546047c9d74/dc26a3fc-1add-4a40-8977-b6728bdfd5e2/300x300.jpg","Santa Maria Hot Red Jalapenos 200g","Now £1.50, Was £1.90","true","1.5","109026175","https://groceries.morrisons.com/products/santa-maria-hot-red-jalapenos-200g/109026175","red chillies","2026-04-10T19:17:28.696Z","morrisons",,,"200g"
"Morrisons",,"https://groceries.morrisons.com/images-v3/4b85987b-1398-4173-a0c1-3546047c9d74/aaa6f185-02e4-4280-bf4c-abe6906e5977/300x300.jpg","Morrisons Red Chillies",,"false","0.59","108384886","https://groceries.morrisons.com/products/morrisons-red-chillies/108384886","red chillies","2026-04-10T19:17:28.696Z","morrisons",,,"50g"
"Morrisons",,"https://groceries.morrisons.com/images-v3/4b85987b-1398-4173-a0c1-3546047c9d74/620646d4-5c8f-4e50-9a66-d52254038026/300x300.jpg","Morrisons Mixed Chillies",,"false","0.6","108384966","https://groceries.morrisons.com/products/morrisons-mixed-chillies/108384966","red chillies","2026-04-10T19:17:28.696Z","morrisons",,,"50g"
"Morrisons",,"https://groceries.morrisons.com/images-v3/4b85987b-1398-4173-a0c1-3546047c9d74/7a31d392-0fd8-4a5f-b14b-b8a13ff8fb5a/300x300.jpg","Morrisons Bird Eye Chillies",,"false","1","108384771","https://groceries.morrisons.com/products/morrisons-bird-eye-chillies/108384771","red chillies","2026-04-10T19:17:28.696Z","morrisons",,,"30g"
"Morrisons",,"https://groceries.morrisons.com/images-v3/4b85987b-1398-4173-a0c1-3546047c9d74/c26cfaa0-f080-46be-b59a-e5f690217830/300x300.jpg","Morrisons  British Chicken Drumsticks 1kg","Price Match","true","2.15","111335701","https://groceries.morrisons.com/products/morrisons-british-chicken-drumsticks-1kg/111335701","chicken drumsticks","2026-04-10T19:17:39.462Z","morrisons",,,"1kg"
"Morrisons",,"https://groceries.morrisons.com/images-v3/4b85987b-1398-4173-a0c1-3546047c9d74/378e2fff-4b73-486f-bf61-f713820debe7/300x300.jpg","Morrisons Chicken Drumsticks","BBQ Chicken Bundle for £2","true","1.5","112522874","https://groceries.morrisons.com/products/morrisons-chicken-drumsticks/112522874","chicken drumsticks","2026-04-10T19:17:39.462Z","morrisons",,,"500g"
"Morrisons",,"https://groceries.morrisons.com/images-v3/4b85987b-1398-4173-a0c1-3546047c9d74/63e8649d-ed88-4589-b1b6-977fd8de5b01/300x300.jpg","Morrisons Roast Chicken Drumsticks",,"false","3.75","112780187","https://groceries.morrisons.com/products/morrisons-roast-chicken-drumsticks/112780187","chicken drumsticks","2026-04-10T19:17:39.462Z","morrisons",,,"430g"
"Morrisons",,"https://groceries.morrisons.com/images-v3/4b85987b-1398-4173-a0c1-3546047c9d74/56c30ae0-c988-4d1b-b959-018b9d2cfbb8/300x300.jpg","Morrisons Chicken Drumstick Fillets",,"false","4.92","114084290","https://groceries.morrisons.com/products/morrisons-chicken-drumstick-fillets/114084290","chicken drumsticks","2026-04-10T19:17:39.462Z","morrisons",,,"1kg"
"Morrisons",,"https://groceries.morrisons.com/images-v3/4b85987b-1398-4173-a0c1-3546047c9d74/fed4c5ee-7469-46a3-9677-e25a1c100e2d/300x300.jpg","Morrisons Market Street British Chicken Drumstick Fillets 600g","Price Match","true","2.95","113689684","https://groceries.morrisons.com/products/morrisons-market-street-british-chicken-drumstick-fillets-600g/113689684","chicken drumsticks","2026-04-10T19:17:39.462Z","morrisons",,,"600g"
"Fyffes",,"https://groceries.morrisons.com/images-v3/4b85987b-1398-4173-a0c1-3546047c9d74/06ddb113-2ae7-403a-b712-f9bcf7ef88a8/300x300.jpg","Fyffes Pineapple","Price Match","true","0.98","113016965","https://groceries.morrisons.com/products/fyffes-pineapple/113016965","pineapple","2026-04-10T19:17:49.198Z","morrisons",,,
"Morrisons",,"https://groceries.morrisons.com/images-v3/4b85987b-1398-4173-a0c1-3546047c9d74/28835063-b4a6-4c7d-8e04-0dd7d56bc7a7/300x300.jpg","Morrisons Pineapple",,"false","2.5","108503831","https://groceries.morrisons.com/products/morrisons-pineapple/108503831","pineapple","2026-04-10T19:17:49.198Z","morrisons",,,"300g"
"Morrisons",,"https://groceries.morrisons.com/images-v3/4b85987b-1398-4173-a0c1-3546047c9d74/3aa87753-f122-4d01-9756-b7ebda988135/300x300.jpg","Morrisons Pineapple   500g",,"false","3","108504411","https://groceries.morrisons.com/products/morrisons-pineapple-500g/108504411","pineapple","2026-04-10T19:17:49.198Z","morrisons",,,"500g"
"Morrisons",,"https://groceries.morrisons.com/images-v3/4b85987b-1398-4173-a0c1-3546047c9d74/b923aadf-5cc5-4be2-854d-b51de0ea127d/300x300.jpg","Morrisons Pineapple 450g",,"false","3.35","111627826","https://groceries.morrisons.com/products/morrisons-pineapple-450g/111627826","pineapple","2026-04-10T19:17:49.198Z","morrisons",,,"450g"
"Del",,"https://groceries.morrisons.com/images-v3/4b85987b-1398-4173-a0c1-3546047c9d74/6ab79be4-2dca-4e54-8c0b-74d4654e5134/300x300.jpg","Del Monte Pineapple Chunks In Juice (432g)",,"false","1.3","100099773","https://groceries.morrisons.com/products/del-monte-pineapple-chunks-in-juice-432g/100099773","pineapple","2026-04-10T19:17:49.198Z","morrisons",,,"260g"
"Morrisons",,"https://groceries.morrisons.com/images-v3/4b85987b-1398-4173-a0c1-3546047c9d74/c9f5576e-7731-4d6c-9a06-4537e89f61c1/300x300.jpg","Morrisons British Chicken Wings","Price Match","true","2.19","111335760","https://groceries.morrisons.com/products/morrisons-british-chicken-wings/111335760","chicken wings","2026-04-10T19:17:49.407Z","morrisons",,,"1kg"
"Morrisons",,"https://groceries.morrisons.com/images-v3/4b85987b-1398-4173-a0c1-3546047c9d74/6eb96667-ebc1-4346-b719-c737f38d617f/300x300.jpg","Morrisons Chicken Wings",,"false","1.5","112522946","https://groceries.morrisons.com/products/morrisons-chicken-wings/112522946","chicken wings","2026-04-10T19:17:49.407Z","morrisons",,,"500g"
"Morrisons",,"https://groceries.morrisons.com/images-v3/4b85987b-1398-4173-a0c1-3546047c9d74/818a580a-c6ee-4c69-a098-d9721f4e1aa9/300x300.jpg","Morrisons Smoky BBQ Chicken Wings",,"false","2.5","113462746","https://groceries.morrisons.com/products/morrisons-smoky-bbq-chicken-wings/113462746","chicken wings","2026-04-10T19:17:49.407Z","morrisons",,,"500g"
"Morrisons",,"https://groceries.morrisons.com/images-v3/4b85987b-1398-4173-a0c1-3546047c9d74/6072f8a7-0c7e-4128-b558-75a5611af7b9/300x300.jpg","Morrisons Chinese Marinated Chicken Wings",,"false","2.5","114728163","https://groceries.morrisons.com/products/morrisons-chinese-marinated-chicken-wings/114728163","chicken wings","2026-04-10T19:17:49.407Z","morrisons",,,"500g"
"Morrisons",,"https://groceries.morrisons.com/images-v3/4b85987b-1398-4173-a0c1-3546047c9d74/8fdf9978-35be-4544-acde-eca9208b9299/300x300.jpg","Morrisons Peri Peri Marinated Chicken Wings",,"false","2.5","114728235","https://groceries.morrisons.com/products/morrisons-peri-peri-marinated-chicken-wings/114728235","chicken wings","2026-04-10T19:17:49.407Z","morrisons",,,"500g"
"Morrisons",,"https://groceries.morrisons.com/images-v3/4b85987b-1398-4173-a0c1-3546047c9d74/1ca58085-16de-45d1-a810-a6977825fb4c/300x300.jpg","Morrisons Courgettes","Price Match","true","1.39","115508998","https://groceries.morrisons.com/products/morrisons-courgettes/115508998","courgettes","2026-04-10T19:17:58.281Z","morrisons",,,"500g"
"Morrisons",,"https://groceries.morrisons.com/images-v3/4b85987b-1398-4173-a0c1-3546047c9d74/d1867bb2-feb7-4934-b25c-068f74f32b26/300x300.jpg","Morrisons Naturally Wonky Courgette",,"false","2.8","110695464","https://groceries.morrisons.com/products/morrisons-naturally-wonky-courgette/110695464","courgettes","2026-04-10T19:17:58.281Z","morrisons",,,
"Mr",,"https://groceries.morrisons.com/images-v3/4b85987b-1398-4173-a0c1-3546047c9d74/ce594f1c-aa30-4728-adac-80ec40cc3536/300x300.jpg","Mr Fothergills Courgette Zucchini","Buy 3 for the Price of 2","true","3.19","113811264","https://groceries.morrisons.com/products/mr-fothergills-courgette-zucchini/113811264","courgettes","2026-04-10T19:17:58.281Z","morrisons",,,
"Mr",,"https://groceries.morrisons.com/images-v3/4b85987b-1398-4173-a0c1-3546047c9d74/fd45b00d-0631-4304-a452-629cd2953625/300x300.jpg","Mr Fothergills Courgette All Green Bush","Buy 3 for the Price of 2","true","2.49","113811168","https://groceries.morrisons.com/products/mr-fothergills-courgette-all-green-bush/113811168","courgettes","2026-04-10T19:17:58.281Z","morrisons",,,
"HiPP",,"https://groceries.morrisons.com/images-v3/4b85987b-1398-4173-a0c1-3546047c9d74/d85512b9-66d9-4b7b-a1a2-c0ed0c25c06a/300x300.jpg","HiPP Organic 6 Mths+ Penne with Tomato & Courgette",,"false","0.75","100746361","https://groceries.morrisons.com/products/hipp-organic-6-mths-penne-with-tomato-courgette/100746361","courgettes","2026-04-10T19:17:58.281Z","morrisons",,,"125g"
"Morrisons",,"https://groceries.morrisons.com/images-v3/4b85987b-1398-4173-a0c1-3546047c9d74/1ffc7ccc-77d9-4b84-97b7-0fece4532c1b/300x300.jpg","Morrisons Gouda Slices 240g","Buy 2 for £4.50","true","2.75","112604466","https://groceries.morrisons.com/products/morrisons-gouda-slices-240g/112604466","gouda","2026-04-10T19:18:07.880Z","morrisons",,,"240g"
"Lindahls",,"https://groceries.morrisons.com/images-v3/4b85987b-1398-4173-a0c1-3546047c9d74/f1182585-ec40-48e6-af80-f5ef81dd274c/300x300.jpg","Lindahls Protein Gouda Cheese Slices 125g",,"false","2","114933773","https://groceries.morrisons.com/products/lindahls-protein-gouda-cheese-slices-125g/114933773","gouda","2026-04-10T19:18:07.880Z","morrisons",,,"125g"
"Morrisons",,"https://groceries.morrisons.com/images-v3/4b85987b-1398-4173-a0c1-3546047c9d74/254e2193-53cd-404a-af86-a6230ed53b3d/300x300.jpg","Morrisons Swiss Le Gruyere Cheese",,"false","4","111093369","https://groceries.morrisons.com/products/morrisons-swiss-le-gruyere-cheese/111093369","gouda","2026-04-10T19:18:07.880Z","morrisons",,,"170g"
"Old",,"https://groceries.morrisons.com/images-v3/4b85987b-1398-4173-a0c1-3546047c9d74/74f94ae5-9096-4f42-9afc-238a8425b4c7/300x300.jpg","Old Amsterdam Mature Gouda",,"false","3.5","114479603","https://groceries.morrisons.com/products/old-amsterdam-mature-gouda/114479603","gouda","2026-04-10T19:18:07.880Z","morrisons",,,"150g"
"Morrisons",,"https://groceries.morrisons.com/images-v3/4b85987b-1398-4173-a0c1-3546047c9d74/3d8e1e01-ec49-4b6d-8dd9-a95b62628a36/300x300.jpg","Morrisons Deli Gouda with Garlic & Cracked Black Pepper   90g","Buy 3 for £6","true","2.5","113114629","https://groceries.morrisons.com/products/morrisons-deli-gouda-with-garlic-cracked-black-pepper-90g/113114629","gouda","2026-04-10T19:18:07.880Z","morrisons",,,"90g"
"Morrisons",,"https://groceries.morrisons.com/images-v3/4b85987b-1398-4173-a0c1-3546047c9d74/f352a997-cd34-4a6e-9b75-4c6bd2dc8069/300x300.jpg","Morrisons Wholemeal Medium Sliced Bread","Price Match","true","0.75","102370256","https://groceries.morrisons.com/products/morrisons-wholemeal-medium-sliced-bread/102370256","wholemeal bread","2026-04-10T19:18:19.068Z","morrisons",,,"800g"
"Allinson's",,"https://groceries.morrisons.com/images-v3/4b85987b-1398-4173-a0c1-3546047c9d74/715f2dcf-199f-463a-9e9b-634115536621/300x300.jpg","Allinson's Champion Wholemeal","Now £1.20, Was £1.80","true","1.2","115559517","https://groceries.morrisons.com/products/allinson-s-champion-wholemeal/115559517","wholemeal bread","2026-04-10T19:18:19.068Z","morrisons",,,"650g"
"Warburtons",,"https://groceries.morrisons.com/images-v3/4b85987b-1398-4173-a0c1-3546047c9d74/8ae3c190-6bd1-4751-a276-b8ff84095607/300x300.jpg","Warburtons Medium Wholemeal Bread","Price Match","true","0.99","102370555","https://groceries.morrisons.com/products/warburtons-medium-wholemeal-bread/102370555","wholemeal bread","2026-04-10T19:18:19.068Z","morrisons",,,"400g"
"Hovis",,"https://groceries.morrisons.com/images-v3/4b85987b-1398-4173-a0c1-3546047c9d74/a136fd6d-1b8d-462f-9a94-5601786e57e7/300x300.jpg","Hovis Tasty Wholemeal Medium Bread","Buy 2 for £2.50","true","1.5","102370150","https://groceries.morrisons.com/products/hovis-tasty-wholemeal-medium-bread/102370150","wholemeal bread","2026-04-10T19:18:19.068Z","morrisons",,,"800g"
"Warburtons",,"https://groceries.morrisons.com/images-v3/4b85987b-1398-4173-a0c1-3546047c9d74/0f6076ff-dc1d-40de-9ec6-065ba18fa643/300x300.jpg","Warburtons Wholemeal Medium Bread",,"false","1.35","102370352","https://groceries.morrisons.com/products/warburtons-wholemeal-medium-bread/102370352","wholemeal bread","2026-04-10T19:18:19.068Z","morrisons",,,"800g"
"Morrisons",,"https://groceries.morrisons.com/images-v3/4b85987b-1398-4173-a0c1-3546047c9d74/4439bf80-e163-445c-8f5b-80e3793f1235/300x300.jpg","Morrisons The Best 12% Fat Matured Scotch Steak Mince   500g",,"false","6","107779915","https://groceries.morrisons.com/products/morrisons-the-best-12-fat-matured-scotch-steak-mince-500g/107779915","beef mince","2026-04-10T19:18:28.298Z","morrisons",,,"500g"
"Morrisons",,"https://groceries.morrisons.com/images-v3/4b85987b-1398-4173-a0c1-3546047c9d74/742ce8b1-13cc-4714-b35b-e758f2e93ae4/300x300.jpg","Morrisons Beef Mince 1kg",,"false","8","105194876","https://groceries.morrisons.com/products/morrisons-beef-mince-1kg/105194876","beef mince","2026-04-10T19:18:28.298Z","morrisons",,,"1kg"
"Morrisons",,"https://groceries.morrisons.com/images-v3/4b85987b-1398-4173-a0c1-3546047c9d74/ccb88dde-ab36-41e2-ae30-5823919a4cc4/300x300.jpg","Morrisons British Beef Steak Mince 5% Fat 500g",,"false","5.19","107778007","https://groceries.morrisons.com/products/morrisons-british-beef-steak-mince-5-fat-500g/107778007","beef mince","2026-04-10T19:18:28.298Z","morrisons",,,"500g"
"Morrisons",,"https://groceries.morrisons.com/images-v3/4b85987b-1398-4173-a0c1-3546047c9d74/61165cee-7734-4249-94ce-f0ccca72bc88/300x300.jpg","Morrisons Beef And Pork Mince 1kg",,"false","7.5","115192111","https://groceries.morrisons.com/products/morrisons-beef-and-pork-mince-1kg/115192111","beef mince","2026-04-10T19:18:28.298Z","morrisons",,,"1kg"
"Morrisons",,"https://groceries.morrisons.com/images-v3/4b85987b-1398-4173-a0c1-3546047c9d74/6e2e130b-5102-4fba-bbe6-715d3799712a/300x300.jpg","Morrisons Lean Beef Mince 5% Fat  500g",,"false","6.5","111089618","https://groceries.morrisons.com/products/morrisons-lean-beef-mince-5-fat-500g/111089618","beef mince","2026-04-10T19:18:28.298Z","morrisons",,,"500g"
"Warburtons",,"https://groceries.morrisons.com/images-v3/4b85987b-1398-4173-a0c1-3546047c9d74/e09711e4-27ca-4c32-bc0c-2cf015b95664/300x300.jpg","Warburtons White With Sourdough 400g","Now £1.40, Was £1.85","true","1.4","115011607","https://groceries.morrisons.com/products/warburtons-white-with-sourdough-400g/115011607","sourdough bread","2026-04-10T19:18:30.291Z","morrisons",,,"400g"
"Jason's",,"https://groceries.morrisons.com/images-v3/4b85987b-1398-4173-a0c1-3546047c9d74/806b11a5-35a2-46ce-9bac-0942510f71b3/300x300.jpg","Jason's Sourdough The Great White Straight Up Sourdough 450g",,"false","2.15","112417661","https://groceries.morrisons.com/products/jason-s-sourdough-the-great-white-straight-up-sourdough-450g/112417661","sourdough bread","2026-04-10T19:18:30.291Z","morrisons",,,"450g"
"Morrisons",,"https://groceries.morrisons.com/images-v3/4b85987b-1398-4173-a0c1-3546047c9d74/e55297a6-7dbf-4691-8569-52ab962f78d3/300x300.jpg","Morrisons The Best White Sourdough Bloomer 400g",,"false","2.35","112517418","https://groceries.morrisons.com/products/morrisons-the-best-white-sourdough-bloomer-400g/112517418","sourdough bread","2026-04-10T19:18:30.291Z","morrisons",,,"400g"
"Jason's",,"https://groceries.morrisons.com/images-v3/4b85987b-1398-4173-a0c1-3546047c9d74/f9560c03-7e82-4420-bd77-7a972bf81870/300x300.jpg","Jason's White Ciabattin Sourdough",,"false","2.2","113010504","https://groceries.morrisons.com/products/jason-s-white-ciabattin-sourdough/113010504","sourdough bread","2026-04-10T19:18:30.291Z","morrisons",,,"580g"
"Jason's",,"https://groceries.morrisons.com/images-v3/4b85987b-1398-4173-a0c1-3546047c9d74/f2e11120-f4f3-45e8-982d-2939f8e31fb4/300x300.jpg","Jason's Grains And Seeds Ciabattin Sourdough",,"false","2.2","113010539","https://groceries.morrisons.com/products/jason-s-grains-and-seeds-ciabattin-sourdough/113010539","sourdough bread","2026-04-10T19:18:30.291Z","morrisons",,,"580g"
"Morrisons",,"https://groceries.morrisons.com/images-v3/4b85987b-1398-4173-a0c1-3546047c9d74/02cc77cc-b6da-4b63-9fad-4813298d0aca/300x300.jpg","Morrisons Purple Aubergine",,"false","0.99","108392641","https://groceries.morrisons.com/products/morrisons-purple-aubergine/108392641","aubergine","2026-04-10T19:18:39.393Z","morrisons",,,
"Morrisons",,"https://groceries.morrisons.com/images-v3/4b85987b-1398-4173-a0c1-3546047c9d74/67440df9-b398-483d-abae-b8d92da7a037/300x300.jpg","Morrisons The Best Tomato & Aubergine Pasta Sauce 350g","Buy 2 for £3","true","2.15","114772965","https://groceries.morrisons.com/products/morrisons-the-best-tomato-aubergine-pasta-sauce-350g/114772965","aubergine","2026-04-10T19:18:39.393Z","morrisons",,,"350g"
"Hellmann's",,"https://groceries.morrisons.com/images-v3/4b85987b-1398-4173-a0c1-3546047c9d74/82db090b-d7a9-45e0-9632-2198b41536c1/300x300.jpg","Hellmann's Plant Based Mayo 400g",,"false","3.4","113708638","https://groceries.morrisons.com/products/hellmann-s-plant-based-mayo-400g/113708638","aubergine","2026-04-10T19:18:39.393Z","morrisons",,,"400g"
"Patak's",,"https://groceries.morrisons.com/images-v3/4b85987b-1398-4173-a0c1-3546047c9d74/04997613-9af1-4fd5-9e24-1efd3c848f25/300x300.jpg","Patak's Authentic Aubergine Pickle 312g",,"false","2.5","113075050","https://groceries.morrisons.com/products/patak-s-authentic-aubergine-pickle-312g/113075050","aubergine","2026-04-10T19:18:39.393Z","morrisons",,,"312g"
"Hellmann's",,"https://groceries.morrisons.com/images-v3/4b85987b-1398-4173-a0c1-3546047c9d74/a7159271-c2fb-4be7-a9a4-1ab3ef3d4849/300x300.jpg","Hellmann's Plant Based Mayo 750ml","Now £3.50, Was £4.75","true","3.5","113801592","https://groceries.morrisons.com/products/hellmann-s-plant-based-mayo-750ml/113801592","aubergine","2026-04-10T19:18:39.393Z","morrisons",,,"750ml"
"Morrisons",,"https://groceries.morrisons.com/images-v3/4b85987b-1398-4173-a0c1-3546047c9d74/f8087e60-93f5-4c98-925a-082eecbc82dc/300x300.jpg","Morrisons Edam Slices 240g","Buy 2 for £4.50","true","2.75","112608395","https://groceries.morrisons.com/products/morrisons-edam-slices-240g/112608395","edam","2026-04-10T19:18:48.888Z","morrisons",,,"240g"
"Market",,"https://groceries.morrisons.com/images-v3/4b85987b-1398-4173-a0c1-3546047c9d74/8ca15ee1-e135-4b79-9aea-7656cf309a3e/300x300.jpg","Market Street Deli Dutch Edam",,"false","1.25","104789350","https://groceries.morrisons.com/products/market-street-deli-dutch-edam/104789350","edam","2026-04-10T19:18:48.888Z","morrisons",,,"125g"
"Morrisons",,"https://groceries.morrisons.com/images-v3/4b85987b-1398-4173-a0c1-3546047c9d74/e56a05f0-c11f-4a11-bd4a-3f450808818e/300x300.jpg","Morrisons Edam Wedge",,"false","3.2","113917229","https://groceries.morrisons.com/products/morrisons-edam-wedge/113917229","edam","2026-04-10T19:18:48.888Z","morrisons",,,"300g"
"Old",,"https://groceries.morrisons.com/images-v3/4b85987b-1398-4173-a0c1-3546047c9d74/74f94ae5-9096-4f42-9afc-238a8425b4c7/300x300.jpg","Old Amsterdam Mature Gouda",,"false","3.5","114479603","https://groceries.morrisons.com/products/old-amsterdam-mature-gouda/114479603","edam","2026-04-10T19:18:48.888Z","morrisons",,,"150g"
"Mlekovita",,"https://groceries.morrisons.com/images-v3/4b85987b-1398-4173-a0c1-3546047c9d74/c7a48f34-ed9f-4dd3-b527-62cffe5c39ff/300x300.jpg","Mlekovita Edam Natural Slices",,"false","1.85","106044925","https://groceries.morrisons.com/products/mlekovita-edam-natural-slices/106044925","edam","2026-04-10T19:18:48.888Z","morrisons",,,"150g"
"Morrisons",,"https://groceries.morrisons.com/images-v3/4b85987b-1398-4173-a0c1-3546047c9d74/3b19a555-a6c6-4856-9865-8c58dbb4cacc/300x300.jpg","Morrisons Honeydew Melon","Price Match","true","1.87","108448704","https://groceries.morrisons.com/products/morrisons-honeydew-melon/108448704","melon","2026-04-10T19:18:58.389Z","morrisons",,,
"Morrisons",,"https://groceries.morrisons.com/images-v3/4b85987b-1398-4173-a0c1-3546047c9d74/bddc5f62-3586-4147-9ba2-0764b8eb467e/300x300.jpg","Morrisons Melon Slices",,"false","2.5","113869853","https://groceries.morrisons.com/products/morrisons-melon-slices/113869853","melon","2026-04-10T19:18:58.389Z","morrisons",,,"400g"
"Morrisons",,"https://groceries.morrisons.com/images-v3/4b85987b-1398-4173-a0c1-3546047c9d74/8098612a-da56-4a55-8a5a-e610fd70342a/300x300.jpg","Morrisons Whole Cantaloupe Melon",,"false","1.95","108448528","https://groceries.morrisons.com/products/morrisons-whole-cantaloupe-melon/108448528","melon","2026-04-10T19:18:58.389Z","morrisons",,,
"Morrisons",,"https://groceries.morrisons.com/images-v3/4b85987b-1398-4173-a0c1-3546047c9d74/07be0483-426a-4181-ac81-2c9bbeb2af39/300x300.jpg","Morrisons Melon Medley",,"false","2.5","112811422","https://groceries.morrisons.com/products/morrisons-melon-medley/112811422","melon","2026-04-10T19:18:58.389Z","morrisons",,,"300g"
"Morrisons",,"https://groceries.morrisons.com/images-v3/4b85987b-1398-4173-a0c1-3546047c9d74/afdd6b45-33bb-4834-8d14-2f221f9f2a4f/300x300.jpg","Morrisons Baby Watermelon",,"false","2.35","113426083","https://groceries.morrisons.com/products/morrisons-baby-watermelon/113426083","melon","2026-04-10T19:18:58.389Z","morrisons",,,
"Hovis",,"https://groceries.morrisons.com/images-v3/4b85987b-1398-4173-a0c1-3546047c9d74/f4bc67bb-4587-4417-b867-b80eb32df3cf/300x300.jpg","Hovis Seed Sensations Seven Seeds Bread","Now £1, Was £1.15","true","1","105726537","https://groceries.morrisons.com/products/hovis-seed-sensations-seven-seeds-bread/105726537","seeded bread","2026-04-10T19:19:01.312Z","morrisons",,,"400g"
"Morrisons",,"https://groceries.morrisons.com/images-v3/4b85987b-1398-4173-a0c1-3546047c9d74/547758bb-c62b-4544-8640-1e2686ba7fd7/300x300.jpg","Morrisons The Best Thick Cut Multi-Seed Loaf 800g",,"false","1.6","108333149","https://groceries.morrisons.com/products/morrisons-the-best-thick-cut-multi-seed-loaf-800g/108333149","seeded bread","2026-04-10T19:19:01.312Z","morrisons",,,"800g"
"Hovis",,"https://groceries.morrisons.com/images-v3/4b85987b-1398-4173-a0c1-3546047c9d74/5367e6be-6764-405f-8f97-1c486f2698b5/300x300.jpg","Hovis Seed Sensations Seven Seeds Bread 800g",,"false","2","104938028","https://groceries.morrisons.com/products/hovis-seed-sensations-seven-seeds-bread-800g/104938028","seeded bread","2026-04-10T19:19:01.312Z","morrisons",,,"800g"
"Warburtons",,"https://groceries.morrisons.com/images-v3/4b85987b-1398-4173-a0c1-3546047c9d74/268e4ac9-c347-4b7e-9d4f-8cfd53f8792b/300x300.jpg","Warburtons Seeded Batch Bread",,"false","1.9","102370011","https://groceries.morrisons.com/products/warburtons-seeded-batch-bread/102370011","seeded bread","2026-04-10T19:19:01.312Z","morrisons",,,"800g"
"Hovis",,"https://groceries.morrisons.com/images-v3/4b85987b-1398-4173-a0c1-3546047c9d74/1b47322f-ac5f-4b8f-bf7a-26566239234d/300x300.jpg","Hovis Seeded Batch Bread",,"false","1.5","110098379","https://groceries.morrisons.com/products/hovis-seeded-batch-bread/110098379","seeded bread","2026-04-10T19:19:01.312Z","morrisons",,,"800g"
"Morrisons",,"https://groceries.morrisons.com/images-v3/4b85987b-1398-4173-a0c1-3546047c9d74/a6f863fd-92d4-495e-a8f9-af5ea721ae5d/300x300.jpg","Morrisons Savers Green Beans","Price Match","true","0.77","112941382","https://groceries.morrisons.com/products/morrisons-savers-green-beans/112941382","green beans","2026-04-10T19:19:11.462Z","morrisons",,,"200g"
"Morrisons",,"https://groceries.morrisons.com/images-v3/4b85987b-1398-4173-a0c1-3546047c9d74/6cf8da43-6ecb-47af-8b92-634591dc5f85/300x300.jpg","Morrisons The Best Extra Fine Green Beans 200g",,"false","1.55","113531959","https://groceries.morrisons.com/products/morrisons-the-best-extra-fine-green-beans-200g/113531959","green beans","2026-04-10T19:19:11.462Z","morrisons",,,"200g"
"Morrisons",,"https://groceries.morrisons.com/images-v3/4b85987b-1398-4173-a0c1-3546047c9d74/2b526620-7b1f-4de1-95f1-4aa09e93288c/300x300.jpg","Morrisons Fine Green Beans 170g",,"false","1.11","113430859","https://groceries.morrisons.com/products/morrisons-fine-green-beans-170g/113430859","green beans","2026-04-10T19:19:11.462Z","morrisons",,,"170g"
"Morrisons",,"https://groceries.morrisons.com/images-v3/4b85987b-1398-4173-a0c1-3546047c9d74/b3c1e6f1-3eac-4d61-9dfc-246b6648fcb7/300x300.jpg","Morrisons Stringless Beans",,"false","1.45","108391146","https://groceries.morrisons.com/products/morrisons-stringless-beans/108391146","green beans","2026-04-10T19:19:11.462Z","morrisons",,,"180g"
"Morrisons",,"https://groceries.morrisons.com/images-v3/4b85987b-1398-4173-a0c1-3546047c9d74/c487ff3a-7fdd-47d1-a381-57e6f76ffeab/300x300.jpg","Morrisons Fine Green Beans",,"false","1.05","110644780","https://groceries.morrisons.com/products/morrisons-fine-green-beans/110644780","green beans","2026-04-10T19:19:11.462Z","morrisons",,,"750g"
"Morrisons",,"https://groceries.morrisons.com/images-v3/4b85987b-1398-4173-a0c1-3546047c9d74/f581d655-b5d2-42d3-b30f-40275b1a2d2f/300x300.jpg","Morrisons Grated Mature White Cheddar 240g","Buy 2 for £4.50","true","2.75","112634825","https://groceries.morrisons.com/products/morrisons-grated-mature-white-cheddar-240g/112634825","grated cheddar","2026-04-10T19:19:19.411Z","morrisons",,,"240g"
"Morrisons",,"https://groceries.morrisons.com/images-v3/4b85987b-1398-4173-a0c1-3546047c9d74/7faebc28-02ff-494f-9f79-11220825c763/300x300.jpg","Morrisons Extra Mature Grated Cheese","Buy 2 for £4.50","true","2.75","111043290","https://groceries.morrisons.com/products/morrisons-extra-mature-grated-cheese/111043290","grated cheddar","2026-04-10T19:19:19.411Z","morrisons",,,"200g"
"Morrisons",,"https://groceries.morrisons.com/images-v3/4b85987b-1398-4173-a0c1-3546047c9d74/c0f657be-fd87-4231-a7b3-a6fcb37c006e/300x300.jpg","Morrisons 50% Reduced Fat Mature Grated Cheddar 200g","Buy 2 for £4.50","true","2.75","111043265","https://groceries.morrisons.com/products/morrisons-50-reduced-fat-mature-grated-cheddar-200g/111043265","grated cheddar","2026-04-10T19:19:19.411Z","morrisons",,,"200g"
"Morrisons",,"https://groceries.morrisons.com/images-v3/4b85987b-1398-4173-a0c1-3546047c9d74/8f3fc1b8-4a41-478b-b4b6-8300d8090c49/300x300.jpg","Morrisons Savers Grated Cheese 1kg","Price Match","true","5.95","113322743","https://groceries.morrisons.com/products/morrisons-savers-grated-cheese-1kg/113322743","grated cheddar","2026-04-10T19:19:19.411Z","morrisons",,,"1kg"
"Morrisons",,"https://groceries.morrisons.com/images-v3/4b85987b-1398-4173-a0c1-3546047c9d74/cd260791-755a-4ba9-8978-5a9b6d16c548/300x300.jpg","Morrisons Grated Medium White Cheddar 240g","Buy 2 for £4.50","true","2.75","112606007","https://groceries.morrisons.com/products/morrisons-grated-medium-white-cheddar-240g/112606007","grated cheddar","2026-04-10T19:19:19.411Z","morrisons",,,"240g"
"Morrisons",,"https://groceries.morrisons.com/images-v3/4b85987b-1398-4173-a0c1-3546047c9d74/6e2e130b-5102-4fba-bbe6-715d3799712a/300x300.jpg","Morrisons Lean Beef Mince 5% Fat  500g",,"false","6.5","111089618","https://groceries.morrisons.com/products/morrisons-lean-beef-mince-5-fat-500g/111089618","lean beef mince","2026-04-10T19:19:29.374Z","morrisons",,,"500g"
"Morrisons",,"https://groceries.morrisons.com/images-v3/4b85987b-1398-4173-a0c1-3546047c9d74/4439bf80-e163-445c-8f5b-80e3793f1235/300x300.jpg","Morrisons The Best 12% Fat Matured Scotch Steak Mince   500g",,"false","6","107779915","https://groceries.morrisons.com/products/morrisons-the-best-12-fat-matured-scotch-steak-mince-500g/107779915","lean beef mince","2026-04-10T19:19:29.374Z","morrisons",,,"500g"
"Morrisons",,"https://groceries.morrisons.com/images-v3/4b85987b-1398-4173-a0c1-3546047c9d74/ccb88dde-ab36-41e2-ae30-5823919a4cc4/300x300.jpg","Morrisons British Beef Steak Mince 5% Fat 500g",,"false","5.19","107778007","https://groceries.morrisons.com/products/morrisons-british-beef-steak-mince-5-fat-500g/107778007","lean beef mince","2026-04-10T19:19:29.374Z","morrisons",,,"500g"
"Morrisons",,"https://groceries.morrisons.com/images-v3/4b85987b-1398-4173-a0c1-3546047c9d74/2372e81f-5f13-4321-80fc-e7799fcc38da/300x300.jpg","Morrisons British Beef Steak Mince 5% Fat 250g",,"false","2.75","109897499","https://groceries.morrisons.com/products/morrisons-british-beef-steak-mince-5-fat-250g/109897499","lean beef mince","2026-04-10T19:19:29.374Z","morrisons",,,"250g"
"Morrisons",,"https://groceries.morrisons.com/images-v3/4b85987b-1398-4173-a0c1-3546047c9d74/f16d8829-7746-44de-8685-01701b41cc19/300x300.jpg","Morrisons British Beef Lean Steak Mince 5% Fat 750g",,"false","7.5","107778031","https://groceries.morrisons.com/products/morrisons-british-beef-lean-steak-mince-5-fat-750g/107778031","lean beef mince","2026-04-10T19:19:29.374Z","morrisons",,,"750g"
"Morrisons",,"https://groceries.morrisons.com/images-v3/4b85987b-1398-4173-a0c1-3546047c9d74/c05a3957-ec4f-46d7-ab49-da3d202b4791/300x300.jpg","Morrisons Ripe & Ready Conference Pears  4 Pack","Buy 3 for £5","true","2.3","108419006","https://groceries.morrisons.com/products/morrisons-ripe-ready-conference-pears-4-pack/108419006","pears","2026-04-10T19:19:38.594Z","morrisons",,,"4 per pack"
"Morrisons",,"https://groceries.morrisons.com/images-v3/4b85987b-1398-4173-a0c1-3546047c9d74/7b2502d1-d834-46d3-ba86-132ee26c74d3/300x300.jpg","Morrisons Ready To Eat Blush Qtee Pears",,"false","2","111705530","https://groceries.morrisons.com/products/morrisons-ready-to-eat-blush-qtee-pears/111705530","pears","2026-04-10T19:19:38.594Z","morrisons",,,"4 per pack"
"Morrisons",,"https://groceries.morrisons.com/images-v3/4b85987b-1398-4173-a0c1-3546047c9d74/53951e8d-8540-46a6-97a9-f99b0288c19e/300x300.jpg","Morrisons Conference Pears",,"false","1.9","112089097","https://groceries.morrisons.com/products/morrisons-conference-pears/112089097","pears","2026-04-10T19:19:38.594Z","morrisons",,,"4 per pack"
"Morrisons",,"https://groceries.morrisons.com/images-v3/4b85987b-1398-4173-a0c1-3546047c9d74/93deec82-2610-4a42-8f17-4b4cfaa0bd5e/300x300.jpg","Morrisons Wonky Pears (Min 4)",,"false","0.99","108861582","https://groceries.morrisons.com/products/morrisons-wonky-pears-min-4/108861582","pears","2026-04-10T19:19:38.594Z","morrisons",,,
"Morrisons",,"https://groceries.morrisons.com/images-v3/4b85987b-1398-4173-a0c1-3546047c9d74/76b289e4-3e7c-418d-a398-83fc323d3e63/300x300.jpg","Morrisons Pears",,"false","2.3","110754217","https://groceries.morrisons.com/products/morrisons-pears/110754217","pears","2026-04-10T19:19:38.594Z","morrisons",,,"1.2kg"
"Morrisons",,"https://groceries.morrisons.com/images-v3/4b85987b-1398-4173-a0c1-3546047c9d74/f04e3725-8d31-4c2e-8c9b-84fb48a1d725/300x300.jpg","Morrisons Kiwi","Price Match","true","1.19","108409721","https://groceries.morrisons.com/products/morrisons-kiwi/108409721","kiwi","2026-04-10T19:19:39.407Z","morrisons",,,"6 per pack"
"Innocent",,"https://groceries.morrisons.com/images-v3/4b85987b-1398-4173-a0c1-3546047c9d74/2585e117-a8f3-4aec-8204-5e20e8f3744c/300x300.jpg","Innocent Green Energise, Kiwi & Cucumber Super Smoothie 750ml","Now £2.50, Was £4.50","true","2.5","111033770","https://groceries.morrisons.com/products/innocent-green-energise-kiwi-cucumber-super-smoothie-750ml/111033770","kiwi","2026-04-10T19:19:39.407Z","morrisons",,,"750ml"
"Morrisons",,"https://groceries.morrisons.com/images-v3/4b85987b-1398-4173-a0c1-3546047c9d74/f2e4a827-2d25-4a81-96de-fdcefef8290f/300x300.jpg","Morrisons The Best Golden Kiwis   4 pack",,"false","2.75","113423421","https://groceries.morrisons.com/products/morrisons-the-best-golden-kiwis-4-pack/113423421","kiwi","2026-04-10T19:19:39.407Z","morrisons",,,"4 per pack"
"Morrisons",,"https://groceries.morrisons.com/images-v3/4b85987b-1398-4173-a0c1-3546047c9d74/ff10c42b-ffa6-4c21-afbe-82f0af792aad/300x300.jpg","Morrisons Ready To Eat Kiwi Fruit",,"false","1.6","108409633","https://groceries.morrisons.com/products/morrisons-ready-to-eat-kiwi-fruit/108409633","kiwi","2026-04-10T19:19:39.407Z","morrisons",,,"4 per pack"
"Born",,"https://groceries.morrisons.com/images-v3/4b85987b-1398-4173-a0c1-3546047c9d74/0b8cea8c-8204-4ce6-af2b-ff4ed63e6f21/300x300.jpg","Born Tasty Dragon Fruit",,"false","3.5","113991630","https://groceries.morrisons.com/products/born-tasty-dragon-fruit/113991630","kiwi","2026-04-10T19:19:39.407Z","morrisons",,,
"Morrisons",,"https://groceries.morrisons.com/images-v3/4b85987b-1398-4173-a0c1-3546047c9d74/50033daf-6830-44f3-bbab-8711a07a797a/300x300.jpg","Morrisons Stonebaked White Pittas 6 Pack","Price Match","true","0.5","109515964","https://groceries.morrisons.com/products/morrisons-stonebaked-white-pittas-6-pack/109515964","pitta bread","2026-04-10T19:19:49.795Z","morrisons",,,"6 per pack"
"Morrisons",,"https://groceries.morrisons.com/images-v3/4b85987b-1398-4173-a0c1-3546047c9d74/ea3bca3f-c098-4506-adf3-63b84cc602e2/300x300.jpg","Morrisons Stonebaked Wholemeal Pittas","Price Match","true","0.5","109515921","https://groceries.morrisons.com/products/morrisons-stonebaked-wholemeal-pittas/109515921","pitta bread","2026-04-10T19:19:49.795Z","morrisons",,,"6 per pack"
"Deli",,"https://groceries.morrisons.com/images-v3/4b85987b-1398-4173-a0c1-3546047c9d74/049a9775-3993-439a-8477-f898423d699a/300x300.jpg","Deli Kitchen Greek Style Flatbreads","Now £1.35, Was £1.90","true","1.35","110720949","https://groceries.morrisons.com/products/deli-kitchen-greek-style-flatbreads/110720949","pitta bread","2026-04-10T19:19:49.795Z","morrisons",,,"4 per pack"
"Warburtons",,"https://groceries.morrisons.com/images-v3/4b85987b-1398-4173-a0c1-3546047c9d74/1adeb123-ad69-4e80-999f-3e2aa79ff21e/300x300.jpg","Warburtons Soft White Pittas",,"false","1.2","113050611","https://groceries.morrisons.com/products/warburtons-soft-white-pittas/113050611","pitta bread","2026-04-10T19:19:49.795Z","morrisons",,,"4 per pack"
"Warburtons",,"https://groceries.morrisons.com/images-v3/4b85987b-1398-4173-a0c1-3546047c9d74/1929872e-cf31-4b5e-8874-62515a1b8f03/300x300.jpg","Warburtons Wholemeal Soft Pittas",,"false","1.2","113054443","https://groceries.morrisons.com/products/warburtons-wholemeal-soft-pittas/113054443","pitta bread","2026-04-10T19:19:49.795Z","morrisons",,,"4 per pack"
"Green",,"https://groceries.morrisons.com/images-v3/4b85987b-1398-4173-a0c1-3546047c9d74/cf3bd316-2467-4890-942c-413c8a64315c/300x300.jpg","Green Giant Original Sweetcorn (4x198g)","Now £3, Was £3.60","true","3","105516960","https://groceries.morrisons.com/products/green-giant-original-sweetcorn-4x198g/105516960","sweetcorn","2026-04-10T19:19:59.793Z","morrisons",,,"4 x 165g"
"Green",,"https://groceries.morrisons.com/images-v3/4b85987b-1398-4173-a0c1-3546047c9d74/4059a224-7910-4906-8a88-4445c380cea2/300x300.jpg","Green Giant Salt Free Sweetcorn (4x198g)","Now £3, Was £3.90","true","3","105516994","https://groceries.morrisons.com/products/green-giant-salt-free-sweetcorn-4x198g/105516994","sweetcorn","2026-04-10T19:19:59.793Z","morrisons",,,"4 x 165g"
"Morrisons",,"https://groceries.morrisons.com/images-v3/4b85987b-1398-4173-a0c1-3546047c9d74/d27e40c7-4be4-4c4a-8a91-fd034428bbb3/300x300.jpg","Morrisons Sweetcorn In Water",,"false","2.25","109319947","https://groceries.morrisons.com/products/morrisons-sweetcorn-in-water/109319947","sweetcorn","2026-04-10T19:19:59.793Z","morrisons",,,"4 x 198g"
"Morrisons",,"https://groceries.morrisons.com/images-v3/4b85987b-1398-4173-a0c1-3546047c9d74/a01423ec-8956-45a4-be2a-3ad34fe789be/300x300.jpg","Morrisons Sweet Corn In Water (198g)",,"false","0.55","109319904","https://groceries.morrisons.com/products/morrisons-sweet-corn-in-water-198g/109319904","sweetcorn","2026-04-10T19:19:59.793Z","morrisons",,,"160g"
"Morrisons",,"https://groceries.morrisons.com/images-v3/4b85987b-1398-4173-a0c1-3546047c9d74/fd5e6b23-455e-4215-a352-85d5c73c037a/300x300.jpg","Morrisons Super Sweet Sweetcorn",,"false","1.85","104893835","https://groceries.morrisons.com/products/morrisons-super-sweet-sweetcorn/104893835","sweetcorn","2026-04-10T19:19:59.793Z","morrisons",,,"1kg"
"Morrisons",,"https://groceries.morrisons.com/images-v3/4b85987b-1398-4173-a0c1-3546047c9d74/1a89a169-e17a-4b61-9594-216703f5e16c/300x300.jpg","Morrisons The Butcher's On Market Street 2 British Beef Ranch Steaks 255g","Summer Ready BBQ 10% Off - More Card Price","true","5.5","113017618","https://groceries.morrisons.com/products/morrisons-the-butcher-s-on-market-street-2-british-beef-ranch-steaks-255g/113017618","sirloin steak","2026-04-10T19:20:10.263Z","morrisons",,,"255g"
"Morrisons",,"https://groceries.morrisons.com/images-v3/4b85987b-1398-4173-a0c1-3546047c9d74/639ae48c-d4b5-48c3-ba1b-e2396f3396e2/300x300.jpg","Morrisons British Sirloin Steak 227g",,"false","7","112454381","https://groceries.morrisons.com/products/morrisons-british-sirloin-steak-227g/112454381","sirloin steak","2026-04-10T19:20:10.263Z","morrisons",,,"227g"
"Market",,"https://groceries.morrisons.com/images-v3/4b85987b-1398-4173-a0c1-3546047c9d74/4f5b1d57-d7af-4761-97f5-599798c66ba3/300x300.jpg","Market Street Scotch Sirloin Steak",,"false","6.4","102794201","https://groceries.morrisons.com/products/market-street-scotch-sirloin-steak/102794201","sirloin steak","2026-04-10T19:20:10.264Z","morrisons",,,"200g"
"Market",,"https://groceries.morrisons.com/images-v3/4b85987b-1398-4173-a0c1-3546047c9d74/40c759c4-aa3f-4032-8bf2-2e01fc6a6081/300x300.jpg","Market Street British Prime Sirloin Steak",,"false","9.6","102793540","https://groceries.morrisons.com/products/market-street-british-prime-sirloin-steak/102793540","sirloin steak","2026-04-10T19:20:10.264Z","morrisons",,,"300g"
"Market",,"https://groceries.morrisons.com/images-v3/4b85987b-1398-4173-a0c1-3546047c9d74/c8dd6f9d-3b7d-4828-87b9-2f9481106640/300x300.jpg","Market Street Beef Topside Joint",,"false","13.6","113920831","https://groceries.morrisons.com/products/market-street-beef-topside-joint/113920831","sirloin steak","2026-04-10T19:20:10.264Z","morrisons",,,"0.8kg"
"Morrisons",,"https://groceries.morrisons.com/images-v3/4b85987b-1398-4173-a0c1-3546047c9d74/c3f66da4-a775-4ce4-a2d5-a27fafd2c82f/300x300.jpg","Morrisons Asparagus",,"false","2.3","108467331","https://groceries.morrisons.com/products/morrisons-asparagus/108467331","asparagus","2026-04-10T19:20:19.404Z","morrisons",,,"250g"
"Morrisons",,"https://groceries.morrisons.com/images-v3/4b85987b-1398-4173-a0c1-3546047c9d74/15252f14-48e6-441f-a1a9-53f5fe8cb48f/300x300.jpg","Morrisons The Best Asparagus Tips",,"false","2","112780865","https://groceries.morrisons.com/products/morrisons-the-best-asparagus-tips/112780865","asparagus","2026-04-10T19:20:19.404Z","morrisons",,,"125g"
"Morrisons",,"https://groceries.morrisons.com/images-v3/4b85987b-1398-4173-a0c1-3546047c9d74/552aa523-7306-4ceb-9cdf-0046539a4a5a/300x300.jpg","Morrisons Artichokes",,"false","1.75","115103801","https://groceries.morrisons.com/products/morrisons-artichokes/115103801","asparagus","2026-04-10T19:20:19.404Z","morrisons",,,
"Morrisons",,"https://groceries.morrisons.com/images-v3/4b85987b-1398-4173-a0c1-3546047c9d74/ae5e65fa-a6e8-4546-9c22-a5c640eac339/300x300.jpg","Morrisons The Best Asparagus Tips & Tenderstem Broccoli",,"false","2.25","114208281","https://groceries.morrisons.com/products/morrisons-the-best-asparagus-tips-tenderstem-broccoli/114208281","asparagus","2026-04-10T19:20:19.404Z","morrisons",,,"190g"
"Upper",,"https://groceries.morrisons.com/images-v3/4b85987b-1398-4173-a0c1-3546047c9d74/8935ecf9-ffe4-4e4f-8a52-6a6f698be30a/300x300.jpg","Upper Crust Chicken & Asparagus Pie 680g",,"false","3.75","113703802","https://groceries.morrisons.com/products/upper-crust-chicken-asparagus-pie-680g/113703802","asparagus","2026-04-10T19:20:19.404Z","morrisons",,,"680g"
"Morrisons",,"https://groceries.morrisons.com/images-v3/4b85987b-1398-4173-a0c1-3546047c9d74/8852e471-1a32-4479-a559-8107a01c684a/300x300.jpg","Morrisons Mature Cheddar Slices 240g","Buy 2 for £4.50","true","2.75","112604503","https://groceries.morrisons.com/products/morrisons-mature-cheddar-slices-240g/112604503","cheese slices","2026-04-10T19:20:20.997Z","morrisons",,,"240g"
"Morrisons",,"https://groceries.morrisons.com/images-v3/4b85987b-1398-4173-a0c1-3546047c9d74/690e46ef-bafb-4be9-9d31-407db58b4dac/300x300.jpg","Morrisons Mozzarella Slices 240g","Buy 2 for £4.50","true","2.75","112610401","https://groceries.morrisons.com/products/morrisons-mozzarella-slices-240g/112610401","cheese slices","2026-04-10T19:20:20.997Z","morrisons",,,"240g"
"Morrisons",,"https://groceries.morrisons.com/images-v3/4b85987b-1398-4173-a0c1-3546047c9d74/d4ca79db-3ac6-4bff-8d3a-31495f034330/300x300.jpg","Morrisons Savers 15 Cheesy Slices","Price Match","true","0.83","107470571","https://groceries.morrisons.com/products/morrisons-savers-15-cheesy-slices/107470571","cheese slices","2026-04-10T19:20:20.997Z","morrisons",,,"255g"
"Lake",,"https://groceries.morrisons.com/images-v3/4b85987b-1398-4173-a0c1-3546047c9d74/be54ca33-4c95-4616-a579-cb733feef733/300x300.jpg","Lake District 8 Mature Cheddar Slices",,"false","2","107703005","https://groceries.morrisons.com/products/lake-district-8-mature-cheddar-slices/107703005","cheese slices","2026-04-10T19:20:20.997Z","morrisons",,,"160g"
"Morrisons",,"https://groceries.morrisons.com/images-v3/4b85987b-1398-4173-a0c1-3546047c9d74/65dbdd41-67c4-405b-a10d-b5a28db194cd/300x300.jpg","Morrisons Mature Cheesy Slices 170g",,"false","1.19","113073038","https://groceries.morrisons.com/products/morrisons-mature-cheesy-slices-170g/113073038","cheese slices","2026-04-10T19:20:20.997Z","morrisons",,,"170g"
"Morrisons",,"https://groceries.morrisons.com/images-v3/4b85987b-1398-4173-a0c1-3546047c9d74/8fb9a4b0-8d30-4ff4-b0ca-16076029a12d/300x300.jpg","Morrisons Ready To Eat Plums","Buy 3 for £5","true","3","108314263","https://groceries.morrisons.com/products/morrisons-ready-to-eat-plums/108314263","plums","2026-04-10T19:20:30.984Z","morrisons",,,
"Morrisons",,"https://groceries.morrisons.com/images-v3/4b85987b-1398-4173-a0c1-3546047c9d74/2d797a7f-26a4-407d-840d-f9cdf3ebb1b0/300x300.jpg","Morrisons The Best Plums 4 Pack","Now £2.50, Was £3","true","2.5","111926156","https://groceries.morrisons.com/products/morrisons-the-best-plums-4-pack/111926156","plums","2026-04-10T19:20:30.984Z","morrisons",,,"4 per pack"
"Morrisons",,"https://groceries.morrisons.com/images-v3/4b85987b-1398-4173-a0c1-3546047c9d74/2e054574-1978-4ad0-98f4-2abb8d48958a/300x300.jpg","Morrisons Plums","Now £1, Was £1.19","true","1","108312348","https://groceries.morrisons.com/products/morrisons-plums/108312348","plums","2026-04-10T19:20:30.984Z","morrisons",,,"400g"
"Morrisons",,"https://groceries.morrisons.com/images-v3/4b85987b-1398-4173-a0c1-3546047c9d74/6a7598ef-437e-4251-94b6-4203b09481fe/300x300.jpg","Morrisons Baby Plum Tomatoes   250g","Now 68p, Was 75p","true","0.68","108388174","https://groceries.morrisons.com/products/morrisons-baby-plum-tomatoes-250g/108388174","plums","2026-04-10T19:20:30.984Z","morrisons",,,"250g"
"Morrisons",,"https://groceries.morrisons.com/images-v3/4b85987b-1398-4173-a0c1-3546047c9d74/29b392e9-047f-4b15-b712-60bc4b7b9d71/300x300.jpg","Morrisons Prunes",,"false","2","106938793","https://groceries.morrisons.com/products/morrisons-prunes/106938793","plums","2026-04-10T19:20:30.984Z","morrisons",,,"250g"
"Morrisons",,"https://groceries.morrisons.com/images-v3/4b85987b-1398-4173-a0c1-3546047c9d74/1a89a169-e17a-4b61-9594-216703f5e16c/300x300.jpg","Morrisons The Butcher's On Market Street 2 British Beef Ranch Steaks 255g","Summer Ready BBQ 10% Off - More Card Price","true","5.5","113017618","https://groceries.morrisons.com/products/morrisons-the-butcher-s-on-market-street-2-british-beef-ranch-steaks-255g/113017618","ribeye steak","2026-04-10T19:20:38.396Z","morrisons",,,"255g"
"Market",,"https://groceries.morrisons.com/images-v3/4b85987b-1398-4173-a0c1-3546047c9d74/0893923a-62de-4fcd-92ed-3b996dc1a7c8/300x300.jpg","Market Street British Prime Rib Eye Steak",,"false","9.96","102793478","https://groceries.morrisons.com/products/market-street-british-prime-rib-eye-steak/102793478","ribeye steak","2026-04-10T19:20:38.396Z","morrisons",,,"293g"
"Market",,"https://groceries.morrisons.com/images-v3/4b85987b-1398-4173-a0c1-3546047c9d74/fd4118f0-539b-41d6-acd9-6fac582dd00e/300x300.jpg","Market Street Scotch Rib Eye Steak",,"false","6.8","102794139","https://groceries.morrisons.com/products/market-street-scotch-rib-eye-steak/102794139","ribeye steak","2026-04-10T19:20:38.396Z","morrisons",,,"200g"
"Market",,"https://groceries.morrisons.com/images-v3/4b85987b-1398-4173-a0c1-3546047c9d74/4f5b1d57-d7af-4761-97f5-599798c66ba3/300x300.jpg","Market Street Scotch Sirloin Steak",,"false","6.4","102794201","https://groceries.morrisons.com/products/market-street-scotch-sirloin-steak/102794201","ribeye steak","2026-04-10T19:20:38.396Z","morrisons",,,"200g"
"Limited",,"https://groceries.morrisons.com/images-v3/4b85987b-1398-4173-a0c1-3546047c9d74/d1d08d94-984c-46b2-830f-6d330fa18122/300x300.jpg","Limited Edish Beef Ribeye Steak 200g",,"false","6","115146632","https://groceries.morrisons.com/products/limited-edish-beef-ribeye-steak-200g/115146632","ribeye steak","2026-04-10T19:20:38.396Z","morrisons",,,"200g"
"The",,"https://groceries.morrisons.com/images-v3/4b85987b-1398-4173-a0c1-3546047c9d74/cb70985d-c191-4fa6-9eb7-8a29ec92c452/300x300.jpg","The Clay Oven Bakery Garlic & Coriander Naan Bread   2 Pack",,"false","1.85","108281465","https://groceries.morrisons.com/products/the-clay-oven-bakery-garlic-coriander-naan-bread-2-pack/108281465","naan bread","2026-04-10T19:20:52.267Z","morrisons",,,"2 per pack"
"Sharwood's",,"https://groceries.morrisons.com/images-v3/4b85987b-1398-4173-a0c1-3546047c9d74/f007df22-a56d-4a50-a03e-b15164d00209/300x300.jpg","Sharwood's 4 Garlic & Coriander Mini Naans",,"false","1.65","110463348","https://groceries.morrisons.com/products/sharwood-s-4-garlic-coriander-mini-naans/110463348","naan bread","2026-04-10T19:20:52.267Z","morrisons",,,"260g"
"Sharwood's",,"https://groceries.morrisons.com/images-v3/4b85987b-1398-4173-a0c1-3546047c9d74/7e8a910b-4236-46c8-8485-7fd25055b10b/300x300.jpg","Sharwood's 4 Plain Mini Naans",,"false","1.65","110463583","https://groceries.morrisons.com/products/sharwood-s-4-plain-mini-naans/110463583","naan bread","2026-04-10T19:20:52.267Z","morrisons",,,"260g"
"The",,"https://groceries.morrisons.com/images-v3/4b85987b-1398-4173-a0c1-3546047c9d74/1628b64b-b2c5-4305-8425-ec896c20a02b/300x300.jpg","The Clay Oven Bakery Plain Naan Bread   2 pack",,"false","1.85","109269812","https://groceries.morrisons.com/products/the-clay-oven-bakery-plain-naan-bread-2-pack/109269812","naan bread","2026-04-10T19:20:52.267Z","morrisons",,,"2 per pack"
"Sharwood's",,"https://groceries.morrisons.com/images-v3/4b85987b-1398-4173-a0c1-3546047c9d74/da77c3ea-4a83-4f31-ac94-2b680494913b/300x300.jpg","Sharwood's 4 Peshwari Mini Naans",,"false","1.65","110463663","https://groceries.morrisons.com/products/sharwood-s-4-peshwari-mini-naans/110463663","naan bread","2026-04-10T19:20:52.267Z","morrisons",,,"260g"
"Mission",,"https://groceries.morrisons.com/images-v3/4b85987b-1398-4173-a0c1-3546047c9d74/5e6d195b-b5d0-4585-a93a-06b1b1b44a40/300x300.jpg","Mission Original XL Tortilla Wraps","Now £1.50, Was £2.10","true","1.5","113698046","https://groceries.morrisons.com/products/mission-original-xl-tortilla-wraps/113698046","wraps tortilla","2026-04-10T19:20:52.470Z","morrisons",,,"6 per pack"
"Old",,"https://groceries.morrisons.com/images-v3/4b85987b-1398-4173-a0c1-3546047c9d74/f4c97bb6-c651-486f-bbfb-d01a49b21ecf/300x300.jpg","Old El Paso Stand 'N' Stuff 8 Soft Tortilla Boats 198g","Buy 2 for £3","true","2.5","107487841","https://groceries.morrisons.com/products/old-el-paso-stand-n-stuff-8-soft-tortilla-boats-198g/107487841","wraps tortilla","2026-04-10T19:20:52.470Z","morrisons",,,"198g"
"Old",,"https://groceries.morrisons.com/images-v3/4b85987b-1398-4173-a0c1-3546047c9d74/89585e8d-39c0-4c75-8632-e002e766fcc9/300x300.jpg","Old El Paso Large Extra Thin Tortilla Wraps","Buy 2 for £3","true","2.15","113118048","https://groceries.morrisons.com/products/old-el-paso-large-extra-thin-tortilla-wraps/113118048","wraps tortilla","2026-04-10T19:20:52.470Z","morrisons",,,"192g"
"Old",,"https://groceries.morrisons.com/images-v3/4b85987b-1398-4173-a0c1-3546047c9d74/eb35540b-5b25-465c-a211-c6b480ec0c33/300x300.jpg","Old El Paso 6 Large Super Soft Flour Tortilla Wraps","Buy 2 for £3","true","1.8","115823091","https://groceries.morrisons.com/products/old-el-paso-6-large-super-soft-flour-tortilla-wraps/115823091","wraps tortilla","2026-04-10T19:20:52.470Z","morrisons",,,"6 x 58g"
"Morrisons",,"https://groceries.morrisons.com/images-v3/4b85987b-1398-4173-a0c1-3546047c9d74/14edc0af-632e-4360-9d02-3e2f813451df/300x300.jpg","Morrisons 8 Mini Plain Tortillas",,"false","1.25","112989431","https://groceries.morrisons.com/products/morrisons-8-mini-plain-tortillas/112989431","wraps tortilla","2026-04-10T19:20:52.470Z","morrisons",,,
"Market",,"https://groceries.morrisons.com/images-v3/4b85987b-1398-4173-a0c1-3546047c9d74/a0a68da7-0ee4-47ae-8c52-f04ab36fe915/300x300.jpg","Market Street British Lean Casserole Steak",,"false","7.8","102793769","https://groceries.morrisons.com/products/market-street-british-lean-casserole-steak/102793769","beef stewing steak","2026-04-10T19:20:52.678Z","morrisons",,,"0.65kg"
"Morrisons",,"https://groceries.morrisons.com/images-v3/4b85987b-1398-4173-a0c1-3546047c9d74/ada422f5-b654-484a-a384-e411b0786e14/300x300.jpg","Morrisons Diced Beef 500g",,"false","5.56","109408851","https://groceries.morrisons.com/products/morrisons-diced-beef-500g/109408851","beef stewing steak","2026-04-10T19:20:52.678Z","morrisons",,,"500g"
"Morrisons",,"https://groceries.morrisons.com/images-v3/4b85987b-1398-4173-a0c1-3546047c9d74/2a61d91b-f60e-4491-b3b6-8aecb33a02ad/300x300.jpg","Morrisons British Diced Beef 430g",,"false","5.5","110768483","https://groceries.morrisons.com/products/morrisons-british-diced-beef-430g/110768483","beef stewing steak","2026-04-10T19:20:52.678Z","morrisons",,,"430g"
"Morrisons",,"https://groceries.morrisons.com/images-v3/4b85987b-1398-4173-a0c1-3546047c9d74/8f7a2a2c-5dd7-4404-aec1-16586f3a0715/300x300.jpg","Morrisons Beef Braising Steak",,"false","16","115180785","https://groceries.morrisons.com/products/morrisons-beef-braising-steak/115180785","beef stewing steak","2026-04-10T19:20:52.678Z","morrisons",,,"1kg"
"Morrisons",,"https://groceries.morrisons.com/images-v3/4b85987b-1398-4173-a0c1-3546047c9d74/65dd8875-062a-43ec-aa41-abda01a67450/300x300.jpg","Morrisons The Butcher's On Market Street British Diced Beef 750g",,"false","9.5","109648169","https://groceries.morrisons.com/products/morrisons-the-butcher-s-on-market-street-british-diced-beef-750g/109648169","beef stewing steak","2026-04-10T19:20:52.678Z","morrisons",,,"750g"
"Morrisons",,"https://groceries.morrisons.com/images-v3/4b85987b-1398-4173-a0c1-3546047c9d74/97670f78-5d6d-4d7e-8c73-1aa66c1385af/300x300.jpg","Morrisons Baby Potatoes   1kg","Now £1.09, Was £1.35","true","1.09","108414651","https://groceries.morrisons.com/products/morrisons-baby-potatoes-1kg/108414651","potatoes","2026-04-10T19:21:02.867Z","morrisons",,,"1kg"
"Morrisons",,"https://groceries.morrisons.com/images-v3/4b85987b-1398-4173-a0c1-3546047c9d74/ac188250-7477-4acf-aa6e-1474496e3f08/300x300.jpg","Morrisons Maris Piper Potatoes 2kg",,"false","1.95","113405101","https://groceries.morrisons.com/products/morrisons-maris-piper-potatoes-2kg/113405101","potatoes","2026-04-10T19:21:02.867Z","morrisons",,,"2kg"
"Morrisons",,"https://groceries.morrisons.com/images-v3/4b85987b-1398-4173-a0c1-3546047c9d74/a61a0d5e-d265-48f9-81bf-5caebc188caf/300x300.jpg","Morrisons The Best British All Rounder Potatoes   2kg",,"false","2.3","108895539","https://groceries.morrisons.com/products/morrisons-the-best-british-all-rounder-potatoes-2kg/108895539","potatoes","2026-04-10T19:21:02.867Z","morrisons",,,"2kg"
"Morrisons",,"https://groceries.morrisons.com/images-v3/4b85987b-1398-4173-a0c1-3546047c9d74/020ad948-5c19-4f9d-8541-8537eda60599/300x300.jpg","Morrisons Baking Potatoes  2kg",,"false","1.85","113406453","https://groceries.morrisons.com/products/morrisons-baking-potatoes-2kg/113406453","potatoes","2026-04-10T19:21:02.867Z","morrisons",,,"2kg"
"Morrisons",,"https://groceries.morrisons.com/images-v3/4b85987b-1398-4173-a0c1-3546047c9d74/90a9df97-3844-467d-b390-f0ff54e43722/300x300.jpg","Morrisons Red Potatoes 2kg",,"false","1.89","113406710","https://groceries.morrisons.com/products/morrisons-red-potatoes-2kg/113406710","potatoes","2026-04-10T19:21:02.867Z","morrisons",,,"2kg"
"Morrisons",,"https://groceries.morrisons.com/images-v3/4b85987b-1398-4173-a0c1-3546047c9d74/a63bf6bc-36d8-43b2-ab3f-b1e1696ab43c/300x300.jpg","Morrisons Celery","Price Match","true","0.75","108336032","https://groceries.morrisons.com/products/morrisons-celery/108336032","celery","2026-04-10T19:21:09.511Z","morrisons",,,
"Morrisons",,"https://groceries.morrisons.com/images-v3/4b85987b-1398-4173-a0c1-3546047c9d74/ff557be7-ee81-41c5-947c-541bd104297c/300x300.jpg","Morrisons Celery Sticks",,"false","0.9","112227648","https://groceries.morrisons.com/products/morrisons-celery-sticks/112227648","celery","2026-04-10T19:21:09.511Z","morrisons",,,"250g"
"Morrisons",,"https://groceries.morrisons.com/images-v3/4b85987b-1398-4173-a0c1-3546047c9d74/cc13387f-d830-4637-ab1e-2fc339e57f94/300x300.jpg","Morrisons Organic Celery",,"false","1.3","108361570","https://groceries.morrisons.com/products/morrisons-organic-celery/108361570","celery","2026-04-10T19:21:09.511Z","morrisons",,,
"Schwartz",,"https://groceries.morrisons.com/images-v3/4b85987b-1398-4173-a0c1-3546047c9d74/235426e1-8904-4012-a2ff-e4a59f7be835/300x300.jpg","Schwartz Celery Salt Jar","Buy 2 for £3.50","true","2","103259429","https://groceries.morrisons.com/products/schwartz-celery-salt-jar/103259429","celery","2026-04-10T19:21:09.511Z","morrisons",,,"72g"
"Morrisons",,"https://groceries.morrisons.com/images-v3/4b85987b-1398-4173-a0c1-3546047c9d74/747703f5-0bc1-45d7-9780-d57ba19dd860/300x300.jpg","Morrisons Celeriac",,"false","1.5","108428797","https://groceries.morrisons.com/products/morrisons-celeriac/108428797","celery","2026-04-10T19:21:09.511Z","morrisons",,,"1000g"
"Strong",,"https://groceries.morrisons.com/images-v3/4b85987b-1398-4173-a0c1-3546047c9d74/714a9f03-f10c-44fe-b78b-a06530b505f8/300x300.jpg","Strong Roots Oven Baked Sweet Potato Chips","Now £2, Was £3.65","true","2","109683896","https://groceries.morrisons.com/products/strong-roots-oven-baked-sweet-potato-chips/109683896","sweet potatoes","2026-04-10T19:21:10.170Z","morrisons",,,"500g"
"Morrisons",,"https://groceries.morrisons.com/images-v3/4b85987b-1398-4173-a0c1-3546047c9d74/2ab2e683-ee30-4f58-bcbf-c595e4e1ea1a/300x300.jpg","Morrisons Sweet Potato Chunks","Buy 8 for £10 - Online Exclusive","true","1.79","108205438","https://groceries.morrisons.com/products/morrisons-sweet-potato-chunks/108205438","sweet potatoes","2026-04-10T19:21:10.170Z","morrisons",,,"600g"
"Morrisons",,"https://groceries.morrisons.com/images-v3/4b85987b-1398-4173-a0c1-3546047c9d74/c85e0967-35d4-4e36-bd70-25e493396bba/300x300.jpg","Morrisons Sweet Potato Fries","Price Match","true","2.15","107706880","https://groceries.morrisons.com/products/morrisons-sweet-potato-fries/107706880","sweet potatoes","2026-04-10T19:21:10.170Z","morrisons",,,"500g"
"Morrisons",,"https://groceries.morrisons.com/images-v3/4b85987b-1398-4173-a0c1-3546047c9d74/4f0c680b-aa88-4726-8b9c-313d22aba934/300x300.jpg","Morrisons Sweet Potatoes  1kg",,"false","1.19","108572051","https://groceries.morrisons.com/products/morrisons-sweet-potatoes-1kg/108572051","sweet potatoes","2026-04-10T19:21:10.170Z","morrisons",,,"1kg"
"Morrisons",,"https://groceries.morrisons.com/images-v3/4b85987b-1398-4173-a0c1-3546047c9d74/05feb332-2bde-4921-a0f4-9951b86ce6ae/300x300.jpg","Morrisons Market Street Baking Sweet Potatoes Twin Pack",,"false","1.85","114822192","https://groceries.morrisons.com/products/morrisons-market-street-baking-sweet-potatoes-twin-pack/114822192","sweet potatoes","2026-04-10T19:21:10.170Z","morrisons",,,
"Warburtons",,"https://groceries.morrisons.com/images-v3/4b85987b-1398-4173-a0c1-3546047c9d74/6a37e555-9bf6-47f5-a65c-c3f3b4f4c287/300x300.jpg","Warburtons 6 Crumpets","Now 75p, Was 90p","true","0.75","102372542","https://groceries.morrisons.com/products/warburtons-6-crumpets/102372542","crumpets","2026-04-10T19:21:19.898Z","morrisons",,,"6 per pack"
"Morrisons",,"https://groceries.morrisons.com/images-v3/4b85987b-1398-4173-a0c1-3546047c9d74/6b4be5ce-d199-4f5b-9111-d96726cc4cdc/300x300.jpg","Morrisons Crumpets","Price Match","true","0.45","109833612","https://groceries.morrisons.com/products/morrisons-crumpets/109833612","crumpets","2026-04-10T19:21:19.898Z","morrisons",,,"6 per pack"
"Jason's",,"https://groceries.morrisons.com/images-v3/4b85987b-1398-4173-a0c1-3546047c9d74/a839d13b-ace1-4174-830e-a3e9c688ccc1/300x300.jpg","Jason's Sourdough Crumpets",,"false","1.8","115934567","https://groceries.morrisons.com/products/jason-s-sourdough-crumpets/115934567","crumpets","2026-04-10T19:21:19.898Z","morrisons",,,"6 x 380g"
"Warburtons",,"https://groceries.morrisons.com/images-v3/4b85987b-1398-4173-a0c1-3546047c9d74/f39b4684-197d-4442-b576-9130f8eaa120/300x300.jpg","Warburtons 9 Crumpets",,"false","1.25","104619182","https://groceries.morrisons.com/products/warburtons-9-crumpets/104619182","crumpets","2026-04-10T19:21:19.898Z","morrisons",,,"9 per pack"
"Warburtons",,"https://groceries.morrisons.com/images-v3/4b85987b-1398-4173-a0c1-3546047c9d74/2c9cba62-eeef-4b22-becd-d53743a2da6e/300x300.jpg","Warburtons Crumpet Thins",,"false","1.4","113099406","https://groceries.morrisons.com/products/warburtons-crumpet-thins/113099406","crumpets","2026-04-10T19:21:19.898Z","morrisons",,,"8 per pack"
"Morrisons",,"https://groceries.morrisons.com/images-v3/4b85987b-1398-4173-a0c1-3546047c9d74/bba8c58a-fc7f-44ca-bbac-3231362a543c/300x300.jpg","Morrisons Beef And Pork Mince 550g","Buy 3 for £10","true","4.25","115192081","https://groceries.morrisons.com/products/morrisons-beef-and-pork-mince-550g/115192081","lamb mince","2026-04-10T19:21:20.567Z","morrisons",,,"550g"
"Morrisons",,"https://groceries.morrisons.com/images-v3/4b85987b-1398-4173-a0c1-3546047c9d74/0aa955c3-2da8-41a3-95cc-c9bce3ac7cb9/300x300.jpg","Morrisons The Butcher's on Market Street British Lamb Mince 454g",,"false","6","112613469","https://groceries.morrisons.com/products/morrisons-the-butcher-s-on-market-street-british-lamb-mince-454g/112613469","lamb mince","2026-04-10T19:21:20.567Z","morrisons",,,"454g"
"Morrisons",,"https://groceries.morrisons.com/images-v3/4b85987b-1398-4173-a0c1-3546047c9d74/94ba6793-cd66-4a7d-b02a-91177b3fcdaf/300x300.jpg","Morrisons Lamb Mince",,"false","5.5","109408940","https://groceries.morrisons.com/products/morrisons-lamb-mince/109408940","lamb mince","2026-04-10T19:21:20.567Z","morrisons",,,"500g"
"Morrisons",,"https://groceries.morrisons.com/images-v3/4b85987b-1398-4173-a0c1-3546047c9d74/3fed89b6-bf8e-42a8-b103-f40cfc59d3e1/300x300.jpg","Morrisons British 15% Fat Beef Mince 500g",,"false","5","113834327","https://groceries.morrisons.com/products/morrisons-british-15-fat-beef-mince-500g/113834327","lamb mince","2026-04-10T19:21:20.567Z","morrisons",,,"500g"
"Morrisons",,"https://groceries.morrisons.com/images-v3/4b85987b-1398-4173-a0c1-3546047c9d74/742ce8b1-13cc-4714-b35b-e758f2e93ae4/300x300.jpg","Morrisons Beef Mince 1kg",,"false","8","105194876","https://groceries.morrisons.com/products/morrisons-beef-mince-1kg/105194876","lamb mince","2026-04-10T19:21:20.567Z","morrisons",,,"1kg"
"Morrisons",,"https://groceries.morrisons.com/images-v3/4b85987b-1398-4173-a0c1-3546047c9d74/b6fcd3f0-1f6a-46e4-b225-db005084d139/300x300.jpg","Morrisons The Butcher's On Market Street British Lamb Chops 320g",,"false","6.5","113711108","https://groceries.morrisons.com/products/morrisons-the-butcher-s-on-market-street-british-lamb-chops-320g/113711108","lamb chops","2026-04-10T19:21:26.689Z","morrisons",,,"320g"
"Crown",,"https://groceries.morrisons.com/images-v3/4b85987b-1398-4173-a0c1-3546047c9d74/5af25d5c-d0be-44e5-a90f-153313cfe2ae/300x300.jpg","Crown Farms Mutton Chops 800g",,"false","7.5","114555549","https://groceries.morrisons.com/products/crown-farms-mutton-chops-800g/114555549","lamb chops","2026-04-10T19:21:26.689Z","morrisons",,,"800g"
"Market",,"https://groceries.morrisons.com/images-v3/4b85987b-1398-4173-a0c1-3546047c9d74/f6c94393-afb3-40bb-bfbf-e7e675881ee7/300x300.jpg","Market Street British Spring Lamb Stuffed Breast",,"false","3.91","102796812","https://groceries.morrisons.com/products/market-street-british-spring-lamb-stuffed-breast/102796812","lamb chops","2026-04-10T19:21:26.689Z","morrisons",,,"0.34kg"
"Morrisons",,"https://groceries.morrisons.com/images-v3/4b85987b-1398-4173-a0c1-3546047c9d74/94ba6793-cd66-4a7d-b02a-91177b3fcdaf/300x300.jpg","Morrisons Lamb Mince",,"false","5.5","109408940","https://groceries.morrisons.com/products/morrisons-lamb-mince/109408940","lamb chops","2026-04-10T19:21:26.689Z","morrisons",,,"500g"
"Morrisons",,"https://groceries.morrisons.com/images-v3/4b85987b-1398-4173-a0c1-3546047c9d74/97670f78-5d6d-4d7e-8c73-1aa66c1385af/300x300.jpg","Morrisons Baby Potatoes   1kg","Now £1.09, Was £1.35","true","1.09","108414651","https://groceries.morrisons.com/products/morrisons-baby-potatoes-1kg/108414651","baby potatoes","2026-04-10T19:21:36.510Z","morrisons",,,"1kg"
"Morrisons",,"https://groceries.morrisons.com/images-v3/4b85987b-1398-4173-a0c1-3546047c9d74/832cb063-04a9-42db-b082-91c338a5c075/300x300.jpg","Morrisons Miniature Potatoes",,"false","1","108414686","https://groceries.morrisons.com/products/morrisons-miniature-potatoes/108414686","baby potatoes","2026-04-10T19:21:36.510Z","morrisons",,,"500g"
"Morrisons",,"https://groceries.morrisons.com/images-v3/4b85987b-1398-4173-a0c1-3546047c9d74/a2727f21-5f93-482d-9030-d53aeb7abeb3/300x300.jpg","Morrisons Herby Baby Potatoes",,"false","1","113154591","https://groceries.morrisons.com/products/morrisons-herby-baby-potatoes/113154591","baby potatoes","2026-04-10T19:21:36.510Z","morrisons",,,"340g"
"Morrisons",,"https://groceries.morrisons.com/images-v3/4b85987b-1398-4173-a0c1-3546047c9d74/eee24808-c885-4751-b2c0-a9b112dac7f0/300x300.jpg","Morrisons Baby Potatoes With Chives & Salted Butter 350g",,"false","2.25","114805886","https://groceries.morrisons.com/products/morrisons-baby-potatoes-with-chives-salted-butter-350g/114805886","baby potatoes","2026-04-10T19:21:36.510Z","morrisons",,,"350g"
"Morrisons",,"https://groceries.morrisons.com/images-v3/4b85987b-1398-4173-a0c1-3546047c9d74/2dac4f1b-f878-4a45-8a2c-1336a3d61842/300x300.jpg","Morrisons The Butcher's on Market Street British Pork Mince 5% Fat 454g","Price Match","true","2.32","112634016","https://groceries.morrisons.com/products/morrisons-the-butcher-s-on-market-street-british-pork-mince-5-fat-454g/112634016","pork mince","2026-04-10T19:21:46.448Z","morrisons",,,"454g"
"Morrisons",,"https://groceries.morrisons.com/images-v3/4b85987b-1398-4173-a0c1-3546047c9d74/bba8c58a-fc7f-44ca-bbac-3231362a543c/300x300.jpg","Morrisons Beef And Pork Mince 550g","Buy 3 for £10","true","4.25","115192081","https://groceries.morrisons.com/products/morrisons-beef-and-pork-mince-550g/115192081","pork mince","2026-04-10T19:21:46.448Z","morrisons",,,"550g"
"Morrisons",,"https://groceries.morrisons.com/images-v3/4b85987b-1398-4173-a0c1-3546047c9d74/61165cee-7734-4249-94ce-f0ccca72bc88/300x300.jpg","Morrisons Beef And Pork Mince 1kg",,"false","7.5","115192111","https://groceries.morrisons.com/products/morrisons-beef-and-pork-mince-1kg/115192111","pork mince","2026-04-10T19:21:46.448Z","morrisons",,,"1kg"
"Morrisons",,"https://groceries.morrisons.com/images-v3/4b85987b-1398-4173-a0c1-3546047c9d74/d4fefe01-b560-4ad0-a906-64d9b766c752/300x300.jpg","Morrisons Savers 20% Fat Pork Mince 454g",,"false","2.27","113053387","https://groceries.morrisons.com/products/morrisons-savers-20-fat-pork-mince-454g/113053387","pork mince","2026-04-10T19:21:46.448Z","morrisons",,,"454g"
"Morrisons",,"https://groceries.morrisons.com/images-v3/4b85987b-1398-4173-a0c1-3546047c9d74/bf20360a-993b-4448-a3a8-763a88d4a1af/300x300.jpg","Morrisons Butternut Squash",,"false","1.5","108381781","https://groceries.morrisons.com/products/morrisons-butternut-squash/108381781","butternut squash","2026-04-10T19:21:55.598Z","morrisons",,,
"Morrisons",,"https://groceries.morrisons.com/images-v3/4b85987b-1398-4173-a0c1-3546047c9d74/cd4f74f3-aff4-4570-b07d-9b4e17d73d24/300x300.jpg","Morrisons Butternut Squash Chunks 500g",,"false","1.25","108205374","https://groceries.morrisons.com/products/morrisons-butternut-squash-chunks-500g/108205374","butternut squash","2026-04-10T19:21:55.598Z","morrisons",,,"500g"
"Morrisons",,"https://groceries.morrisons.com/images-v3/4b85987b-1398-4173-a0c1-3546047c9d74/d99ee58f-1bc3-4d12-9463-2458c5743112/300x300.jpg","Morrisons The Best Butternut Squash & Sage Girasole","Buy 2 for £5","true","3.5","110102260","https://groceries.morrisons.com/products/morrisons-the-best-butternut-squash-sage-girasole/110102260","butternut squash","2026-04-10T19:21:55.598Z","morrisons",,,"250g"
"Morrisons",,"https://groceries.morrisons.com/images-v3/4b85987b-1398-4173-a0c1-3546047c9d74/6f3e866d-eaaf-449e-80c8-29c60001c7c5/300x300.jpg","Morrisons Natural Cooked Beetroot",,"false","0.78","108337043","https://groceries.morrisons.com/products/morrisons-natural-cooked-beetroot/108337043","beetroot","2026-04-10T19:21:59.719Z","morrisons",,,"300g"
"Morrisons",,"https://groceries.morrisons.com/images-v3/4b85987b-1398-4173-a0c1-3546047c9d74/5d6c4e48-0606-4df7-9264-77a71fa36838/300x300.jpg","Morrisons Bunched Beetroot",,"false","1.9","111002181","https://groceries.morrisons.com/products/morrisons-bunched-beetroot/111002181","beetroot","2026-04-10T19:21:59.719Z","morrisons",,,
"Morrisons",,"https://groceries.morrisons.com/images-v3/4b85987b-1398-4173-a0c1-3546047c9d74/a95eba08-42d8-4953-b6e0-01e741d957a2/300x300.jpg","Morrisons Sliced Beetroot (340g)",,"false","1.1","105116510","https://groceries.morrisons.com/products/morrisons-sliced-beetroot-340g/105116510","beetroot","2026-04-10T19:21:59.719Z","morrisons",,,"215g"
"Baxters",,"https://groceries.morrisons.com/images-v3/4b85987b-1398-4173-a0c1-3546047c9d74/31cc8215-bdf4-48ed-bfdf-daa712eced59/300x300.jpg","Baxters Sliced Beetroot (567g)",,"false","1.75","100388655","https://groceries.morrisons.com/products/baxters-sliced-beetroot-567g/100388655","beetroot","2026-04-10T19:21:59.719Z","morrisons",,,"410g"
"Morrisons",,"https://groceries.morrisons.com/images-v3/4b85987b-1398-4173-a0c1-3546047c9d74/b60cd3c1-ddcb-48ee-9279-710f967d42e4/300x300.jpg","Morrisons Fresh Coriander",,"false","1.25","108429335","https://groceries.morrisons.com/products/morrisons-fresh-coriander/108429335","fresh coriander","2026-04-10T19:22:13.067Z","morrisons",,,"100g"
"Morrisons",,"https://groceries.morrisons.com/images-v3/4b85987b-1398-4173-a0c1-3546047c9d74/cb9877ab-dfae-4815-890f-6f372e5cd99d/300x300.jpg","Morrisons Market St Living Coriander",,"false","1.6","108426960","https://groceries.morrisons.com/products/morrisons-market-st-living-coriander/108426960","fresh coriander","2026-04-10T19:22:13.067Z","morrisons",,,
"Morrisons",,"https://groceries.morrisons.com/images-v3/4b85987b-1398-4173-a0c1-3546047c9d74/0edbc6a0-4863-4996-937c-119b08d9e8cc/300x300.jpg","Morrisons Living Flat Leaf Parsley",,"false","1.6","108427161","https://groceries.morrisons.com/products/morrisons-living-flat-leaf-parsley/108427161","fresh coriander","2026-04-10T19:22:13.067Z","morrisons",,,
"Morrisons",,"https://groceries.morrisons.com/images-v3/4b85987b-1398-4173-a0c1-3546047c9d74/6356d5ea-1821-4bff-93f2-128cad1d6f05/300x300.jpg","Morrisons Fresh Mint",,"false","0.7","110419291","https://groceries.morrisons.com/products/morrisons-fresh-mint/110419291","fresh mint","2026-04-10T19:22:13.284Z","morrisons",,,"30g"
"Morrisons",,"https://groceries.morrisons.com/images-v3/4b85987b-1398-4173-a0c1-3546047c9d74/2abe9309-bd81-43ed-91d2-0942d848e8d5/300x300.jpg","Morrisons Living Mint",,"false","1.6","108427102","https://groceries.morrisons.com/products/morrisons-living-mint/108427102","fresh mint","2026-04-10T19:22:13.284Z","morrisons",,,
"Morrisons",,"https://groceries.morrisons.com/images-v3/4b85987b-1398-4173-a0c1-3546047c9d74/b60cd3c1-ddcb-48ee-9279-710f967d42e4/300x300.jpg","Morrisons Fresh Coriander",,"false","1.25","108429335","https://groceries.morrisons.com/products/morrisons-fresh-coriander/108429335","fresh mint","2026-04-10T19:22:13.284Z","morrisons",,,"100g"
"Morrisons",,"https://groceries.morrisons.com/images-v3/4b85987b-1398-4173-a0c1-3546047c9d74/c8aa4a06-ec80-43ba-bad4-6c323685ea62/300x300.jpg","Morrisons Market St Living Basil",,"false","1.6","108426839","https://groceries.morrisons.com/products/morrisons-market-st-living-basil/108426839","fresh basil","2026-04-10T19:22:13.368Z","morrisons",,,
"Morrisons",,"https://groceries.morrisons.com/images-v3/4b85987b-1398-4173-a0c1-3546047c9d74/75e7daa8-6081-4179-8c9a-f70a235ee22c/300x300.jpg","Morrisons Fresh Basil   30g",,"false","0.7","110419419","https://groceries.morrisons.com/products/morrisons-fresh-basil-30g/110419419","fresh basil","2026-04-10T19:22:13.368Z","morrisons",,,"30g"
"Morrisons",,"https://groceries.morrisons.com/images-v3/4b85987b-1398-4173-a0c1-3546047c9d74/b60cd3c1-ddcb-48ee-9279-710f967d42e4/300x300.jpg","Morrisons Fresh Coriander",,"false","1.25","108429335","https://groceries.morrisons.com/products/morrisons-fresh-coriander/108429335","fresh basil","2026-04-10T19:22:13.368Z","morrisons",,,"100g"
"Morrisons",,"https://groceries.morrisons.com/images-v3/4b85987b-1398-4173-a0c1-3546047c9d74/8ff261b3-2849-404b-a202-a7d376505a05/300x300.jpg","Morrisons Flat Leaf Parsley   100g",,"false","1.39","108429378","https://groceries.morrisons.com/products/morrisons-flat-leaf-parsley-100g/108429378","fresh parsley","2026-04-10T19:22:23.565Z","morrisons",,,"100g"
"Market",,"https://groceries.morrisons.com/images-v3/4b85987b-1398-4173-a0c1-3546047c9d74/0777f624-6716-4689-85a6-85494cf3acd9/300x300.jpg","Market Street Living Parsley",,"false","1.6","108426901","https://groceries.morrisons.com/products/market-street-living-parsley/108426901","fresh parsley","2026-04-10T19:22:23.565Z","morrisons",,,"10g"
"Morrisons",,"https://groceries.morrisons.com/images-v3/4b85987b-1398-4173-a0c1-3546047c9d74/fbfcaa78-5fba-4a5e-9bb8-bf0b47edb8c6/300x300.jpg","Morrisons Fresh Flat Leaf Parsley   30g",,"false","0.7","110419654","https://groceries.morrisons.com/products/morrisons-fresh-flat-leaf-parsley-30g/110419654","fresh parsley","2026-04-10T19:22:23.565Z","morrisons",,,"30g"
"Morrisons",,"https://groceries.morrisons.com/images-v3/4b85987b-1398-4173-a0c1-3546047c9d74/0edbc6a0-4863-4996-937c-119b08d9e8cc/300x300.jpg","Morrisons Living Flat Leaf Parsley",,"false","1.6","108427161","https://groceries.morrisons.com/products/morrisons-living-flat-leaf-parsley/108427161","fresh parsley","2026-04-10T19:22:23.565Z","morrisons",,,
"Morrisons",,"https://groceries.morrisons.com/images-v3/4b85987b-1398-4173-a0c1-3546047c9d74/d5b18a29-30a1-4f76-b039-d9890b4c3a4e/300x300.jpg","Morrisons Spaghetti 500g","Buy 2 for £1.20","true","0.75","104794141","https://groceries.morrisons.com/products/morrisons-spaghetti-500g/104794141","spaghetti","2026-04-10T19:22:33.299Z","morrisons",,,"500g"
"Napolina",,"https://groceries.morrisons.com/images-v3/4b85987b-1398-4173-a0c1-3546047c9d74/38e089ae-e8c2-4b0a-bf58-287fc2743657/300x300.jpg","Napolina Spaghetti","Now £1, Was £1.50","true","1","106686565","https://groceries.morrisons.com/products/napolina-spaghetti/106686565","spaghetti","2026-04-10T19:22:33.299Z","morrisons",,,"500g"
"Barilla",,"https://groceries.morrisons.com/images-v3/4b85987b-1398-4173-a0c1-3546047c9d74/a1eb7d51-29ce-4615-8cc5-f9fe66699c35/300x300.jpg","Barilla Pasta Spaghetti   500g",,"false","1.5","111668089","https://groceries.morrisons.com/products/barilla-pasta-spaghetti-500g/111668089","spaghetti","2026-04-10T19:22:33.299Z","morrisons",,,"500g"
"Heinz",,"https://groceries.morrisons.com/images-v3/4b85987b-1398-4173-a0c1-3546047c9d74/1020be8e-31de-47e8-a36b-57ba9884b478/300x300.jpg","Heinz Spaghetti in Tomato Sauce Multipack",,"false","2.99","100369446","https://groceries.morrisons.com/products/heinz-spaghetti-in-tomato-sauce-multipack/100369446","spaghetti","2026-04-10T19:22:33.299Z","morrisons",,,"4 x 400g"
"Green",,"https://groceries.morrisons.com/images-v3/4b85987b-1398-4173-a0c1-3546047c9d74/cf3bd316-2467-4890-942c-413c8a64315c/300x300.jpg","Green Giant Original Sweetcorn (4x198g)","Now £3, Was £3.60","true","3","105516960","https://groceries.morrisons.com/products/green-giant-original-sweetcorn-4x198g/105516960","tinned sweetcorn","2026-04-10T19:22:43.064Z","morrisons",,,"4 x 165g"
"Green",,"https://groceries.morrisons.com/images-v3/4b85987b-1398-4173-a0c1-3546047c9d74/4059a224-7910-4906-8a88-4445c380cea2/300x300.jpg","Green Giant Salt Free Sweetcorn (4x198g)","Now £3, Was £3.90","true","3","105516994","https://groceries.morrisons.com/products/green-giant-salt-free-sweetcorn-4x198g/105516994","tinned sweetcorn","2026-04-10T19:22:43.064Z","morrisons",,,"4 x 165g"
"Morrisons",,"https://groceries.morrisons.com/images-v3/4b85987b-1398-4173-a0c1-3546047c9d74/d27e40c7-4be4-4c4a-8a91-fd034428bbb3/300x300.jpg","Morrisons Sweetcorn In Water",,"false","2.25","109319947","https://groceries.morrisons.com/products/morrisons-sweetcorn-in-water/109319947","tinned sweetcorn","2026-04-10T19:22:43.064Z","morrisons",,,"4 x 198g"
"Morrisons",,"https://groceries.morrisons.com/images-v3/4b85987b-1398-4173-a0c1-3546047c9d74/a01423ec-8956-45a4-be2a-3ad34fe789be/300x300.jpg","Morrisons Sweet Corn In Water (198g)",,"false","0.55","109319904","https://groceries.morrisons.com/products/morrisons-sweet-corn-in-water-198g/109319904","tinned sweetcorn","2026-04-10T19:22:43.064Z","morrisons",,,"160g"
"Heinz",,"https://groceries.morrisons.com/images-v3/4b85987b-1398-4173-a0c1-3546047c9d74/93954f92-b815-4cd5-b36b-bbe02d133adf/300x300.jpg","Heinz Cream of Tomato Soup 400g","Buy 5 for £5","true","1.7","100392857","https://groceries.morrisons.com/products/heinz-cream-of-tomato-soup-400g/100392857","tinned soup","2026-04-10T19:22:53.464Z","morrisons",,,"400g"
"Heinz",,"https://groceries.morrisons.com/images-v3/4b85987b-1398-4173-a0c1-3546047c9d74/d01b8592-ca17-4d7e-9054-da9eb0a04202/300x300.jpg","Heinz Cream of Tomato Soup Value Pack","Buy 2 for £9","true","6","107167636","https://groceries.morrisons.com/products/heinz-cream-of-tomato-soup-value-pack/107167636","tinned soup","2026-04-10T19:22:53.464Z","morrisons",,,"6 x 400g"
"Heinz",,"https://groceries.morrisons.com/images-v3/4b85987b-1398-4173-a0c1-3546047c9d74/b7df1ed4-f4f3-4247-b8b4-2deefc789286/300x300.jpg","Heinz Cream Of Chicken Soup","Buy 2 for £9","true","6","110269887","https://groceries.morrisons.com/products/heinz-cream-of-chicken-soup/110269887","tinned soup","2026-04-10T19:22:53.464Z","morrisons",,,"6 x 400g"
"Heinz",,"https://groceries.morrisons.com/images-v3/4b85987b-1398-4173-a0c1-3546047c9d74/0b1c004e-11e7-43c9-83af-7baa95d680fa/300x300.jpg","Heinz Cream of Chicken Soup","Buy 5 for £5","true","1.7","100392945","https://groceries.morrisons.com/products/heinz-cream-of-chicken-soup/100392945","tinned soup","2026-04-10T19:22:53.464Z","morrisons",,,"400g"
"Morrisons",,"https://groceries.morrisons.com/images-v3/4b85987b-1398-4173-a0c1-3546047c9d74/9ade3c5a-3a02-463c-8715-5b225e580a77/300x300.jpg","Morrisons Penne","Buy 2 for £1.20","true","0.69","104555641","https://groceries.morrisons.com/products/morrisons-penne/104555641","penne pasta","2026-04-10T19:23:02.794Z","morrisons",,,"500g"
"Morrisons",,"https://groceries.morrisons.com/images-v3/4b85987b-1398-4173-a0c1-3546047c9d74/eb20fa66-9791-4e9b-93da-876b2e10c59e/300x300.jpg","Morrisons Penne Pasta","Price Match","true","1.29","114527396","https://groceries.morrisons.com/products/morrisons-penne-pasta/114527396","penne pasta","2026-04-10T19:23:02.794Z","morrisons",,,"1kg"
"Morrisons",,"https://groceries.morrisons.com/images-v3/4b85987b-1398-4173-a0c1-3546047c9d74/18972909-e8bc-4fc4-8010-579ba385496e/300x300.jpg","Morrisons Penne Mozzarella","Buy 3 for £8.50","true","3.75","106923591","https://groceries.morrisons.com/products/morrisons-penne-mozzarella/106923591","penne pasta","2026-04-10T19:23:02.794Z","morrisons",,,"400g"
"Napolina",,"https://groceries.morrisons.com/images-v3/4b85987b-1398-4173-a0c1-3546047c9d74/5be6f0fb-6d84-485d-8b76-9ef04706dc9d/300x300.jpg","Napolina Penne Pasta","Now £1, Was £1.50","true","1","100409727","https://groceries.morrisons.com/products/napolina-penne-pasta/100409727","penne pasta","2026-04-10T19:23:02.794Z","morrisons",,,"500g"
"Morrisons",,"https://groceries.morrisons.com/images-v3/4b85987b-1398-4173-a0c1-3546047c9d74/b7219ebc-8ef6-4729-831c-f6fad9afcd74/300x300.jpg","Morrisons Italian Tagliatelle","Buy 2 for £4","true","2.25","106201054","https://groceries.morrisons.com/products/morrisons-italian-tagliatelle/106201054","tagliatelle","2026-04-10T19:23:15.360Z","morrisons",,,"500g"
"Morrisons",,"https://groceries.morrisons.com/images-v3/4b85987b-1398-4173-a0c1-3546047c9d74/c9f1f50c-e278-49af-98b9-a9f65d2bd197/300x300.jpg","Morrisons The Best Manfredine   500g","Buy 2 for £3","true","1.75","112002431","https://groceries.morrisons.com/products/morrisons-the-best-manfredine-500g/112002431","tagliatelle","2026-04-10T19:23:15.360Z","morrisons",,,"500g"
"Morrisons",,"https://groceries.morrisons.com/images-v3/4b85987b-1398-4173-a0c1-3546047c9d74/2c7b625e-a9fd-415e-b6b8-721ed81f2151/300x300.jpg","Morrisons Mushroom & Ham Tagliatelle","Buy 3 for £8.50","true","3.75","105172061","https://groceries.morrisons.com/products/morrisons-mushroom-ham-tagliatelle/105172061","tagliatelle","2026-04-10T19:23:15.360Z","morrisons",,,"400g"
"Morrisons",,"https://groceries.morrisons.com/images-v3/4b85987b-1398-4173-a0c1-3546047c9d74/25ced87a-ba23-48a3-9e5f-aa824563832c/300x300.jpg","Morrisons Linguine","Buy 2 for £1.20","true","0.75","104555220","https://groceries.morrisons.com/products/morrisons-linguine/104555220","tagliatelle","2026-04-10T19:23:15.360Z","morrisons",,,"500g"
"Morrisons",,"https://groceries.morrisons.com/images-v3/4b85987b-1398-4173-a0c1-3546047c9d74/cab706e1-3602-4e13-af8f-acd12bd24cf6/300x300.jpg","Morrisons Fusilli","Buy 2 for £1.20","true","0.75","104555131","https://groceries.morrisons.com/products/morrisons-fusilli/104555131","fusilli pasta","2026-04-10T19:23:16.573Z","morrisons",,,"500g"
"Napolina",,"https://groceries.morrisons.com/images-v3/4b85987b-1398-4173-a0c1-3546047c9d74/0cce5e04-a325-4ff9-b3a8-8542d7ee3101/300x300.jpg","Napolina Fusilli Pasta","Now £1, Was £1.50","true","1","100409743","https://groceries.morrisons.com/products/napolina-fusilli-pasta/100409743","fusilli pasta","2026-04-10T19:23:16.573Z","morrisons",,,"500g"
"Morrisons",,"https://groceries.morrisons.com/images-v3/4b85987b-1398-4173-a0c1-3546047c9d74/4c3d932d-3860-45eb-aac1-355858504a5e/300x300.jpg","Morrisons Wholewheat Fusiili","Buy 2 for £1.20","true","0.75","104557532","https://groceries.morrisons.com/products/morrisons-wholewheat-fusiili/104557532","fusilli pasta","2026-04-10T19:23:16.573Z","morrisons",,,"500g"
"Morrisons",,"https://groceries.morrisons.com/images-v3/4b85987b-1398-4173-a0c1-3546047c9d74/d899870a-a861-48e4-ab23-4eb0057a38c7/300x300.jpg","Morrisons The Best Sundried Tomato & Garlic Pasta Sauce 350g","Buy 2 for £3","true","2","114773167","https://groceries.morrisons.com/products/morrisons-the-best-sundried-tomato-garlic-pasta-sauce-350g/114773167","pasta sauce tomato","2026-04-10T19:23:16.762Z","morrisons",,,"350g"
"Morrisons",,"https://groceries.morrisons.com/images-v3/4b85987b-1398-4173-a0c1-3546047c9d74/af71e306-9b96-4eee-b57b-f23153368e27/300x300.jpg","Morrisons Tomato & Garlic Pasta Sauce",,"false","0.79","104558404","https://groceries.morrisons.com/products/morrisons-tomato-garlic-pasta-sauce/104558404","pasta sauce tomato","2026-04-10T19:23:16.762Z","morrisons",,,"500g"
"Morrisons",,"https://groceries.morrisons.com/images-v3/4b85987b-1398-4173-a0c1-3546047c9d74/2c1acbd7-b3fb-428d-893a-1021ba9a28a0/300x300.jpg","Morrisons The Best Pesto Genovese   190g","Buy 2 for £3","true","2.2","112037684","https://groceries.morrisons.com/products/morrisons-the-best-pesto-genovese-190g/112037684","pesto green","2026-04-10T19:23:26.692Z","morrisons",,,"190g"
"Morrisons",,"https://groceries.morrisons.com/images-v3/4b85987b-1398-4173-a0c1-3546047c9d74/8619ea61-69b3-4ec0-b6ca-1a3b64fb0dcf/300x300.jpg","Morrisons Green Pesto","Price Match","true","0.89","104557735","https://groceries.morrisons.com/products/morrisons-green-pesto/104557735","pesto green","2026-04-10T19:23:26.692Z","morrisons",,,"190g"
"Morrisons",,"https://groceries.morrisons.com/images-v3/4b85987b-1398-4173-a0c1-3546047c9d74/251e7633-0797-4dfe-9597-79ecf157ab69/300x300.jpg","Morrisons Red Pesto","Price Match","true","0.89","104557698","https://groceries.morrisons.com/products/morrisons-red-pesto/104557698","pesto green","2026-04-10T19:23:26.692Z","morrisons",,,"190g"
"Morrisons",,"https://groceries.morrisons.com/images-v3/4b85987b-1398-4173-a0c1-3546047c9d74/a3e4531c-2686-40af-9ef4-f1609c633c8f/300x300.jpg","Morrisons Plant Revolution Vegan Green Pesto 190g","Price Match","true","0.89","112177345","https://groceries.morrisons.com/products/morrisons-plant-revolution-vegan-green-pesto-190g/112177345","pesto green","2026-04-10T19:23:26.692Z","morrisons",,,"190g"
"Morrisons",,"https://groceries.morrisons.com/images-v3/4b85987b-1398-4173-a0c1-3546047c9d74/25ced87a-ba23-48a3-9e5f-aa824563832c/300x300.jpg","Morrisons Linguine","Buy 2 for £1.20","true","0.75","104555220","https://groceries.morrisons.com/products/morrisons-linguine/104555220","linguine","2026-04-10T19:23:36.073Z","morrisons",,,"500g"
"Napolina",,"https://groceries.morrisons.com/images-v3/4b85987b-1398-4173-a0c1-3546047c9d74/9a36fd28-99ea-4735-ac3f-d6db1e5c4662/300x300.jpg","Napolina Linguine Pasta","Now £1, Was £1.50","true","1","113964973","https://groceries.morrisons.com/products/napolina-linguine-pasta/113964973","linguine","2026-04-10T19:23:36.073Z","morrisons",,,"500g"
"Morrisons",,"https://groceries.morrisons.com/images-v3/4b85987b-1398-4173-a0c1-3546047c9d74/dddfb0d6-e56d-4d6e-8444-94a6aede5eb2/300x300.jpg","Morrisons The Best Chilli King Prawn Linguine 400g","Buy 2 for £8.50","true","4.75","115264874","https://groceries.morrisons.com/products/morrisons-the-best-chilli-king-prawn-linguine-400g/115264874","linguine","2026-04-10T19:23:36.073Z","morrisons",,,"400g"
"Morrisons",,"https://groceries.morrisons.com/images-v3/4b85987b-1398-4173-a0c1-3546047c9d74/b7219ebc-8ef6-4729-831c-f6fad9afcd74/300x300.jpg","Morrisons Italian Tagliatelle","Buy 2 for £4","true","2.25","106201054","https://groceries.morrisons.com/products/morrisons-italian-tagliatelle/106201054","linguine","2026-04-10T19:23:36.073Z","morrisons",,,"500g"
"Morrisons",,"https://groceries.morrisons.com/images-v3/4b85987b-1398-4173-a0c1-3546047c9d74/8a8b55b5-af5d-476d-bbb2-768b89099558/300x300.jpg","Morrisons Lasagne Sheets","Price Match","true","0.75","104794036","https://groceries.morrisons.com/products/morrisons-lasagne-sheets/104794036","lasagne sheets","2026-04-10T19:23:45.462Z","morrisons",,,"500g"
"Napolina",,"https://groceries.morrisons.com/images-v3/4b85987b-1398-4173-a0c1-3546047c9d74/74e54b2b-21cc-4a60-93f9-58389ae4d08e/300x300.jpg","Napolina Plain Lasagne",,"false","1.6","112867012","https://groceries.morrisons.com/products/napolina-plain-lasagne/112867012","lasagne sheets","2026-04-10T19:23:45.462Z","morrisons",,,"375g"
"Barilla",,"https://groceries.morrisons.com/images-v3/4b85987b-1398-4173-a0c1-3546047c9d74/ca8d74d5-2c50-4f0f-8a4a-0fa5da6fcb76/300x300.jpg","Barilla Pasta Lasagne Sheets   500g",,"false","1.75","107480041","https://groceries.morrisons.com/products/barilla-pasta-lasagne-sheets-500g/107480041","lasagne sheets","2026-04-10T19:23:45.462Z","morrisons",,,"500g"
"Morrisons",,"https://groceries.morrisons.com/images-v3/4b85987b-1398-4173-a0c1-3546047c9d74/06aac7d4-4308-4b46-93eb-181c85d47ab5/300x300.jpg","Morrisons Cannelloni",,"false","1.1","104557591","https://groceries.morrisons.com/products/morrisons-cannelloni/104557591","lasagne sheets","2026-04-10T19:23:45.462Z","morrisons",,,"250g"
"Badshah",,"https://groceries.morrisons.com/images-v3/4b85987b-1398-4173-a0c1-3546047c9d74/352f5f0e-bffb-44ea-834a-c83976c74510/300x300.jpg","Badshah Basmati Rice 10kg","Now £12, Was £21","true","12","108759596","https://groceries.morrisons.com/products/badshah-basmati-rice-10kg/108759596","basmati rice","2026-04-10T19:23:56.098Z","morrisons",,,"10kg"
"Morrisons",,"https://groceries.morrisons.com/images-v3/4b85987b-1398-4173-a0c1-3546047c9d74/a97d1bce-a802-468f-8f16-81a842756e4a/300x300.jpg","Morrisons Tikka Masala Curry Paste",,"false","1.9","112526787","https://groceries.morrisons.com/products/morrisons-tikka-masala-curry-paste/112526787","curry paste tikka","2026-04-10T19:23:58.072Z","morrisons",,,"180g"
"The",,"https://groceries.morrisons.com/images-v3/4b85987b-1398-4173-a0c1-3546047c9d74/635f81a2-c981-48d9-9d6a-dde7c5011bac/300x300.jpg","The Spice Tailor Tikka Masala Indian Curry Sauce Kit",,"false","3.25","107569408","https://groceries.morrisons.com/products/the-spice-tailor-tikka-masala-indian-curry-sauce-kit/107569408","curry paste tikka","2026-04-10T19:23:58.072Z","morrisons",,,"300g"
"Sharwood's",,"https://groceries.morrisons.com/images-v3/4b85987b-1398-4173-a0c1-3546047c9d74/8be02be8-2bbe-4b20-a421-5834cb2e1ac5/300x300.jpg","Sharwood's Indian Tikka Masala Reduced Fat Curry Paste 280g",,"false","2.95","113189381","https://groceries.morrisons.com/products/sharwood-s-indian-tikka-masala-reduced-fat-curry-paste-280g/113189381","curry paste tikka","2026-04-10T19:23:58.072Z","morrisons",,,"280g"
"Morrisons",,"https://groceries.morrisons.com/images-v3/4b85987b-1398-4173-a0c1-3546047c9d74/167937eb-b790-45e1-9edb-d57bb94b7d5d/300x300.jpg","Morrisons Low Fat Tikka Masala Sauce",,"false","1","111532561","https://groceries.morrisons.com/products/morrisons-low-fat-tikka-masala-sauce/111532561","curry paste tikka","2026-04-10T19:23:58.072Z","morrisons",,,"500g"
"Patak's",,"https://groceries.morrisons.com/images-v3/4b85987b-1398-4173-a0c1-3546047c9d74/b1c6418e-5ef1-4244-bf52-807845aafba9/300x300.jpg","Patak's Korma Indian Mild Spice Paste Pots  2 x 70g",,"false","1.85","109038299","https://groceries.morrisons.com/products/patak-s-korma-indian-mild-spice-paste-pots-2-x-70g/109038299","curry paste korma","2026-04-10T19:24:09.467Z","morrisons",,,"2 x 70g"
"Morrisons",,"https://groceries.morrisons.com/images-v3/4b85987b-1398-4173-a0c1-3546047c9d74/7b9130c1-ce93-42b4-af27-94a7be60fb72/300x300.jpg","Morrisons Korma Curry Paste",,"false","1.9","112526816","https://groceries.morrisons.com/products/morrisons-korma-curry-paste/112526816","curry paste korma","2026-04-10T19:24:09.467Z","morrisons",,,"180g"
"Loyd",,"https://groceries.morrisons.com/images-v3/4b85987b-1398-4173-a0c1-3546047c9d74/0ae35139-eb9c-40b4-96f9-4281b45fd5d8/300x300.jpg","Loyd Grossman Korma Curry Cooking Sauce 350g",,"false","2.25","100894208","https://groceries.morrisons.com/products/loyd-grossman-korma-curry-cooking-sauce-350g/100894208","curry paste korma","2026-04-10T19:24:09.467Z","morrisons",,,"350g"
"Morrisons",,"https://groceries.morrisons.com/images-v3/4b85987b-1398-4173-a0c1-3546047c9d74/2cb84349-5c66-4fb9-89b9-169eba7c97be/300x300.jpg","Morrisons Massaman Paste",,"false","2.25","112526904","https://groceries.morrisons.com/products/morrisons-massaman-paste/112526904","curry paste korma","2026-04-10T19:24:09.467Z","morrisons",,,"180g"
"Blue",,"https://groceries.morrisons.com/images-v3/4b85987b-1398-4173-a0c1-3546047c9d74/cc8a1cda-e2b0-4ff9-a97b-d67554176f3e/300x300.jpg","Blue Dragon Hoisin & Garlic Stir Fry Cooking Sauce Mild 120g","Now 75p, Was 95p","true","0.75","100417831","https://groceries.morrisons.com/products/blue-dragon-hoisin-garlic-stir-fry-cooking-sauce-mild-120g/100417831","stir fry sauce","2026-04-10T19:24:09.768Z","morrisons",,,"120g"
"Blue",,"https://groceries.morrisons.com/images-v3/4b85987b-1398-4173-a0c1-3546047c9d74/001b9194-1d67-4208-bd41-c3102e12f0ab/300x300.jpg","Blue Dragon Sweet Chilli & Garlic Stir Fry Cooking Sauce Medium 120g","Now 75p, Was 95p","true","0.75","105535909","https://groceries.morrisons.com/products/blue-dragon-sweet-chilli-garlic-stir-fry-cooking-sauce-medium-120g/105535909","stir fry sauce","2026-04-10T19:24:09.768Z","morrisons",,,"120g"
"Morrisons",,"https://groceries.morrisons.com/images-v3/4b85987b-1398-4173-a0c1-3546047c9d74/00a57cd0-9e41-4a51-a7b5-77ac6b1d7924/300x300.jpg","Morrisons Chow Mein Stir Fry Sauce","Price Match","true","0.55","112533629","https://groceries.morrisons.com/products/morrisons-chow-mein-stir-fry-sauce/112533629","stir fry sauce","2026-04-10T19:24:09.768Z","morrisons",,,"120g"
"Morrisons",,"https://groceries.morrisons.com/images-v3/4b85987b-1398-4173-a0c1-3546047c9d74/f28e65d3-78b1-4082-b318-51d072165690/300x300.jpg","Morrisons Teriyaki Stir Fry Sauce","Price Match","true","0.55","112542517","https://groceries.morrisons.com/products/morrisons-teriyaki-stir-fry-sauce/112542517","stir fry sauce","2026-04-10T19:24:09.768Z","morrisons",,,"120g"
"Morrisons",,"https://groceries.morrisons.com/images-v3/4b85987b-1398-4173-a0c1-3546047c9d74/31034e44-26d3-4d2f-afd5-b552a20370fe/300x300.jpg","Morrisons Easy Cook Long Grain Rice","Price Match","true","1.25","109748952","https://groceries.morrisons.com/products/morrisons-easy-cook-long-grain-rice/109748952","long grain rice","2026-04-10T19:24:10.374Z","morrisons",,,"1kg"
"Ben's",,"https://groceries.morrisons.com/images-v3/4b85987b-1398-4173-a0c1-3546047c9d74/c1f27f82-6813-4ee9-bc84-dac0aafc0bde/300x300.jpg","Ben's Original Long Grain Rice",,"false","5.25","111866261","https://groceries.morrisons.com/products/ben-s-original-long-grain-rice/111866261","long grain rice","2026-04-10T19:24:10.374Z","morrisons",,,"1kg"
"Mai",,"https://groceries.morrisons.com/images-v3/4b85987b-1398-4173-a0c1-3546047c9d74/d54f54d2-f61b-4fd4-8e5e-818a84ccfb7b/300x300.jpg","Mai Thai Jasmine Rice 10KG",,"false","12","114896837","https://groceries.morrisons.com/products/mai-thai-jasmine-rice-10kg/114896837","jasmine rice","2026-04-10T19:24:20.094Z","morrisons",,,"10kg"
"Mai",,"https://groceries.morrisons.com/images-v3/4b85987b-1398-4173-a0c1-3546047c9d74/90c537d9-d88a-4060-ab9d-588b9a33a574/300x300.jpg","Mai Thai Aaa Jasmine Fragrant Rice",,"false","8","108306618","https://groceries.morrisons.com/products/mai-thai-aaa-jasmine-fragrant-rice/108306618","jasmine rice","2026-04-10T19:24:20.094Z","morrisons",,,"5kg"
"Tilda",,"https://groceries.morrisons.com/images-v3/4b85987b-1398-4173-a0c1-3546047c9d74/0cc271c5-bf85-4473-866b-e4b36b9ed5d4/300x300.jpg","Tilda Fragrant Jasmine Rice",,"false","3","100413700","https://groceries.morrisons.com/products/tilda-fragrant-jasmine-rice/100413700","jasmine rice","2026-04-10T19:24:20.094Z","morrisons",,,"500g"
"Morrisons",,"https://groceries.morrisons.com/images-v3/4b85987b-1398-4173-a0c1-3546047c9d74/3105e030-1bd6-4012-9d76-61aea6183c0d/300x300.jpg","Morrisons Thai Fragrant Rice",,"false","1.75","109749154","https://groceries.morrisons.com/products/morrisons-thai-fragrant-rice/109749154","jasmine rice","2026-04-10T19:24:20.094Z","morrisons",,,"500g"
"Heinz",,"https://groceries.morrisons.com/images-v3/4b85987b-1398-4173-a0c1-3546047c9d74/304bb229-5dcd-456b-9f77-74fe8f443372/300x300.jpg","Heinz Tomato Ketchup 910g","Now £4, Was £4.50","true","4","100379231","https://groceries.morrisons.com/products/heinz-tomato-ketchup-910g/100379231","tomato ketchup","2026-04-10T19:24:30.158Z","morrisons",,,"910g"
"Heinz",,"https://groceries.morrisons.com/images-v3/4b85987b-1398-4173-a0c1-3546047c9d74/0a13c597-384e-4fe5-9355-4f2cafd1b090/300x300.jpg","Heinz Tomato Ketchup 50% Less Sugar & Salt","Now £4, Was £4.50","true","4","110836706","https://groceries.morrisons.com/products/heinz-tomato-ketchup-50-less-sugar-salt/110836706","tomato ketchup","2026-04-10T19:24:30.158Z","morrisons",,,"880g"
"Heinz",,"https://groceries.morrisons.com/images-v3/4b85987b-1398-4173-a0c1-3546047c9d74/fdab82e5-df1e-4c3c-a182-bb3346d1bc8a/300x300.jpg","Heinz Tomato Ketchup  460g",,"false","2.5","100379193","https://groceries.morrisons.com/products/heinz-tomato-ketchup-460g/100379193","tomato ketchup","2026-04-10T19:24:30.158Z","morrisons",,,"460g"
"Gallo",,"https://groceries.morrisons.com/images-v3/4b85987b-1398-4173-a0c1-3546047c9d74/f61f186e-2571-4e98-a22b-678d3d819bd7/300x300.jpg","Gallo Traditional Risotto   500g","Now £2, Was £2.95","true","2","109063806","https://groceries.morrisons.com/products/gallo-traditional-risotto-500g/109063806","risotto rice","2026-04-10T19:24:40.073Z","morrisons",,,"500g"
"Morrisons",,"https://groceries.morrisons.com/images-v3/4b85987b-1398-4173-a0c1-3546047c9d74/ffa7d86f-114d-47db-8036-46de49a8aa10/300x300.jpg","Morrisons Basmati Rice","Price Match","true","3.58","109749103","https://groceries.morrisons.com/products/morrisons-basmati-rice/109749103","risotto rice","2026-04-10T19:24:40.073Z","morrisons",,,"2kg"
"Riso",,"https://groceries.morrisons.com/images-v3/4b85987b-1398-4173-a0c1-3546047c9d74/bcc24991-bb18-4394-94ef-b941adb323a8/300x300.jpg","Riso Gallo Easy Cook Risotto Rice 500g",,"false","2.65","114975965","https://groceries.morrisons.com/products/riso-gallo-easy-cook-risotto-rice-500g/114975965","risotto rice","2026-04-10T19:24:40.073Z","morrisons",,,"500g"
"Morrisons",,"https://groceries.morrisons.com/images-v3/4b85987b-1398-4173-a0c1-3546047c9d74/424d6a72-a9a4-4904-9a75-07fc8ae3d9dc/300x300.jpg","Morrisons Paella Rice",,"false","2.45","104552601","https://groceries.morrisons.com/products/morrisons-paella-rice/104552601","risotto rice","2026-04-10T19:24:40.073Z","morrisons",,,"500g"
"Hellmann's",,"https://groceries.morrisons.com/images-v3/4b85987b-1398-4173-a0c1-3546047c9d74/8f1a8447-acff-44d6-853d-6b4589542786/300x300.jpg","Hellmann's Real Mayonnaise 600g","Now £3.25, Was £3.75","true","3.25","100377673","https://groceries.morrisons.com/products/hellmann-s-real-mayonnaise-600g/100377673","mayonnaise","2026-04-10T19:24:46.915Z","morrisons",,,"600g"
"Morrisons",,"https://groceries.morrisons.com/images-v3/4b85987b-1398-4173-a0c1-3546047c9d74/1583b8e3-9f1c-49b6-bc00-db67aa20a5d1/300x300.jpg","Morrisons Mayonnaise","Summer Ready BBQ 10% Off - More Card Price","true","0.95","113133483","https://groceries.morrisons.com/products/morrisons-mayonnaise/113133483","mayonnaise","2026-04-10T19:24:46.915Z","morrisons",,,"500ml"
"Hellmann's",,"https://groceries.morrisons.com/images-v3/4b85987b-1398-4173-a0c1-3546047c9d74/d313426e-beb1-40a1-88a1-34cf6f1378e8/300x300.jpg","Hellmann's Real Squeezy Mayonnaise 750ml",,"false","3.25","100377770","https://groceries.morrisons.com/products/hellmann-s-real-squeezy-mayonnaise-750ml/100377770","mayonnaise","2026-04-10T19:24:46.915Z","morrisons",,,"750ml"
"HP",,"https://groceries.morrisons.com/images-v3/4b85987b-1398-4173-a0c1-3546047c9d74/5e508181-a837-4906-a862-2fcd2e320fdd/300x300.jpg","HP Brown Sauce",,"false","2.5","100376785","https://groceries.morrisons.com/products/hp-brown-sauce/100376785","brown sauce","2026-04-10T19:24:59.268Z","morrisons",,,"450g"
"Daddies",,"https://groceries.morrisons.com/images-v3/4b85987b-1398-4173-a0c1-3546047c9d74/75fbbe45-bb00-48b4-a38b-14c1f933bb2f/300x300.jpg","Daddies Favourite Brown Sauce",,"false","2","100376531","https://groceries.morrisons.com/products/daddies-favourite-brown-sauce/100376531","brown sauce","2026-04-10T19:24:59.268Z","morrisons",,,"400g"
"Morrisons",,"https://groceries.morrisons.com/images-v3/4b85987b-1398-4173-a0c1-3546047c9d74/7761e751-731a-4fd2-be51-9c6607f2f052/300x300.jpg","Morrisons Brown Sauce",,"false","0.98","111658551","https://groceries.morrisons.com/products/morrisons-brown-sauce/111658551","brown sauce","2026-04-10T19:24:59.268Z","morrisons",,,"450g"
"HP",,"https://groceries.morrisons.com/images-v3/4b85987b-1398-4173-a0c1-3546047c9d74/f3feac49-0a62-47c2-9e16-b19fd7702d58/300x300.jpg","HP Brown Sauce Handy Pack",,"false","2.3","100376734","https://groceries.morrisons.com/products/hp-brown-sauce-handy-pack/100376734","brown sauce","2026-04-10T19:24:59.268Z","morrisons",,,"285g"
"Morrisons",,"https://groceries.morrisons.com/images-v3/4b85987b-1398-4173-a0c1-3546047c9d74/0770a691-a175-4afb-8db1-0d526ced8f51/300x300.jpg","Morrisons Egg Noodles","Stir Fry Offer for £6","true","1.3","112078321","https://groceries.morrisons.com/products/morrisons-egg-noodles/112078321","egg noodles","2026-04-10T19:24:59.368Z","morrisons",,,"300g"
"Morrisons",,"https://groceries.morrisons.com/images-v3/4b85987b-1398-4173-a0c1-3546047c9d74/bc5fe3ad-65c9-498d-a555-c99aafee50c4/300x300.jpg","Morrisons Medium Egg Noodles","Price Match","true","0.95","105762896","https://groceries.morrisons.com/products/morrisons-medium-egg-noodles/105762896","egg noodles","2026-04-10T19:24:59.368Z","morrisons",,,"250g"
"Blue",,"https://groceries.morrisons.com/images-v3/4b85987b-1398-4173-a0c1-3546047c9d74/530d6336-543d-491b-94e6-96748178cdf5/300x300.jpg","Blue Dragon Medium Egg Noodles 4 Pack","Now £1.25, Was £1.50","true","1.25","113471491","https://groceries.morrisons.com/products/blue-dragon-medium-egg-noodles-4-pack/113471491","egg noodles","2026-04-10T19:24:59.368Z","morrisons",,,"250g"
"Sharwood's",,"https://groceries.morrisons.com/images-v3/4b85987b-1398-4173-a0c1-3546047c9d74/080df064-40f2-4521-b168-dfc1022b68b0/300x300.jpg","Sharwood's Medium Egg Noodles",,"false","1.45","113473015","https://groceries.morrisons.com/products/sharwood-s-medium-egg-noodles/113473015","egg noodles","2026-04-10T19:24:59.368Z","morrisons",,,"226g"
"Itsu",,"https://groceries.morrisons.com/images-v3/4b85987b-1398-4173-a0c1-3546047c9d74/f8037502-d893-4e7c-a52b-7f7fb13bfd8e/300x300.jpg","Itsu Rice Noodles 180g","Now £1.25, Was £1.60","true","1.25","114863533","https://groceries.morrisons.com/products/itsu-rice-noodles-180g/114863533","rice noodles","2026-04-10T19:24:59.480Z","morrisons",,,"180g"
"Morrisons",,"https://groceries.morrisons.com/images-v3/4b85987b-1398-4173-a0c1-3546047c9d74/082677db-b73d-427e-8859-38be5ad6e796/300x300.jpg","Morrisons Rice Noodles","Stir Fry Offer for £6","true","1.3","111964953","https://groceries.morrisons.com/products/morrisons-rice-noodles/111964953","rice noodles","2026-04-10T19:24:59.480Z","morrisons",,,"300g"
"Mama",,"https://groceries.morrisons.com/images-v3/4b85987b-1398-4173-a0c1-3546047c9d74/20998755-85fb-40e3-9da4-36ab83f566ec/300x300.jpg","Mama Instant Vermicelli Noodles",,"false","1.95","107167783","https://groceries.morrisons.com/products/mama-instant-vermicelli-noodles/107167783","rice noodles","2026-04-10T19:24:59.480Z","morrisons",,,"225g"
"Kikkoman",,"https://groceries.morrisons.com/images-v3/4b85987b-1398-4173-a0c1-3546047c9d74/4eb44151-098b-433e-bd77-da7fe8cc65a6/300x300.jpg","Kikkoman Naturally Brewed Soy","Now £2.25, Was £3","true","2.25","105245952","https://groceries.morrisons.com/products/kikkoman-naturally-brewed-soy/105245952","soy sauce","2026-04-10T19:25:09.406Z","morrisons",,,"150ml"
"Blue",,"https://groceries.morrisons.com/images-v3/4b85987b-1398-4173-a0c1-3546047c9d74/8fe04011-6a8a-4c4f-ae3b-106e321f110a/300x300.jpg","Blue Dragon Light Soy Sauce 150 ml","Buy 2 for £3","true","1.85","111675035","https://groceries.morrisons.com/products/blue-dragon-light-soy-sauce-150-ml/111675035","soy sauce","2026-04-10T19:25:09.406Z","morrisons",,,"150ml"
"Blue",,"https://groceries.morrisons.com/images-v3/4b85987b-1398-4173-a0c1-3546047c9d74/a73b0fd6-cbcd-4481-8ac3-1a43ab6e34de/300x300.jpg","Blue Dragon Dark Soy Sauce 150 ml","Buy 2 for £3","true","1.85","111675140","https://groceries.morrisons.com/products/blue-dragon-dark-soy-sauce-150-ml/111675140","soy sauce","2026-04-10T19:25:09.406Z","morrisons",,,"150ml"
"Morrisons",,"https://groceries.morrisons.com/images-v3/4b85987b-1398-4173-a0c1-3546047c9d74/78923553-0357-45a0-9e59-10ca5059a0a8/300x300.jpg","Morrisons Baked Beans 4x410g","Now £1.50, Was £1.60","true","1.5","105859348","https://groceries.morrisons.com/products/morrisons-baked-beans-4x410g/105859348","baked beans","2026-04-10T19:25:19.391Z","morrisons",,,"4 x 410g"
"Heinz",,"https://groceries.morrisons.com/images-v3/4b85987b-1398-4173-a0c1-3546047c9d74/f83f565b-3110-41cf-b504-54c15b92c824/300x300.jpg","Heinz Baked Beans 4x415g","Now £3.50, Was £3.90","true","3.5","100369227","https://groceries.morrisons.com/products/heinz-baked-beans-4x415g/100369227","baked beans","2026-04-10T19:25:19.391Z","morrisons",,,"4 x 415g"
"Branston",,"https://groceries.morrisons.com/images-v3/4b85987b-1398-4173-a0c1-3546047c9d74/89839e3c-c053-403f-8198-e5be6234ac34/300x300.jpg","Branston Baked Beans","Now £4, Was £4.50","true","4","107697944","https://groceries.morrisons.com/products/branston-baked-beans/107697944","baked beans","2026-04-10T19:25:19.391Z","morrisons",,,"6 x 410g"
"Bonne",,"https://groceries.morrisons.com/images-v3/4b85987b-1398-4173-a0c1-3546047c9d74/925328b5-798b-492c-886a-fd7fa03e9bb4/300x300.jpg","Bonne Maman Strawberry Conserve   370g","Now £3, Was £3.30","true","3","100103269","https://groceries.morrisons.com/products/bonne-maman-strawberry-conserve-370g/100103269","jam strawberry","2026-04-10T19:25:29.187Z","morrisons",,,"370g"
"Mackays",,"https://groceries.morrisons.com/images-v3/4b85987b-1398-4173-a0c1-3546047c9d74/06024c86-fce9-4a32-b99d-326935363158/300x300.jpg","Mackays Scottish Strawberry Preserve",,"false","2.3","100103390","https://groceries.morrisons.com/products/mackays-scottish-strawberry-preserve/100103390","jam strawberry","2026-04-10T19:25:29.188Z","morrisons",,,"340g"
"Morrisons",,"https://groceries.morrisons.com/images-v3/4b85987b-1398-4173-a0c1-3546047c9d74/86958b60-70dd-4d7e-acd2-c17d6b6ea68e/300x300.jpg","Morrisons The Best Strawberry Conserve  340g",,"false","2.55","108407216","https://groceries.morrisons.com/products/morrisons-the-best-strawberry-conserve-340g/108407216","jam strawberry","2026-04-10T19:25:29.188Z","morrisons",,,"340g"
"Morrisons",,"https://groceries.morrisons.com/images-v3/4b85987b-1398-4173-a0c1-3546047c9d74/68a87e0a-e21a-458e-85a9-1eec1c01a0be/300x300.jpg","Morrisons Strawberry Jam",,"false","1.15","113166824","https://groceries.morrisons.com/products/morrisons-strawberry-jam/113166824","jam strawberry","2026-04-10T19:25:29.188Z","morrisons",,,"420g"
"Lea",,"https://groceries.morrisons.com/images-v3/4b85987b-1398-4173-a0c1-3546047c9d74/78881381-8796-45d4-a21d-ead6734015bd/300x300.jpg","Lea & Perrins Worcestershire Sauce","Now £2, Was £2.30","true","2","300001669","https://groceries.morrisons.com/products/lea-perrins-worcestershire-sauce/300001669","worcestershire sauce","2026-04-10T19:25:38.295Z","morrisons",,,"150ml"
"Walkers",,"https://groceries.morrisons.com/images-v3/4b85987b-1398-4173-a0c1-3546047c9d74/5608c391-4387-47b1-861b-838f0855c0b5/300x300.jpg","Walkers Worcester Sauce Crisps With Lea And Perrins 6x25g","Now £1.75, Was £2.20","true","1.75","114771487","https://groceries.morrisons.com/products/walkers-worcester-sauce-crisps-with-lea-and-perrins-6x25g/114771487","worcestershire sauce","2026-04-10T19:25:38.295Z","morrisons",,,"6 x 25g"
"Morrisons",,"https://groceries.morrisons.com/images-v3/4b85987b-1398-4173-a0c1-3546047c9d74/f8e231d2-67f3-439e-91aa-8cf3bad67dab/300x300.jpg","Morrisons Worcester Sauce",,"false","1.3","108506687","https://groceries.morrisons.com/products/morrisons-worcester-sauce/108506687","worcestershire sauce","2026-04-10T19:25:38.295Z","morrisons",,,"150ml"
"Morrisons",,"https://groceries.morrisons.com/images-v3/4b85987b-1398-4173-a0c1-3546047c9d74/3099b212-5294-4dc0-ac3f-d6c6f2d03eeb/300x300.jpg","Morrisons Habanero Hot Chilli Sauce",,"false","1.7","106336418","https://groceries.morrisons.com/products/morrisons-habanero-hot-chilli-sauce/106336418","hot sauce","2026-04-10T19:25:52.575Z","morrisons",,,"165ml"
"Chicago",,"https://groceries.morrisons.com/images-v3/4b85987b-1398-4173-a0c1-3546047c9d74/9c8769e2-463d-4cc6-ab15-9ba320041955/300x300.jpg","Chicago Town Takeaway Large Stuffed Pepperoni Pizza (Tomato stuffed crust)","Now £3.25, Was £5","true","3.25","100002465","https://groceries.morrisons.com/products/chicago-town-takeaway-large-stuffed-pepperoni-pizza-tomato-stuffed-crust/100002465","frozen pizza","2026-04-10T19:25:56.191Z","morrisons",,,"645g"
"Chicago",,"https://groceries.morrisons.com/images-v3/4b85987b-1398-4173-a0c1-3546047c9d74/8c8cae2b-23d3-4f6b-a3ea-a406b5416662/300x300.jpg","Chicago Town Takeaway Stuffed Crust BBQ Chicken Large Pizza   668g","Now £3.25, Was £5","true","3.25","114534246","https://groceries.morrisons.com/products/chicago-town-takeaway-stuffed-crust-bbq-chicken-large-pizza-668g/114534246","frozen pizza","2026-04-10T19:25:56.191Z","morrisons",,,"668g"
"Chicago",,"https://groceries.morrisons.com/images-v3/4b85987b-1398-4173-a0c1-3546047c9d74/ba2d311b-40ef-490e-8efe-55835490c01f/300x300.jpg","Chicago Town Cheese Pizza Tomato Stuffed Crust Takeaway","Now £3.25, Was £5","true","3.25","100002463","https://groceries.morrisons.com/products/chicago-town-cheese-pizza-tomato-stuffed-crust-takeaway/100002463","frozen pizza","2026-04-10T19:25:56.191Z","morrisons",,,"630g"
"Chicago",,"https://groceries.morrisons.com/images-v3/4b85987b-1398-4173-a0c1-3546047c9d74/043686f1-afae-4056-bf81-def2926b442c/300x300.jpg","Chicago Town Tomato Stuffed Crust Takeaway Honey BBQ Salami","Now £3.25, Was £5","true","3.25","111307662","https://groceries.morrisons.com/products/chicago-town-tomato-stuffed-crust-takeaway-honey-bbq-salami/111307662","frozen pizza","2026-04-10T19:25:56.191Z","morrisons",,,"635g"
"Morrisons",,"https://groceries.morrisons.com/images-v3/4b85987b-1398-4173-a0c1-3546047c9d74/909d9800-8ded-4385-8834-65f3065d72e3/300x300.jpg","Morrisons English Mustard","Summer Ready BBQ 10% Off - More Card Price","true","0.93","105461971","https://groceries.morrisons.com/products/morrisons-english-mustard/105461971","mustard","2026-04-10T19:26:05.494Z","morrisons",,,"185g"
"French's",,"https://groceries.morrisons.com/images-v3/4b85987b-1398-4173-a0c1-3546047c9d74/df81ea78-893e-45c6-98c6-e015814c02b9/300x300.jpg","French's American Classic Mustard 397g",,"false","3.55","100379695","https://groceries.morrisons.com/products/french-s-american-classic-mustard-397g/100379695","mustard","2026-04-10T19:26:05.494Z","morrisons",,,"397g"
"Colman's",,"https://groceries.morrisons.com/images-v3/4b85987b-1398-4173-a0c1-3546047c9d74/1850c87a-fc60-4d2f-b4c3-616faef7bda7/300x300.jpg","Colman's Original English Mustard 100g",,"false","2","100379724","https://groceries.morrisons.com/products/colman-s-original-english-mustard-100g/100379724","mustard","2026-04-10T19:26:05.494Z","morrisons",,,"100g"
"Morrisons",,"https://groceries.morrisons.com/images-v3/4b85987b-1398-4173-a0c1-3546047c9d74/5acd56b3-aa13-41fc-99e6-0575af4fd27a/300x300.jpg","Morrisons Peanut Butter Crunchy","Price Match","true","3.99","114257322","https://groceries.morrisons.com/products/morrisons-peanut-butter-crunchy/114257322","peanut butter","2026-04-10T19:26:09.300Z","morrisons",,,"1kg"
"Nutella",,"https://groceries.morrisons.com/images-v3/4b85987b-1398-4173-a0c1-3546047c9d74/2cbb9683-61e6-4020-868a-075feba1a696/300x300.jpg","Nutella & Go! Hazelnut Chocolate Spread and Breadsticks Snack Pot","Food To Go Meal Deal for £3.75","true","1.35","106985792","https://groceries.morrisons.com/products/nutella-go-hazelnut-chocolate-spread-and-breadsticks-snack-pot/106985792","nutella","2026-04-10T19:26:18.391Z","morrisons",,,"48g"
"Nutella",,"https://groceries.morrisons.com/images-v3/4b85987b-1398-4173-a0c1-3546047c9d74/e6449919-87be-46bc-924f-85e441f7f060/300x300.jpg","Nutella Hazelnut Chocolate Spread Jar 630g",,"false","5.25","114830184","https://groceries.morrisons.com/products/nutella-hazelnut-chocolate-spread-jar-630g/114830184","nutella","2026-04-10T19:26:18.391Z","morrisons",,,"630g"
"Nutella",,"https://groceries.morrisons.com/images-v3/4b85987b-1398-4173-a0c1-3546047c9d74/03090362-b177-47a0-b668-e66570e6fe0a/300x300.jpg","Nutella Hazelnut Spread with Cocoa 1000g",,"false","7","113862424","https://groceries.morrisons.com/products/nutella-hazelnut-spread-with-cocoa-1000g/113862424","nutella","2026-04-10T19:26:18.391Z","morrisons",,,"1kg"
"Nutella",,"https://groceries.morrisons.com/images-v3/4b85987b-1398-4173-a0c1-3546047c9d74/864dda57-61c6-47ec-8a06-8ceca3e1b79b/300x300.jpg","Nutella Chocolate & Hazelnut Spread   350g",,"false","3.2","110968696","https://groceries.morrisons.com/products/nutella-chocolate-hazelnut-spread-350g/110968696","nutella","2026-04-10T19:26:18.391Z","morrisons",,,"350g"
"Indus",,"https://groceries.morrisons.com/images-v3/4b85987b-1398-4173-a0c1-3546047c9d74/57ae943e-833b-423c-9556-1175952d3110/300x300.jpg","Indus Chickpeas   400g","Now 45p, Was 60p","true","0.45","114789062","https://groceries.morrisons.com/products/indus-chickpeas-400g/114789062","chickpeas tinned","2026-04-10T19:26:27.491Z","morrisons",,,"400g"
"KTC",,"https://groceries.morrisons.com/images-v3/4b85987b-1398-4173-a0c1-3546047c9d74/5fe048bb-0767-4fce-bf9b-5a965f26c07d/300x300.jpg","KTC Chickpeas In Salted Water (400g)",,"false","0.5","100382860","https://groceries.morrisons.com/products/ktc-chickpeas-in-salted-water-400g/100382860","chickpeas tinned","2026-04-10T19:26:27.491Z","morrisons",,,"240g"
"Laila",,"https://groceries.morrisons.com/images-v3/4b85987b-1398-4173-a0c1-3546047c9d74/4accbb10-f42f-49ed-8b34-3cf54ee73985/300x300.jpg","Laila Chickpeas",,"false","2.5","114848202","https://groceries.morrisons.com/products/laila-chickpeas/114848202","chickpeas tinned","2026-04-10T19:26:27.491Z","morrisons",,,"1kg"
"Indus",,"https://groceries.morrisons.com/images-v3/4b85987b-1398-4173-a0c1-3546047c9d74/8069c483-2db7-4208-be57-a79a27553cdc/300x300.jpg","Indus Chick Peas",,"false","3","114853802","https://groceries.morrisons.com/products/indus-chick-peas/114853802","chickpeas tinned","2026-04-10T19:26:27.491Z","morrisons",,,"1.75kg"
"Morrisons",,"https://groceries.morrisons.com/images-v3/4b85987b-1398-4173-a0c1-3546047c9d74/cbafaf88-6c24-4ce6-a770-ea79dc900a44/300x300.jpg","Morrisons Red Kidney Beans (400g)","Price Match","true","0.39","105408168","https://groceries.morrisons.com/products/morrisons-red-kidney-beans-400g/105408168","kidney beans tinned","2026-04-10T19:26:36.405Z","morrisons",,,"240g"
"Morrisons",,"https://groceries.morrisons.com/images-v3/4b85987b-1398-4173-a0c1-3546047c9d74/9c6ae557-02d6-48c5-a574-3ad8620e3e76/300x300.jpg","Morrisons Red Kidney Beans in Chilli Sauce (405g)",,"false","1","105407149","https://groceries.morrisons.com/products/morrisons-red-kidney-beans-in-chilli-sauce-405g/105407149","kidney beans tinned","2026-04-10T19:26:36.405Z","morrisons",,,"405g"
"Heinz",,"https://groceries.morrisons.com/images-v3/4b85987b-1398-4173-a0c1-3546047c9d74/b02cfe28-9d46-4080-b1a3-350608b9b598/300x300.jpg","Heinz Tinned Baked Beans 415g",,"false","1.4","100369219","https://groceries.morrisons.com/products/heinz-tinned-baked-beans-415g/100369219","kidney beans tinned","2026-04-10T19:26:36.405Z","morrisons",,,"415g"
"KTC",,"https://groceries.morrisons.com/images-v3/4b85987b-1398-4173-a0c1-3546047c9d74/0cd39f49-149b-48d1-a6d0-61fb7e23ccfd/300x300.jpg","KTC Red Kidney Beans In Salted Water (400g)",,"false","0.5","100382878","https://groceries.morrisons.com/products/ktc-red-kidney-beans-in-salted-water-400g/100382878","kidney beans tinned","2026-04-10T19:26:36.405Z","morrisons",,,"240g"
"Morrisons",,"https://groceries.morrisons.com/images-v3/4b85987b-1398-4173-a0c1-3546047c9d74/d15c5352-7867-49d1-a503-c06c41d73473/300x300.jpg","Morrisons Garlic Flatbread 234G","Now £1.75, Was £2.30","true","1.75","115085905","https://groceries.morrisons.com/products/morrisons-garlic-flatbread-234g/115085905","frozen garlic bread","2026-04-10T19:26:40.942Z","morrisons",,,"234g"
"Morrisons",,"https://groceries.morrisons.com/images-v3/4b85987b-1398-4173-a0c1-3546047c9d74/2a437fc4-e8ad-44b2-9590-5be7089d77b0/300x300.jpg","Morrisons 10 Garlic Bread Slices",,"false","1.3","114134015","https://groceries.morrisons.com/products/morrisons-10-garlic-bread-slices/114134015","frozen garlic bread","2026-04-10T19:26:40.942Z","morrisons",,,"260g"
"Morrisons",,"https://groceries.morrisons.com/images-v3/4b85987b-1398-4173-a0c1-3546047c9d74/c508c230-cf05-46b2-aa7b-99e97dad3bfc/300x300.jpg","Morrisons 2 Garlic Baguettes",,"false","1","114144862","https://groceries.morrisons.com/products/morrisons-2-garlic-baguettes/114144862","frozen garlic bread","2026-04-10T19:26:40.942Z","morrisons",,,"2 x 338g"
"Morrisons",,"https://groceries.morrisons.com/images-v3/4b85987b-1398-4173-a0c1-3546047c9d74/b346921e-b80b-4bb8-b1ac-c2ef159291c9/300x300.jpg","Morrisons Italian Cheese & Garlic Bread",,"false","2.35","106236644","https://groceries.morrisons.com/products/morrisons-italian-cheese-garlic-bread/106236644","frozen garlic bread","2026-04-10T19:26:40.942Z","morrisons",,,"285g"
"Il",,"https://groceries.morrisons.com/images-v3/4b85987b-1398-4173-a0c1-3546047c9d74/fb7fcd88-4604-46e6-b8b9-a98fd60deb1b/300x300.jpg","Il Casolare Unfiltered Extra Virgin Olive Oil","Now £8.50, Was £10","true","8.5","114081144","https://groceries.morrisons.com/products/il-casolare-unfiltered-extra-virgin-olive-oil/114081144","olive oil extra virgin","2026-04-10T19:26:52.774Z","morrisons",,,"500ml"
"Filippo",,"https://groceries.morrisons.com/images-v3/4b85987b-1398-4173-a0c1-3546047c9d74/e43dbbd2-1e78-40e3-9c74-31cf9c282b2c/300x300.jpg","Filippo Berio Special Selection Extra Virgin Olive Oil","Now £5, Was £10","true","5","102480447","https://groceries.morrisons.com/products/filippo-berio-special-selection-extra-virgin-olive-oil/102480447","olive oil extra virgin","2026-04-10T19:26:52.774Z","morrisons",,,"500ml"
"Napolina",,"https://groceries.morrisons.com/images-v3/4b85987b-1398-4173-a0c1-3546047c9d74/cf812e62-0bab-4c5d-9fbf-a0ccb4fb647c/300x300.jpg","Napolina Extra Virgin Olive Oil","Now £4.50, Was £6","true","4.5","100398239","https://groceries.morrisons.com/products/napolina-extra-virgin-olive-oil/100398239","olive oil extra virgin","2026-04-10T19:26:52.774Z","morrisons",,,"500ml"
"Terra",,"https://groceries.morrisons.com/images-v3/4b85987b-1398-4173-a0c1-3546047c9d74/04792947-6fa2-4dba-9f33-0f295d324eaf/300x300.jpg","Terra Delyssa Extra Virgin Olive Oil 750ml",,"false","9.75","113172247","https://groceries.morrisons.com/products/terra-delyssa-extra-virgin-olive-oil-750ml/113172247","olive oil extra virgin","2026-04-10T19:26:52.774Z","morrisons",,,"750ml"
"Bonne",,"https://groceries.morrisons.com/images-v3/4b85987b-1398-4173-a0c1-3546047c9d74/f8e5d159-a32d-4904-9933-d08dc17697ca/300x300.jpg","Bonne Maman Bitter Orange Marmalade","Now £2.30, Was £3.50","true","2.3","104538438","https://groceries.morrisons.com/products/bonne-maman-bitter-orange-marmalade/104538438","marmalade","2026-04-10T19:26:52.870Z","morrisons",,,"370g"
"Frank",,"https://groceries.morrisons.com/images-v3/4b85987b-1398-4173-a0c1-3546047c9d74/188eb73a-b4fd-4d74-8988-a0502f097dc9/300x300.jpg","Frank Cooper's Fine Cut Oxford Marmalade","Now £2.50, Was £3.20","true","2.5","100097145","https://groceries.morrisons.com/products/frank-cooper-s-fine-cut-oxford-marmalade/100097145","marmalade","2026-04-10T19:26:52.870Z","morrisons",,,"454g"
"La",,"https://groceries.morrisons.com/images-v3/4b85987b-1398-4173-a0c1-3546047c9d74/95f2da1e-2c8e-4f18-a24f-3dd810f7cdb5/300x300.jpg","La Vieja Fabrica Seville Orange Fine Cut Marmalade",,"false","2.15","111588011","https://groceries.morrisons.com/products/la-vieja-fabrica-seville-orange-fine-cut-marmalade/111588011","marmalade","2026-04-10T19:26:52.870Z","morrisons",,,"365g"
"Morrisons",,"https://groceries.morrisons.com/images-v3/4b85987b-1398-4173-a0c1-3546047c9d74/cba35bbf-c891-4c9c-a31c-ad5eb2be1448/300x300.jpg","Morrisons The Best Seville Orange Marmalade",,"false","1.8","108415953","https://groceries.morrisons.com/products/morrisons-the-best-seville-orange-marmalade/108415953","marmalade","2026-04-10T19:26:52.870Z","morrisons",,,"340g"
"Carte",,"https://groceries.morrisons.com/images-v3/4b85987b-1398-4173-a0c1-3546047c9d74/85fc2ae8-6b20-46e2-8093-9a5d7f2d8f94/300x300.jpg","Carte D'or Madagascan Vanilla Ice Cream Tub 900ml","Now £2.50, Was £3.75","true","2.5","112309897","https://groceries.morrisons.com/products/carte-d-or-madagascan-vanilla-ice-cream-tub-900ml/112309897","vanilla ice cream","2026-04-10T19:26:53.164Z","morrisons",,,"900ml"
"Kelly's",,"https://groceries.morrisons.com/images-v3/4b85987b-1398-4173-a0c1-3546047c9d74/4b6fa7b0-71e4-4023-9c84-34d6c3afa800/300x300.jpg","Kelly's Vanilla Bean with Cornish Clotted Cream 425ml","Now £3, Was £4.50","true","3","115316321","https://groceries.morrisons.com/products/kelly-s-vanilla-bean-with-cornish-clotted-cream-425ml/115316321","vanilla ice cream","2026-04-10T19:26:53.164Z","morrisons",,,"425ml"
"Kelly's",,"https://groceries.morrisons.com/images-v3/4b85987b-1398-4173-a0c1-3546047c9d74/c985ca1c-bb9b-495a-8778-b3ad4f812ebc/300x300.jpg","Kelly's Vanilla Cornish Dairy Ice Cream","Now £4.50, Was £5","true","4.5","100002006","https://groceries.morrisons.com/products/kelly-s-vanilla-cornish-dairy-ice-cream/100002006","vanilla ice cream","2026-04-10T19:26:53.164Z","morrisons",,,"2L"
"Morrisons",,"https://groceries.morrisons.com/images-v3/4b85987b-1398-4173-a0c1-3546047c9d74/fb0c8af9-9326-4d70-845c-d4c2fd5f79d3/300x300.jpg","Morrisons Vanilla Ice Cream",,"false","2.75","106057638","https://groceries.morrisons.com/products/morrisons-vanilla-ice-cream/106057638","vanilla ice cream","2026-04-10T19:26:53.164Z","morrisons",,,"900ml"
"Merchant",,"https://groceries.morrisons.com/images-v3/4b85987b-1398-4173-a0c1-3546047c9d74/9b317d1b-c670-47f6-8ec7-b37e51e6907f/300x300.jpg","Merchant Gourmet Lentil & Chickpea Tagine 280g","Now £1.75, Was £2.50","true","1.75","114871470","https://groceries.morrisons.com/products/merchant-gourmet-lentil-chickpea-tagine-280g/114871470","lentils tinned","2026-04-10T19:27:02.368Z","morrisons",,,"280g"
"Morrisons",,"https://groceries.morrisons.com/images-v3/4b85987b-1398-4173-a0c1-3546047c9d74/ac0bd77a-dd7b-446a-ba7e-a8d5342b7202/300x300.jpg","Morrisons Green Lentils In Water",,"false","0.5","115102613","https://groceries.morrisons.com/products/morrisons-green-lentils-in-water/115102613","lentils tinned","2026-04-10T19:27:02.368Z","morrisons",,,"400g"
"Napolina",,"https://groceries.morrisons.com/images-v3/4b85987b-1398-4173-a0c1-3546047c9d74/d71ffec2-b4b2-444b-96ed-a53415f4beb9/300x300.jpg","Napolina Lentils In Water 400g",,"false","1","110203685","https://groceries.morrisons.com/products/napolina-lentils-in-water-400g/110203685","lentils tinned","2026-04-10T19:27:02.368Z","morrisons",,,"240g"
"Ainsley",,"https://groceries.morrisons.com/images-v3/4b85987b-1398-4173-a0c1-3546047c9d74/6cc9761f-4a4e-4771-b18f-3b7b43f3eb0f/300x300.jpg","Ainsley Harriott Tasty Grains Mediterranean Couscous Bulgur & Lentils 100g",,"false","1","115101979","https://groceries.morrisons.com/products/ainsley-harriott-tasty-grains-mediterranean-couscous-bulgur-lentils-100g/115101979","lentils tinned","2026-04-10T19:27:02.368Z","morrisons",,,"100g"
"Crisp",,"https://groceries.morrisons.com/images-v3/4b85987b-1398-4173-a0c1-3546047c9d74/a145ce78-4189-47db-a3e1-c9c86a641e96/300x300.jpg","Crisp 'n' Dry Rapeseed Oil","Now £2.25, Was £2.95","true","2.25","100397551","https://groceries.morrisons.com/products/crisp-n-dry-rapeseed-oil/100397551","vegetable oil","2026-04-10T19:27:09.967Z","morrisons",,,"1L"
"Morrisons",,"https://groceries.morrisons.com/images-v3/4b85987b-1398-4173-a0c1-3546047c9d74/4731399c-6d9f-4c54-ae4e-bdb8f8bdbbc4/300x300.jpg","Morrisons Vegetable Oil    1l",,"false","1.95","104761912","https://groceries.morrisons.com/products/morrisons-vegetable-oil-1l/104761912","vegetable oil","2026-04-10T19:27:09.967Z","morrisons",,,"1L"
"Morrisons",,"https://groceries.morrisons.com/images-v3/4b85987b-1398-4173-a0c1-3546047c9d74/bd766647-84ca-4ecf-9248-972c7bd87f90/300x300.jpg","Morrisons Vegetable Oil",,"false","5","104761883","https://groceries.morrisons.com/products/morrisons-vegetable-oil/104761883","vegetable oil","2026-04-10T19:27:09.967Z","morrisons",,,"3L"
"Morrisons",,"https://groceries.morrisons.com/images-v3/4b85987b-1398-4173-a0c1-3546047c9d74/10d19d45-6edd-4010-a6b0-b7e5bc412c26/300x300.jpg","Morrisons Sunflower Oil   1L",,"false","1.95","112924806","https://groceries.morrisons.com/products/morrisons-sunflower-oil-1l/112924806","vegetable oil","2026-04-10T19:27:09.967Z","morrisons",,,"1L"
"Flora",,"https://groceries.morrisons.com/images-v3/4b85987b-1398-4173-a0c1-3546047c9d74/b0348d2b-2902-4a17-8578-15e1c2ac66c3/300x300.jpg","Flora Pure Sunflower Oil with Vitamin E","Now £4.50, Was £6.25","true","4.5","100398458","https://groceries.morrisons.com/products/flora-pure-sunflower-oil-with-vitamin-e/100398458","vegetable oil","2026-04-10T19:27:09.967Z","morrisons",,,"2L"
"Morrisons",,"https://groceries.morrisons.com/images-v3/4b85987b-1398-4173-a0c1-3546047c9d74/f98c7275-16c5-4986-bf90-60ccab0fa602/300x300.jpg","Morrisons Savers Porridge Oats","Price Match","true","0.85","104454411","https://groceries.morrisons.com/products/morrisons-savers-porridge-oats/104454411","porridge oats","2026-04-10T19:27:20.799Z","morrisons",,,"1kg"
"Morrisons",,"https://groceries.morrisons.com/images-v3/4b85987b-1398-4173-a0c1-3546047c9d74/7bc83dab-44b3-4343-ae70-23a306bdb52f/300x300.jpg","Morrisons Porridge Oats",,"false","1.35","105489771","https://groceries.morrisons.com/products/morrisons-porridge-oats/105489771","porridge oats","2026-04-10T19:27:20.799Z","morrisons",,,"1kg"
"Flahavan's",,"https://groceries.morrisons.com/images-v3/4b85987b-1398-4173-a0c1-3546047c9d74/99b2f8c6-4d9f-475a-a5ec-7a3cee99ebfa/300x300.jpg","Flahavan's Organic Porridge Oats   1kg",,"false","3","114542431","https://groceries.morrisons.com/products/flahavan-s-organic-porridge-oats-1kg/114542431","porridge oats","2026-04-10T19:27:20.799Z","morrisons",,,"1kg"
"Mornflake",,"https://groceries.morrisons.com/images-v3/4b85987b-1398-4173-a0c1-3546047c9d74/213974aa-5063-4d3b-b3ae-669ee1e19e94/300x300.jpg","Mornflake Mighty Oats Creamy Superfast Oats 2kg",,"false","3.09","107313541","https://groceries.morrisons.com/products/mornflake-mighty-oats-creamy-superfast-oats-2kg/107313541","porridge oats","2026-04-10T19:27:20.799Z","morrisons",,,"2kg"
"Scott's",,"https://groceries.morrisons.com/images-v3/4b85987b-1398-4173-a0c1-3546047c9d74/4a213beb-52d7-4d0b-b649-6913f61cc24d/300x300.jpg","Scott's Porage Original Porridge Oats","Buy 2 for £4.50","true","2.95","100105846","https://groceries.morrisons.com/products/scott-s-porage-original-porridge-oats/100105846","porridge oats","2026-04-10T19:27:20.799Z","morrisons",,,"1kg"
"Carte",,"https://groceries.morrisons.com/images-v3/4b85987b-1398-4173-a0c1-3546047c9d74/61dbfe91-c92f-4be9-97af-eec3d4f64037/300x300.jpg","Carte D'Or Indulgent Chocolate Ice Cream Tub 900ml","Now £2.50, Was £3.75","true","2.5","112315082","https://groceries.morrisons.com/products/carte-d-or-indulgent-chocolate-ice-cream-tub-900ml/112315082","chocolate ice cream","2026-04-10T19:27:32.005Z","morrisons",,,"900ml"
"Ben",,"https://groceries.morrisons.com/images-v3/4b85987b-1398-4173-a0c1-3546047c9d74/fcdbc41a-f55b-48e2-8346-3c1a67ba7472/300x300.jpg","Ben & Jerry's Chocolate Fudge Brownie Ice Cream Tub 465ml","Now £3, Was £5.50","true","3","110973495","https://groceries.morrisons.com/products/ben-jerry-s-chocolate-fudge-brownie-ice-cream-tub-465ml/110973495","chocolate ice cream","2026-04-10T19:27:32.005Z","morrisons",,,"465ml"
"Magnum",,"https://groceries.morrisons.com/images-v3/4b85987b-1398-4173-a0c1-3546047c9d74/b9258079-aa2c-46c5-9ba2-648eca9bf687/300x300.jpg","Magnum Classic Ice Cream Sticks 6 x 100ml","Now £4.75, Was £6","true","4.75","112945711","https://groceries.morrisons.com/products/magnum-classic-ice-cream-sticks-6-x-100ml/112945711","chocolate ice cream","2026-04-10T19:27:32.005Z","morrisons",,,"6 x 100ml"
"Haagen-Dazs",,"https://groceries.morrisons.com/images-v3/4b85987b-1398-4173-a0c1-3546047c9d74/e31e7819-88a7-44a4-a48c-611a078844b7/300x300.jpg","Haagen-Dazs Belgian Chocolate Ice Cream","Now £3.95, Was £5.75","true","3.95","111375331","https://groceries.morrisons.com/products/haagen-dazs-belgian-chocolate-ice-cream/111375331","chocolate ice cream","2026-04-10T19:27:32.005Z","morrisons",,,"460ml"
"Morrisons",,"https://groceries.morrisons.com/images-v3/4b85987b-1398-4173-a0c1-3546047c9d74/30b7e071-d872-47da-9abc-4437f2e65b62/300x300.jpg","Morrisons Double Chocolate Ice Cream",,"false","2.75","106057435","https://groceries.morrisons.com/products/morrisons-double-chocolate-ice-cream/106057435","chocolate ice cream","2026-04-10T19:27:32.005Z","morrisons",,,"900ml"
"Morrisons",,"https://groceries.morrisons.com/images-v3/4b85987b-1398-4173-a0c1-3546047c9d74/5c4c760e-e1d7-4fd3-9129-1bdcdb7ad267/300x300.jpg","Morrisons Butter Beans In Water (400g)","Price Match","true","0.45","110428155","https://groceries.morrisons.com/products/morrisons-butter-beans-in-water-400g/110428155","butter beans tinned","2026-04-10T19:27:43.116Z","morrisons",,,"240g"
"Heinz",,"https://groceries.morrisons.com/images-v3/4b85987b-1398-4173-a0c1-3546047c9d74/2eddc474-2da4-4fea-acf5-8a03578dd176/300x300.jpg","Heinz No Added Sugar Baked Beans 200g","Buy 2 for £1.50","true","1","108788581","https://groceries.morrisons.com/products/heinz-no-added-sugar-baked-beans-200g/108788581","butter beans tinned","2026-04-10T19:27:43.116Z","morrisons",,,"200g"
"Morrisons",,"https://groceries.morrisons.com/images-v3/4b85987b-1398-4173-a0c1-3546047c9d74/bdfdda81-2dc7-491f-b190-29975be015c2/300x300.jpg","Morrisons Mixed Beans (300g)",,"false","0.7","105408125","https://groceries.morrisons.com/products/morrisons-mixed-beans-300g/105408125","butter beans tinned","2026-04-10T19:27:43.116Z","morrisons",,,"180g"
"Branston",,"https://groceries.morrisons.com/images-v3/4b85987b-1398-4173-a0c1-3546047c9d74/ae092522-1d71-477c-9798-c8f87fe730b4/300x300.jpg","Branston Baked Beans",,"false","0.75","100369059","https://groceries.morrisons.com/products/branston-baked-beans/100369059","butter beans tinned","2026-04-10T19:27:43.116Z","morrisons",,,"220g"
"Morrisons",,"https://groceries.morrisons.com/images-v3/4b85987b-1398-4173-a0c1-3546047c9d74/634f7ebb-ec6f-412a-a1c5-1a52ffb6ff18/300x300.jpg","Morrisons Traditional Sliced Runner Beans",,"false","1.85","114723653","https://groceries.morrisons.com/products/morrisons-traditional-sliced-runner-beans/114723653","butter beans tinned","2026-04-10T19:27:43.116Z","morrisons",,,"160g"
"Morrisons",,"https://groceries.morrisons.com/images-v3/4b85987b-1398-4173-a0c1-3546047c9d74/22ed0e89-164a-4b8d-a570-4bccd9141323/300x300.jpg","Morrisons Cornflakes 500g","Price Match","true","0.95","107144346","https://groceries.morrisons.com/products/morrisons-cornflakes-500g/107144346","cornflakes","2026-04-10T19:27:54.765Z","morrisons",,,"500g"
"Kellogg's",,"https://groceries.morrisons.com/images-v3/4b85987b-1398-4173-a0c1-3546047c9d74/a0dee1ba-1115-4323-9d4d-2d8bc70be5b3/300x300.jpg","Kellogg's Crunchy Nut 460g","Now £2.85, Was £3.50","true","2.85","114074489","https://groceries.morrisons.com/products/kellogg-s-crunchy-nut-460g/114074489","cornflakes","2026-04-10T19:27:54.765Z","morrisons",,,"460g"
"Kellogg's",,"https://groceries.morrisons.com/images-v3/4b85987b-1398-4173-a0c1-3546047c9d74/60726756-0f78-406a-a9e9-1181cf7d2fa8/300x300.jpg","Kellogg's Corn Flakes Breakfast Cereal 1kg",,"false","4.2","108802890","https://groceries.morrisons.com/products/kellogg-s-corn-flakes-breakfast-cereal-1kg/108802890","cornflakes","2026-04-10T19:27:54.765Z","morrisons",,,"1kg"
"Kellogg's",,"https://groceries.morrisons.com/images-v3/4b85987b-1398-4173-a0c1-3546047c9d74/509e36aa-7ca3-49b7-aefc-2c92f56698c5/300x300.jpg","Kellogg's Corn Flakes",,"false","3.54","114074139","https://groceries.morrisons.com/products/kellogg-s-corn-flakes/114074139","cornflakes","2026-04-10T19:27:54.765Z","morrisons",,,"670g"
"Kellogg's",,"https://groceries.morrisons.com/images-v3/4b85987b-1398-4173-a0c1-3546047c9d74/d73692df-705e-487e-a40a-0e7cda0c91d7/300x300.jpg","Kellogg's Corn Flakes Breakfast Cereal 450g",,"false","2.77","112341651","https://groceries.morrisons.com/products/kellogg-s-corn-flakes-breakfast-cereal-450g/112341651","cornflakes","2026-04-10T19:27:54.765Z","morrisons",,,"450g"
"Flora",,"https://groceries.morrisons.com/images-v3/4b85987b-1398-4173-a0c1-3546047c9d74/b0348d2b-2902-4a17-8578-15e1c2ac66c3/300x300.jpg","Flora Pure Sunflower Oil with Vitamin E","Now £4.50, Was £6.25","true","4.5","100398458","https://groceries.morrisons.com/products/flora-pure-sunflower-oil-with-vitamin-e/100398458","sunflower oil","2026-04-10T19:28:04.888Z","morrisons",,,"2L"
"Morrisons",,"https://groceries.morrisons.com/images-v3/4b85987b-1398-4173-a0c1-3546047c9d74/10d19d45-6edd-4010-a6b0-b7e5bc412c26/300x300.jpg","Morrisons Sunflower Oil   1L",,"false","1.95","112924806","https://groceries.morrisons.com/products/morrisons-sunflower-oil-1l/112924806","sunflower oil","2026-04-10T19:28:04.888Z","morrisons",,,"1L"
"Morrisons",,"https://groceries.morrisons.com/images-v3/4b85987b-1398-4173-a0c1-3546047c9d74/3ac5e103-70b5-43a1-ab88-8be0c55caa6a/300x300.jpg","Morrisons Sunflower Oil",,"false","5.97","112924849","https://groceries.morrisons.com/products/morrisons-sunflower-oil/112924849","sunflower oil","2026-04-10T19:28:04.888Z","morrisons",,,"3L"
"Morrisons",,"https://groceries.morrisons.com/images-v3/4b85987b-1398-4173-a0c1-3546047c9d74/4731399c-6d9f-4c54-ae4e-bdb8f8bdbbc4/300x300.jpg","Morrisons Vegetable Oil    1l",,"false","1.95","104761912","https://groceries.morrisons.com/products/morrisons-vegetable-oil-1l/104761912","sunflower oil","2026-04-10T19:28:04.888Z","morrisons",,,"1L"
"Crisp",,"https://groceries.morrisons.com/images-v3/4b85987b-1398-4173-a0c1-3546047c9d74/a145ce78-4189-47db-a3e1-c9c86a641e96/300x300.jpg","Crisp 'n' Dry Rapeseed Oil","Now £2.25, Was £2.95","true","2.25","100397551","https://groceries.morrisons.com/products/crisp-n-dry-rapeseed-oil/100397551","sunflower oil","2026-04-10T19:28:04.888Z","morrisons",,,"1L"
"Fab",,"https://groceries.morrisons.com/images-v3/4b85987b-1398-4173-a0c1-3546047c9d74/5b112a82-67ff-4ce7-b2e3-acea32f1bca1/300x300.jpg","Fab Strawberry Ice Lollies","Now £2, Was £2.50","true","2","107193691","https://groceries.morrisons.com/products/fab-strawberry-ice-lollies/107193691","ice lollies","2026-04-10T19:28:07.301Z","morrisons",,,"6 x 58ml"
"Nestle",,"https://groceries.morrisons.com/images-v3/4b85987b-1398-4173-a0c1-3546047c9d74/8858e8ce-1fe1-450c-82a8-5cb6f2d38f3b/300x300.jpg","Nestle Rowntrees Fruit Pastilles Lollies Family Pack","Now £3.50, Was £4","true","3.5","108154722","https://groceries.morrisons.com/products/nestle-rowntrees-fruit-pastilles-lollies-family-pack/108154722","ice lollies","2026-04-10T19:28:07.301Z","morrisons",,,"8 x 65ml"
"Rowntree's",,"https://groceries.morrisons.com/images-v3/4b85987b-1398-4173-a0c1-3546047c9d74/4e8f620c-92aa-4d00-9597-7b52abfe05f4/300x300.jpg","Rowntree's Fruit Pastilles Lollies 4 Pack","Buy 2 for £4","true","2.5","100001836","https://groceries.morrisons.com/products/rowntree-s-fruit-pastilles-lollies-4-pack/100001836","ice lollies","2026-04-10T19:28:07.301Z","morrisons",,,"4 x 65ml"
"Morrisons",,"https://groceries.morrisons.com/images-v3/4b85987b-1398-4173-a0c1-3546047c9d74/4e25bfec-eb3d-4b4b-8289-abfd411181a5/300x300.jpg","Morrisons Rocket Ice Lollies","Buy 8 for £10 - Online Exclusive","true","1.7","105293946","https://groceries.morrisons.com/products/morrisons-rocket-ice-lollies/105293946","ice lollies","2026-04-10T19:28:07.301Z","morrisons",,,"8 x 58ml"
"Morrisons",,"https://groceries.morrisons.com/images-v3/4b85987b-1398-4173-a0c1-3546047c9d74/8606c507-7e31-4b8d-b352-adb91ba7cf56/300x300.jpg","Morrisons Savers Ice Lollies",,"false","1.15","105293647","https://groceries.morrisons.com/products/morrisons-savers-ice-lollies/105293647","ice lollies","2026-04-10T19:28:07.301Z","morrisons",,,"8 x 35ml"
"Birds",,"https://groceries.morrisons.com/images-v3/4b85987b-1398-4173-a0c1-3546047c9d74/d1966a18-fc0f-4773-88a8-d2c5fbb41586/300x300.jpg","Birds Eye 20 Omega 3 Fish Fingers 560g","Now £3, Was £4.50","true","3","110455348","https://groceries.morrisons.com/products/birds-eye-20-omega-3-fish-fingers-560g/110455348","frozen fish fingers","2026-04-10T19:28:17.986Z","morrisons",,,"560g"
"Birds",,"https://groceries.morrisons.com/images-v3/4b85987b-1398-4173-a0c1-3546047c9d74/34fa6e79-707c-424f-be41-29bc1de2a7f1/300x300.jpg","Birds Eye 8 Breaded Haddock Fish Fingers    240g","Now £3.50, Was £4.25","true","3.5","115798534","https://groceries.morrisons.com/products/birds-eye-8-breaded-haddock-fish-fingers-240g/115798534","frozen fish fingers","2026-04-10T19:28:17.986Z","morrisons",,,"240g"
"Morrisons",,"https://groceries.morrisons.com/images-v3/4b85987b-1398-4173-a0c1-3546047c9d74/c613592e-50bd-4bf3-9319-07600aa2d424/300x300.jpg","Morrisons 10 Omega 3 Fish Fingers","Price Match","true","0.93","105737631","https://groceries.morrisons.com/products/morrisons-10-omega-3-fish-fingers/105737631","frozen fish fingers","2026-04-10T19:28:17.986Z","morrisons",,,"300g"
"Young's",,"https://groceries.morrisons.com/images-v3/4b85987b-1398-4173-a0c1-3546047c9d74/06223a97-d6fe-4796-8bd4-bd69d3f7d0cb/300x300.jpg","Young's 15 Omega 3 Fish Fingers 450g","Now £3.50, Was £4","true","3.5","115382678","https://groceries.morrisons.com/products/young-s-15-omega-3-fish-fingers-450g/115382678","frozen fish fingers","2026-04-10T19:28:17.986Z","morrisons",,,"450g"
"Birds",,"https://groceries.morrisons.com/images-v3/4b85987b-1398-4173-a0c1-3546047c9d74/547a02b6-4fb9-4f35-a17d-c7c3389b664a/300x300.jpg","Birds Eye 26 Breaded Cod Fish Fingers    780g",,"false","8.5","115798850","https://groceries.morrisons.com/products/birds-eye-26-breaded-cod-fish-fingers-780g/115798850","frozen fish fingers","2026-04-10T19:28:17.986Z","morrisons",,,"780g"
"Jordans",,"https://groceries.morrisons.com/images-v3/4b85987b-1398-4173-a0c1-3546047c9d74/c8070d72-edb9-4db5-9cd6-772ad66951f2/300x300.jpg","Jordans Super Berry Granola Breakfast Cereal","Now £2.95, Was £4.29","true","2.95","113244044","https://groceries.morrisons.com/products/jordans-super-berry-granola-breakfast-cereal/113244044","granola","2026-04-10T19:28:18.889Z","morrisons",,,"500g"
"Morrisons",,"https://groceries.morrisons.com/images-v3/4b85987b-1398-4173-a0c1-3546047c9d74/5eb492b8-daab-4f9b-802b-e2a4eb9858dd/300x300.jpg","Morrisons Simply Granola",,"false","2.65","107438475","https://groceries.morrisons.com/products/morrisons-simply-granola/107438475","granola","2026-04-10T19:28:18.889Z","morrisons",,,"1kg"
"Morrisons",,"https://groceries.morrisons.com/images-v3/4b85987b-1398-4173-a0c1-3546047c9d74/f51a45b1-560c-4b61-a984-4fe7cc9aaaa8/300x300.jpg","Morrisons Superberry Granola",,"false","3.6","108304330","https://groceries.morrisons.com/products/morrisons-superberry-granola/108304330","granola","2026-04-10T19:28:18.889Z","morrisons",,,"750g"
"Morrisons",,"https://groceries.morrisons.com/images-v3/4b85987b-1398-4173-a0c1-3546047c9d74/5273dfdb-9bad-40f9-872b-5a5aea2fd32a/300x300.jpg","Morrisons The Best Nuts & Seed Granola 500g",,"false","3","108306714","https://groceries.morrisons.com/products/morrisons-the-best-nuts-seed-granola-500g/108306714","granola","2026-04-10T19:28:18.889Z","morrisons",,,"500g"
"Jordans",,"https://groceries.morrisons.com/images-v3/4b85987b-1398-4173-a0c1-3546047c9d74/2dfbaf0d-d5a2-4cc9-9177-02f749e23492/300x300.jpg","Jordans Simply Granola with a Hint of Honey Breakfast Cereal",,"false","3.75","108382354","https://groceries.morrisons.com/products/jordans-simply-granola-with-a-hint-of-honey-breakfast-cereal/108382354","granola","2026-04-10T19:28:18.889Z","morrisons",,,"750g"
"Morrisons",,"https://groceries.morrisons.com/images-v3/4b85987b-1398-4173-a0c1-3546047c9d74/860de774-b82e-4994-922f-8c4e2b51c5df/300x300.jpg","Morrisons Plain Flour   1.5kg","Price Match","true","0.7","107783471","https://groceries.morrisons.com/products/morrisons-plain-flour-1-5kg/107783471","plain flour","2026-04-10T19:28:29.594Z","morrisons",,,"1.5kg"
"Morrisons",,"https://groceries.morrisons.com/images-v3/4b85987b-1398-4173-a0c1-3546047c9d74/fbaa9e6c-9fe6-4f31-b45e-2d2e5f21a10e/300x300.jpg","Morrisons Self Raising Flour","Price Match","true","0.7","107782938","https://groceries.morrisons.com/products/morrisons-self-raising-flour/107782938","plain flour","2026-04-10T19:28:29.594Z","morrisons",,,"1.5kg"
"McDougalls",,"https://groceries.morrisons.com/images-v3/4b85987b-1398-4173-a0c1-3546047c9d74/cb75b2b5-f5a3-4777-acf6-f5c601bfe806/300x300.jpg","McDougalls Plain Flour Pre-sifted   1.1kg",,"false","2.05","110131790","https://groceries.morrisons.com/products/mcdougalls-plain-flour-pre-sifted-1-1kg/110131790","plain flour","2026-04-10T19:28:29.594Z","morrisons",,,"1.1kg"
"Morrisons",,"https://groceries.morrisons.com/images-v3/4b85987b-1398-4173-a0c1-3546047c9d74/b97efebe-d848-465f-9de7-fdc0e4e57b2e/300x300.jpg","Morrisons Plain Flour   500g",,"false","0.53","107783316","https://groceries.morrisons.com/products/morrisons-plain-flour-500g/107783316","plain flour","2026-04-10T19:28:29.594Z","morrisons",,,"500g"
"Be-Ro",,"https://groceries.morrisons.com/images-v3/4b85987b-1398-4173-a0c1-3546047c9d74/7f8fc783-b820-40d4-8a7f-b03464377e26/300x300.jpg","Be-Ro Plain Flour   1.1kg",,"false","2.05","110131765","https://groceries.morrisons.com/products/be-ro-plain-flour-1-1kg/110131765","plain flour","2026-04-10T19:28:29.594Z","morrisons",,,"1.1kg"
"John",,"https://groceries.morrisons.com/images-v3/4b85987b-1398-4173-a0c1-3546047c9d74/d16853b2-4454-400d-9896-c22001056701/300x300.jpg","John West Tuna Chunks in Spring Water 4x125g (102g drained)","Now £3.75, Was £4.70","true","3.75","113887082","https://groceries.morrisons.com/products/john-west-tuna-chunks-in-spring-water-4x125g-102g-drained/113887082","tinned tuna","2026-04-10T19:28:41.064Z","morrisons",,,"4 x 125g"
"John",,"https://groceries.morrisons.com/images-v3/4b85987b-1398-4173-a0c1-3546047c9d74/0680164c-3bfb-4cf4-8ec6-1b3c1191f236/300x300.jpg","John West Tuna Chunks in Sunflower Oil 4x125g (102g drained)","Now £3.75, Was £4.70","true","3.75","113887162","https://groceries.morrisons.com/products/john-west-tuna-chunks-in-sunflower-oil-4x125g-102g-drained/113887162","tinned tuna","2026-04-10T19:28:41.064Z","morrisons",,,"4 x 125g"
"Morrisons",,"https://groceries.morrisons.com/images-v3/4b85987b-1398-4173-a0c1-3546047c9d74/4a3ccd7d-1985-4778-bbc6-a60ba521c830/300x300.jpg","Morrisons Tuna Chunks In Spring Water 4x145g","Now £2.49, Was £2.95","true","2.49","110557192","https://groceries.morrisons.com/products/morrisons-tuna-chunks-in-spring-water-4x145g/110557192","tinned tuna","2026-04-10T19:28:41.064Z","morrisons",,,"4 x 102g"
"John",,"https://groceries.morrisons.com/images-v3/4b85987b-1398-4173-a0c1-3546047c9d74/838cf1fa-68df-42e4-842a-58b535260e6b/300x300.jpg","John West Tuna Chunks in Brine 4x125g (102g drained)","Now £3.75, Was £4.70","true","3.75","113888430","https://groceries.morrisons.com/products/john-west-tuna-chunks-in-brine-4x125g-102g-drained/113888430","tinned tuna","2026-04-10T19:28:41.064Z","morrisons",,,"4 x 125g"
"John",,"https://groceries.morrisons.com/images-v3/4b85987b-1398-4173-a0c1-3546047c9d74/2491dee0-e2a9-4f84-917f-1f88aea3d917/300x300.jpg","John West No Drain Tuna Chunks with a Little Spring Water MSC 3x100g",,"false","4","113886899","https://groceries.morrisons.com/products/john-west-no-drain-tuna-chunks-with-a-little-spring-water-msc-3x100g/113886899","tinned tuna","2026-04-10T19:28:41.064Z","morrisons",,,"3 x 100g"
"Morrisons",,"https://groceries.morrisons.com/images-v3/4b85987b-1398-4173-a0c1-3546047c9d74/fbaa9e6c-9fe6-4f31-b45e-2d2e5f21a10e/300x300.jpg","Morrisons Self Raising Flour","Price Match","true","0.7","107782938","https://groceries.morrisons.com/products/morrisons-self-raising-flour/107782938","self raising flour","2026-04-10T19:28:51.505Z","morrisons",,,"1.5kg"
"McDougalls",,"https://groceries.morrisons.com/images-v3/4b85987b-1398-4173-a0c1-3546047c9d74/7dda4df4-51b2-415c-ae8c-8fa9fbe70c88/300x300.jpg","McDougalls Self Raising Flour   1.1kg",,"false","2.05","110131829","https://groceries.morrisons.com/products/mcdougalls-self-raising-flour-1-1kg/110131829","self raising flour","2026-04-10T19:28:51.505Z","morrisons",,,"1.1kg"
"Be-Ro",,"https://groceries.morrisons.com/images-v3/4b85987b-1398-4173-a0c1-3546047c9d74/68a3ad8b-f0ec-4746-aed4-62e866d608ea/300x300.jpg","Be-Ro Self Raising Flour   1.1kg",,"false","2.05","110131731","https://groceries.morrisons.com/products/be-ro-self-raising-flour-1-1kg/110131731","self raising flour","2026-04-10T19:28:51.505Z","morrisons",,,"1.1kg"
"McDougalls",,"https://groceries.morrisons.com/images-v3/4b85987b-1398-4173-a0c1-3546047c9d74/60ba8897-73d5-46c8-acd1-987b7f43c90f/300x300.jpg","McDougalls Supreme Sponge Premium Self Raising Flour",,"false","2.5","100135535","https://groceries.morrisons.com/products/mcdougalls-supreme-sponge-premium-self-raising-flour/100135535","self raising flour","2026-04-10T19:28:51.505Z","morrisons",,,"1kg"
"Allinson's",,"https://groceries.morrisons.com/images-v3/4b85987b-1398-4173-a0c1-3546047c9d74/5f88f104-03b2-4471-9cc0-ef1b4887988b/300x300.jpg","Allinson's Self-Raising Wholemeal Flour","Now £1.79, Was £2.30","true","1.79","100135201","https://groceries.morrisons.com/products/allinson-s-self-raising-wholemeal-flour/100135201","self raising flour","2026-04-10T19:28:51.505Z","morrisons",,,"1kg"
"Weetabix",,"https://groceries.morrisons.com/images-v3/4b85987b-1398-4173-a0c1-3546047c9d74/21654085-aebe-4ac4-abb2-b2a9e0b0042a/300x300.jpg","Weetabix Chocolate Cereal","Now £3, Was £3.95","true","3","100116238","https://groceries.morrisons.com/products/weetabix-chocolate-cereal/100116238","weetabix","2026-04-10T19:29:02.668Z","morrisons",,,"24 per pack"
"Weetabix",,"https://groceries.morrisons.com/images-v3/4b85987b-1398-4173-a0c1-3546047c9d74/2a12d5a7-33f5-4982-b3ec-065f1cfe851d/300x300.jpg","Weetabix Cereal 48 Pack",,"false","5.5","100116271","https://groceries.morrisons.com/products/weetabix-cereal-48-pack/100116271","weetabix","2026-04-10T19:29:02.668Z","morrisons",,,"48 per pack"
"Weetabix",,"https://groceries.morrisons.com/images-v3/4b85987b-1398-4173-a0c1-3546047c9d74/b62f5a5e-02e2-44e7-8b5f-78b4bbf0f9b4/300x300.jpg","Weetabix Cereal",,"false","8","100116289","https://groceries.morrisons.com/products/weetabix-cereal/100116289","weetabix","2026-04-10T19:29:02.668Z","morrisons",,,"72 per pack"
"Weetabix",,"https://groceries.morrisons.com/images-v3/4b85987b-1398-4173-a0c1-3546047c9d74/85cc7bb1-8092-4cc2-88e7-74d043129dd7/300x300.jpg","Weetabix Banana Cereal","Now £3, Was £3.95","true","3","106063122","https://groceries.morrisons.com/products/weetabix-banana-cereal/106063122","weetabix","2026-04-10T19:29:02.668Z","morrisons",,,"24 per pack"
"Morrisons",,"https://groceries.morrisons.com/images-v3/4b85987b-1398-4173-a0c1-3546047c9d74/0dd27f6e-5951-4025-b00f-60b7729f77c4/300x300.jpg","Morrisons Wheat Biscuits 24 Pack","Now £1.80, Was £1.90","true","1.8","108566292","https://groceries.morrisons.com/products/morrisons-wheat-biscuits-24-pack/108566292","weetabix","2026-04-10T19:29:02.668Z","morrisons",,,"24 per pack"
"Allinson's",,"https://groceries.morrisons.com/images-v3/4b85987b-1398-4173-a0c1-3546047c9d74/defe4990-381c-473f-bac7-ffeb0a1a70ba/300x300.jpg","Allinson's Strong White Bread Flour",,"false","1.75","113047614","https://groceries.morrisons.com/products/allinson-s-strong-white-bread-flour/113047614","bread flour","2026-04-10T19:29:12.297Z","morrisons",,,"1kg"
"Morrisons",,"https://groceries.morrisons.com/images-v3/4b85987b-1398-4173-a0c1-3546047c9d74/5a358d4b-a18c-4527-88aa-d9765aa8f5b5/300x300.jpg","Morrisons Strong White Flour",,"false","1.3","105637374","https://groceries.morrisons.com/products/morrisons-strong-white-flour/105637374","bread flour","2026-04-10T19:29:12.297Z","morrisons",,,"1.5kg"
"Allinson's",,"https://groceries.morrisons.com/images-v3/4b85987b-1398-4173-a0c1-3546047c9d74/735323f8-e6a8-448e-80c0-de27bfedea15/300x300.jpg","Allinson's Very Strong Wholemeal Bread Flour",,"false","1.9","113047690","https://groceries.morrisons.com/products/allinson-s-very-strong-wholemeal-bread-flour/113047690","bread flour","2026-04-10T19:29:12.297Z","morrisons",,,"1kg"
"Allinson's",,"https://groceries.morrisons.com/images-v3/4b85987b-1398-4173-a0c1-3546047c9d74/53e5b1ca-69ad-4284-a940-0715eba6438a/300x300.jpg","Allinson's Very Strong White Bread Flour",,"false","1.9","113047665","https://groceries.morrisons.com/products/allinson-s-very-strong-white-bread-flour/113047665","bread flour","2026-04-10T19:29:12.297Z","morrisons",,,"1kg"
"Wright's",,"https://groceries.morrisons.com/images-v3/4b85987b-1398-4173-a0c1-3546047c9d74/04f25926-e8e2-49ad-b70a-920beb0a0d15/300x300.jpg","Wright's Mixed Grain Bread Mix",,"false","1.4","100134989","https://groceries.morrisons.com/products/wright-s-mixed-grain-bread-mix/100134989","bread flour","2026-04-10T19:29:12.297Z","morrisons",,,"500g"
"Morrisons",,"https://groceries.morrisons.com/images-v3/4b85987b-1398-4173-a0c1-3546047c9d74/c64e1e02-2edb-4aae-a920-a4921d2cbb8b/300x300.jpg","Morrisons The Best Hand Cooked Sea Salted Crisps 125g","Now £1, Was £1.30","true","1","112387959","https://groceries.morrisons.com/products/morrisons-the-best-hand-cooked-sea-salted-crisps-125g/112387959","ready salted crisps","2026-04-10T19:29:14.113Z","morrisons",,,"125g"
"Walkers",,"https://groceries.morrisons.com/images-v3/4b85987b-1398-4173-a0c1-3546047c9d74/0e84c7fa-2f45-4da3-ae02-f502aee1f69a/300x300.jpg","Walkers Ready Salted Multipack Crisps",,"false","3.24","111652124","https://groceries.morrisons.com/products/walkers-ready-salted-multipack-crisps/111652124","ready salted crisps","2026-04-10T19:29:14.113Z","morrisons",,,"12 x 25g"
"Morrisons",,"https://groceries.morrisons.com/images-v3/4b85987b-1398-4173-a0c1-3546047c9d74/da40ab9f-201b-4801-96b5-eb2ec80b0418/300x300.jpg","Morrisons Ready Salted Flavour Crisps Multipack",,"false","1.1","104250354","https://groceries.morrisons.com/products/morrisons-ready-salted-flavour-crisps-multipack/104250354","ready salted crisps","2026-04-10T19:29:14.113Z","morrisons",,,"6 x 25g"
"Walkers",,"https://groceries.morrisons.com/images-v3/4b85987b-1398-4173-a0c1-3546047c9d74/dd83310b-71fc-4878-80e4-df358fa980c4/300x300.jpg","Walkers Ready Salted Multipack Crisps 6 Pack",,"false","2.2","107290010","https://groceries.morrisons.com/products/walkers-ready-salted-multipack-crisps-6-pack/107290010","ready salted crisps","2026-04-10T19:29:14.113Z","morrisons",,,"6 x 25g"
"Seabrook",,"https://groceries.morrisons.com/images-v3/4b85987b-1398-4173-a0c1-3546047c9d74/c905235d-603d-4c9c-bf72-f8c9a589704c/300x300.jpg","Seabrook Sea Salt Crisps 6 Pack",,"false","1.5","105043875","https://groceries.morrisons.com/products/seabrook-sea-salt-crisps-6-pack/105043875","ready salted crisps","2026-04-10T19:29:14.113Z","morrisons",,,"150g"
"McCoy's",,"https://groceries.morrisons.com/images-v3/4b85987b-1398-4173-a0c1-3546047c9d74/d2b20259-d931-4656-b465-a7da4e77173e/300x300.jpg","McCoy's Cheddar & Onion Multipack Crisps 6 Pack","Now £1.75, Was £2.35","true","1.75","110460446","https://groceries.morrisons.com/products/mccoy-s-cheddar-onion-multipack-crisps-6-pack/110460446","cheese onion crisps","2026-04-10T19:29:25.109Z","morrisons",,,"6 x 25g"
"Jacob's",,"https://groceries.morrisons.com/images-v3/4b85987b-1398-4173-a0c1-3546047c9d74/37038263-c9f6-4f01-b27a-dcac09347f69/300x300.jpg","Jacob's Baked Cheddars Cheese Crackers","Now £1, Was £1.50","true","1","100120561","https://groceries.morrisons.com/products/jacob-s-baked-cheddars-cheese-crackers/100120561","cheese onion crisps","2026-04-10T19:29:25.109Z","morrisons",,,"150g"
"Morrisons",,"https://groceries.morrisons.com/images-v3/4b85987b-1398-4173-a0c1-3546047c9d74/2a8d3f73-3128-4266-a731-e20fb6f73c13/300x300.jpg","Morrisons Cheese and Onion Flavour Crisps Multipack",,"false","1.1","104250442","https://groceries.morrisons.com/products/morrisons-cheese-and-onion-flavour-crisps-multipack/104250442","cheese onion crisps","2026-04-10T19:29:25.109Z","morrisons",,,"6 x 25g"
"Walkers",,"https://groceries.morrisons.com/images-v3/4b85987b-1398-4173-a0c1-3546047c9d74/1a4ea3d2-34b8-4aa2-bfaa-0790a73ee731/300x300.jpg","Walkers Cheese & Onion Multipack Crisps",,"false","3.24","111652175","https://groceries.morrisons.com/products/walkers-cheese-onion-multipack-crisps/111652175","cheese onion crisps","2026-04-10T19:29:25.109Z","morrisons",,,"12 x 25g"
"Walkers",,"https://groceries.morrisons.com/images-v3/4b85987b-1398-4173-a0c1-3546047c9d74/7556e7b2-3b52-4a6b-9545-7115768f4e24/300x300.jpg","Walkers Cheese & Onion Multipack Crisps 6 Pack x 25g",,"false","2.2","107290108","https://groceries.morrisons.com/products/walkers-cheese-onion-multipack-crisps-6-pack-x-25g/107290108","cheese onion crisps","2026-04-10T19:29:25.109Z","morrisons",,,"6 x 25g"
"Alpen",,"https://groceries.morrisons.com/images-v3/4b85987b-1398-4173-a0c1-3546047c9d74/8e51c2f2-ed06-4dd1-8af3-9ff2ede86550/300x300.jpg","Alpen No Added Sugar Muesli 550g","Now £2.50, Was £3.10","true","2.5","111143531","https://groceries.morrisons.com/products/alpen-no-added-sugar-muesli-550g/111143531","muesli","2026-04-10T19:29:36.232Z","morrisons",,,"550g"
"Alpen",,"https://groceries.morrisons.com/images-v3/4b85987b-1398-4173-a0c1-3546047c9d74/0f3a529e-d796-45de-8845-8d8e23993bad/300x300.jpg","Alpen No Added Sugar Muesli   950g",,"false","3.99","114703361","https://groceries.morrisons.com/products/alpen-no-added-sugar-muesli-950g/114703361","muesli","2026-04-10T19:29:36.232Z","morrisons",,,"950g"
"Morrisons",,"https://groceries.morrisons.com/images-v3/4b85987b-1398-4173-a0c1-3546047c9d74/19a5e5ef-07d7-4204-81c8-315fdd7dddd2/300x300.jpg","Morrisons Extra Fruity Muesli",,"false","2.5","105929684","https://groceries.morrisons.com/products/morrisons-extra-fruity-muesli/105929684","muesli","2026-04-10T19:29:36.232Z","morrisons",,,"750g"
"Morrisons",,"https://groceries.morrisons.com/images-v3/4b85987b-1398-4173-a0c1-3546047c9d74/5f38a471-674e-4fe6-a0d1-bbd669ae059f/300x300.jpg","Morrisons No Added Sugar Swiss Style Muesli 1kg",,"false","2.5","105933413","https://groceries.morrisons.com/products/morrisons-no-added-sugar-swiss-style-muesli-1kg/105933413","muesli","2026-04-10T19:29:36.232Z","morrisons",,,"1kg"
"Morrisons",,"https://groceries.morrisons.com/images-v3/4b85987b-1398-4173-a0c1-3546047c9d74/07bdf547-3388-4ad9-a5a7-3336beb51438/300x300.jpg","Morrisons Fruit & Nut Muesli",,"false","2.5","105933350","https://groceries.morrisons.com/products/morrisons-fruit-nut-muesli/105933350","muesli","2026-04-10T19:29:36.232Z","morrisons",,,"750g"
"Kellogg's",,"https://groceries.morrisons.com/images-v3/4b85987b-1398-4173-a0c1-3546047c9d74/21fbe2ec-50d6-4bc6-805c-9529923a43ac/300x300.jpg","Kellogg's Rice Krispies Breakfast Cereal","Now £3.85, Was £4.35","true","3.85","112986628","https://groceries.morrisons.com/products/kellogg-s-rice-krispies-breakfast-cereal/112986628","rice krispies","2026-04-10T19:29:46.501Z","morrisons",,,"660g"
"Kellogg's",,"https://groceries.morrisons.com/images-v3/4b85987b-1398-4173-a0c1-3546047c9d74/b906f9ee-7e8d-46df-8900-91dc840b21dc/300x300.jpg","Kellogg's Rice Krispies Breakfast Cereal 430g",,"false","3.5","113388304","https://groceries.morrisons.com/products/kellogg-s-rice-krispies-breakfast-cereal-430g/113388304","rice krispies","2026-04-10T19:29:46.501Z","morrisons",,,"430g"
"Morrisons",,"https://groceries.morrisons.com/images-v3/4b85987b-1398-4173-a0c1-3546047c9d74/2d0f4b3f-06df-43e8-a5d2-b479efcc744a/300x300.jpg","Morrisons Rice Crackles",,"false","1.25","111096181","https://groceries.morrisons.com/products/morrisons-rice-crackles/111096181","rice krispies","2026-04-10T19:29:46.501Z","morrisons",,,"375g"
"Kellogg's",,"https://groceries.morrisons.com/images-v3/4b85987b-1398-4173-a0c1-3546047c9d74/a15a64bb-54b2-4b0d-ba32-d00b04d6ef54/300x300.jpg","Kellogg's Rice Krispies Multigrain Shapes Breakfast Cereal 350g",,"false","3.5","100116019","https://groceries.morrisons.com/products/kellogg-s-rice-krispies-multigrain-shapes-breakfast-cereal-350g/100116019","rice krispies","2026-04-10T19:29:46.501Z","morrisons",,,"350g"
"Kellogg's",,"https://groceries.morrisons.com/images-v3/4b85987b-1398-4173-a0c1-3546047c9d74/0f2d73c3-dbb6-4fd3-bd71-f976f9381a64/300x300.jpg","Kellogg's Rice Krispies Breakfast Cereal Bars 4x20g",,"false","1","115128291","https://groceries.morrisons.com/products/kellogg-s-rice-krispies-breakfast-cereal-bars-4x20g/115128291","rice krispies","2026-04-10T19:29:46.501Z","morrisons",,,"4 x 20g"
"Tate",,"https://groceries.morrisons.com/images-v3/4b85987b-1398-4173-a0c1-3546047c9d74/82362e0c-1963-408c-bfe9-f6177bd748a5/300x300.jpg","Tate & Lyle Pure Cane Caster Sugar 1kg",,"false","2.25","115578371","https://groceries.morrisons.com/products/tate-lyle-pure-cane-caster-sugar-1kg/115578371","caster sugar","2026-04-10T19:29:55.171Z","morrisons",,,"1kg"
"Tate",,"https://groceries.morrisons.com/images-v3/4b85987b-1398-4173-a0c1-3546047c9d74/73b968d3-4510-4ba3-89a0-def9e53d9fd7/300x300.jpg","Tate & Lyle Pure Cane Caster Sugar 500g",,"false","1.75","115578064","https://groceries.morrisons.com/products/tate-lyle-pure-cane-caster-sugar-500g/115578064","caster sugar","2026-04-10T19:29:55.171Z","morrisons",,,"500g"
"Tate",,"https://groceries.morrisons.com/images-v3/4b85987b-1398-4173-a0c1-3546047c9d74/32a83980-024e-4317-a657-c5e147d17743/300x300.jpg","Tate & Lyle Pure Cane Caster Sugar 2kg",,"false","4.2","115577969","https://groceries.morrisons.com/products/tate-lyle-pure-cane-caster-sugar-2kg/115577969","caster sugar","2026-04-10T19:29:55.171Z","morrisons",,,"2kg"
"Tate",,"https://groceries.morrisons.com/images-v3/4b85987b-1398-4173-a0c1-3546047c9d74/95b28792-ea05-4a02-a960-81be6dff9320/300x300.jpg","Tate & Lyle Fairtrade Golden Caster Pure Cane Sugar 1kg",,"false","2.75","115578777","https://groceries.morrisons.com/products/tate-lyle-fairtrade-golden-caster-pure-cane-sugar-1kg/115578777","caster sugar","2026-04-10T19:29:55.171Z","morrisons",,,"1kg"
"Tate",,"https://groceries.morrisons.com/images-v3/4b85987b-1398-4173-a0c1-3546047c9d74/0eef9444-d291-42e2-9204-d4f050dc568a/300x300.jpg","Tate & Lyle Pure Cane Granulated Sugar 500g",,"false","0.89","115646055","https://groceries.morrisons.com/products/tate-lyle-pure-cane-granulated-sugar-500g/115646055","caster sugar","2026-04-10T19:29:55.171Z","morrisons",,,"500g"
"Kettle",,"https://groceries.morrisons.com/images-v3/4b85987b-1398-4173-a0c1-3546047c9d74/6a94fa39-be2a-4d41-b73d-06966f86f9e6/300x300.jpg","Kettle Chips Sea Salt & Balsamic Vinegar of Modena Sharing Crisps","Now £1.65, Was £2.65","true","1.65","112683150","https://groceries.morrisons.com/products/kettle-chips-sea-salt-balsamic-vinegar-of-modena-sharing-crisps/112683150","salt vinegar crisps","2026-04-10T19:29:57.561Z","morrisons",,,"130g"
"Morrisons",,"https://groceries.morrisons.com/images-v3/4b85987b-1398-4173-a0c1-3546047c9d74/d0efc56f-aa31-4447-b794-802c192a5594/300x300.jpg","Morrisons The Best Sea Salt & Vinegar Crisps","Now £1, Was £1.30","true","1","112388311","https://groceries.morrisons.com/products/morrisons-the-best-sea-salt-vinegar-crisps/112388311","salt vinegar crisps","2026-04-10T19:29:57.561Z","morrisons",,,"125g"
"Pringles",,"https://groceries.morrisons.com/images-v3/4b85987b-1398-4173-a0c1-3546047c9d74/7379ae0f-59bd-4bf0-a19d-2c647e374f20/300x300.jpg","Pringles Salt & Vinegar   165g",,"false","1.5","113124341","https://groceries.morrisons.com/products/pringles-salt-vinegar-165g/113124341","salt vinegar crisps","2026-04-10T19:29:57.561Z","morrisons",,,"165g"
"McCoy's",,"https://groceries.morrisons.com/images-v3/4b85987b-1398-4173-a0c1-3546047c9d74/9e180634-6fdf-426a-808a-0b4a22f7d7f9/300x300.jpg","McCoy's Coated Peanuts Salt & Malt Vinegar",,"false","1.75","115794592","https://groceries.morrisons.com/products/mccoy-s-coated-peanuts-salt-malt-vinegar/115794592","salt vinegar crisps","2026-04-10T19:29:57.561Z","morrisons",,,"155g"
"Morrisons",,"https://groceries.morrisons.com/images-v3/4b85987b-1398-4173-a0c1-3546047c9d74/10ba9098-4ec3-4a16-a95c-2130b33dc599/300x300.jpg","Morrisons Salt and Vinegar Flavour Crisps Multipack",,"false","1.1","104250397","https://groceries.morrisons.com/products/morrisons-salt-and-vinegar-flavour-crisps-multipack/104250397","salt vinegar crisps","2026-04-10T19:29:57.561Z","morrisons",,,"6 x 25g"
"Morrisons",,"https://groceries.morrisons.com/images-v3/4b85987b-1398-4173-a0c1-3546047c9d74/0e5eccda-4c95-4a38-bd46-4415b41d2310/300x300.jpg","Morrisons Lightly Salted Tortilla Chips","Price Match","true","0.8","109551308","https://groceries.morrisons.com/products/morrisons-lightly-salted-tortilla-chips/109551308","tortilla chips","2026-04-10T19:30:08.703Z","morrisons",,,"180g"
"Morrisons",,"https://groceries.morrisons.com/images-v3/4b85987b-1398-4173-a0c1-3546047c9d74/f5a332de-7a27-46c8-a7f9-46307912c5f4/300x300.jpg","Morrisons Cool Tortilla Chips","Price Match","true","0.8","109551535","https://groceries.morrisons.com/products/morrisons-cool-tortilla-chips/109551535","tortilla chips","2026-04-10T19:30:08.703Z","morrisons",,,"180g"
"Morrisons",,"https://groceries.morrisons.com/images-v3/4b85987b-1398-4173-a0c1-3546047c9d74/21f9da20-5dab-4922-aef0-b4dfc3274e5e/300x300.jpg","Morrisons Tortillas Nacho Cheese","Price Match","true","0.8","113769254","https://groceries.morrisons.com/products/morrisons-tortillas-nacho-cheese/113769254","tortilla chips","2026-04-10T19:30:08.703Z","morrisons",,,"180g"
"Morrisons",,"https://groceries.morrisons.com/images-v3/4b85987b-1398-4173-a0c1-3546047c9d74/13390d89-3484-4a3f-a549-f88537b1ae0f/300x300.jpg","Morrisons Tortilla Chips",,"false","1","112479440","https://groceries.morrisons.com/products/morrisons-tortilla-chips/112479440","tortilla chips","2026-04-10T19:30:08.703Z","morrisons",,,"180g"
"Gran",,"https://groceries.morrisons.com/images-v3/4b85987b-1398-4173-a0c1-3546047c9d74/f210d7c4-3063-4a65-9014-910d1c25977d/300x300.jpg","Gran Luchito Lightly Salted Tortilla Chips 170g",,"false","2.7","111750488","https://groceries.morrisons.com/products/gran-luchito-lightly-salted-tortilla-chips-170g/111750488","tortilla chips","2026-04-10T19:30:08.703Z","morrisons",,,"170g"
"Innocent",,"https://groceries.morrisons.com/images-v3/4b85987b-1398-4173-a0c1-3546047c9d74/fb041f9f-a493-4b13-b8b3-22532c06e75d/300x300.jpg","Innocent Smooth Orange Juice","Now £3, Was £4.40","true","3","103080841","https://groceries.morrisons.com/products/innocent-smooth-orange-juice/103080841","orange juice","2026-04-10T19:30:20.387Z","morrisons",,,"1.35L"
"Morrisons",,"https://groceries.morrisons.com/images-v3/4b85987b-1398-4173-a0c1-3546047c9d74/a367f725-fad8-477c-8e82-4cb83b33ac70/300x300.jpg","Morrisons The Best Freshly Squeezed Orange Juice with Bits","Now £2.75, Was £3.40","true","2.75","104724855","https://groceries.morrisons.com/products/morrisons-the-best-freshly-squeezed-orange-juice-with-bits/104724855","orange juice","2026-04-10T19:30:20.387Z","morrisons",,,"1L"
"Innocent",,"https://groceries.morrisons.com/images-v3/4b85987b-1398-4173-a0c1-3546047c9d74/3143fa15-28f2-49d2-9df9-529bc0822260/300x300.jpg","Innocent Orange Juice with Bits","Now £3, Was £4.40","true","3","103087583","https://groceries.morrisons.com/products/innocent-orange-juice-with-bits/103087583","orange juice","2026-04-10T19:30:20.387Z","morrisons",,,"1.35L"
"Morrisons",,"https://groceries.morrisons.com/images-v3/4b85987b-1398-4173-a0c1-3546047c9d74/4af97d80-5cc6-4995-bec3-ce07ccfd1dd3/300x300.jpg","Morrisons Orange Juice from Concentrate 1L",,"false","1.45","104987946","https://groceries.morrisons.com/products/morrisons-orange-juice-from-concentrate-1l/104987946","orange juice","2026-04-10T19:30:20.387Z","morrisons",,,"1L"
"Morrisons",,"https://groceries.morrisons.com/images-v3/4b85987b-1398-4173-a0c1-3546047c9d74/d6d70c13-752e-42c8-817a-6f8b499cc164/300x300.jpg","Morrisons Orange Juice From Concentrate Smooth 1L",,"false","1.75","104418057","https://groceries.morrisons.com/products/morrisons-orange-juice-from-concentrate-smooth-1l/104418057","orange juice","2026-04-10T19:30:20.387Z","morrisons",,,"1L"
"Tate",,"https://groceries.morrisons.com/images-v3/4b85987b-1398-4173-a0c1-3546047c9d74/fa11ddd9-4fd1-4a4e-9447-5c566d9f4fde/300x300.jpg","Tate & Lyle Fairtrade Light Brown Soft Sugar",,"false","3","115578822","https://groceries.morrisons.com/products/tate-lyle-fairtrade-light-brown-soft-sugar/115578822","brown sugar","2026-04-10T19:30:30.460Z","morrisons",,,"1kg"
"Tate",,"https://groceries.morrisons.com/images-v3/4b85987b-1398-4173-a0c1-3546047c9d74/4ef1624e-a546-4ef3-ad8d-f6f39ce1821b/300x300.jpg","Tate & Lyle Fairtrade Dark Brown Soft Sugar",,"false","3","115578689","https://groceries.morrisons.com/products/tate-lyle-fairtrade-dark-brown-soft-sugar/115578689","brown sugar","2026-04-10T19:30:30.460Z","morrisons",,,"1kg"
"Billington's",,"https://groceries.morrisons.com/images-v3/4b85987b-1398-4173-a0c1-3546047c9d74/72adefcc-1798-45f1-bb32-a229101b01e1/300x300.jpg","Billington's Demerara Sugar",,"false","2.15","100131497","https://groceries.morrisons.com/products/billington-s-demerara-sugar/100131497","brown sugar","2026-04-10T19:30:30.460Z","morrisons",,,"500g"
"Tate",,"https://groceries.morrisons.com/images-v3/4b85987b-1398-4173-a0c1-3546047c9d74/08d727c7-fdb7-49e8-ad2a-384a7c7bb7c4/300x300.jpg","Tate & Lyle Fairtrade Unrefined Demerara Pure Cane Sugar 1kg",,"false","3.3","115578275","https://groceries.morrisons.com/products/tate-lyle-fairtrade-unrefined-demerara-pure-cane-sugar-1kg/115578275","brown sugar","2026-04-10T19:30:30.460Z","morrisons",,,"1kg"
"Tate",,"https://groceries.morrisons.com/images-v3/4b85987b-1398-4173-a0c1-3546047c9d74/5214846b-000a-4f3e-b670-e04677c4a9e3/300x300.jpg","Tate & Lyle Fairtrade Golden Granulated Pure Cane Sugar 1kg",,"false","2.75","115578144","https://groceries.morrisons.com/products/tate-lyle-fairtrade-golden-granulated-pure-cane-sugar-1kg/115578144","brown sugar","2026-04-10T19:30:30.460Z","morrisons",,,"1kg"
"Indus",,"https://groceries.morrisons.com/images-v3/4b85987b-1398-4173-a0c1-3546047c9d74/227135d6-bae4-4e1c-a0d1-350b8b56587e/300x300.jpg","Indus Deluxe Assorted Nut Mix 500g","Now £6, Was £6.25","true","6","113017925","https://groceries.morrisons.com/products/indus-deluxe-assorted-nut-mix-500g/113017925","mixed nuts","2026-04-10T19:30:38.317Z","morrisons",,,"500g"
"Morrisons",,"https://groceries.morrisons.com/images-v3/4b85987b-1398-4173-a0c1-3546047c9d74/5eb662b9-138a-44fb-a949-213ab539a10e/300x300.jpg","Morrisons Mixed Nuts",,"false","2.75","112429469","https://groceries.morrisons.com/products/morrisons-mixed-nuts/112429469","mixed nuts","2026-04-10T19:30:38.317Z","morrisons",,,"180g"
"Morrisons",,"https://groceries.morrisons.com/images-v3/4b85987b-1398-4173-a0c1-3546047c9d74/6105b15e-e742-4106-b902-b201ed27eec4/300x300.jpg","Morrisons Fruit & Nut Mix",,"false","2.5","105652953","https://groceries.morrisons.com/products/morrisons-fruit-nut-mix/105652953","mixed nuts","2026-04-10T19:30:38.317Z","morrisons",,,"400g"
"Morrisons",,"https://groceries.morrisons.com/images-v3/4b85987b-1398-4173-a0c1-3546047c9d74/fecfadf5-438f-4389-9667-3156211762ae/300x300.jpg","Morrisons The Best Chunky Mixed Nuts",,"false","3.5","108453204","https://groceries.morrisons.com/products/morrisons-the-best-chunky-mixed-nuts/108453204","mixed nuts","2026-04-10T19:30:38.317Z","morrisons",,,"200g"
"Morrisons",,"https://groceries.morrisons.com/images-v3/4b85987b-1398-4173-a0c1-3546047c9d74/7a0e72e7-dc71-4a09-a28a-acea129927fd/300x300.jpg","Morrisons The Best Cranberry, Fruit & Nut Medley",,"false","3.2","108453263","https://groceries.morrisons.com/products/morrisons-the-best-cranberry-fruit-nut-medley/108453263","mixed nuts","2026-04-10T19:30:38.317Z","morrisons",,,"200g"
"Tate",,"https://groceries.morrisons.com/images-v3/4b85987b-1398-4173-a0c1-3546047c9d74/5ab4ade0-db15-4942-938f-b5f396a2b494/300x300.jpg","Tate & Lyle Cane Icing Sugar 1kg",,"false","2.55","115578216","https://groceries.morrisons.com/products/tate-lyle-cane-icing-sugar-1kg/115578216","icing sugar","2026-04-10T19:30:48.908Z","morrisons",,,"1kg"
"Tate",,"https://groceries.morrisons.com/images-v3/4b85987b-1398-4173-a0c1-3546047c9d74/4b8e745a-a8ee-40f3-ab6d-d4682dc21e6a/300x300.jpg","Tate & Lyle Cane Icing Sugar 500g",,"false","1.4","115578531","https://groceries.morrisons.com/products/tate-lyle-cane-icing-sugar-500g/115578531","icing sugar","2026-04-10T19:30:48.908Z","morrisons",,,"500g"
"Silver",,"https://groceries.morrisons.com/images-v3/4b85987b-1398-4173-a0c1-3546047c9d74/d986db3d-8a90-4ed7-aa8a-2fdc674d5190/300x300.jpg","Silver Spoon Creamy Vanilla Flavour Icing Sugar   200g",,"false","1.8","115016862","https://groceries.morrisons.com/products/silver-spoon-creamy-vanilla-flavour-icing-sugar-200g/115016862","icing sugar","2026-04-10T19:30:48.908Z","morrisons",,,"200g"
"Morrisons",,"https://groceries.morrisons.com/images-v3/4b85987b-1398-4173-a0c1-3546047c9d74/85e0fe0e-d745-4576-b5a4-ec96ed0c92f7/300x300.jpg","Morrisons Sugar Strand Sprinkles",,"false","1.25","108426100","https://groceries.morrisons.com/products/morrisons-sugar-strand-sprinkles/108426100","icing sugar","2026-04-10T19:30:48.908Z","morrisons",,,"65g"
"Silver",,"https://groceries.morrisons.com/images-v3/4b85987b-1398-4173-a0c1-3546047c9d74/5b6a4a43-c9cb-43e1-8182-eb26e097936d/300x300.jpg","Silver Spoon Chocolate Fudge Flavour Icing Sugar   200g",,"false","1.8","115014550","https://groceries.morrisons.com/products/silver-spoon-chocolate-fudge-flavour-icing-sugar-200g/115014550","icing sugar","2026-04-10T19:30:48.908Z","morrisons",,,"200g"
"Innocent",,"https://groceries.morrisons.com/images-v3/4b85987b-1398-4173-a0c1-3546047c9d74/b5c2b405-e891-4a9f-89d2-008cfa1e7bfb/300x300.jpg","Innocent Apple Juice","Now £3, Was £4.40","true","3","104422689","https://groceries.morrisons.com/products/innocent-apple-juice/104422689","apple juice","2026-04-10T19:30:58.777Z","morrisons",,,"1.35L"
"Morrisons",,"https://groceries.morrisons.com/images-v3/4b85987b-1398-4173-a0c1-3546047c9d74/eb956e00-690b-4905-abab-bbca932ae44c/300x300.jpg","Morrisons 100% Cloudy Apple Juice 1L","Buy 2 for £3.50","true","2","106166560","https://groceries.morrisons.com/products/morrisons-100-cloudy-apple-juice-1l/106166560","apple juice","2026-04-10T19:30:58.777Z","morrisons",,,"1L"
"Morrisons",,"https://groceries.morrisons.com/images-v3/4b85987b-1398-4173-a0c1-3546047c9d74/39c6c52e-5ef8-496e-8db1-5118b4f56446/300x300.jpg","Morrisons Apple Juice from Concentrate 1L",,"false","1.45","104988324","https://groceries.morrisons.com/products/morrisons-apple-juice-from-concentrate-1l/104988324","apple juice","2026-04-10T19:30:58.777Z","morrisons",,,"1L"
"Morrisons",,"https://groceries.morrisons.com/images-v3/4b85987b-1398-4173-a0c1-3546047c9d74/dc1d8bc3-f67f-4f90-ab14-8b1a57865645/300x300.jpg","Morrisons Apple Juice From Concentrate",,"false","1.35","113873271","https://groceries.morrisons.com/products/morrisons-apple-juice-from-concentrate/113873271","apple juice","2026-04-10T19:30:58.777Z","morrisons",,,"1L"
"Morrisons",,"https://groceries.morrisons.com/images-v3/4b85987b-1398-4173-a0c1-3546047c9d74/3255754e-14ba-4ee3-a894-d88c40ca9bd8/300x300.jpg","Morrisons Cloudy Apple 100% Fruit Juice",,"false","3","108500787","https://groceries.morrisons.com/products/morrisons-cloudy-apple-100-fruit-juice/108500787","apple juice","2026-04-10T19:30:58.777Z","morrisons",,,"1.5L"
"Hilltop",,"https://groceries.morrisons.com/images-v3/4b85987b-1398-4173-a0c1-3546047c9d74/cf8b5aca-2266-46cc-a8ce-a1826a5fdc7d/300x300.jpg","Hilltop Blossom Honey   720g","Now £3.40, Was £4","true","3.4","110845071","https://groceries.morrisons.com/products/hilltop-blossom-honey-720g/110845071","honey","2026-04-10T19:31:04.731Z","morrisons",,,"720g"
"Rowse",,"https://groceries.morrisons.com/images-v3/4b85987b-1398-4173-a0c1-3546047c9d74/3bae433a-b889-422d-a598-459f84632505/300x300.jpg","Rowse Pure & Natural Squeezy Runny Honey   340g","Now £2, Was £3","true","2","100114110","https://groceries.morrisons.com/products/rowse-pure-natural-squeezy-runny-honey-340g/100114110","honey","2026-04-10T19:31:04.731Z","morrisons",,,"340g"
"Morrisons",,"https://groceries.morrisons.com/images-v3/4b85987b-1398-4173-a0c1-3546047c9d74/b88969f6-5e54-4e57-abc0-dbf0f1647f92/300x300.jpg","Morrisons Squeezy Pure Clear Honey 454g",,"false","1.95","104404798","https://groceries.morrisons.com/products/morrisons-squeezy-pure-clear-honey-454g/104404798","honey","2026-04-10T19:31:04.731Z","morrisons",,,"454g"
"Morrisons",,"https://groceries.morrisons.com/images-v3/4b85987b-1398-4173-a0c1-3546047c9d74/c1dfefd9-0888-4a84-9eb3-3bb6c8a9acd1/300x300.jpg","Morrisons Squeezy Pure Honey",,"false","4","113214371","https://groceries.morrisons.com/products/morrisons-squeezy-pure-honey/113214371","honey","2026-04-10T19:31:04.731Z","morrisons",,,"720g"
"Morrisons",,"https://groceries.morrisons.com/images-v3/4b85987b-1398-4173-a0c1-3546047c9d74/c71a311a-d6c2-457e-9764-6088ca428bbb/300x300.jpg","Morrisons Pure Clear Honey",,"false","1.75","104404763","https://groceries.morrisons.com/products/morrisons-pure-clear-honey/104404763","honey","2026-04-10T19:31:04.731Z","morrisons",,,"454g"
"Taylors",,"https://groceries.morrisons.com/images-v3/4b85987b-1398-4173-a0c1-3546047c9d74/42cf16c2-ef97-4468-85b4-a2f06eb76e13/300x300.jpg","Taylors of Harrogate Yorkshire Tea 240 Tea Bags","Now £6.50, Was £7.50","true","6.5","100153611","https://groceries.morrisons.com/products/taylors-of-harrogate-yorkshire-tea-240-tea-bags/100153611","tea bags","2026-04-10T19:31:15.527Z","morrisons",,,"750g"
"Morrisons",,"https://groceries.morrisons.com/images-v3/4b85987b-1398-4173-a0c1-3546047c9d74/8fabb66b-e67a-435e-8b75-28508da447d2/300x300.jpg","Morrisons Everyday Tea Bags 240 Pack",,"false","3.25","111814891","https://groceries.morrisons.com/products/morrisons-everyday-tea-bags-240-pack/111814891","tea bags","2026-04-10T19:31:15.527Z","morrisons",,,"696g"
"Tetley",,"https://groceries.morrisons.com/images-v3/4b85987b-1398-4173-a0c1-3546047c9d74/b1cc449f-1d99-481d-814d-f05070fc9c93/300x300.jpg","Tetley Original Tea Bags 400s 1.25kg",,"false","6.5","112856479","https://groceries.morrisons.com/products/tetley-original-tea-bags-400s-1-25kg/112856479","tea bags","2026-04-10T19:31:15.527Z","morrisons",,,"1.25kg"
"Tetley",,"https://groceries.morrisons.com/images-v3/4b85987b-1398-4173-a0c1-3546047c9d74/9215c61f-17f3-49a0-83a2-19f9d7cadf56/300x300.jpg","Tetley Original Tea Bags x240",,"false","6.1","100153101","https://groceries.morrisons.com/products/tetley-original-tea-bags-x240/100153101","tea bags","2026-04-10T19:31:15.527Z","morrisons",,,"750g"
"Taylors",,"https://groceries.morrisons.com/images-v3/4b85987b-1398-4173-a0c1-3546047c9d74/fc7ccd07-8288-4269-ae39-45a4d73b88dc/300x300.jpg","Taylors of Harrogate Yorkshire Tea 160 Tea Bags",,"false","7","100153590","https://groceries.morrisons.com/products/taylors-of-harrogate-yorkshire-tea-160-tea-bags/100153590","tea bags","2026-04-10T19:31:15.527Z","morrisons",,,"500g"
"Butterkist",,"https://groceries.morrisons.com/images-v3/4b85987b-1398-4173-a0c1-3546047c9d74/ba9b0ce7-90ad-458d-97b1-335562b2cf7c/300x300.jpg","Butterkist Crunchy Toffee Popcorn","Now £1.65, Was £2","true","1.65","109654024","https://groceries.morrisons.com/products/butterkist-crunchy-toffee-popcorn/109654024","popcorn","2026-04-10T19:31:26.021Z","morrisons",,,"170g"
"Proper",,"https://groceries.morrisons.com/images-v3/4b85987b-1398-4173-a0c1-3546047c9d74/230d346d-b921-4c18-8362-b75db44f934a/300x300.jpg","Proper Corn Sweet & Salty Popcorn 6x14g","Now £1.75, Was £2","true","1.75","111066379","https://groceries.morrisons.com/products/proper-corn-sweet-salty-popcorn-6x14g/111066379","popcorn","2026-04-10T19:31:26.021Z","morrisons",,,"6 x 14g"
"Morrisons",,"https://groceries.morrisons.com/images-v3/4b85987b-1398-4173-a0c1-3546047c9d74/014372ff-e3c2-481b-a589-62458fbc1b33/300x300.jpg","Morrisons Sweet & Salt Popcorn",,"false","1.1","110955959","https://groceries.morrisons.com/products/morrisons-sweet-salt-popcorn/110955959","popcorn","2026-04-10T19:31:26.021Z","morrisons",,,"100g"
"Butterkist",,"https://groceries.morrisons.com/images-v3/4b85987b-1398-4173-a0c1-3546047c9d74/5c4686fd-2384-4138-9cb4-870c3917f37c/300x300.jpg","Butterkist Sweet & Salted Microwave Popcorn 3x60g",,"false","1.75","110461490","https://groceries.morrisons.com/products/butterkist-sweet-salted-microwave-popcorn-3x60g/110461490","popcorn","2026-04-10T19:31:26.021Z","morrisons",,,"3 x 60g"
"Whitworths",,"https://groceries.morrisons.com/images-v3/4b85987b-1398-4173-a0c1-3546047c9d74/f5444258-0c95-4d02-9567-cbc10b4d9b86/300x300.jpg","Whitworths Popcorn",,"false","2.5","108225762","https://groceries.morrisons.com/products/whitworths-popcorn/108225762","popcorn","2026-04-10T19:31:26.021Z","morrisons",,,"500g"
"Cadbury",,"https://groceries.morrisons.com/images-v3/4b85987b-1398-4173-a0c1-3546047c9d74/0e4831e9-d462-4cf6-b172-fdd7662b047c/300x300.jpg","Cadbury Dairy Milk Classic Chocolate Bar","Now £1.50, Was £2.20","true","1.5","106483493","https://groceries.morrisons.com/products/cadbury-dairy-milk-classic-chocolate-bar/106483493","chocolate bar","2026-04-10T19:31:36.366Z","morrisons",,,"110g"
"Morrisons",,"https://groceries.morrisons.com/images-v3/4b85987b-1398-4173-a0c1-3546047c9d74/411605d2-3a96-460b-a588-aba29aa31de5/300x300.jpg","Morrisons Savers Milk Chocolate","Now 65p, Was 80p","true","0.65","105420271","https://groceries.morrisons.com/products/morrisons-savers-milk-chocolate/105420271","chocolate bar","2026-04-10T19:31:36.366Z","morrisons",,,"100g"
"Cadbury",,"https://groceries.morrisons.com/images-v3/4b85987b-1398-4173-a0c1-3546047c9d74/591ea29b-abc1-4ae1-a2ee-8ac04c6ed4fb/300x300.jpg","Cadbury Dairy Milk Biscoff Biscuit Chocolate Bar 105g","Now £1.50, Was £2.20","true","1.5","114802191","https://groceries.morrisons.com/products/cadbury-dairy-milk-biscoff-biscuit-chocolate-bar-105g/114802191","chocolate bar","2026-04-10T19:31:36.366Z","morrisons",,,"105g"
"Morrisons",,"https://groceries.morrisons.com/images-v3/4b85987b-1398-4173-a0c1-3546047c9d74/91a2199b-8d9b-46da-af3b-3d6c819ebe79/300x300.jpg","Morrisons Milk Chocolate",,"false","2.3","113436388","https://groceries.morrisons.com/products/morrisons-milk-chocolate/113436388","chocolate bar","2026-04-10T19:31:36.366Z","morrisons",,,"200g"
"Cadbury",,"https://groceries.morrisons.com/images-v3/4b85987b-1398-4173-a0c1-3546047c9d74/46efc108-24b8-4228-8a17-f14be37d997f/300x300.jpg","Cadbury Dairy Milk Chocolate Bar 360g",,"false","5.5","107263134","https://groceries.morrisons.com/products/cadbury-dairy-milk-chocolate-bar-360g/107263134","chocolate bar","2026-04-10T19:31:36.367Z","morrisons",,,"360g"
"Nescafe",,"https://groceries.morrisons.com/images-v3/4b85987b-1398-4173-a0c1-3546047c9d74/9e14c8c8-1f10-45b3-98ea-92c3218bf979/300x300.jpg","Nescafe Gold Blend  Coffee Origins Alta Rica","Now £6.50, Was £9.40","true","6.5","111688080","https://groceries.morrisons.com/products/nescafe-gold-blend-coffee-origins-alta-rica/111688080","instant coffee","2026-04-10T19:31:37.477Z","morrisons",,,"190g"
"Nescafe",,"https://groceries.morrisons.com/images-v3/4b85987b-1398-4173-a0c1-3546047c9d74/d58598e9-9c14-43f0-b235-882919a56bea/300x300.jpg","Nescafe Azera Americano Instant Coffee 140g",,"false","8.25","112450461","https://groceries.morrisons.com/products/nescafe-azera-americano-instant-coffee-140g/112450461","instant coffee","2026-04-10T19:31:37.477Z","morrisons",,,"140g"
"Douwe",,"https://groceries.morrisons.com/images-v3/4b85987b-1398-4173-a0c1-3546047c9d74/92ce811e-bf9f-415e-8416-284eabbb819c/300x300.jpg","Douwe Egberts Pure Gold Instant Coffee",,"false","8.1","103951415","https://groceries.morrisons.com/products/douwe-egberts-pure-gold-instant-coffee/103951415","instant coffee","2026-04-10T19:31:37.477Z","morrisons",,,"190g"
"Morrisons",,"https://groceries.morrisons.com/images-v3/4b85987b-1398-4173-a0c1-3546047c9d74/e95ba5d3-1dcb-4d6c-bb14-84bfde93306f/300x300.jpg","Morrisons Gold Roast Instant Coffee 200g","Price Match","true","2.65","107117786","https://groceries.morrisons.com/products/morrisons-gold-roast-instant-coffee-200g/107117786","instant coffee","2026-04-10T19:31:37.477Z","morrisons",,,"200g"
"Nescafe",,"https://groceries.morrisons.com/images-v3/4b85987b-1398-4173-a0c1-3546047c9d74/a84b15a8-e077-4f84-ab0b-b2cb0426b314/300x300.jpg","Nescafe Original Instant Coffee Refill","Now £3.75, Was £6","true","3.75","113401687","https://groceries.morrisons.com/products/nescafe-original-instant-coffee-refill/113401687","instant coffee","2026-04-10T19:31:37.477Z","morrisons",,,"150g"
"Taylors",,"https://groceries.morrisons.com/images-v3/4b85987b-1398-4173-a0c1-3546047c9d74/f31f59f3-7003-4176-94ef-4035bd62b753/300x300.jpg","Taylors Rich Italian Ground Coffee","Buy 2 for £9","true","5.75","113422859","https://groceries.morrisons.com/products/taylors-rich-italian-ground-coffee/113422859","ground coffee","2026-04-10T19:31:48.895Z","morrisons",,,"200g"
"Morrisons",,"https://groceries.morrisons.com/images-v3/4b85987b-1398-4173-a0c1-3546047c9d74/534efed5-16dc-4bcc-955a-9587f8e13a65/300x300.jpg","Morrisons The Best Fair Trade Colombian Ground Coffee 227g","Buy 2 for £7.50","true","4.3","108560544","https://groceries.morrisons.com/products/morrisons-the-best-fair-trade-colombian-ground-coffee-227g/108560544","ground coffee","2026-04-10T19:31:48.895Z","morrisons",,,"227g"
"Lavazza",,"https://groceries.morrisons.com/images-v3/4b85987b-1398-4173-a0c1-3546047c9d74/474f9550-8eb8-41d7-98e3-00b42b295b66/300x300.jpg","Lavazza Qualita Rossa Ground Coffee",,"false","11.5","110884898","https://groceries.morrisons.com/products/lavazza-qualita-rossa-ground-coffee/110884898","ground coffee","2026-04-10T19:31:48.895Z","morrisons",,,"500g"
"Morrisons",,"https://groceries.morrisons.com/images-v3/4b85987b-1398-4173-a0c1-3546047c9d74/99ddd32b-7610-481b-99c8-227027b432a2/300x300.jpg","Morrisons Italian Roast & Ground Coffee",,"false","3.6","106025880","https://groceries.morrisons.com/products/morrisons-italian-roast-ground-coffee/106025880","ground coffee","2026-04-10T19:31:48.895Z","morrisons",,,"227g"
"Illy",,"https://groceries.morrisons.com/images-v3/4b85987b-1398-4173-a0c1-3546047c9d74/d5bdeee1-88de-409d-baa7-24c9ad16281a/300x300.jpg","Illy Espresso Ground Coffee","Now £6.75, Was £8","true","6.75","100148150","https://groceries.morrisons.com/products/illy-espresso-ground-coffee/100148150","ground coffee","2026-04-10T19:31:48.895Z","morrisons",,,"250g"
"McVitie's",,"https://groceries.morrisons.com/images-v3/4b85987b-1398-4173-a0c1-3546047c9d74/0bdcc885-5e2e-4c65-8b2f-e89f5e4462cd/300x300.jpg","McVitie's Digestives The Original Biscuits Twin Pack","Now £2.50, Was £3.20","true","2.5","112942537","https://groceries.morrisons.com/products/mcvitie-s-digestives-the-original-biscuits-twin-pack/112942537","biscuits digestive","2026-04-10T19:32:00.604Z","morrisons",,,"720g"
"Morrisons",,"https://groceries.morrisons.com/images-v3/4b85987b-1398-4173-a0c1-3546047c9d74/c2f47b35-f400-4994-be48-3e59ed1f995e/300x300.jpg","Morrisons Digestives","Price Match","true","0.59","109151081","https://groceries.morrisons.com/products/morrisons-digestives/109151081","biscuits digestive","2026-04-10T19:32:00.604Z","morrisons",,,"400g"
"McVitie's",,"https://groceries.morrisons.com/images-v3/4b85987b-1398-4173-a0c1-3546047c9d74/ca8b5601-8c37-4044-bf8a-e332ed9aa4c5/300x300.jpg","McVitie's Digestives Biscuits The Light One",,"false","2","113096782","https://groceries.morrisons.com/products/mcvitie-s-digestives-biscuits-the-light-one/113096782","biscuits digestive","2026-04-10T19:32:00.604Z","morrisons",,,"250g"
"Galaxy",,"https://groceries.morrisons.com/images-v3/4b85987b-1398-4173-a0c1-3546047c9d74/c83dcadc-76ff-43ad-bf15-22069b90d5e1/300x300.jpg","Galaxy Milk Chocolate Digestive Biscuits",,"false","2","112668283","https://groceries.morrisons.com/products/galaxy-milk-chocolate-digestive-biscuits/112668283","biscuits digestive","2026-04-10T19:32:00.604Z","morrisons",,,"300g"
"Morrisons",,"https://groceries.morrisons.com/images-v3/4b85987b-1398-4173-a0c1-3546047c9d74/0258efc4-5199-4bb9-a68e-068b5752320b/300x300.jpg","Morrisons Milk Chocolate Digestives 300g",,"false","0.99","107961661","https://groceries.morrisons.com/products/morrisons-milk-chocolate-digestives-300g/107961661","biscuits digestive","2026-04-10T19:32:00.604Z","morrisons",,,"300g"
"George",,"https://groceries.morrisons.com/images-v3/4b85987b-1398-4173-a0c1-3546047c9d74/e6d34d51-4958-4159-beaa-4090dcc962d6/300x300.jpg","George Wilkinson Hot Chocolate Maker","When it's gone it's gone","true","30","115325112","https://groceries.morrisons.com/products/george-wilkinson-hot-chocolate-maker/115325112","hot chocolate","2026-04-10T19:32:11.693Z","morrisons",,,
"Cadbury",,"https://groceries.morrisons.com/images-v3/4b85987b-1398-4173-a0c1-3546047c9d74/50c9894f-6616-4345-887f-5b1d0c9f69d2/300x300.jpg","Cadbury Drinking Chocolate Hot Chocolate Tub",,"false","4.5","100140414","https://groceries.morrisons.com/products/cadbury-drinking-chocolate-hot-chocolate-tub/100140414","hot chocolate","2026-04-10T19:32:11.693Z","morrisons",,,"500g"
"Morrisons",,"https://groceries.morrisons.com/images-v3/4b85987b-1398-4173-a0c1-3546047c9d74/e5655884-62fa-43f7-b7ee-f8a327991958/300x300.jpg","Morrisons Instant Hot Chocolate",,"false","2.5","106485536","https://groceries.morrisons.com/products/morrisons-instant-hot-chocolate/106485536","hot chocolate","2026-04-10T19:32:11.693Z","morrisons",,,"400g"
"Galaxy",,"https://groceries.morrisons.com/images-v3/4b85987b-1398-4173-a0c1-3546047c9d74/47615239-630e-4bbd-b9f1-486d4990b3f5/300x300.jpg","Galaxy Instant Hot Chocolate",,"false","4","100138795","https://groceries.morrisons.com/products/galaxy-instant-hot-chocolate/100138795","hot chocolate","2026-04-10T19:32:11.693Z","morrisons",,,"370g"
"Cadbury",,"https://groceries.morrisons.com/images-v3/4b85987b-1398-4173-a0c1-3546047c9d74/db752376-bb16-46a6-abc7-77408d1f9372/300x300.jpg","Cadbury Chocolate Jar Break",,"false","4","113425531","https://groceries.morrisons.com/products/cadbury-chocolate-jar-break/113425531","hot chocolate","2026-04-10T19:32:11.693Z","morrisons",,,"300g"
"McVitie's",,"https://groceries.morrisons.com/images-v3/4b85987b-1398-4173-a0c1-3546047c9d74/4bda278b-d481-401b-82a8-7b16813292be/300x300.jpg","McVitie's Jaffa Cakes Original Twin Pack Biscuits 20 Pack Multipack","Now £1.85, Was £2.50","true","1.85","113385357","https://groceries.morrisons.com/products/mcvitie-s-jaffa-cakes-original-twin-pack-biscuits-20-pack-multipack/113385357","biscuits chocolate","2026-04-10T19:32:23.175Z","morrisons",,,"220g"
"Cadbury",,"https://groceries.morrisons.com/images-v3/4b85987b-1398-4173-a0c1-3546047c9d74/f0faa681-6676-492d-9c1b-97d567e35da2/300x300.jpg","Cadbury Dairy Milk Fingers Milk Chocolate Covered Biscuits","Now £1.50, Was £2.25","true","1.5","106457666","https://groceries.morrisons.com/products/cadbury-dairy-milk-fingers-milk-chocolate-covered-biscuits/106457666","biscuits chocolate","2026-04-10T19:32:23.175Z","morrisons",,,"114g"
"Fox's",,"https://groceries.morrisons.com/images-v3/4b85987b-1398-4173-a0c1-3546047c9d74/4552072d-104e-4cac-bc18-dbc2e87613c1/300x300.jpg","Fox's Biscuits Rocky Caramel Biscuit Bars Multipack, 7 Pack 136.5g","Now £1.25, Was £1.50","true","1.25","115682435","https://groceries.morrisons.com/products/fox-s-biscuits-rocky-caramel-biscuit-bars-multipack-7-pack-136-5g/115682435","biscuits chocolate","2026-04-10T19:32:23.175Z","morrisons",,,"7 x 136.5g"
"Tunnock's",,"https://groceries.morrisons.com/images-v3/4b85987b-1398-4173-a0c1-3546047c9d74/f619e3b8-09a8-4940-9604-588255c9c44b/300x300.jpg","Tunnock's Milk Chocolate Tea Cakes Multipack",,"false","2.3","100121088","https://groceries.morrisons.com/products/tunnock-s-milk-chocolate-tea-cakes-multipack/100121088","biscuits chocolate","2026-04-10T19:32:23.175Z","morrisons",,,"10 x 24g"
"KitKat",,"https://groceries.morrisons.com/images-v3/4b85987b-1398-4173-a0c1-3546047c9d74/7a0acef8-761e-4cd3-8300-9f81a8539b7b/300x300.jpg","KitKat 2 Finger Milk Chocolate Biscuit Bars 8 Pack Multipack",,"false","2.2","114807486","https://groceries.morrisons.com/products/kitkat-2-finger-milk-chocolate-biscuit-bars-8-pack-multipack/114807486","biscuits chocolate","2026-04-10T19:32:23.175Z","morrisons",,,"8 x 20.7g"
"Morrisons",,"https://groceries.morrisons.com/images-v3/4b85987b-1398-4173-a0c1-3546047c9d74/2376f64a-f46f-499b-acda-509b0b5871bb/300x300.jpg","Morrisons Lemon Washing Up Liquid","Price Match","true","0.56","106392073","https://groceries.morrisons.com/products/morrisons-lemon-washing-up-liquid/106392073","washing up liquid","2026-04-10T19:32:30.780Z","morrisons",,,"450ml"
"Morrisons",,"https://groceries.morrisons.com/images-v3/4b85987b-1398-4173-a0c1-3546047c9d74/1311c877-8b74-49f1-9a1f-16a99fe18cb5/300x300.jpg","Morrisons Apple Washing Up Liquid","Price Match","true","0.56","106396445","https://groceries.morrisons.com/products/morrisons-apple-washing-up-liquid/106396445","washing up liquid","2026-04-10T19:32:30.780Z","morrisons",,,"450ml"
"Morrisons",,"https://groceries.morrisons.com/images-v3/4b85987b-1398-4173-a0c1-3546047c9d74/32f62c25-d3c1-4c67-b39c-683db9405618/300x300.jpg","Morrisons Original Washing Up Liquid","Price Match","true","0.56","106396517","https://groceries.morrisons.com/products/morrisons-original-washing-up-liquid/106396517","washing up liquid","2026-04-10T19:32:30.780Z","morrisons",,,"450ml"
"Fairy",,"https://groceries.morrisons.com/images-v3/4b85987b-1398-4173-a0c1-3546047c9d74/913bec4c-2165-4dda-8e71-3d408ec053a8/300x300.jpg","Fairy Original Washing Up Liquid",,"false","4","113983728","https://groceries.morrisons.com/products/fairy-original-washing-up-liquid/113983728","washing up liquid","2026-04-10T19:32:30.780Z","morrisons",,,"1450ml"
"Fairy",,"https://groceries.morrisons.com/images-v3/4b85987b-1398-4173-a0c1-3546047c9d74/4bbe428e-e97a-4920-95e6-304c8098e00d/300x300.jpg","Fairy Original Washing Up Liquid Green with Lift Action","Now £2.70, Was £3","true","2.7","112973632","https://groceries.morrisons.com/products/fairy-original-washing-up-liquid-green-with-lift-action/112973632","washing up liquid","2026-04-10T19:32:30.780Z","morrisons",,,"1015ml"
"Diet",,"https://groceries.morrisons.com/images-v3/4b85987b-1398-4173-a0c1-3546047c9d74/8e334593-ba16-47dd-ac32-3a70db31d619/300x300.jpg","Diet Coke 24 x 330ml","Now £7, Was £12","true","7","111904248","https://groceries.morrisons.com/products/diet-coke-24-x-330ml/111904248","coca cola","2026-04-10T19:32:32.962Z","morrisons",,,"24 x 330ml"
"Coca-Cola",,"https://groceries.morrisons.com/images-v3/4b85987b-1398-4173-a0c1-3546047c9d74/3cd16fd0-ef52-4629-9f5d-5544030f0e3d/300x300.jpg","Coca-Cola Original Taste 24 x 330ml","Now £12.50, Was £14.50","true","12.5","111904301","https://groceries.morrisons.com/products/coca-cola-original-taste-24-x-330ml/111904301","coca cola","2026-04-10T19:32:32.962Z","morrisons",,,"24 x 330ml"
"Coca-Cola",,"https://groceries.morrisons.com/images-v3/4b85987b-1398-4173-a0c1-3546047c9d74/a349c5e7-0471-47c1-8df7-92342391f444/300x300.jpg","Coca-Cola Original Taste 6 x 250ml","Now £3, Was £3.75","true","3","112803094","https://groceries.morrisons.com/products/coca-cola-original-taste-6-x-250ml/112803094","coca cola","2026-04-10T19:32:32.962Z","morrisons",,,"6 x 250ml"
"Coca-Cola",,"https://groceries.morrisons.com/images-v3/4b85987b-1398-4173-a0c1-3546047c9d74/51dce6e1-c58a-4f64-a348-f288ecda5813/300x300.jpg","Coca-Cola Original Taste 8 x 330ml","Price Match","true","5.65","100143084","https://groceries.morrisons.com/products/coca-cola-original-taste-8-x-330ml/100143084","coca cola","2026-04-10T19:32:32.962Z","morrisons",,,"8 x 330ml"
"Coca-Cola",,"https://groceries.morrisons.com/images-v3/4b85987b-1398-4173-a0c1-3546047c9d74/f06e9531-015a-46a3-b5b8-88ba49f91853/300x300.jpg","Coca-Cola Zero Sugar 24 x 330ml",,"false","7","111904272","https://groceries.morrisons.com/products/coca-cola-zero-sugar-24-x-330ml/111904272","coca cola","2026-04-10T19:32:32.962Z","morrisons",,,"24 x 330ml"
"Dettol",,"https://groceries.morrisons.com/images-v3/4b85987b-1398-4173-a0c1-3546047c9d74/f5aa29a8-fbcd-4f64-ba41-13eaf1cc4ece/300x300.jpg","Dettol Antibacterial Disinfectant Surface CleansingSpray",,"false","1.75","107199734","https://groceries.morrisons.com/products/dettol-antibacterial-disinfectant-surface-cleansingspray/107199734","surface cleaner antibacterial","2026-04-10T19:32:43.936Z","morrisons",,,"500ml"
"Buzz",,"https://groceries.morrisons.com/images-v3/4b85987b-1398-4173-a0c1-3546047c9d74/d5ca180e-13e0-41ca-bdc3-d8db72458d86/300x300.jpg","Buzz Anti-Bacterial Wipes Lemon & Mandarin",,"false","1","111600156","https://groceries.morrisons.com/products/buzz-anti-bacterial-wipes-lemon-mandarin/111600156","surface cleaner antibacterial","2026-04-10T19:32:43.936Z","morrisons",,,"50 per pack"
"Morrisons",,"https://groceries.morrisons.com/images-v3/4b85987b-1398-4173-a0c1-3546047c9d74/92e1be6f-209e-4ee6-9a3e-fb27bc36bc20/300x300.jpg","Morrisons 50 Original Anti-Bacterial Multi Surface Large Wipes",,"false","1.1","114181591","https://groceries.morrisons.com/products/morrisons-50-original-anti-bacterial-multi-surface-large-wipes/114181591","surface cleaner antibacterial","2026-04-10T19:32:43.936Z","morrisons",,,"50 per pack"
"Dettol",,"https://groceries.morrisons.com/images-v3/4b85987b-1398-4173-a0c1-3546047c9d74/dbbbb7c9-52bf-4ddf-8982-6cb7f1aa0eb2/300x300.jpg","Dettol Fresh Cotton Antibacterial Laundry Sanitiser",,"false","7.5","107129517","https://groceries.morrisons.com/products/dettol-fresh-cotton-antibacterial-laundry-sanitiser/107129517","surface cleaner antibacterial","2026-04-10T19:32:43.936Z","morrisons",,,"2.5L"
"Morrisons",,"https://groceries.morrisons.com/images-v3/4b85987b-1398-4173-a0c1-3546047c9d74/f30ee2ad-d8fd-46f5-af41-b9142f3f132d/300x300.jpg","Morrisons 120 Rhubarb Anti-Bacterial Multi Surface Large Wipes",,"false","2","115225197","https://groceries.morrisons.com/products/morrisons-120-rhubarb-anti-bacterial-multi-surface-large-wipes/115225197","surface cleaner antibacterial","2026-04-10T19:32:43.936Z","morrisons",,,"120 per pack"
"Pepsi",,"https://groceries.morrisons.com/images-v3/4b85987b-1398-4173-a0c1-3546047c9d74/38b4d010-cf7a-4a17-b703-cc3a3fa0523d/300x300.jpg","Pepsi Max No Sugar Cola Cans 24 x 330ml","Buy 3 for £25","true","12","111904213","https://groceries.morrisons.com/products/pepsi-max-no-sugar-cola-cans-24-x-330ml/111904213","pepsi","2026-04-10T19:32:51.995Z","morrisons",,,"24 x 330ml"
"Pepsi",,"https://groceries.morrisons.com/images-v3/4b85987b-1398-4173-a0c1-3546047c9d74/cf1fcc3f-6f54-42f2-a484-d79cea017c24/300x300.jpg","Pepsi Regular","Buy 3 for £25","true","12.5","114271159","https://groceries.morrisons.com/products/pepsi-regular/114271159","pepsi","2026-04-10T19:32:51.995Z","morrisons",,,"24 x 330ml"
"Pepsi",,"https://groceries.morrisons.com/images-v3/4b85987b-1398-4173-a0c1-3546047c9d74/076141b7-0548-445e-98c6-bbba3b04c12c/300x300.jpg","Pepsi Max Cherry No Sugar Cola Cans  24 x 330ml","Buy 3 for £25","true","12","111036946","https://groceries.morrisons.com/products/pepsi-max-cherry-no-sugar-cola-cans-24-x-330ml/111036946","pepsi","2026-04-10T19:32:51.995Z","morrisons",,,"24 x 330ml"
"Pepsi",,"https://groceries.morrisons.com/images-v3/4b85987b-1398-4173-a0c1-3546047c9d74/b09fec77-0ddd-49cd-8d9c-85569315aab6/300x300.jpg","Pepsi Max No Sugar Cola Bottle  2L","Buy 2 for £3.50","true","2.15","100162824","https://groceries.morrisons.com/products/pepsi-max-no-sugar-cola-bottle-2l/100162824","pepsi","2026-04-10T19:32:51.995Z","morrisons",,,"2L"
"Pepsi",,"https://groceries.morrisons.com/images-v3/4b85987b-1398-4173-a0c1-3546047c9d74/99054727-5cc7-4409-bc22-b17d63d60627/300x300.jpg","Pepsi Max 12x330ml",,"false","5.9","114270931","https://groceries.morrisons.com/products/pepsi-max-12x330ml/114270931","pepsi","2026-04-10T19:32:51.995Z","morrisons",,,"12 x 330ml"
"Persil",,"https://groceries.morrisons.com/images-v3/4b85987b-1398-4173-a0c1-3546047c9d74/bc7a1bc2-c534-4179-b7cd-9eafdb161c4a/300x300.jpg","Persil 3-In-1 Bio Washing Capsules 15 Washes","Now £3, Was £5.50","true","3","110731664","https://groceries.morrisons.com/products/persil-3-in-1-bio-washing-capsules-15-washes/110731664","washing capsules laundry","2026-04-10T19:33:03.425Z","morrisons",,,"15 per pack"
"Surf",,"https://groceries.morrisons.com/images-v3/4b85987b-1398-4173-a0c1-3546047c9d74/e42ecc29-34e7-478f-9374-a687ac14b0f8/300x300.jpg","Surf 3 in 1 Laundry Washing Detergent Capsules Passion Bloom 15 Washes","Now £3, Was £3.50","true","3","114055229","https://groceries.morrisons.com/products/surf-3-in-1-laundry-washing-detergent-capsules-passion-bloom-15-washes/114055229","washing capsules laundry","2026-04-10T19:33:03.425Z","morrisons",,,"15 per pack"
"Morrisons",,"https://groceries.morrisons.com/images-v3/4b85987b-1398-4173-a0c1-3546047c9d74/0c0cccd3-c50f-488d-bc6a-41ca9b5d8a6d/300x300.jpg","Morrisons Lavender Fresh Laundry Pods 21 Pack",,"false","2.76","114758397","https://groceries.morrisons.com/products/morrisons-lavender-fresh-laundry-pods-21-pack/114758397","washing capsules laundry","2026-04-10T19:33:03.425Z","morrisons",,,"21 per pack"
"Persil",,"https://groceries.morrisons.com/images-v3/4b85987b-1398-4173-a0c1-3546047c9d74/1dfb2dcf-d8ec-4d93-9436-8e7cc8717dfa/300x300.jpg","Persil 3 in 1 Washing Capsules Non Bio 26 Washes",,"false","6.5","113849959","https://groceries.morrisons.com/products/persil-3-in-1-washing-capsules-non-bio-26-washes/113849959","washing capsules laundry","2026-04-10T19:33:03.425Z","morrisons",,,"26 per pack"
"Ariel",,"https://groceries.morrisons.com/images-v3/4b85987b-1398-4173-a0c1-3546047c9d74/88a9142d-be12-4963-aa45-20e2b34f72e4/300x300.jpg","Ariel Platinum + Lenor All-In-1 Washing Capsules",,"false","9","112965077","https://groceries.morrisons.com/products/ariel-platinum-lenor-all-in-1-washing-capsules/112965077","washing capsules laundry","2026-04-10T19:33:03.425Z","morrisons",,,"29 per pack"
"Morrisons",,"https://groceries.morrisons.com/images-v3/4b85987b-1398-4173-a0c1-3546047c9d74/05eb5d68-974c-4f5a-99c9-628af6beb393/300x300.jpg","Morrisons Diet Lemonade 2L","Price Match","true","0.49","105151331","https://groceries.morrisons.com/products/morrisons-diet-lemonade-2l/105151331","lemonade","2026-04-10T19:33:14.703Z","morrisons",,,"2L"
"Morrisons",,"https://groceries.morrisons.com/images-v3/4b85987b-1398-4173-a0c1-3546047c9d74/79839010-c8e1-483d-8e9c-26c909c06d28/300x300.jpg","Morrisons Lemonade 2L","Price Match","true","0.49","106248240","https://groceries.morrisons.com/products/morrisons-lemonade-2l/106248240","lemonade","2026-04-10T19:33:14.703Z","morrisons",,,"2L"
"Morrisons",,"https://groceries.morrisons.com/images-v3/4b85987b-1398-4173-a0c1-3546047c9d74/08de5f78-a9d1-454d-b709-fc9e11f3a2d0/300x300.jpg","Morrisons Lemonade 6 x 330ml",,"false","2","114873416","https://groceries.morrisons.com/products/morrisons-lemonade-6-x-330ml/114873416","lemonade","2026-04-10T19:33:14.703Z","morrisons",,,"6 x 330ml"
"Schweppes",,"https://groceries.morrisons.com/images-v3/4b85987b-1398-4173-a0c1-3546047c9d74/e6f75a8b-88c9-422d-a9a7-5d1b163be545/300x300.jpg","Schweppes Lemonade",,"false","1.55","100157558","https://groceries.morrisons.com/products/schweppes-lemonade/100157558","lemonade","2026-04-10T19:33:14.703Z","morrisons",,,"2L"
"Morrisons",,"https://groceries.morrisons.com/images-v3/4b85987b-1398-4173-a0c1-3546047c9d74/08e0df6a-0381-4e70-966c-63906373dc53/300x300.jpg","Morrisons Diet Lemonade 6 x 330ml",,"false","2","114873221","https://groceries.morrisons.com/products/morrisons-diet-lemonade-6-x-330ml/114873221","lemonade","2026-04-10T19:33:14.703Z","morrisons",,,"6 x 330ml"
"Comfort",,"https://groceries.morrisons.com/images-v3/4b85987b-1398-4173-a0c1-3546047c9d74/fa3f9c3c-f702-4083-864f-6b3137022e10/300x300.jpg","Comfort Ultra Fresh & Protect Fresh Sky Fabric Conditioner 58 Washes","Now £3, Was £5","true","3","111701475","https://groceries.morrisons.com/products/comfort-ultra-fresh-protect-fresh-sky-fabric-conditioner-58-washes/111701475","fabric conditioner","2026-04-10T19:33:26.138Z","morrisons",,,"870ml"
"Comfort",,"https://groceries.morrisons.com/images-v3/4b85987b-1398-4173-a0c1-3546047c9d74/fe9290a3-a9e6-4c80-94ff-45552e80be34/300x300.jpg","Comfort Fabric Conditioner Pure Sensitive Skin 80 Washes","Now £4, Was £4.75","true","4","114878348","https://groceries.morrisons.com/products/comfort-fabric-conditioner-pure-sensitive-skin-80-washes/114878348","fabric conditioner","2026-04-10T19:33:26.138Z","morrisons",,,"2490ml"
"Comfort",,"https://groceries.morrisons.com/images-v3/4b85987b-1398-4173-a0c1-3546047c9d74/a0323dd1-ce2e-4649-acc6-be7f94271387/300x300.jpg","Comfort Fresh Fabric Conditioner Sunshiny Days 80 Washes","Now £4, Was £4.75","true","4","114878436","https://groceries.morrisons.com/products/comfort-fresh-fabric-conditioner-sunshiny-days-80-washes/114878436","fabric conditioner","2026-04-10T19:33:26.138Z","morrisons",,,"2490ml"
"Comfort",,"https://groceries.morrisons.com/images-v3/4b85987b-1398-4173-a0c1-3546047c9d74/9610fc5e-3ce5-4d81-9888-ee454ec1b7bf/300x300.jpg","Comfort Creations Fabric Conditioner Honeysuckle & Sandalwood 30 Washes","Now £2, Was £2.50","true","2","113041431","https://groceries.morrisons.com/products/comfort-creations-fabric-conditioner-honeysuckle-sandalwood-30-washes/113041431","fabric conditioner","2026-04-10T19:33:26.138Z","morrisons",,,"900ml"
"Fairy",,"https://groceries.morrisons.com/images-v3/4b85987b-1398-4173-a0c1-3546047c9d74/d86f0df4-53b4-4279-b3f6-d696a6e03d4c/300x300.jpg","Fairy Outdoorable Fabric Conditioner Liquid   84 Washes","Now £4.50, Was £5.50","true","4.5","114563362","https://groceries.morrisons.com/products/fairy-outdoorable-fabric-conditioner-liquid-84-washes/114563362","fabric conditioner","2026-04-10T19:33:26.138Z","morrisons",,,"1.176L"
"Highland",,"https://groceries.morrisons.com/images-v3/4b85987b-1398-4173-a0c1-3546047c9d74/628f4c83-0615-40a1-ac46-84550d9f4e6b/300x300.jpg","Highland Spring Still Spring Water 6 x 1.5L","Now £3.85, Was £4.25","true","3.85","109636715","https://groceries.morrisons.com/products/highland-spring-still-spring-water-6-x-1-5l/109636715","still water","2026-04-10T19:33:38.679Z","morrisons",,,"6 x 1.5L"
"Highland",,"https://groceries.morrisons.com/images-v3/4b85987b-1398-4173-a0c1-3546047c9d74/708e76f6-6018-4495-8aec-dc378f0482d1/300x300.jpg","Highland Spring Still Water 12 x 500ml","Now £3, Was £3.50","true","3","100108385","https://groceries.morrisons.com/products/highland-spring-still-water-12-x-500ml/100108385","still water","2026-04-10T19:33:38.679Z","morrisons",,,"12 x 500ml"
"White",,"https://groceries.morrisons.com/images-v3/4b85987b-1398-4173-a0c1-3546047c9d74/eb5e9e11-174f-4e96-b688-782c7e672246/300x300.jpg","White Rock Spring Water 24x500ml",,"false","5","110731656","https://groceries.morrisons.com/products/white-rock-spring-water-24x500ml/110731656","still water","2026-04-10T19:33:38.679Z","morrisons",,,"24 x 500ml"
"Morrisons",,"https://groceries.morrisons.com/images-v3/4b85987b-1398-4173-a0c1-3546047c9d74/30cd3de7-fb8e-4460-bd76-a502f65971db/300x300.jpg","Morrisons Yorkshire Vale Water  12 x 50cl",,"false","2","111895177","https://groceries.morrisons.com/products/morrisons-yorkshire-vale-water-12-x-50cl/111895177","still water","2026-04-10T19:33:38.679Z","morrisons",,,"12 x 50cl"
"Morrisons",,"https://groceries.morrisons.com/images-v3/4b85987b-1398-4173-a0c1-3546047c9d74/8da22e14-04b9-49ec-a3dc-627d5f8435ec/300x300.jpg","Morrisons Yorkshire Vale Still Spring Water 6 x 2L",,"false","2.5","113149291","https://groceries.morrisons.com/products/morrisons-yorkshire-vale-still-spring-water-6-x-2l/113149291","still water","2026-04-10T19:33:38.679Z","morrisons",,,"6 x 2L"
"Highland",,"https://groceries.morrisons.com/images-v3/4b85987b-1398-4173-a0c1-3546047c9d74/3a2fa6ab-2ee7-4b69-9775-3f8c55f61aea/300x300.jpg","Highland Spring Sparkling Spring Water","Now £3.50, Was £4.15","true","3.5","108883925","https://groceries.morrisons.com/products/highland-spring-sparkling-spring-water/108883925","sparkling water","2026-04-10T19:33:38.908Z","morrisons",,,"6 x 1L"
"San",,"https://groceries.morrisons.com/images-v3/4b85987b-1398-4173-a0c1-3546047c9d74/51fc24d6-5c22-44bb-bb64-c89d46556449/300x300.jpg","San Pellegrino Sparkling Natural Mineral Water","Now £5.50, Was £7","true","5.5","100110670","https://groceries.morrisons.com/products/san-pellegrino-sparkling-natural-mineral-water/100110670","sparkling water","2026-04-10T19:33:38.908Z","morrisons",,,"6 x 1L"
"Morrisons",,"https://groceries.morrisons.com/images-v3/4b85987b-1398-4173-a0c1-3546047c9d74/672ff4bd-0c88-402a-92d8-b4d39b71fe62/300x300.jpg","Morrisons Sparkling Spring Water",,"false","1.39","111895089","https://groceries.morrisons.com/products/morrisons-sparkling-spring-water/111895089","sparkling water","2026-04-10T19:33:38.908Z","morrisons",,,"6 x 500ml"
"Morrisons",,"https://groceries.morrisons.com/images-v3/4b85987b-1398-4173-a0c1-3546047c9d74/c66b9a21-ba52-4542-a617-a5c8733006b5/300x300.jpg","Morrisons Yorkshire Vale Sparkling Spring Water",,"false","2.5","113149240","https://groceries.morrisons.com/products/morrisons-yorkshire-vale-sparkling-spring-water/113149240","sparkling water","2026-04-10T19:33:38.908Z","morrisons",,,"6 x 2L"
"Morrisons",,"https://groceries.morrisons.com/images-v3/4b85987b-1398-4173-a0c1-3546047c9d74/8ff33e72-85fb-4944-96de-f930d813dc79/300x300.jpg","Morrisons No Added Sugar Sparkling Raspberry & Blackberry Spring Water 1L","Buy 3 for £2","true","0.8","104893093","https://groceries.morrisons.com/products/morrisons-no-added-sugar-sparkling-raspberry-blackberry-spring-water-1l/104893093","sparkling water","2026-04-10T19:33:38.908Z","morrisons",,,"1L"
"Regina",,"https://groceries.morrisons.com/images-v3/4b85987b-1398-4173-a0c1-3546047c9d74/79623eae-7d87-4e3e-9483-952c93e4235a/300x300.jpg","Regina Blitz All Purpose Kitchen Towel  2 Pack","Now £3, Was £4.75","true","3","105012201","https://groceries.morrisons.com/products/regina-blitz-all-purpose-kitchen-towel-2-pack/105012201","kitchen roll","2026-04-10T19:33:50.102Z","morrisons",,,"2 per pack"
"Plenty",,"https://groceries.morrisons.com/images-v3/4b85987b-1398-4173-a0c1-3546047c9d74/5ec5cd36-33c0-48f8-9c03-a287cb7e3260/300x300.jpg","Plenty White Kitchen Towel 2 Rolls","Now £2.75, Was £5","true","2.75","109059305","https://groceries.morrisons.com/products/plenty-white-kitchen-towel-2-rolls/109059305","kitchen roll","2026-04-10T19:33:50.102Z","morrisons",,,"2 per pack"
"Mighty",,"https://groceries.morrisons.com/images-v3/4b85987b-1398-4173-a0c1-3546047c9d74/d51b3e84-4dfa-4110-85ef-77c41976598b/300x300.jpg","Mighty Big 3 Rolls Of Extra Large Sheets","Now £3.50, Was £4.75","true","3.5","111149828","https://groceries.morrisons.com/products/mighty-big-3-rolls-of-extra-large-sheets/111149828","kitchen roll","2026-04-10T19:33:50.102Z","morrisons",,,"3 per pack"
"Morrisons",,"https://groceries.morrisons.com/images-v3/4b85987b-1398-4173-a0c1-3546047c9d74/44987f33-f02d-4c3c-92f7-cc62f962ace7/300x300.jpg","Morrisons Kitchen Towel 4 Pack",,"false","3.75","112879937","https://groceries.morrisons.com/products/morrisons-kitchen-towel-4-pack/112879937","kitchen roll","2026-04-10T19:33:50.102Z","morrisons",,,"4 per pack"
"Morrisons",,"https://groceries.morrisons.com/images-v3/4b85987b-1398-4173-a0c1-3546047c9d74/0de136fa-c777-4732-9256-3a70a81fa39d/300x300.jpg","Morrisons 2 Double Kitchen Rolls",,"false","2.5","112900118","https://groceries.morrisons.com/products/morrisons-2-double-kitchen-rolls/112900118","kitchen roll","2026-04-10T19:33:50.102Z","morrisons",,,"2 per pack"
"Elegance",,"https://groceries.morrisons.com/images-v3/4b85987b-1398-4173-a0c1-3546047c9d74/90d1e099-6b21-4ef3-8315-ab91b847c951/300x300.jpg","Elegance Supreme Soft Frangranced Toilet Tissue 24 Pack",,"false","8.25","113348943","https://groceries.morrisons.com/products/elegance-supreme-soft-frangranced-toilet-tissue-24-pack/113348943","toilet roll","2026-04-10T19:34:00.688Z","morrisons",,,"24 per pack"
"Morrisons",,"https://groceries.morrisons.com/images-v3/4b85987b-1398-4173-a0c1-3546047c9d74/439bd041-d9ed-4c4e-8ebd-ad4a166d8f1b/300x300.jpg","Morrisons Toilet Tissue White 9 Rolls",,"false","3.4","106634562","https://groceries.morrisons.com/products/morrisons-toilet-tissue-white-9-rolls/106634562","toilet roll","2026-04-10T19:34:00.688Z","morrisons",,,"9 per pack"
"Morrisons",,"https://groceries.morrisons.com/images-v3/4b85987b-1398-4173-a0c1-3546047c9d74/0d83449f-36fd-492e-a26e-8a1b112e53ab/300x300.jpg","Morrisons Savers Double Toilet Rolls 6 Rolls","Price Match","true","2.27","112900169","https://groceries.morrisons.com/products/morrisons-savers-double-toilet-rolls-6-rolls/112900169","toilet roll","2026-04-10T19:34:00.688Z","morrisons",,,"6 per pack"
"Morrisons",,"https://groceries.morrisons.com/images-v3/4b85987b-1398-4173-a0c1-3546047c9d74/2f21648a-9d05-43b7-950f-b403f1470e60/300x300.jpg","Morrisons Pure Linen 6 Mega Toilet Roll",,"false","3.7","115705449","https://groceries.morrisons.com/products/morrisons-pure-linen-6-mega-toilet-roll/115705449","toilet roll","2026-04-10T19:34:00.688Z","morrisons",,,
"Morrisons",,"https://groceries.morrisons.com/images-v3/4b85987b-1398-4173-a0c1-3546047c9d74/5295a431-8319-4350-afd6-99c7b1fddc15/300x300.jpg","Morrisons Pure Linen 4 Toilet Roll",,"false","2","115803436","https://groceries.morrisons.com/products/morrisons-pure-linen-4-toilet-roll/115803436","toilet roll","2026-04-10T19:34:00.688Z","morrisons",,,
"Robinsons",,"https://groceries.morrisons.com/images-v3/4b85987b-1398-4173-a0c1-3546047c9d74/562d6cec-fc1f-4ebd-aaa3-8c149579c6ff/300x300.jpg","Robinsons Apple & Blackcurrant No Added Sugar Squash 1L","Buy 2 for £2.50","true","2","100163595","https://groceries.morrisons.com/products/robinsons-apple-blackcurrant-no-added-sugar-squash-1l/100163595","squash cordial","2026-04-10T19:34:11.812Z","morrisons",,,"1L"
"Robinsons",,"https://groceries.morrisons.com/images-v3/4b85987b-1398-4173-a0c1-3546047c9d74/5d23fb39-01dc-4f77-9bfc-3cb9204a06cd/300x300.jpg","Robinsons Summer Fruits No Added Sugar Squash 1L","Buy 2 for £2.50","true","2","100163667","https://groceries.morrisons.com/products/robinsons-summer-fruits-no-added-sugar-squash-1l/100163667","squash cordial","2026-04-10T19:34:11.812Z","morrisons",,,"1L"
"Morrisons",,"https://groceries.morrisons.com/images-v3/4b85987b-1398-4173-a0c1-3546047c9d74/92f2e3ef-3546-4d5c-a457-16e953bdff6a/300x300.jpg","Morrisons No Added Sugar Apple & Pear Fruit & Barley Squash 1L",,"false","1.5","105169195","https://groceries.morrisons.com/products/morrisons-no-added-sugar-apple-pear-fruit-barley-squash-1l/105169195","squash cordial","2026-04-10T19:34:11.812Z","morrisons",,,"1L"
"Morrisons",,"https://groceries.morrisons.com/images-v3/4b85987b-1398-4173-a0c1-3546047c9d74/10f4c84a-b128-4dd1-9e7e-f40b55d80867/300x300.jpg","Morrisons Apple Quad Concentrate Squash",,"false","1.85","115276251","https://groceries.morrisons.com/products/morrisons-apple-quad-concentrate-squash/115276251","squash cordial","2026-04-10T19:34:11.812Z","morrisons",,,"1.5L"
"Robinsons",,"https://groceries.morrisons.com/images-v3/4b85987b-1398-4173-a0c1-3546047c9d74/e9322d19-a930-4810-b4bc-84faf76c0961/300x300.jpg","Robinsons Fruit Creations Peach & Raspberry Squash",,"false","2.5","109704423","https://groceries.morrisons.com/products/robinsons-fruit-creations-peach-raspberry-squash/109704423","squash cordial","2026-04-10T19:34:11.812Z","morrisons",,,"1L"
"Morrisons",,"https://groceries.morrisons.com/images-v3/4b85987b-1398-4173-a0c1-3546047c9d74/7161b558-4f2a-4084-b160-1fce3844a4b4/300x300.jpg","Morrisons Nourish Natural Jojoba & Chamomile Extracts Shower Gel","Price Match","true","0.99","113718174","https://groceries.morrisons.com/products/morrisons-nourish-natural-jojoba-chamomile-extracts-shower-gel/113718174","shower gel","2026-04-10T19:34:29.005Z","morrisons",,,"500ml"
"Morrisons",,"https://groceries.morrisons.com/images-v3/4b85987b-1398-4173-a0c1-3546047c9d74/b18a6e6d-efce-4815-b6eb-110c79e77491/300x300.jpg","Morrisons Zesty Natural Lemon & Tea Tree Oils Shower Gel","Price Match","true","0.99","113717032","https://groceries.morrisons.com/products/morrisons-zesty-natural-lemon-tea-tree-oils-shower-gel/113717032","shower gel","2026-04-10T19:34:29.005Z","morrisons",,,"500ml"
"Morrisons",,"https://groceries.morrisons.com/images-v3/4b85987b-1398-4173-a0c1-3546047c9d74/aa238535-1451-47c7-a307-c1fa879ae52a/300x300.jpg","Morrisons Awake Natural Sea Minerals & Fennel 2 In 1 Shower Gel & Shampoo","Price Match","true","0.99","113716945","https://groceries.morrisons.com/products/morrisons-awake-natural-sea-minerals-fennel-2-in-1-shower-gel-shampoo/113716945","shower gel","2026-04-10T19:34:29.005Z","morrisons",,,"500ml"
"Morrisons",,"https://groceries.morrisons.com/images-v3/4b85987b-1398-4173-a0c1-3546047c9d74/a3329217-d220-46f4-bc95-ccb91a98d7d7/300x300.jpg","Morrisons Jammy Doughnut Shower Gel","Price Match","true","0.99","115401189","https://groceries.morrisons.com/products/morrisons-jammy-doughnut-shower-gel/115401189","shower gel","2026-04-10T19:34:29.005Z","morrisons",,,"500ml"
"Original",,"https://groceries.morrisons.com/images-v3/4b85987b-1398-4173-a0c1-3546047c9d74/93804ae7-efbe-45bd-91f5-fddeab471daa/300x300.jpg","Original Source Vanilla & Raspberry Shower Gel","Buy 2 for £1.65","true","1.65","102309244","https://groceries.morrisons.com/products/original-source-vanilla-raspberry-shower-gel/102309244","shower gel","2026-04-10T19:34:29.005Z","morrisons",,,"250ml"
"Birds",,"https://groceries.morrisons.com/images-v3/4b85987b-1398-4173-a0c1-3546047c9d74/387e3d46-75da-431d-a3cb-a6fbc839b58f/300x300.jpg","Birds Eye Petits Pois 960g","Now £3, Was £3.85","true","3","111709792","https://groceries.morrisons.com/products/birds-eye-petits-pois-960g/111709792","frozen peas","2026-04-10T19:34:29.115Z","morrisons",,,"960g"
"Birds",,"https://groceries.morrisons.com/images-v3/4b85987b-1398-4173-a0c1-3546047c9d74/dc6d71cf-74af-4493-b0e5-dd3c0bd202ce/300x300.jpg","Birds Eye Garden Peas 800g","Price Match","true","2.95","108702581","https://groceries.morrisons.com/products/birds-eye-garden-peas-800g/108702581","frozen peas","2026-04-10T19:34:29.115Z","morrisons",,,"800g"
"Morrisons",,"https://groceries.morrisons.com/images-v3/4b85987b-1398-4173-a0c1-3546047c9d74/8aefb017-efe5-4576-9211-2ed5061bef3b/300x300.jpg","Morrisons Garden Peas 1kg",,"false","1.7","112661655","https://groceries.morrisons.com/products/morrisons-garden-peas-1kg/112661655","frozen peas","2026-04-10T19:34:29.115Z","morrisons",,,"1kg"
"Morrisons",,"https://groceries.morrisons.com/images-v3/4b85987b-1398-4173-a0c1-3546047c9d74/0abea1e8-21f5-487c-98c5-80c88656fb7b/300x300.jpg","Morrisons Petit Pois 1kg",,"false","1.85","104894651","https://groceries.morrisons.com/products/morrisons-petit-pois-1kg/104894651","frozen peas","2026-04-10T19:34:29.115Z","morrisons",,,"1kg"
"Morrisons",,"https://groceries.morrisons.com/images-v3/4b85987b-1398-4173-a0c1-3546047c9d74/3d4f74d6-3ca7-4ae3-940c-7ffce6d251b4/300x300.jpg","Morrisons The Best Petit Pois 500g",,"false","1.8","110788644","https://groceries.morrisons.com/products/morrisons-the-best-petit-pois-500g/110788644","frozen peas","2026-04-10T19:34:29.115Z","morrisons",,,"500g"
"Morrisons",,"https://groceries.morrisons.com/images-v3/4b85987b-1398-4173-a0c1-3546047c9d74/611ca585-c95a-4735-9227-cef1ba48186f/300x300.jpg","Morrisons Pvc Free Cling Film 75m",,"false","2.7","112430953","https://groceries.morrisons.com/products/morrisons-pvc-free-cling-film-75m/112430953","cling film","2026-04-10T19:34:41.666Z","morrisons",,,"75m"
"Morrisons",,"https://groceries.morrisons.com/images-v3/4b85987b-1398-4173-a0c1-3546047c9d74/8def78cc-3c70-42a7-95a7-624b8a7595b4/300x300.jpg","Morrisons Cling Film 40M",,"false","1.85","115513789","https://groceries.morrisons.com/products/morrisons-cling-film-40m/115513789","cling film","2026-04-10T19:34:41.666Z","morrisons",,,"40m"
"Bacofoil",,"https://groceries.morrisons.com/images-v3/4b85987b-1398-4173-a0c1-3546047c9d74/b8340252-7c1b-4f1f-9327-45c502af67bb/300x300.jpg","Bacofoil PVC Free Cling Film 30m","Now £2.95, Was £3.50","true","2.95","112029158","https://groceries.morrisons.com/products/bacofoil-pvc-free-cling-film-30m/112029158","cling film","2026-04-10T19:34:41.666Z","morrisons",,,
"Sellotape",,"https://groceries.morrisons.com/images-v3/4b85987b-1398-4173-a0c1-3546047c9d74/04456f08-c311-4356-8f0c-24fc505d8bd7/300x300.jpg","Sellotape Sticky Tack",,"false","1","110277318","https://groceries.morrisons.com/products/sellotape-sticky-tack/110277318","cling film","2026-04-10T19:34:41.666Z","morrisons",,,
"Morrisons",,"https://groceries.morrisons.com/images-v3/4b85987b-1398-4173-a0c1-3546047c9d74/e8536a96-5dfa-4253-87c4-70bb3bcf61de/300x300.jpg","Morrisons 50L Tie Top Refuse Sacks 20 Pack","Buy 2 for £4","true","2.5","112571916","https://groceries.morrisons.com/products/morrisons-50l-tie-top-refuse-sacks-20-pack/112571916","bin bags","2026-04-10T19:34:42.475Z","morrisons",,,"20 per pack"
"Morrisons",,"https://groceries.morrisons.com/images-v3/4b85987b-1398-4173-a0c1-3546047c9d74/72514609-427a-40db-b499-6e81c0ca36f9/300x300.jpg","Morrisons 70L Tie Top Refuse Sack 20 Pack","Buy 2 for £4.50","true","2.75","112572185","https://groceries.morrisons.com/products/morrisons-70l-tie-top-refuse-sack-20-pack/112572185","bin bags","2026-04-10T19:34:42.475Z","morrisons",,,"20 x 1 per pack"
"Morrisons",,"https://groceries.morrisons.com/images-v3/4b85987b-1398-4173-a0c1-3546047c9d74/355db4b5-bc75-44b5-83c4-1c78fb8b12d4/300x300.jpg","Morrisons Drawstring Swing Bin Liners","Buy 2 for £4.50","true","2.7","115045807","https://groceries.morrisons.com/products/morrisons-drawstring-swing-bin-liners/115045807","bin bags","2026-04-10T19:34:42.475Z","morrisons",,,"30 x 50L"
"Morrisons",,"https://groceries.morrisons.com/images-v3/4b85987b-1398-4173-a0c1-3546047c9d74/854158ce-dbbc-4f7c-be05-ab8eff2392c5/300x300.jpg","Morrisons 50L Drawstring Tall Kitchen Waste Bin Liners",,"false","4.15","109171305","https://groceries.morrisons.com/products/morrisons-50l-drawstring-tall-kitchen-waste-bin-liners/109171305","bin bags","2026-04-10T19:34:42.475Z","morrisons",,,"20 per pack"
"Morrisons",,"https://groceries.morrisons.com/images-v3/4b85987b-1398-4173-a0c1-3546047c9d74/3f60142e-c49a-4fde-a7d3-f192077d04fb/300x300.jpg","Morrisons 90L Tie Top Refuse Sacks 20 Pack",,"false","5.5","112572273","https://groceries.morrisons.com/products/morrisons-90l-tie-top-refuse-sacks-20-pack/112572273","bin bags","2026-04-10T19:34:42.475Z","morrisons",,,"20 per pack"
"Colgate",,"https://groceries.morrisons.com/images-v3/4b85987b-1398-4173-a0c1-3546047c9d74/0a9e5c49-4869-4858-87b5-b8ad72976b09/300x300.jpg","Colgate Advanced White Teeth Whitening Toothpaste","Now £3, Was £6","true","3","109966618","https://groceries.morrisons.com/products/colgate-advanced-white-teeth-whitening-toothpaste/109966618","toothpaste","2026-04-10T19:34:44.689Z","morrisons",,,"125ml"
"Colgate",,"https://groceries.morrisons.com/images-v3/4b85987b-1398-4173-a0c1-3546047c9d74/4f9149af-2722-45ed-9246-6237ba7bcb2b/300x300.jpg","Colgate Max White Sparkle Diamonds Teeth Whitening Toothpaste","Buy 2 For £5 - More Card Price","true","3","109139946","https://groceries.morrisons.com/products/colgate-max-white-sparkle-diamonds-teeth-whitening-toothpaste/109139946","toothpaste","2026-04-10T19:34:44.689Z","morrisons",,,"75ml"
"Oral-B",,"https://groceries.morrisons.com/images-v3/4b85987b-1398-4173-a0c1-3546047c9d74/5232f773-cc65-47a5-957f-13e329bac2c0/300x300.jpg","Oral-B Pro 3D White Clinical Intensive Whitening Toothpaste","Now £10, Was £20","true","10","113916963","https://groceries.morrisons.com/products/oral-b-pro-3d-white-clinical-intensive-whitening-toothpaste/113916963","toothpaste","2026-04-10T19:34:44.689Z","morrisons",,,"75ml"
"Colgate",,"https://groceries.morrisons.com/images-v3/4b85987b-1398-4173-a0c1-3546047c9d74/d25dcf18-8748-4aec-9879-d90e4c76d987/300x300.jpg","Colgate Triple Action Toothpaste",,"false","1.25","115739999","https://groceries.morrisons.com/products/colgate-triple-action-toothpaste/115739999","toothpaste","2026-04-10T19:34:44.689Z","morrisons",,,"75ml"
"Aquafresh",,"https://groceries.morrisons.com/images-v3/4b85987b-1398-4173-a0c1-3546047c9d74/6e012a7b-05c8-445e-a42c-990d5380b5f5/300x300.jpg","Aquafresh Triple Protection Fresh & Minty Toothpaste 75ml",,"false","1","106463556","https://groceries.morrisons.com/products/aquafresh-triple-protection-fresh-minty-toothpaste-75ml/106463556","toothpaste","2026-04-10T19:34:44.689Z","morrisons",,,"75ml"
"Birds",,"https://groceries.morrisons.com/images-v3/4b85987b-1398-4173-a0c1-3546047c9d74/c3a88b36-df69-451e-966c-c2f79678b4bb/300x300.jpg","Birds Eye Supersweet Sweetcorn 640g","Buy 3 for £6 - Online Exclusive","true","3","112134273","https://groceries.morrisons.com/products/birds-eye-supersweet-sweetcorn-640g/112134273","frozen sweetcorn","2026-04-10T19:34:52.215Z","morrisons",,,"640g"
"Morrisons",,"https://groceries.morrisons.com/images-v3/4b85987b-1398-4173-a0c1-3546047c9d74/4cf52eb9-a072-4a53-9ed6-36b6d7bd70db/300x300.jpg","Morrisons Mini Corn Cobs","Summer Ready BBQ 10% Off - More Card Price","true","1.65","114160838","https://groceries.morrisons.com/products/morrisons-mini-corn-cobs/114160838","frozen sweetcorn","2026-04-10T19:34:52.215Z","morrisons",,,"625g"
"Birds",,"https://groceries.morrisons.com/images-v3/4b85987b-1398-4173-a0c1-3546047c9d74/b6ece762-a1a6-4201-8f7b-3c35f2429648/300x300.jpg","Birds Eye Garden Peas & Sweetcorn 640g","Buy 3 for £6 - Online Exclusive","true","3","113464055","https://groceries.morrisons.com/products/birds-eye-garden-peas-sweetcorn-640g/113464055","frozen sweetcorn","2026-04-10T19:34:52.215Z","morrisons",,,"640g"
"Morrisons",,"https://groceries.morrisons.com/images-v3/4b85987b-1398-4173-a0c1-3546047c9d74/fd5e6b23-455e-4215-a352-85d5c73c037a/300x300.jpg","Morrisons Super Sweet Sweetcorn",,"false","1.85","104893835","https://groceries.morrisons.com/products/morrisons-super-sweet-sweetcorn/104893835","frozen sweetcorn","2026-04-10T19:34:52.215Z","morrisons",,,"1kg"
"Morrisons",,"https://groceries.morrisons.com/images-v3/4b85987b-1398-4173-a0c1-3546047c9d74/d27e40c7-4be4-4c4a-8a91-fd034428bbb3/300x300.jpg","Morrisons Sweetcorn In Water",,"false","2.25","109319947","https://groceries.morrisons.com/products/morrisons-sweetcorn-in-water/109319947","frozen sweetcorn","2026-04-10T19:34:52.215Z","morrisons",,,"4 x 198g"
"Garnier",,"https://groceries.morrisons.com/images-v3/4b85987b-1398-4173-a0c1-3546047c9d74/f060490f-8310-4377-b958-97d6dd8a40fd/300x300.jpg","Garnier Ultimate Blends Hair Food Coconut Shampoo","Now £3, Was £6","true","3","110952310","https://groceries.morrisons.com/products/garnier-ultimate-blends-hair-food-coconut-shampoo/110952310","shampoo","2026-04-10T19:35:03.591Z","morrisons",,,"350ml"
"Head",,"https://groceries.morrisons.com/images-v3/4b85987b-1398-4173-a0c1-3546047c9d74/50b9c8af-1084-4ffc-a733-f2424ee98e11/300x300.jpg","Head & Shoulders Dermaxpro Scalp Care Revitaliser Shampoo","Now £4, Was £6","true","4","113310187","https://groceries.morrisons.com/products/head-shoulders-dermaxpro-scalp-care-revitaliser-shampoo/113310187","shampoo","2026-04-10T19:35:03.591Z","morrisons",,,"300ml"
"Ogx",,"https://groceries.morrisons.com/images-v3/4b85987b-1398-4173-a0c1-3546047c9d74/1923b7d1-0524-4273-81fe-c96c3c31c264/300x300.jpg","Ogx Thick & Full Biotin & Collagen Shampoo","Now £4, Was £8","true","4","108510504","https://groceries.morrisons.com/products/ogx-thick-full-biotin-collagen-shampoo/108510504","shampoo","2026-04-10T19:35:03.591Z","morrisons",,,"385ml"
"Herbal",,"https://groceries.morrisons.com/images-v3/4b85987b-1398-4173-a0c1-3546047c9d74/34204e3b-2ea4-4df3-a05e-e8e9b9be454b/300x300.jpg","Herbal Essences Rose Shampoo","Now £3, Was £6","true","3","113660566","https://groceries.morrisons.com/products/herbal-essences-rose-shampoo/113660566","shampoo","2026-04-10T19:35:03.591Z","morrisons",,,"350ml"
"Pantene",,"https://groceries.morrisons.com/images-v3/4b85987b-1398-4173-a0c1-3546047c9d74/c5b1f3b8-5e2f-4066-934f-c43dc38c4ba3/300x300.jpg","Pantene Core Repair & Protect Shampoo",,"false","6.5","113310224","https://groceries.morrisons.com/products/pantene-core-repair-protect-shampoo/113310224","shampoo","2026-04-10T19:35:03.591Z","morrisons",,,"500ml"
"Bacofoil",,"https://groceries.morrisons.com/images-v3/4b85987b-1398-4173-a0c1-3546047c9d74/0f20cd3d-d530-496c-a778-d09598b868da/300x300.jpg","Bacofoil The Non Stick Kitchen Foil 5m x 300mm","Now £2.45, Was £3","true","2.45","114573974","https://groceries.morrisons.com/products/bacofoil-the-non-stick-kitchen-foil-5m-x-300mm/114573974","tin foil","2026-04-10T19:35:15.014Z","morrisons",,,"5m"
"Morrisons",,"https://groceries.morrisons.com/images-v3/4b85987b-1398-4173-a0c1-3546047c9d74/1757c2d5-941b-4312-adcb-6e6fd46403ae/300x300.jpg","Morrisons Kitchen Foil 30m",,"false","4","106295599","https://groceries.morrisons.com/products/morrisons-kitchen-foil-30m/106295599","tin foil","2026-04-10T19:35:15.014Z","morrisons",,,"30m"
"Morrisons",,"https://groceries.morrisons.com/images-v3/4b85987b-1398-4173-a0c1-3546047c9d74/0a230936-1a69-4707-8d6a-381451d0a7eb/300x300.jpg","Morrisons Kitchen Foil 10m",,"false","1.5","106295564","https://groceries.morrisons.com/products/morrisons-kitchen-foil-10m/106295564","tin foil","2026-04-10T19:35:15.014Z","morrisons",,,"10m"
"Morrisons",,"https://groceries.morrisons.com/images-v3/4b85987b-1398-4173-a0c1-3546047c9d74/fd5a3bb7-e8a9-4c03-97d6-bbe1167e3e63/300x300.jpg","Morrisons Extra Strong Foil 20m x 300mm",,"false","3.25","115133111","https://groceries.morrisons.com/products/morrisons-extra-strong-foil-20m-x-300mm/115133111","tin foil","2026-04-10T19:35:15.014Z","morrisons",,,"20m"
"Bacofoil",,"https://groceries.morrisons.com/images-v3/4b85987b-1398-4173-a0c1-3546047c9d74/e5c508b1-8f47-4a70-ab90-ebce6bf0d84d/300x300.jpg","Bacofoil The Non-Stick Kitchen Foil 20m",,"false","5.95","110474688","https://groceries.morrisons.com/products/bacofoil-the-non-stick-kitchen-foil-20m/110474688","tin foil","2026-04-10T19:35:15.014Z","morrisons",,,"20m"
"Herbal",,"https://groceries.morrisons.com/images-v3/4b85987b-1398-4173-a0c1-3546047c9d74/45f6d0fc-599f-4425-a6dc-8e2d269839d8/300x300.jpg","Herbal Essences Argan Conditioner","Now £3, Was £6","true","3","113651811","https://groceries.morrisons.com/products/herbal-essences-argan-conditioner/113651811","conditioner hair","2026-04-10T19:35:26.118Z","morrisons",,,"250ml"
"Herbal",,"https://groceries.morrisons.com/images-v3/4b85987b-1398-4173-a0c1-3546047c9d74/19673469-2606-4b22-970c-d4f8959b1b5b/300x300.jpg","Herbal Essences Orange Blossom Conditioner","Now £3, Was £6","true","3","113654561","https://groceries.morrisons.com/products/herbal-essences-orange-blossom-conditioner/113654561","conditioner hair","2026-04-10T19:35:26.118Z","morrisons",,,"250ml"
"Palmer's",,"https://groceries.morrisons.com/images-v3/4b85987b-1398-4173-a0c1-3546047c9d74/f2c7cc03-730e-4c28-abbc-93ba667122f6/300x300.jpg","Palmer's Coconut Oil Formula Moisture Boost Conditioner","Now £4, Was £5","true","4","112743589","https://groceries.morrisons.com/products/palmer-s-coconut-oil-formula-moisture-boost-conditioner/112743589","conditioner hair","2026-04-10T19:35:26.118Z","morrisons",,,"400ml"
"Monday",,"https://groceries.morrisons.com/images-v3/4b85987b-1398-4173-a0c1-3546047c9d74/e336eb88-8ad5-456b-81d5-88f50557ee56/300x300.jpg","Monday Moisture Conditioner","Now £3.75, Was £5","true","3.75","114168012","https://groceries.morrisons.com/products/monday-moisture-conditioner/114168012","conditioner hair","2026-04-10T19:35:26.118Z","morrisons",,,"350ml"
"Dove",,"https://groceries.morrisons.com/images-v3/4b85987b-1398-4173-a0c1-3546047c9d74/f8581c05-daa9-4ed8-9fb0-49501aec26cb/300x300.jpg","Dove Intense Repair Conditioner 350ml",,"false","2.25","107185375","https://groceries.morrisons.com/products/dove-intense-repair-conditioner-350ml/107185375","conditioner hair","2026-04-10T19:35:26.118Z","morrisons",,,"350ml"
"Morrisons",,"https://groceries.morrisons.com/images-v3/4b85987b-1398-4173-a0c1-3546047c9d74/7ed563cc-d3e9-4276-ab16-f7d55bc6b215/300x300.jpg","Morrisons Country Mix","Price Match","true","1.11","113483723","https://groceries.morrisons.com/products/morrisons-country-mix/113483723","frozen mixed vegetables","2026-04-10T19:35:37.779Z","morrisons",,,"800g"
"Birds",,"https://groceries.morrisons.com/images-v3/4b85987b-1398-4173-a0c1-3546047c9d74/25c6dd01-1ec0-4659-b6c9-5ed631c3e25e/300x300.jpg","Birds Eye Country Mixed Vegetables 640g","Buy 3 for £6 - Online Exclusive","true","3","113464928","https://groceries.morrisons.com/products/birds-eye-country-mixed-vegetables-640g/113464928","frozen mixed vegetables","2026-04-10T19:35:37.779Z","morrisons",,,"640g"
"Birds",,"https://groceries.morrisons.com/images-v3/4b85987b-1398-4173-a0c1-3546047c9d74/cd62b610-e44a-4192-817b-afddb356e487/300x300.jpg","Birds Eye Steamfresh Super Sunshine Mix 4 Steam Bags 540g","Buy 3 for £6 - Online Exclusive","true","2.89","104380909","https://groceries.morrisons.com/products/birds-eye-steamfresh-super-sunshine-mix-4-steam-bags-540g/104380909","frozen mixed vegetables","2026-04-10T19:35:37.779Z","morrisons",,,"540g"
"Morrisons",,"https://groceries.morrisons.com/images-v3/4b85987b-1398-4173-a0c1-3546047c9d74/95c51b0f-a059-4ace-8ea4-a97314d87100/300x300.jpg","Morrisons Frozen Mixed Vegetables",,"false","1.25","113282796","https://groceries.morrisons.com/products/morrisons-frozen-mixed-vegetables/113282796","frozen mixed vegetables","2026-04-10T19:35:37.779Z","morrisons",,,"1kg"
"Morrisons",,"https://groceries.morrisons.com/images-v3/4b85987b-1398-4173-a0c1-3546047c9d74/d36a2f5a-0504-4c7f-8236-40b3b7d58cf4/300x300.jpg","Morrisons Chargrilled Vegetables",,"false","2.75","104969879","https://groceries.morrisons.com/products/morrisons-chargrilled-vegetables/104969879","frozen mixed vegetables","2026-04-10T19:35:37.779Z","morrisons",,,"500g"
"Baylis",,"https://groceries.morrisons.com/images-v3/4b85987b-1398-4173-a0c1-3546047c9d74/5b1b1766-5886-4d76-95a1-5b9521d7ba0a/300x300.jpg","Baylis & Harding Elements Hand Wash White Tea & Neroli","Now £1.85, Was £2.55","true","1.85","111301084","https://groceries.morrisons.com/products/baylis-harding-elements-hand-wash-white-tea-neroli/111301084","hand soap","2026-04-10T19:35:38.680Z","morrisons",,,"500ml"
"Baylis",,"https://groceries.morrisons.com/images-v3/4b85987b-1398-4173-a0c1-3546047c9d74/bb2404cf-58e5-4927-88a1-f27d9e51ad81/300x300.jpg","Baylis & Harding Elements Handwash","Now £1.85, Was £2.55","true","1.85","113166120","https://groceries.morrisons.com/products/baylis-harding-elements-handwash/113166120","hand soap","2026-04-10T19:35:38.680Z","morrisons",,,"500ml"
"Carex",,"https://groceries.morrisons.com/images-v3/4b85987b-1398-4173-a0c1-3546047c9d74/e7e571a3-f9de-4759-a302-63a93161788d/300x300.jpg","Carex Moisture Handwash Refill Pack","Now £3, Was £3.50","true","3","111702216","https://groceries.morrisons.com/products/carex-moisture-handwash-refill-pack/111702216","hand soap","2026-04-10T19:35:38.680Z","morrisons",,,"1000ml"
"Carex",,"https://groceries.morrisons.com/images-v3/4b85987b-1398-4173-a0c1-3546047c9d74/cf9c4e0c-1883-4f88-a95d-00dce6e86747/300x300.jpg","Carex Antibacterial Moisture Plus Handwash","Now £1, Was £1.65","true","1","100668673","https://groceries.morrisons.com/products/carex-antibacterial-moisture-plus-handwash/100668673","hand soap","2026-04-10T19:35:38.680Z","morrisons",,,"250ml"
"Astonish",,"https://groceries.morrisons.com/images-v3/4b85987b-1398-4173-a0c1-3546047c9d74/4e3b2216-8f46-4698-94f8-e5984df5a3bb/300x300.jpg","Astonish Protect + Care Anti-Bacterial Peony Bloom Hand Wash",,"false","1","112570374","https://groceries.morrisons.com/products/astonish-protect-care-anti-bacterial-peony-bloom-hand-wash/112570374","hand soap","2026-04-10T19:35:38.680Z","morrisons",,,"600ml"
"Sure",,"https://groceries.morrisons.com/images-v3/4b85987b-1398-4173-a0c1-3546047c9d74/bdc18460-8b72-4dee-9b11-40cebd14cd64/300x300.jpg","Sure Nonstop Bright Bouquet 250ml","Now £2.95, Was £3.95","true","2.95","112390251","https://groceries.morrisons.com/products/sure-nonstop-bright-bouquet-250ml/112390251","deodorant","2026-04-10T19:35:50.331Z","morrisons",,,"250ml"
"Mitchum",,"https://groceries.morrisons.com/images-v3/4b85987b-1398-4173-a0c1-3546047c9d74/03010097-9a6c-4eff-aa6a-a734fa6532b3/300x300.jpg","Mitchum Ultimate Floral Citrus Anti Perspirant & Deodorant Spray   250ml","Now £2.66, Was £4","true","2.66","114762839","https://groceries.morrisons.com/products/mitchum-ultimate-floral-citrus-anti-perspirant-deodorant-spray-250ml/114762839","deodorant","2026-04-10T19:35:50.331Z","morrisons",,,"250ml"
"Soft",,"https://groceries.morrisons.com/images-v3/4b85987b-1398-4173-a0c1-3546047c9d74/9d86ff88-5848-40ad-b3b6-fb789bb9b262/300x300.jpg","Soft & Gentle Hyaluronic Care Rosewater Dew 72h Deodorant 250ml","Now £2.20, Was £3.50","true","2.2","114899034","https://groceries.morrisons.com/products/soft-gentle-hyaluronic-care-rosewater-dew-72h-deodorant-250ml/114899034","deodorant","2026-04-10T19:35:50.331Z","morrisons",,,"250ml"
"Right",,"https://groceries.morrisons.com/images-v3/4b85987b-1398-4173-a0c1-3546047c9d74/b78ade44-e5c4-4fd4-b2b1-ef7d4b9b2d4b/300x300.jpg","Right Guard Total Defence 5 Clean Deodorant Spray",,"false","1.95","100708170","https://groceries.morrisons.com/products/right-guard-total-defence-5-clean-deodorant-spray/100708170","deodorant","2026-04-10T19:35:50.331Z","morrisons",,,"250ml"
"Right",,"https://groceries.morrisons.com/images-v3/4b85987b-1398-4173-a0c1-3546047c9d74/6ee10731-5fc0-46ac-b86c-5a0c31ded3b6/300x300.jpg","Right Guard Women Total Defence 5 Invisible Anti-Perspirant",,"false","1.95","100668235","https://groceries.morrisons.com/products/right-guard-women-total-defence-5-invisible-anti-perspirant/100668235","deodorant","2026-04-10T19:35:50.331Z","morrisons",,,"250ml"
"Gillette",,"https://groceries.morrisons.com/images-v3/4b85987b-1398-4173-a0c1-3546047c9d74/90e6457f-6ff2-4a1a-9cda-df3dbf0fcca9/300x300.jpg","Gillette Fusion 5 Razors For Men 4 Refill Razor Blades","Buy 2 for £20","true","13","100698805","https://groceries.morrisons.com/products/gillette-fusion-5-razors-for-men-4-refill-razor-blades/100698805","razor blades","2026-04-10T19:36:02.003Z","morrisons",,,"4 per pack"
"Wilkinson",,"https://groceries.morrisons.com/images-v3/4b85987b-1398-4173-a0c1-3546047c9d74/005aacdf-0c98-4431-bcf2-d72fa72d049c/300x300.jpg","Wilkinson Sword Hydro 5 Men's Razor Blades","Now £8.25, Was £11.50","true","8.25","108058757","https://groceries.morrisons.com/products/wilkinson-sword-hydro-5-men-s-razor-blades/108058757","razor blades","2026-04-10T19:36:02.003Z","morrisons",,,"4 per pack"
"Venus",,"https://groceries.morrisons.com/images-v3/4b85987b-1398-4173-a0c1-3546047c9d74/7c1d97d9-4d02-49de-8b89-6efcef7ac99c/300x300.jpg","Venus Spa Breeze Razor 3 Blades Refills","Now £10.55, Was £13.20","true","10.55","100667128","https://groceries.morrisons.com/products/venus-spa-breeze-razor-3-blades-refills/100667128","razor blades","2026-04-10T19:36:02.003Z","morrisons",,,"4 per pack"
"Gillette",,"https://groceries.morrisons.com/images-v3/4b85987b-1398-4173-a0c1-3546047c9d74/08e04c09-a464-445f-8c3e-33f2cf783a70/300x300.jpg","Gillette Fusion 5 Power Razors For Men 4 Refill Razor Blades","Buy 2 for £22","true","15","100698792","https://groceries.morrisons.com/products/gillette-fusion-5-power-razors-for-men-4-refill-razor-blades/100698792","razor blades","2026-04-10T19:36:02.003Z","morrisons",,,"4 per pack"
"Venus",,"https://groceries.morrisons.com/images-v3/4b85987b-1398-4173-a0c1-3546047c9d74/d8949f43-57fe-4d94-b7c7-daafeadddc03/300x300.jpg","Venus Spa Blades",,"false","24","102462741","https://groceries.morrisons.com/products/venus-spa-blades/102462741","razor blades","2026-04-10T19:36:02.003Z","morrisons",,,"8 per pack"
