"brand","gtin","imageUrl","name","offerDescription","onOffer","price","productUrl","query","scrapedAt","store","unitPrice","unitPriceMeasure","unitSize"
"The",,"https://asdagroceries.scene7.com/is/image/asdagroceries/5052449179705?$ProdList$","The BAKERY at ASDA The Bakery 6 Croissants 240g",,"false","1.78","https://groceries.asda.com/groceries/product/croissants-pain-au-chocolat/the-bakery-at-asda-the-bakery-6-croissants-240g/3573123","croissants","2026-04-10T18:21:45.669Z","asda",,,"240g"
"The",,"https://asdagroceries.scene7.com/is/image/asdagroceries/5054070478936?$ProdList$","The BAKERY at ASDA The Bakery 10 All-Butter Croissants",,"false","2.72","https://groceries.asda.com/groceries/product/croissants-pain-au-chocolat/the-bakery-at-asda-the-bakery-10-all-butter-croissants/4992327","croissants","2026-04-10T18:21:45.669Z","asda",,,
"Exceptional",,"https://asdagroceries.scene7.com/is/image/asdagroceries/5063089499238?$ProdList$","Exceptional by ASDA 4 All-Butter Croissants",,"false","2.38","https://groceries.asda.com/groceries/product/exceptional-breakfast-baked-goods/exceptional-by-asda-4-all-butter-croissants/9137616","croissants","2026-04-10T18:21:45.669Z","asda",,,
"The",,"https://asdagroceries.scene7.com/is/image/asdagroceries/5054070478615?$ProdList$","The BAKERY at ASDA The Bakery 4 All-Butter Croissants",,"false","1.44","https://groceries.asda.com/groceries/product/croissants-pain-au-chocolat/the-bakery-at-asda-the-bakery-4-all-butter-croissants/4836370","croissants","2026-04-10T18:21:45.669Z","asda",,,
"ASDA",,"https://asdagroceries.scene7.com/is/image/asdagroceries/0204450000003?$ProdList$","ASDA Hazelnut Croissant 2pk",,"false","1.52","https://groceries.asda.com/groceries/product/pastries-croissants/asda-hazelnut-croissant-2pk/9088939","croissants","2026-04-10T18:21:45.669Z","asda",,,"2pk"
"ASDA",,"https://asdagroceries.scene7.com/is/image/asdagroceries/20337087?$ProdList$","ASDA British Milk Semi Skimmed 4 Pints",,"false","1.65","https://groceries.asda.com/groceries/product/semi-skimmed-milk/asda-british-milk-semi-skimmed-4-pints/165468","semi skimmed milk","2026-04-10T18:22:07.627Z","asda",,,"4 Pints"
"ASDA",,"https://asdagroceries.scene7.com/is/image/asdagroceries/20411985?$ProdList$","ASDA British Milk Semi Skimmed 2 Pints",,"false","1.2","https://groceries.asda.com/groceries/product/semi-skimmed-milk/asda-british-milk-semi-skimmed-2-pints/538241","semi skimmed milk","2026-04-10T18:22:07.628Z","asda","1.06","per lt","2 Pints"
"ASDA",,"https://asdagroceries.scene7.com/is/image/asdagroceries/20353629?$ProdList$","ASDA British Milk Semi Skimmed 6 Pints",,"false","2.4","https://groceries.asda.com/groceries/product/semi-skimmed-milk/asda-british-milk-semi-skimmed-6-pints/166556","semi skimmed milk","2026-04-10T18:22:07.628Z","asda",,,"6 Pints"
"ASDA",,"https://asdagroceries.scene7.com/is/image/asdagroceries/20394561?$ProdList$","ASDA Northern Irish Semi Skimmed Milk 1 Pint",,"false","0.85","https://groceries.asda.com/groceries/product/semi-skimmed-milk/asda-northern-irish-semi-skimmed-milk-1-pint/165999","semi skimmed milk","2026-04-10T18:22:07.628Z","asda","1.5","per lt","1 Pint"
"Cravendale",,"https://asdagroceries.scene7.com/is/image/asdagroceries/5000181024043?$ProdList$","Cravendale Arla  Filtered Fresh Semi Skimmed Milk 2L Fresher for Longer",,"false","2.5","https://groceries.asda.com/groceries/product/semi-skimmed-milk/cravendale-arla-filtered-fresh-semi-skimmed-milk-2l-fresher-for-longer/489747","semi skimmed milk","2026-04-10T18:22:07.628Z","asda","1.25","per lt","2L"
"The",,"https://asdagroceries.scene7.com/is/image/asdagroceries/5063089837993?$ProdList$","The BAKERY at ASDA The Bakery at  6 Soft White Rolls",,"false","1.24","https://groceries.asda.com/groceries/product/bread-rolls/the-bakery-at-asda-the-bakery-at-6-soft-white-rolls/9245378","burger buns","2026-04-10T18:22:31.209Z","asda",,,
"The",,"https://asdagroceries.scene7.com/is/image/asdagroceries/5063089799116?$ProdList$","The BAKERY at ASDA The Bakery at  6 Scotch White Rolls",,"false","1.24","https://groceries.asda.com/groceries/product/bread-rolls/the-bakery-at-asda-the-bakery-at-6-scotch-white-rolls/9246947","burger buns","2026-04-10T18:22:31.209Z","asda",,,
"Exceptional",,"https://asdagroceries.scene7.com/is/image/asdagroceries/5063089498941?$ProdList$","Exceptional by ASDA Exceptional by  4 Brioche Burger Buns",,"false","1.42","https://groceries.asda.com/groceries/product/white-rolls/exceptional-by-asda-exceptional-by-4-brioche-burger-buns/9137649","burger buns","2026-04-10T18:22:31.209Z","asda",,,
"The",,"https://asdagroceries.scene7.com/is/image/asdagroceries/5057172612703?$ProdList$","The BAKERY at ASDA The Bakery 4 Sliced Brioche Burger Buns",,"false","0.98","https://groceries.asda.com/groceries/product/speciality-flavoured-rolls/the-bakery-at-asda-the-bakery-4-sliced-brioche-burger-buns/6983986","burger buns","2026-04-10T18:22:31.209Z","asda",,,
"The",,"https://asdagroceries.scene7.com/is/image/asdagroceries/5057172612673_T1?$ProdList$","The BAKERY at ASDA The Bakery 6 White Sliced Rolls",,"false","1.12","https://groceries.asda.com/groceries/product/white-rolls/the-bakery-at-asda-the-bakery-6-white-sliced-rolls/6983980","burger buns","2026-04-10T18:22:31.209Z","asda",,,
"Arla",,"https://asdagroceries.scene7.com/is/image/asdagroceries/5000246728183?$ProdList$","Arla BOB Semi-Skimmed Milk 2L That Tastes Like Whole",,"false","2.49","https://groceries.asda.com/groceries/product/semi-skimmed-milk/arla-bob-semi-skimmed-milk-2l-that-tastes-like-whole/7613274","whole milk","2026-04-10T18:22:49.392Z","asda","1.25","per lt","2L"
"Arla",,"https://asdagroceries.scene7.com/is/image/asdagroceries/5000181036312?$ProdList$","Arla BOB Skimmed Milk 2L Tastes like Semi Skimmed",,"false","2.49","https://groceries.asda.com/groceries/product/skimmed-1-fat-milk/arla-bob-skimmed-milk-2l-tastes-like-semi-skimmed/5389916","whole milk","2026-04-10T18:22:49.392Z","asda","1.25","per lt","2L"
"ASDA",,"https://asdagroceries.scene7.com/is/image/asdagroceries/20332167?$ProdList$","ASDA Whole British Milk 4 Pints",,"false","1.65","https://groceries.asda.com/groceries/product/whole-milk/asda-whole-british-milk-4-pints/165426","whole milk","2026-04-10T18:22:49.392Z","asda",,,"4 Pints"
"ASDA",,"https://asdagroceries.scene7.com/is/image/asdagroceries/20349684?$ProdList$","ASDA British Whole Milk 6 Pints",,"false","2.4","https://groceries.asda.com/groceries/product/whole-milk/asda-british-whole-milk-6-pints/166460","whole milk","2026-04-10T18:22:49.392Z","asda",,,"6 Pints"
"ASDA",,"https://asdagroceries.scene7.com/is/image/asdagroceries/20411992?$ProdList$","ASDA British Whole Milk 2 Pints",,"false","1.2","https://groceries.asda.com/groceries/product/whole-milk/asda-british-whole-milk-2-pints/538239","whole milk","2026-04-10T18:22:49.392Z","asda","1.06","per lt","2 Pints"
"ASDA",,"https://asdagroceries.scene7.com/is/image/asdagroceries/5054781258261?$ProdList$","ASDA 8 Tender Pork Loin Steaks 800g",,"false","4.73","https://groceries.asda.com/groceries/product/pork-chops-steaks/asda-8-tender-pork-loin-steaks-800g/5658559","pork chops","2026-04-10T18:23:07.413Z","asda","5.91","per kg","800g"
"ASDA",,"https://asdagroceries.scene7.com/is/image/asdagroceries/5057172314126?$ProdList$","ASDA 4 Tender Pork Chops 700g",,"false","4.97","https://groceries.asda.com/groceries/product/pork-chops-steaks/asda-4-tender-pork-chops-700g/6677840","pork chops","2026-04-10T18:23:07.413Z","asda","7.1","per kg","700g"
"ASDA",,"https://asdagroceries.scene7.com/is/image/asdagroceries/5057172295173?$ProdList$","ASDA 6 Tender Pork Loin Steaks 600g",,"false","4.48","https://groceries.asda.com/groceries/product/pork-chops-steaks/asda-6-tender-pork-loin-steaks-600g/6638993","pork chops","2026-04-10T18:23:07.413Z","asda","5.8","per kg","600g"
"ASDA",,"https://asdagroceries.scene7.com/is/image/asdagroceries/0205420000009?$ProdList$","JUST ESSENTIALS by ASDA Pork Chops (Typically 0.78KG)",,"false","3.71","https://groceries.asda.com/groceries/product/pork-chops-steaks/just-essentials-by-asda-pork-chops-typically-0-78kg-/5804679","pork chops","2026-04-10T18:23:07.413Z","asda","4.76","per kg","0.78KG"
"ASDA",,"https://asdagroceries.scene7.com/is/image/asdagroceries/5063089328880?$ProdList$","ASDA Sticky 6 Chinese Style Pork Loin Sizzle Steaks 600g",,"false","4.74","https://groceries.asda.com/groceries/product/pork-chops-steaks/asda-sticky-6-chinese-style-pork-loin-sizzle-steaks-600g/9075267","pork chops","2026-04-10T18:23:07.413Z","asda","7.9","per kg","600g"
"The",,"https://asdagroceries.scene7.com/is/image/asdagroceries/5054781327943?$ProdList$","The BAKERY at ASDA The Bakery 6 Chocolate Chip Brioche Swirls 300g",,"false","2.14","https://groceries.asda.com/groceries/product/brioche-on-the-go/the-bakery-at-asda-the-bakery-6-chocolate-chip-brioche-swirls-300g/5697448","brioche","2026-04-10T18:23:27.699Z","asda",,,"300g"
"The",,"https://asdagroceries.scene7.com/is/image/asdagroceries/5050854346002?$ProdList$","The BAKERY at ASDA The Bakery Brioche Rolls 280g",,"false","1.57","https://groceries.asda.com/groceries/product/brioche-on-the-go/the-bakery-at-asda-the-bakery-brioche-rolls-280g/2033208","brioche","2026-04-10T18:23:27.699Z","asda",,,"280g"
"The",,"https://asdagroceries.scene7.com/is/image/asdagroceries/5050854345999?$ProdList$","The BAKERY at ASDA 8 Chocolate Chip Brioche Rolls 280g",,"false","1.57","https://groceries.asda.com/groceries/product/brioche-on-the-go/the-bakery-at-asda-8-chocolate-chip-brioche-rolls-280g/2033206","brioche","2026-04-10T18:23:27.699Z","asda",,,"280g"
"Exceptional",,"https://asdagroceries.scene7.com/is/image/asdagroceries/5063089498941?$ProdList$","Exceptional by ASDA Exceptional by  4 Brioche Burger Buns",,"false","1.42","https://groceries.asda.com/groceries/product/white-rolls/exceptional-by-asda-exceptional-by-4-brioche-burger-buns/9137649","brioche","2026-04-10T18:23:27.699Z","asda",,,
"Exceptional",,"https://asdagroceries.scene7.com/is/image/asdagroceries/5063089498958?$ProdList$","Exceptional by ASDA 6 Sliced Brioche Hot Dog Rolls",,"false","2.16","https://groceries.asda.com/groceries/product/white-rolls/exceptional-by-asda-6-sliced-brioche-hot-dog-rolls/9137652","brioche","2026-04-10T18:23:27.699Z","asda",,,
"Arla",,"https://asdagroceries.scene7.com/is/image/asdagroceries/5000181036312?$ProdList$","Arla BOB Skimmed Milk 2L Tastes like Semi Skimmed",,"false","2.49","https://groceries.asda.com/groceries/product/skimmed-1-fat-milk/arla-bob-skimmed-milk-2l-tastes-like-semi-skimmed/5389916","skimmed milk","2026-04-10T18:23:48.185Z","asda","1.25","per lt","2L"
"Arla",,"https://asdagroceries.scene7.com/is/image/asdagroceries/5000246728183?$ProdList$","Arla BOB Semi-Skimmed Milk 2L That Tastes Like Whole",,"false","2.49","https://groceries.asda.com/groceries/product/semi-skimmed-milk/arla-bob-semi-skimmed-milk-2l-that-tastes-like-whole/7613274","skimmed milk","2026-04-10T18:23:48.185Z","asda","1.25","per lt","2L"
"ASDA",,"https://asdagroceries.scene7.com/is/image/asdagroceries/20341459?$ProdList$","ASDA British Milk Skimmed 4 Pints",,"false","1.65","https://groceries.asda.com/groceries/product/skimmed-1-fat-milk/asda-british-milk-skimmed-4-pints/165568","skimmed milk","2026-04-10T18:23:48.185Z","asda",,,"4 Pints"
"ASDA",,"https://asdagroceries.scene7.com/is/image/asdagroceries/20411978?$ProdList$","ASDA British Milk Skimmed 2 Pints",,"false","1.2","https://groceries.asda.com/groceries/product/skimmed-1-fat-milk/asda-british-milk-skimmed-2-pints/538240","skimmed milk","2026-04-10T18:23:48.185Z","asda","1.06","per lt","2 Pints"
"ASDA",,"https://asdagroceries.scene7.com/is/image/asdagroceries/20375232?$ProdList$","JUST ESSENTIALS by ASDA Skimmed Long Life Milk 1 Litre",,"false","0.69","https://groceries.asda.com/groceries/product/long-life-milk/just-essentials-by-asda-skimmed-long-life-milk-1-litre/531281","skimmed milk","2026-04-10T18:23:48.185Z","asda",,,"1 Litre"
"ASDA",,"https://asdagroceries.scene7.com/is/image/asdagroceries/5057172505623?$ProdList$","ASDA Flavoursome 12 Thick Cut Smoked Back Bacon Rashers 500g",,"false","3.07","https://groceries.asda.com/groceries/product/bacon/asda-flavoursome-12-thick-cut-smoked-back-bacon-rashers-500g/6832344","smoked bacon","2026-04-10T18:24:10.288Z","asda","6.14","per kg","500g"
"ASDA",,"https://asdagroceries.scene7.com/is/image/asdagroceries/5057172008780?$ProdList$","ASDA Flavoursome 6 Thick Cut Smoked Back Bacon Rashers 300g",,"false","1.64","https://groceries.asda.com/groceries/product/bacon/asda-flavoursome-6-thick-cut-smoked-back-bacon-rashers-300g/6345754","smoked bacon","2026-04-10T18:24:10.288Z","asda","5.47","per kg","300g"
"ASDA",,"https://asdagroceries.scene7.com/is/image/asdagroceries/5057172008766?$ProdList$","ASDA Flavoursome 10 Smoked Back Bacon Rashers 300g",,"false","1.64","https://groceries.asda.com/groceries/product/bacon/asda-flavoursome-10-smoked-back-bacon-rashers-300g/6345750","smoked bacon","2026-04-10T18:24:10.288Z","asda","5.47","per kg","300g"
"ASDA",,"https://asdagroceries.scene7.com/is/image/asdagroceries/5057172106301?$ProdList$","JUST ESSENTIALS by ASDA Smoked Back Bacon 300g",,"false","1.25","https://groceries.asda.com/groceries/product/bacon/just-essentials-by-asda-smoked-back-bacon-300g/6367028","smoked bacon","2026-04-10T18:24:10.288Z","asda","4.17","per kg","300g"
"Exceptional",,"https://asdagroceries.scene7.com/is/image/asdagroceries/5063089589687?$ProdList$","Exceptional by ASDA Exceptional 8 Oak Smoked Back Bacon Rashers 240g",,"false","3.47","https://groceries.asda.com/groceries/product/bacon/exceptional-by-asda-exceptional-8-oak-smoked-back-bacon-rashers-240g/9124857","smoked bacon","2026-04-10T18:24:10.288Z","asda","14.46","per kg","240g"
"ASDA",,"https://asdagroceries.scene7.com/is/image/asdagroceries/5063089466438?$ProdList$","ASDA 6 Sweet & Creamy Bananas",,"false","0.94","https://groceries.asda.com/groceries/product/bananas/asda-6-sweet-creamy-bananas/9084493","bananas","2026-04-10T18:24:31.692Z","asda",,,
"ASDA",,"https://asdagroceries.scene7.com/is/image/asdagroceries/5063089466445?$ProdList$","ASDA 7 Brilliant Bananas",,"false","0.88","https://groceries.asda.com/groceries/product/bananas/asda-7-brilliant-bananas/9084496","bananas","2026-04-10T18:24:31.692Z","asda",,,
"ASDA",,"https://asdagroceries.scene7.com/is/image/asdagroceries/5057172029457?$ProdList$","ASDA Organic Organic 5 Fairtrade Bananas",,"false","1.47","https://groceries.asda.com/groceries/product/bananas/asda-organic-organic-5-fairtrade-bananas/6389889","bananas","2026-04-10T18:24:31.692Z","asda",,,
"ASDA",,"https://asdagroceries.scene7.com/is/image/asdagroceries/5063089595107?$ProdList$","ASDA Banana & Chocolate Chip Soft Bake Bars 5 x 35g",,"false","1.35","https://groceries.asda.com/groceries/product/cereal-bars/asda-banana-chocolate-chip-soft-bake-bars-5-x-35g/9212123","bananas","2026-04-10T18:24:31.692Z","asda","7.71","per kg","5 x 35g"
"Mr",,"https://asdagroceries.scene7.com/is/image/asdagroceries/5000221609155?$ProdList$","Mr Kipling Lunchbox Banana Cake Slices 4 Pack",,"false","1","https://groceries.asda.com/groceries/product/view-all-cake-bars-slices-tarts/mr-kipling-lunchbox-banana-cake-slices-4-pack/9244224","bananas","2026-04-10T18:24:31.692Z","asda",,,"4 Pack"
"Exceptional",,"https://asdagroceries.scene7.com/is/image/asdagroceries/5063089899328?$ProdList$","Exceptional by ASDA Strawberries 227g",,"false","2.97","https://groceries.asda.com/groceries/product/berries-cherries/exceptional-by-asda-strawberries-227g/9278692","strawberries","2026-04-10T18:24:53.123Z","asda","13.08","per kg","227g"
"ASDA",,"https://asdagroceries.scene7.com/is/image/asdagroceries/5054781443414?$ProdList$","ASDA Ripe & Sweet Strawberries 227g",,"false","1.97","https://groceries.asda.com/groceries/product/berries-cherries/asda-ripe-sweet-strawberries-227g/5669997","strawberries","2026-04-10T18:24:53.123Z","asda","8.68","per kg","227g"
"ASDA",,"https://asdagroceries.scene7.com/is/image/asdagroceries/27422915?$ProdList$","ASDA Ripe & Sweet Strawberries 400g",,"false","2.65","https://groceries.asda.com/groceries/product/berries-cherries/asda-ripe-sweet-strawberries-400g/1049771","strawberries","2026-04-10T18:24:53.123Z","asda","6.63","per kg","400g"
"ASDA",,"https://asdagroceries.scene7.com/is/image/asdagroceries/5054781501800?$ProdList$","ASDA Organic Strawberries 225g",,"false","2.53","https://groceries.asda.com/groceries/product/berries-cherries/asda-organic-strawberries-225g/5767069","strawberries","2026-04-10T18:24:53.123Z","asda","11.24","per kg","225g"
"ASDA",,"https://asdagroceries.scene7.com/is/image/asdagroceries/5054781593539?$ProdList$","JUST ESSENTIALS by ASDA Strawberries 227g",,"false","1.79","https://groceries.asda.com/groceries/product/berries-cherries/just-essentials-by-asda-strawberries-227g/5800562","strawberries","2026-04-10T18:24:53.123Z","asda","7.89","per kg","227g"
"Alpro",,"https://asdagroceries.scene7.com/is/image/asdagroceries/5411188127697?$ProdList$","Alpro Barista Oat Long Life Dairy Free Drink 1L",,"false","1.58","https://groceries.asda.com/groceries/product/oat-nut-drinks/alpro-barista-oat-long-life-dairy-free-drink-1l/6496039","oat milk","2026-04-10T18:25:11.474Z","asda","1.56","per lt","1L"
"Alpro",,"https://asdagroceries.scene7.com/is/image/asdagroceries/5411188124702?$ProdList$","Alpro Oat No Sugars Plant-Based Chilled Drink Vegan And Dairy Free 1L",,"false","1.58","https://groceries.asda.com/groceries/product/oat-nut-drinks/alpro-oat-no-sugars-plant-based-chilled-drink-vegan-and-dairy-free-1l/6494115","oat milk","2026-04-10T18:25:11.474Z","asda","1.58","per lt","1L"
"Alpro",,"https://asdagroceries.scene7.com/is/image/asdagroceries/5411188123132?$ProdList$","Alpro Oat Plant-Based Chilled Drink Vegan & Dairy Free 1L",,"false","1.58","https://groceries.asda.com/groceries/product/oat-nut-drinks/alpro-oat-plant-based-chilled-drink-vegan-dairy-free-1l/5708490","oat milk","2026-04-10T18:25:11.474Z","asda","1.58","per lt","1L"
"Alpro",,"https://asdagroceries.scene7.com/is/image/asdagroceries/5411188133094?$ProdList$","Alpro Barista Oat 750ml",,"false","1.62","https://groceries.asda.com/groceries/product/oat-nut-drinks/alpro-barista-oat-750ml/9103626","oat milk","2026-04-10T18:25:11.474Z","asda","2.16","per lt","750ml"
"Alpro",,"https://asdagroceries.scene7.com/is/image/asdagroceries/5411188129899?$ProdList$","Alpro Barista Almond Long Life Dairy Free Drink 1L",,"false","1.58","https://groceries.asda.com/groceries/product/oat-nut-drinks/alpro-barista-almond-long-life-dairy-free-drink-1l/7345767","oat milk","2026-04-10T18:25:11.474Z","asda","1.56","per lt","1L"
"ASDA",,"https://asdagroceries.scene7.com/is/image/asdagroceries/5057172008759?$ProdList$","ASDA Delicious 10 Unsmoked Back Bacon Rashers 300g",,"false","1.64","https://groceries.asda.com/groceries/product/bacon/asda-delicious-10-unsmoked-back-bacon-rashers-300g/6345748","unsmoked bacon","2026-04-10T18:25:31.409Z","asda","5.47","per kg","300g"
"ASDA",,"https://asdagroceries.scene7.com/is/image/asdagroceries/5057172008773?$ProdList$","ASDA 6 Thick Cut Unsmoked Back Bacon Rashers 300g",,"false","1.64","https://groceries.asda.com/groceries/product/bacon/asda-6-thick-cut-unsmoked-back-bacon-rashers-300g/6345752","unsmoked bacon","2026-04-10T18:25:31.409Z","asda","5.47","per kg","300g"
"Exceptional",,"https://asdagroceries.scene7.com/is/image/asdagroceries/5063089589571?$ProdList$","Exceptional by ASDA 8 Unsmoked Back Bacon Rashers 240g",,"false","3.47","https://groceries.asda.com/groceries/product/bacon/exceptional-by-asda-8-unsmoked-back-bacon-rashers-240g/9124824","unsmoked bacon","2026-04-10T18:25:31.409Z","asda","14.46","per kg","240g"
"ASDA",,"https://asdagroceries.scene7.com/is/image/asdagroceries/5057172106295?$ProdList$","JUST ESSENTIALS by ASDA Unsmoked Back Bacon 300g",,"false","1.25","https://groceries.asda.com/groceries/product/bacon/just-essentials-by-asda-unsmoked-back-bacon-300g/6367026","unsmoked bacon","2026-04-10T18:25:31.409Z","asda","4.17","per kg","300g"
"ASDA",,"https://asdagroceries.scene7.com/is/image/asdagroceries/5057172505616?$ProdList$","ASDA Delicious 12 Thick Cut Unsmoked Back Bacon Rashers 500g",,"false","3.07","https://groceries.asda.com/groceries/product/bacon/asda-delicious-12-thick-cut-unsmoked-back-bacon-rashers-500g/6832342","unsmoked bacon","2026-04-10T18:25:31.409Z","asda","6.14","per kg","500g"
"ASDA",,"https://asdagroceries.scene7.com/is/image/asdagroceries/5057172445325?$ProdList$","ASDA Sweet & Bursting Blueberries 300g",,"false","3.12","https://groceries.asda.com/groceries/product/berries-cherries/asda-sweet-bursting-blueberries-300g/6755715","blueberries","2026-04-10T18:25:53.209Z","asda","10.4","per kg","300g"
"ASDA",,"https://asdagroceries.scene7.com/is/image/asdagroceries/5063089708972?$ProdList$","ASDA Sweet & Bursting Blueberries 150g",,"false","1.67","https://groceries.asda.com/groceries/product/berries-cherries/asda-sweet-bursting-blueberries-150g/9184477","blueberries","2026-04-10T18:25:53.209Z","asda","11.13","per kg","150g"
"ASDA",,"https://asdagroceries.scene7.com/is/image/asdagroceries/5063089708989?$ProdList$","ASDA Just Essentials Blueberries 150g",,"false","1.3","https://groceries.asda.com/groceries/product/berries-cherries/asda-just-essentials-blueberries-150g/9194311","blueberries","2026-04-10T18:25:53.209Z","asda","8.67","per kg","150g"
"Exceptional",,"https://asdagroceries.scene7.com/is/image/asdagroceries/5063717043024?$ProdList$","Exceptional by ASDA Exceptional by  Hand Picked Blueberries 200g",,"false","2.97","https://groceries.asda.com/groceries/product/undefined/exceptional-by-asda-exceptional-by-hand-picked-blueberries-200g/9304396","blueberries","2026-04-10T18:25:53.209Z","asda","14.85","per kg","200g"
"ASDA",,"https://asdagroceries.scene7.com/is/image/asdagroceries/5054781593515?$ProdList$","ASDA Organic Blueberries",,"false","2.36","https://groceries.asda.com/groceries/product/berries-cherries/asda-organic-blueberries/5800560","blueberries","2026-04-10T18:25:53.209Z","asda","18.88","per kg",
"Exceptional",,"https://asdagroceries.scene7.com/is/image/asdagroceries/5063089589601?$ProdList$","Exceptional by ASDA 14 Dry Cured Oak Smoked Streaky Bacon Rashers 200g",,"false","3.47","https://groceries.asda.com/groceries/product/bacon/exceptional-by-asda-14-dry-cured-oak-smoked-streaky-bacon-rashers-200g/9124833","streaky bacon","2026-04-10T18:26:11.076Z","asda","17.35","per kg","200g"
"Exceptional",,"https://asdagroceries.scene7.com/is/image/asdagroceries/5063089589595?$ProdList$","Exceptional by ASDA 14 Dry Cured Unsmoked Streaky Bacon Rashers 200g",,"false","3.47","https://groceries.asda.com/groceries/product/bacon/exceptional-by-asda-14-dry-cured-unsmoked-streaky-bacon-rashers-200g/9124830","streaky bacon","2026-04-10T18:26:11.076Z","asda","17.35","per kg","200g"
"Exceptional",,"https://asdagroceries.scene7.com/is/image/asdagroceries/5063089589694?$ProdList$","Exceptional by ASDA 14 Oak Smoked Streaky Bacon Rashers 200g",,"false","3.47","https://groceries.asda.com/groceries/product/bacon/exceptional-by-asda-14-oak-smoked-streaky-bacon-rashers-200g/9124860","streaky bacon","2026-04-10T18:26:11.076Z","asda","17.35","per kg","200g"
"ASDA",,"https://asdagroceries.scene7.com/is/image/asdagroceries/5063089172186?$ProdList$","ASDA 12 Tasty Smoked Streaky Bacon Rashers 200g",,"false","2.98","https://groceries.asda.com/groceries/product/bacon/asda-12-tasty-smoked-streaky-bacon-rashers-200g/7738978","streaky bacon","2026-04-10T18:26:11.076Z","asda","14.9","per kg","200g"
"Exceptional",,"https://asdagroceries.scene7.com/is/image/asdagroceries/5063089589649?$ProdList$","Exceptional by ASDA 20 Dry Cured Oak Smoked Streaky Bacon Rashers 180g",,"false","3.47","https://groceries.asda.com/groceries/product/bacon/exceptional-by-asda-20-dry-cured-oak-smoked-streaky-bacon-rashers-180g/9124845","streaky bacon","2026-04-10T18:26:11.076Z","asda","19.28","per kg","180g"
"Alpro",,"https://asdagroceries.scene7.com/is/image/asdagroceries/5411188112709?$ProdList$","Alpro Almond No Sugar Long Life Dairy Free Drink 1L",,"false","2.08","https://groceries.asda.com/groceries/product/oat-nut-drinks/alpro-almond-no-sugar-long-life-dairy-free-drink-1l/4582488","almond milk","2026-04-10T18:26:32.500Z","asda","1.56","per lt","1L"
"Alpro",,"https://asdagroceries.scene7.com/is/image/asdagroceries/5411188129899?$ProdList$","Alpro Barista Almond Long Life Dairy Free Drink 1L",,"false","1.58","https://groceries.asda.com/groceries/product/oat-nut-drinks/alpro-barista-almond-long-life-dairy-free-drink-1l/7345767","almond milk","2026-04-10T18:26:32.500Z","asda","1.56","per lt","1L"
"Alpro",,"https://asdagroceries.scene7.com/is/image/asdagroceries/5411188110835?$ProdList$","Alpro Almond Original Long Life Dairy Free Drink 1L",,"false","2.08","https://groceries.asda.com/groceries/product/oat-nut-drinks/alpro-almond-original-long-life-dairy-free-drink-1l/3855219","almond milk","2026-04-10T18:26:32.500Z","asda","1.56","per lt","1L"
"Alpro",,"https://asdagroceries.scene7.com/is/image/asdagroceries/5411188127697?$ProdList$","Alpro Barista Oat Long Life Dairy Free Drink 1L",,"false","1.58","https://groceries.asda.com/groceries/product/oat-nut-drinks/alpro-barista-oat-long-life-dairy-free-drink-1l/6496039","almond milk","2026-04-10T18:26:32.500Z","asda","1.56","per lt","1L"
"Alpro",,"https://asdagroceries.scene7.com/is/image/asdagroceries/5411188124702?$ProdList$","Alpro Oat No Sugars Plant-Based Chilled Drink Vegan And Dairy Free 1L",,"false","1.58","https://groceries.asda.com/groceries/product/oat-nut-drinks/alpro-oat-no-sugars-plant-based-chilled-drink-vegan-and-dairy-free-1l/6494115","almond milk","2026-04-10T18:26:32.500Z","asda","1.58","per lt","1L"
"Exceptional",,"https://asdagroceries.scene7.com/is/image/asdagroceries/5063089485682?$ProdList$","Exceptional by ASDA 6 Classic Pork Sausages 400g",,"false","3.17","https://groceries.asda.com/groceries/product/sausages/exceptional-by-asda-6-classic-pork-sausages-400g/9111076","pork sausages","2026-04-10T18:26:54.381Z","asda","7.93","per kg","400g"
"ASDA",,"https://asdagroceries.scene7.com/is/image/asdagroceries/20335045?$ProdList$","ASDA 8 Flavourful Pork Sausages 454g",,"false","1.79","https://groceries.asda.com/groceries/product/sausages/asda-8-flavourful-pork-sausages-454g/555631","pork sausages","2026-04-10T18:26:54.381Z","asda","3.94","per kg","454g"
"Exceptional",,"https://asdagroceries.scene7.com/is/image/asdagroceries/5063089485835?$ProdList$","Exceptional by ASDA 10 Classic Pork Sausages 667g",,"false","4.27","https://groceries.asda.com/groceries/product/sausages/exceptional-by-asda-10-classic-pork-sausages-667g/9111121","pork sausages","2026-04-10T18:26:54.381Z","asda","6","per kg","667g"
"Richmond",,"https://asdagroceries.scene7.com/is/image/asdagroceries/5057624360664?$ProdList$","Richmond 8 Thick Pork Sausages 410g",,"false","2.17","https://groceries.asda.com/groceries/product/sausages/richmond-8-thick-pork-sausages-410g/6668578","pork sausages","2026-04-10T18:26:54.381Z","asda","3.29","per kg","410g"
"Exceptional",,"https://asdagroceries.scene7.com/is/image/asdagroceries/5063089485699?$ProdList$","Exceptional by ASDA 12 Classic Pork Chipolata Sausages 375g",,"false","3.17","https://groceries.asda.com/groceries/product/sausages/exceptional-by-asda-12-classic-pork-chipolata-sausages-375g/9111079","pork sausages","2026-04-10T18:26:54.381Z","asda","8.45","per kg","375g"
"Alpro",,"https://asdagroceries.scene7.com/is/image/asdagroceries/5411188091660?$ProdList$","Alpro Soya Growing Up Long Life Dairy Free Drink 1-3+ Years 1L",,"false","1.88","https://groceries.asda.com/groceries/product/soya-drinks/alpro-soya-growing-up-long-life-dairy-free-drink-1-3-years-1l/3855217","soy milk","2026-04-10T18:27:14.981Z","asda","1.88","per lt","1L"
"Alpro",,"https://asdagroceries.scene7.com/is/image/asdagroceries/5411188127697?$ProdList$","Alpro Barista Oat Long Life Dairy Free Drink 1L",,"false","1.58","https://groceries.asda.com/groceries/product/oat-nut-drinks/alpro-barista-oat-long-life-dairy-free-drink-1l/6496039","soy milk","2026-04-10T18:27:14.981Z","asda","1.56","per lt","1L"
"Alpro",,"https://asdagroceries.scene7.com/is/image/asdagroceries/5411188124702?$ProdList$","Alpro Oat No Sugars Plant-Based Chilled Drink Vegan And Dairy Free 1L",,"false","1.58","https://groceries.asda.com/groceries/product/oat-nut-drinks/alpro-oat-no-sugars-plant-based-chilled-drink-vegan-and-dairy-free-1l/6494115","soy milk","2026-04-10T18:27:14.981Z","asda","1.58","per lt","1L"
"Alpro",,"https://asdagroceries.scene7.com/is/image/asdagroceries/5411188129899?$ProdList$","Alpro Barista Almond Long Life Dairy Free Drink 1L",,"false","1.58","https://groceries.asda.com/groceries/product/oat-nut-drinks/alpro-barista-almond-long-life-dairy-free-drink-1l/7345767","soy milk","2026-04-10T18:27:14.981Z","asda","1.56","per lt","1L"
"Alpro",,"https://asdagroceries.scene7.com/is/image/asdagroceries/5411188123132?$ProdList$","Alpro Oat Plant-Based Chilled Drink Vegan & Dairy Free 1L",,"false","1.58","https://groceries.asda.com/groceries/product/oat-nut-drinks/alpro-oat-plant-based-chilled-drink-vegan-dairy-free-1l/5708490","soy milk","2026-04-10T18:27:14.981Z","asda","1.58","per lt","1L"
"Exceptional",,"https://asdagroceries.scene7.com/is/image/asdagroceries/5063717043031?$ProdList$","Exceptional by ASDA Exceptional by ASDA Hand Picked Raspberries 150g",,"false","2.97","https://groceries.asda.com/groceries/product/berries-cherries/exceptional-by-asda-exceptional-by-asda-hand-picked-raspberries-150g/9300569","raspberries","2026-04-10T18:27:33.611Z","asda","19.8","per kg","150g"
"ASDA",,"https://asdagroceries.scene7.com/is/image/asdagroceries/5063089020470_T1?$ProdList$","ASDA Sweet & Plump Raspberries 250g",,"false","3.43","https://groceries.asda.com/groceries/product/berries-cherries/asda-sweet-plump-raspberries-250g/7534910","raspberries","2026-04-10T18:27:33.611Z","asda","13.72","per kg","250g"
"ASDA",,"https://asdagroceries.scene7.com/is/image/asdagroceries/5063089354278?$ProdList$","ASDA Succulent & Juicy Mixed Berries 200g",,"false","2.74","https://groceries.asda.com/groceries/product/berries-cherries/asda-succulent-juicy-mixed-berries-200g/9059299","raspberries","2026-04-10T18:27:33.611Z","asda","13.7","per kg","200g"
"ASDA",,"https://asdagroceries.scene7.com/is/image/asdagroceries/23024861?$ProdList$","ASDA Sweet & Plump Raspberries 150g",,"false","2.13","https://groceries.asda.com/groceries/product/berries-cherries/asda-sweet-plump-raspberries-150g/154318","raspberries","2026-04-10T18:27:33.611Z","asda","14.2","per kg","150g"
"ASDA",,"https://asdagroceries.scene7.com/is/image/asdagroceries/5051413051597?$ProdList$","JUST ESSENTIALS by ASDA Just Essentials 6 Raspberry Flavour Mini Rolls",,"false","0.8","https://groceries.asda.com/groceries/product/cake-bars-mini-rolls/just-essentials-by-asda-just-essentials-6-raspberry-flavour-mini-rolls/2877121","raspberries","2026-04-10T18:27:33.611Z","asda",,,
"Alpro",,"https://asdagroceries.scene7.com/is/image/asdagroceries/5411188127697?$ProdList$","Alpro Barista Oat Long Life Dairy Free Drink 1L",,"false","1.58","https://groceries.asda.com/groceries/product/oat-nut-drinks/alpro-barista-oat-long-life-dairy-free-drink-1l/6496039","lactose free milk","2026-04-10T18:27:54.199Z","asda","1.56","per lt","1L"
"Alpro",,"https://asdagroceries.scene7.com/is/image/asdagroceries/5411188124702?$ProdList$","Alpro Oat No Sugars Plant-Based Chilled Drink Vegan And Dairy Free 1L",,"false","1.58","https://groceries.asda.com/groceries/product/oat-nut-drinks/alpro-oat-no-sugars-plant-based-chilled-drink-vegan-and-dairy-free-1l/6494115","lactose free milk","2026-04-10T18:27:54.199Z","asda","1.58","per lt","1L"
"Alpro",,"https://asdagroceries.scene7.com/is/image/asdagroceries/5411188091660?$ProdList$","Alpro Soya Growing Up Long Life Dairy Free Drink 1-3+ Years 1L",,"false","1.88","https://groceries.asda.com/groceries/product/soya-drinks/alpro-soya-growing-up-long-life-dairy-free-drink-1-3-years-1l/3855217","lactose free milk","2026-04-10T18:27:54.199Z","asda","1.88","per lt","1L"
"Alpro",,"https://asdagroceries.scene7.com/is/image/asdagroceries/5411188112709?$ProdList$","Alpro Almond No Sugar Long Life Dairy Free Drink 1L",,"false","2.08","https://groceries.asda.com/groceries/product/oat-nut-drinks/alpro-almond-no-sugar-long-life-dairy-free-drink-1l/4582488","lactose free milk","2026-04-10T18:27:54.199Z","asda","1.56","per lt","1L"
"Alpro",,"https://asdagroceries.scene7.com/is/image/asdagroceries/5411188129899?$ProdList$","Alpro Barista Almond Long Life Dairy Free Drink 1L",,"false","1.58","https://groceries.asda.com/groceries/product/oat-nut-drinks/alpro-barista-almond-long-life-dairy-free-drink-1l/7345767","lactose free milk","2026-04-10T18:27:54.199Z","asda","1.56","per lt","1L"
"ASDA",,"https://asdagroceries.scene7.com/is/image/asdagroceries/5054781401261?$ProdList$","ASDA Zingy & Crisp Braeburn Apples",,"false","1.67","https://groceries.asda.com/groceries/product/apples/asda-zingy-crisp-braeburn-apples/5648293","braeburn apples","2026-04-10T18:28:14.419Z","asda",,,
"ASDA",,"https://asdagroceries.scene7.com/is/image/asdagroceries/5054781401285?$ProdList$","ASDA Royal Gala Apples",,"false","1.67","https://groceries.asda.com/groceries/product/apples/asda-royal-gala-apples/5648295","braeburn apples","2026-04-10T18:28:14.419Z","asda",,,
"ASDA",,"https://asdagroceries.scene7.com/is/image/asdagroceries/5051413739273?$ProdList$","ASDA 4 Juicy & Crisp Honeycrunch Apples",,"false","1.97","https://groceries.asda.com/groceries/product/apples/asda-4-juicy-crisp-honeycrunch-apples/3040785","braeburn apples","2026-04-10T18:28:14.419Z","asda",,,
"HECK!",,"https://asdagroceries.scene7.com/is/image/asdagroceries/5060317350040?$ProdList$","HECK! HECK! Chicken Italia Gluten Free Chipolatas 10 pack 340g",,"false","3.17","https://groceries.asda.com/groceries/product/sausages/heck--heck-chicken-italia-gluten-free-chipolatas-10-pack-340g/5061226","chicken sausages","2026-04-10T18:28:35.312Z","asda","9.32","per kg","340g"
"Richmond",,"https://asdagroceries.scene7.com/is/image/asdagroceries/5000342001340?$ProdList$","Richmond 8 Roast Chicken Sausages 410g",,"false","2.48","https://groceries.asda.com/groceries/product/sausages/richmond-8-roast-chicken-sausages-410g/9088552","chicken sausages","2026-04-10T18:28:35.312Z","asda","6.05","per kg","410g"
"ASDA",,"https://asdagroceries.scene7.com/is/image/asdagroceries/5063089826362?$ProdList$","ASDA ASDA 8 Succulent Chicken Sausages 454g",,"false","2.98","https://groceries.asda.com/groceries/product/sausages/asda-asda-8-succulent-chicken-sausages-454g/9222205","chicken sausages","2026-04-10T18:28:35.312Z","asda","6.56","per kg","454g"
"HECK!",,"https://asdagroceries.scene7.com/is/image/asdagroceries/T_5060317351474?$ProdList$","HECK! HECK! Simply Chicken Chipolatas Gluten Free 10 pack 340g",,"false","3.17","https://groceries.asda.com/groceries/product/sausages/heck--heck-simply-chicken-chipolatas-gluten-free-10-pack-340g/6925872","chicken sausages","2026-04-10T18:28:35.312Z","asda","6.56","per kg","340g"
"ASDA",,"https://asdagroceries.scene7.com/is/image/asdagroceries/5057172713103?$ProdList$","ASDA 30 Chicken Cocktail Sausages 246g",,"false","3.5","https://groceries.asda.com/groceries/product/party-food/asda-30-chicken-cocktail-sausages-246g/7125042","chicken sausages","2026-04-10T18:28:35.312Z","asda","8.74","per kg","246g"
"Flora",,"https://asdagroceries.scene7.com/is/image/asdagroceries/8719200265455?$ProdList$","Flora Buttery Butter Alternative With Natural Ingredients 1kg",,"false","4.75","https://groceries.asda.com/groceries/product/sunflower-lighter-spreads/flora-buttery-butter-alternative-with-natural-ingredients-1kg/9059800","salted butter","2026-04-10T18:28:57.631Z","asda","3.45","per kg","1kg"
"Flora",,"https://asdagroceries.scene7.com/is/image/asdagroceries/8719200265578?$ProdList$","Flora Original Butter Alternative With Natural Ingredients 1kg",,"false","4.75","https://groceries.asda.com/groceries/product/spreads/flora-original-butter-alternative-with-natural-ingredients-1kg/9059803","salted butter","2026-04-10T18:28:57.631Z","asda","4.75","per kg","1kg"
"ASDA",,"https://asdagroceries.scene7.com/is/image/asdagroceries/5051413679968?$ProdList$","ASDA British Salted Butter 250g",,"false","1.99","https://groceries.asda.com/groceries/product/block-butter/asda-british-salted-butter-250g/3580294","salted butter","2026-04-10T18:28:57.631Z","asda","7.96","per kg","250g"
"ASDA",,"https://asdagroceries.scene7.com/is/image/asdagroceries/5051413680926?$ProdList$","ASDA British Salted Butter 500g",,"false","3.94","https://groceries.asda.com/groceries/product/block-butter/asda-british-salted-butter-500g/4271995","salted butter","2026-04-10T18:28:57.631Z","asda","7.88","per kg","500g"
"ASDA",,"https://asdagroceries.scene7.com/is/image/asdagroceries/5051413679975?$ProdList$","ASDA British Unsalted Butter 250g",,"false","1.99","https://groceries.asda.com/groceries/product/block-butter/asda-british-unsalted-butter-250g/3580296","salted butter","2026-04-10T18:28:57.631Z","asda","7.96","per kg","250g"
"ASDA",,"https://asdagroceries.scene7.com/is/image/asdagroceries/5054781401285?$ProdList$","ASDA Royal Gala Apples",,"false","1.67","https://groceries.asda.com/groceries/product/apples/asda-royal-gala-apples/5648295","gala apples","2026-04-10T18:29:18.086Z","asda",,,
"ASDA",,"https://asdagroceries.scene7.com/is/image/asdagroceries/5054781401261?$ProdList$","ASDA Zingy & Crisp Braeburn Apples",,"false","1.67","https://groceries.asda.com/groceries/product/apples/asda-zingy-crisp-braeburn-apples/5648293","gala apples","2026-04-10T18:29:18.086Z","asda",,,
"ASDA",,"https://asdagroceries.scene7.com/is/image/asdagroceries/5051413739273?$ProdList$","ASDA 4 Juicy & Crisp Honeycrunch Apples",,"false","1.97","https://groceries.asda.com/groceries/product/apples/asda-4-juicy-crisp-honeycrunch-apples/3040785","gala apples","2026-04-10T18:29:18.086Z","asda",,,
"Exceptional",,"https://asdagroceries.scene7.com/is/image/asdagroceries/5063089485477?$ProdList$","Exceptional by ASDA Spanish Chorizo 225g",,"false","2.65","https://groceries.asda.com/groceries/product/chorizo-salami-hams/exceptional-by-asda-spanish-chorizo-225g/9125379","chorizo","2026-04-10T18:29:35.627Z","asda","11.78","per kg","225g"
"ASDA",,"https://asdagroceries.scene7.com/is/image/asdagroceries/5052449269451?$ProdList$","ASDA Diced Chorizo Twin Pack 130g",,"false","2.48","https://groceries.asda.com/groceries/product/chorizo-salami-hams/asda-diced-chorizo-twin-pack-130g/3669050","chorizo","2026-04-10T18:29:35.627Z","asda","19.08","per kg","130g"
"ASDA",,"https://asdagroceries.scene7.com/is/image/asdagroceries/5057172987856?$ProdList$","ASDA Cured Chorizo 110g",,"false","1.42","https://groceries.asda.com/groceries/product/chorizo-salami-hams/asda-cured-chorizo-110g/7452893","chorizo","2026-04-10T18:29:35.627Z","asda","12.91","per kg","110g"
"Exceptional",,"https://asdagroceries.scene7.com/is/image/asdagroceries/5063089485484?$ProdList$","Exceptional by ASDA Spanish Spicy Chorizo 225g",,"false","2.65","https://groceries.asda.com/groceries/product/chorizo-salami-hams/exceptional-by-asda-spanish-spicy-chorizo-225g/9125382","chorizo","2026-04-10T18:29:35.627Z","asda","11.78","per kg","225g"
"Argal",,"https://asdagroceries.scene7.com/is/image/asdagroceries/8411814206878?$ProdList$","Argal Chorizo Doux Mild",,"false","2.77","https://groceries.asda.com/groceries/product/chorizo/argal-chorizo-doux-mild/5044739","chorizo","2026-04-10T18:29:35.627Z","asda","13.85","per kg",
"ASDA",,"https://asdagroceries.scene7.com/is/image/asdagroceries/5052449462531?$ProdList$","ASDA 5 Sweet & Juicy Medium Oranges",,"false","1.5","https://groceries.asda.com/groceries/product/oranges-easy-peelers/asda-5-sweet-juicy-medium-oranges/3807826","oranges","2026-04-10T18:30:01.386Z","asda",,,
"ASDA",,"https://asdagroceries.scene7.com/is/image/asdagroceries/5054781580782_T1?$ProdList$","JUST ESSENTIALS by ASDA Oranges",,"false","0.99","https://groceries.asda.com/groceries/product/oranges-easy-peelers/just-essentials-by-asda-oranges/5797447","oranges","2026-04-10T18:30:01.386Z","asda",,,
"ASDA",,"https://asdagroceries.scene7.com/is/image/asdagroceries/5063089133675?$ProdList$","ASDA 4 Sweet & Juicy Large Oranges",,"false","2.24","https://groceries.asda.com/groceries/product/oranges-easy-peelers/asda-4-sweet-juicy-large-oranges/9013819","oranges","2026-04-10T18:30:01.386Z","asda",,,
"ASDA",,"https://asdagroceries.scene7.com/is/image/asdagroceries/5063089845813?$ProdList$","ASDA 10 Sweet & Juicy Medium Oranges",,"false","2.34","https://groceries.asda.com/groceries/product/oranges-easy-peelers/asda-10-sweet-juicy-medium-oranges/9236536","oranges","2026-04-10T18:30:01.386Z","asda",,,
"Exceptional",,"https://asdagroceries.scene7.com/is/image/asdagroceries/5063089899489?$ProdList$","Exceptional by ASDA 4 Orangegold Oranges",,"false","2.28","https://groceries.asda.com/groceries/product/oranges-easy-peelers/exceptional-by-asda-4-orangegold-oranges/9282367","oranges","2026-04-10T18:30:01.386Z","asda",,,
"ASDA",,"https://asdagroceries.scene7.com/is/image/asdagroceries/5057172122080?$ProdList$","ASDA Pizza Pepperoni 125g",,"false","1.62","https://groceries.asda.com/groceries/product/chorizo-salami-hams/asda-pizza-pepperoni-125g/6394384","pepperoni","2026-04-10T18:30:23.218Z","asda","12.96","per kg","125g"
"ASDA",,"https://asdagroceries.scene7.com/is/image/asdagroceries/T_5063089839119?$ProdList$","ASDA Double Pepperoni Stonebaked Pizza by  309g",,"false","1.65","https://groceries.asda.com/groceries/product/frozen-thin-crust-pizza/asda-double-pepperoni-stonebaked-pizza-by-309g/9216980","pepperoni","2026-04-10T18:30:23.218Z","asda","5.34","per kg","309g"
"ASDA",,"https://asdagroceries.scene7.com/is/image/asdagroceries/5057172201600?$ProdList$","JUST ESSENTIALS by ASDA Just Essentials Pepperoni Pizza 314g",,"false","1.1","https://groceries.asda.com/groceries/product/frozen-thin-crust-pizza/just-essentials-by-asda-just-essentials-pepperoni-pizza-314g/6528609","pepperoni","2026-04-10T18:30:23.218Z","asda","3.5","per kg","314g"
"Attack",,"https://asdagroceries.scene7.com/is/image/asdagroceries/5057624877421?$ProdList$","Attack A Snak Pepperoni N'Cheese Wrap Kit with Tomato Ketchup 83g",,"false","1.5","https://groceries.asda.com/groceries/product/cheese-snacking/attack-a-snak-pepperoni-n-cheese-wrap-kit-with-tomato-ketchup-83g/7662004","pepperoni","2026-04-10T18:30:23.218Z","asda","12.05","per kg","83g"
"Chicago",,"https://asdagroceries.scene7.com/is/image/asdagroceries/5019312081794?$ProdList$","Chicago Town 2 Deep Dish Pepperoni Mini Pizzas 2 x 155g",,"false","1.55","https://groceries.asda.com/groceries/product/frozen-deep-pan-pizza/chicago-town-2-deep-dish-pepperoni-mini-pizzas-2-x-155g/7370956","pepperoni","2026-04-10T18:30:23.218Z","asda","5","per kg","2 x 155g"
"Flora",,"https://asdagroceries.scene7.com/is/image/asdagroceries/8719200265455?$ProdList$","Flora Buttery Butter Alternative With Natural Ingredients 1kg",,"false","4.75","https://groceries.asda.com/groceries/product/sunflower-lighter-spreads/flora-buttery-butter-alternative-with-natural-ingredients-1kg/9059800","unsalted butter","2026-04-10T18:30:45.694Z","asda","3.45","per kg","1kg"
"Flora",,"https://asdagroceries.scene7.com/is/image/asdagroceries/8719200263178?$ProdList$","Flora Lighter Butter Alternative With Natural Ingredients 1kg",,"false","4.75","https://groceries.asda.com/groceries/product/sunflower-lighter-spreads/flora-lighter-butter-alternative-with-natural-ingredients-1kg/9062148","unsalted butter","2026-04-10T18:30:45.694Z","asda","3.45","per kg","1kg"
"Flora",,"https://asdagroceries.scene7.com/is/image/asdagroceries/8719200276581?$ProdList$","Flora Plant Butter Spreadable Butter Alternative 400g",,"false","2","https://groceries.asda.com/groceries/product/dairy-free-spreads-pastry/flora-plant-butter-spreadable-butter-alternative-400g/9124416","unsalted butter","2026-04-10T18:30:45.694Z","asda","4.88","per kg","400g"
"Flora",,"https://asdagroceries.scene7.com/is/image/asdagroceries/8719200265578?$ProdList$","Flora Original Butter Alternative With Natural Ingredients 1kg",,"false","4.75","https://groceries.asda.com/groceries/product/spreads/flora-original-butter-alternative-with-natural-ingredients-1kg/9059803","unsalted butter","2026-04-10T18:30:45.694Z","asda","4.75","per kg","1kg"
"ASDA",,"https://asdagroceries.scene7.com/is/image/asdagroceries/5057172066612?$ProdList$","ASDA British Unsalted Butter 500g",,"false","3.94","https://groceries.asda.com/groceries/product/block-butter/asda-british-unsalted-butter-500g/6349755","unsalted butter","2026-04-10T18:30:45.694Z","asda","7.88","per kg","500g"
"Dairly",,"https://asdagroceries.scene7.com/is/image/asdagroceries/5900531001345?$ProdList$","Dairly High Protein Cottage Cheese 200g",,"false","1.2","https://groceries.asda.com/groceries/product/cottage-cheese-quark/dairly-high-protein-cottage-cheese-200g/9310101","cottage cheese","2026-04-10T18:31:03.476Z","asda","6","per kg","200g"
"Dairly",,"https://asdagroceries.scene7.com/is/image/asdagroceries/5900531001512?$ProdList$","Dairly Cottage Cheese Natural 200g",,"false","1.2","https://groceries.asda.com/groceries/product/cottage-cheese-quark/dairly-cottage-cheese-natural-200g/9314367","cottage cheese","2026-04-10T18:31:03.476Z","asda","6","per kg","200g"
"Boursin",,"https://asdagroceries.scene7.com/is/image/asdagroceries/3175460000017?$ProdList$","Boursin Garlic & Herbs Soft French Cream Cheese 150g",,"false","2.94","https://groceries.asda.com/groceries/product/cheese-spreads/boursin-garlic-herbs-soft-french-cream-cheese-150g/1773087","cottage cheese","2026-04-10T18:31:03.476Z","asda","19.6","per kg","150g"
"Boursin",,"https://asdagroceries.scene7.com/is/image/asdagroceries/3175460000062?$ProdList$","Boursin Black Pepper Soft French Cream Cheese 150g",,"false","2.94","https://groceries.asda.com/groceries/product/soft-cheese/boursin-black-pepper-soft-french-cream-cheese-150g/7307576","cottage cheese","2026-04-10T18:31:03.476Z","asda","19.6","per kg","150g"
"ASDA",,"https://asdagroceries.scene7.com/is/image/asdagroceries/5051413894651?$ProdList$","ASDA Cottage Cheese 300g",,"false","1.58","https://groceries.asda.com/groceries/product/cottage-cheese-quark/asda-cottage-cheese-300g/3369344","cottage cheese","2026-04-10T18:31:03.476Z","asda","5.27","per kg","300g"
"ASDA",,"https://asdagroceries.scene7.com/is/image/asdagroceries/5057172014866?$ProdList$","ASDA Garden Gang Super Easy Peelers 500g",,"false","1.07","https://groceries.asda.com/groceries/product/oranges-easy-peelers/asda-garden-gang-super-easy-peelers-500g/6462988","satsumas","2026-04-10T18:31:21.473Z","asda","2.14","per kg","500g"
"ASDA",,"https://asdagroceries.scene7.com/is/image/asdagroceries/05054070704431?$ProdList$","ASDA Tangy & Juicy Sweetclems 600g",,"false","1.17","https://groceries.asda.com/groceries/product/oranges-easy-peelers/asda-tangy-juicy-sweetclems-600g/5761317","satsumas","2026-04-10T18:31:21.473Z","asda","1.95","per kg","600g"
"ASDA",,"https://asdagroceries.scene7.com/is/image/asdagroceries/5063089133835?$ProdList$","ASDA Organic Sweetclems 500g",,"false","2.36","https://groceries.asda.com/groceries/product/oranges-easy-peelers/asda-organic-sweetclems-500g/9203883","satsumas","2026-04-10T18:31:21.473Z","asda","4.72","per kg","500g"
"ASDA",,"https://asdagroceries.scene7.com/is/image/asdagroceries/5054781593812?$ProdList$","ASDA Tangy & Fragrant Tangerines 600g",,"false","1.37","https://groceries.asda.com/groceries/product/oranges-easy-peelers/asda-tangy-fragrant-tangerines-600g/6917797","satsumas","2026-04-10T18:31:21.473Z","asda","2.28","per kg","600g"
"Exceptional",,"https://asdagroceries.scene7.com/is/image/asdagroceries/5063089899496?$ProdList$","Exceptional by ASDA Clemengold Easy Peelers 600g",,"false","1.87","https://groceries.asda.com/groceries/product/oranges-easy-peelers/exceptional-by-asda-clemengold-easy-peelers-600g/9281419","satsumas","2026-04-10T18:31:21.473Z","asda","3.12","per kg","600g"
"ASDA",,"https://asdagroceries.scene7.com/is/image/asdagroceries/5054070909003?$ProdList$","ASDA Wafer Thin Honey Roast Ham 200g",,"false","1.97","https://groceries.asda.com/groceries/product/ham-pork-slices/asda-wafer-thin-honey-roast-ham-200g/5261009","ham sliced","2026-04-10T18:31:39.490Z","asda","9.85","per kg","200g"
"ASDA",,"https://asdagroceries.scene7.com/is/image/asdagroceries/5063089275801?$ProdList$","ASDA 10 Slices Honey Roast Dry Cured Ham 250g",,"false","2.74","https://groceries.asda.com/groceries/product/ham-pork-slices/asda-10-slices-honey-roast-dry-cured-ham-250g/7741435","ham sliced","2026-04-10T18:31:39.490Z","asda","10.96","per kg","250g"
"ASDA",,"https://asdagroceries.scene7.com/is/image/asdagroceries/5057172122028?$ProdList$","ASDA Wafer Thin Cooked Ham 400g",,"false","2.24","https://groceries.asda.com/groceries/product/ham-pork-slices/asda-wafer-thin-cooked-ham-400g/6394371","ham sliced","2026-04-10T18:31:39.490Z","asda","5","per kg","400g"
"ASDA",,"https://asdagroceries.scene7.com/is/image/asdagroceries/5057172483907?$ProdList$","ASDA Sliced Cured Ham on the Bone 120g",,"false","2.24","https://groceries.asda.com/groceries/product/ham-pork-slices/asda-sliced-cured-ham-on-the-bone-120g/6808400","ham sliced","2026-04-10T18:31:39.490Z","asda","18.67","per kg","120g"
"ASDA",,"https://asdagroceries.scene7.com/is/image/asdagroceries/5063089003565?$ProdList$","ASDA Cooked Ham 125g",,"false","1","https://groceries.asda.com/groceries/product/ham-pork-slices/asda-cooked-ham-125g/7604399","ham sliced","2026-04-10T18:31:39.490Z","asda","8","per kg","125g"
"Flora",,"https://asdagroceries.scene7.com/is/image/asdagroceries/8719200265455?$ProdList$","Flora Buttery Butter Alternative With Natural Ingredients 1kg",,"false","4.75","https://groceries.asda.com/groceries/product/sunflower-lighter-spreads/flora-buttery-butter-alternative-with-natural-ingredients-1kg/9059800","spreadable butter","2026-04-10T18:31:57.905Z","asda","3.45","per kg","1kg"
"Flora",,"https://asdagroceries.scene7.com/is/image/asdagroceries/8719200276581?$ProdList$","Flora Plant Butter Spreadable Butter Alternative 400g",,"false","2","https://groceries.asda.com/groceries/product/dairy-free-spreads-pastry/flora-plant-butter-spreadable-butter-alternative-400g/9124416","spreadable butter","2026-04-10T18:31:57.905Z","asda","4.88","per kg","400g"
"Flora",,"https://asdagroceries.scene7.com/is/image/asdagroceries/8719200263178?$ProdList$","Flora Lighter Butter Alternative With Natural Ingredients 1kg",,"false","4.75","https://groceries.asda.com/groceries/product/sunflower-lighter-spreads/flora-lighter-butter-alternative-with-natural-ingredients-1kg/9062148","spreadable butter","2026-04-10T18:31:57.905Z","asda","3.45","per kg","1kg"
"Flora",,"https://asdagroceries.scene7.com/is/image/asdagroceries/8719200265578?$ProdList$","Flora Original Butter Alternative With Natural Ingredients 1kg",,"false","4.75","https://groceries.asda.com/groceries/product/spreads/flora-original-butter-alternative-with-natural-ingredients-1kg/9059803","spreadable butter","2026-04-10T18:31:57.905Z","asda","4.75","per kg","1kg"
"Lurpak",,"https://asdagroceries.scene7.com/is/image/asdagroceries/5740900404540?$ProdList$","Lurpak Lighter Spreadable Blend of Butter and Rapeseed Oil 400g",,"false","4","https://groceries.asda.com/groceries/product/spreadable-butter/lurpak-lighter-spreadable-blend-of-butter-and-rapeseed-oil-400g/7690047","spreadable butter","2026-04-10T18:31:57.905Z","asda","10","per kg","400g"
"ASDA",,"https://asdagroceries.scene7.com/is/image/asdagroceries/5057172445370?$ProdList$","ASDA Tangy & Zesty Lemons",,"false","1.33","https://groceries.asda.com/groceries/product/lemons-limes-grapefruit/asda-tangy-zesty-lemons/6762195","lemons","2026-04-10T18:32:16.391Z","asda",,,
"ASDA",,"https://asdagroceries.scene7.com/is/image/asdagroceries/0000000006194?$ProdList$","ASDA Lemons",,"false","0.35","https://groceries.asda.com/groceries/product/lemons-limes-grapefruit/asda-lemons/618592","lemons","2026-04-10T18:32:16.391Z","asda",,,
"ASDA",,"https://asdagroceries.scene7.com/is/image/asdagroceries/5063089846186?$ProdList$","ASDA Zingy & Zesty Limes",,"false","1.18","https://groceries.asda.com/groceries/product/lemons-limes-grapefruit/asda-zingy-zesty-limes/9234280","lemons","2026-04-10T18:32:16.391Z","asda",,,
"BAKE",,"https://asdagroceries.scene7.com/is/image/asdagroceries/5050854189487?$ProdList$","BAKE by ASDA BAKE by ASDA Lemon Juice from Concentrate 250ml",,"false","0.8","https://groceries.asda.com/groceries/product/colourings-flavours/bake-by-asda-bake-by-asda-lemon-juice-from-concentrate-250ml/1712696","lemons","2026-04-10T18:32:16.391Z","asda","3.2","per lt","250ml"
"ASDA",,"https://asdagroceries.scene7.com/is/image/asdagroceries/5063089133668?$ProdList$","ASDA 3 Large Unwaxed Lemons",,"false","1.47","https://groceries.asda.com/groceries/product/lemons-limes-grapefruit/asda-3-large-unwaxed-lemons/9013816","lemons","2026-04-10T18:32:16.391Z","asda",,,
"MOWI",,"https://asdagroceries.scene7.com/is/image/asdagroceries/5055946000770?$ProdList$","MOWI Superior Scottish Salmon Fillets 230g",,"false","5.57","https://groceries.asda.com/groceries/product/salmon/mowi-superior-scottish-salmon-fillets-230g/7593162","salmon fillets","2026-04-10T18:32:40.689Z","asda","24.22","per kg","230g"
"Mowi",,"https://asdagroceries.scene7.com/is/image/asdagroceries/5055946001685?$ProdList$","Mowi Infusions Garlic & Herb Scottish Salmon Fillets 220g",,"false","5.43","https://groceries.asda.com/groceries/product/salmon/mowi-infusions-garlic-herb-scottish-salmon-fillets-220g/9279249","salmon fillets","2026-04-10T18:32:40.689Z","asda","24.68","per kg","220g"
"MOWI",,"https://asdagroceries.scene7.com/is/image/asdagroceries/5055946000879?$ProdList$","MOWI Piri Piri Scottish Salmon Fillets 180g",,"false","5.63","https://groceries.asda.com/groceries/product/salmon/mowi-piri-piri-scottish-salmon-fillets-180g/7593166","salmon fillets","2026-04-10T18:32:40.689Z","asda","31.28","per kg","180g"
"Leap",,"https://asdagroceries.scene7.com/is/image/asdagroceries/5036820001441?$ProdList$","Leap Wild Sockeye Salmon 220g",,"false","9.25","https://groceries.asda.com/groceries/product/salmon/leap-wild-sockeye-salmon-220g/9037525","salmon fillets","2026-04-10T18:32:40.689Z","asda","31.36","per kg","220g"
"MOWI",,"https://asdagroceries.scene7.com/is/image/asdagroceries/5055946000855?$ProdList$","MOWI Superior Scottish Smoked Salmon 100g",,"false","5.46","https://groceries.asda.com/groceries/product/salmon/mowi-superior-scottish-smoked-salmon-100g/7593164","salmon fillets","2026-04-10T18:32:40.689Z","asda","54.6","per kg","100g"
"ASDA",,"https://asdagroceries.scene7.com/is/image/asdagroceries/27348048?$ProdList$","ASDA 12 Free Range Medium Eggs",,"false","2.85","https://groceries.asda.com/groceries/product/free-range-eggs/asda-12-free-range-medium-eggs/1058519","free range eggs","2026-04-10T18:33:02.193Z","asda",,,
"ASDA",,"https://asdagroceries.scene7.com/is/image/asdagroceries/20406127?$ProdList$","ASDA 12 Free Range Large Eggs",,"false","3.3","https://groceries.asda.com/groceries/product/free-range-eggs/asda-12-free-range-large-eggs/166781","free range eggs","2026-04-10T18:33:02.193Z","asda",,,
"ASDA",,"https://asdagroceries.scene7.com/is/image/asdagroceries/20406097?$ProdList$","ASDA Free Range 6 Medium Eggs",,"false","1.8","https://groceries.asda.com/groceries/product/free-range-eggs/asda-free-range-6-medium-eggs/166780","free range eggs","2026-04-10T18:33:02.193Z","asda",,,
"ASDA",,"https://asdagroceries.scene7.com/is/image/asdagroceries/20406103?$ProdList$","ASDA Free Range 6 Large Eggs",,"false","2.1","https://groceries.asda.com/groceries/product/free-range-eggs/asda-free-range-6-large-eggs/166779","free range eggs","2026-04-10T18:33:02.193Z","asda",,,
"Exceptional",,"https://asdagroceries.scene7.com/is/image/asdagroceries/5063089593479?$ProdList$","Exceptional by ASDA 6 Free Range Golden Yolk Eggs 328g",,"false","1.97","https://groceries.asda.com/groceries/product/free-range-eggs/exceptional-by-asda-6-free-range-golden-yolk-eggs-328g/9135705","free range eggs","2026-04-10T18:33:02.193Z","asda",,,"328g"
"ASDA",,"https://asdagroceries.scene7.com/is/image/asdagroceries/5063089709139?$ProdList$","ASDA Olive Spread 500g",,"false","1.4","https://groceries.asda.com/groceries/product/olive-spreads/asda-olive-spread-500g/9183914","olive spread","2026-04-10T18:33:20.510Z","asda","2.8","per kg","500g"
"Bertolli",,"https://asdagroceries.scene7.com/is/image/asdagroceries/8719200237902?$ProdList$","Bertolli Olive Oil Alternative to Spreadable Butter 450G",,"false","2.85","https://groceries.asda.com/groceries/product/olive-spreads/bertolli-olive-oil-alternative-to-spreadable-butter-450g/7478997","olive spread","2026-04-10T18:33:20.510Z","asda","6.33","per kg","450G"
"Bertolli",,"https://asdagroceries.scene7.com/is/image/asdagroceries/8719200238657?$ProdList$","Bertolli Olive Oil Light Spread Alternative to Spreadable Butter 450g",,"false","2.44","https://groceries.asda.com/groceries/product/olive-spreads/bertolli-olive-oil-light-spread-alternative-to-spreadable-butter-450g/7478995","olive spread","2026-04-10T18:33:20.510Z","asda","5.42","per kg","450g"
"Lurpak",,"https://asdagroceries.scene7.com/is/image/asdagroceries/5740900404779?$ProdList$","Lurpak Plant Based Alternative to Spreadable or Butter 400g",,"false","4","https://groceries.asda.com/groceries/product/dairy-free-spreads-pastry/lurpak-plant-based-alternative-to-spreadable-or-butter-400g/9182266","olive spread","2026-04-10T18:33:20.510Z","asda","10","per kg","400g"
"Bertolli",,"https://asdagroceries.scene7.com/is/image/asdagroceries/8719200070646?$ProdList$","Bertolli Olive Oil Alternative to Spreadable Butter 1Kg",,"false","5.25","https://groceries.asda.com/groceries/product/olive-spreads/bertolli-olive-oil-alternative-to-spreadable-butter-1kg/6552290","olive spread","2026-04-10T18:33:20.510Z","asda","5.25","per kg","1Kg"
"ASDA",,"https://asdagroceries.scene7.com/is/image/asdagroceries/5054070265802?$ProdList$","ASDA 2 Flaky Cod Fillets 260g",,"false","7.24","https://groceries.asda.com/groceries/product/cod-haddock-white-fish/asda-2-flaky-cod-fillets-260g/4681763","cod fillets","2026-04-10T18:33:41.785Z","asda","27.85","per kg","260g"
"ASDA",,"https://asdagroceries.scene7.com/is/image/asdagroceries/5063089005040?$ProdList$","ASDA Delicate 2 Hake Fillets 240g",,"false","4.4","https://groceries.asda.com/groceries/product/cod-haddock-white-fish/asda-delicate-2-hake-fillets-240g/7597468","cod fillets","2026-04-10T18:33:41.785Z","asda","18.33","per kg","240g"
"Young's",,"https://asdagroceries.scene7.com/is/image/asdagroceries/5000205047300?$ProdList$","Young's 4 Breaded Haddock Fillets 400g",,"false","6.45","https://groceries.asda.com/groceries/product/frozen-battered-breaded-fish/young-s-4-breaded-haddock-fillets-400g/9353070","cod fillets","2026-04-10T18:33:41.785Z","asda","16.13","per kg","400g"
"ASDA",,"https://asdagroceries.scene7.com/is/image/asdagroceries/5063089118382?$ProdList$","ASDA Tender 2 Sea Bream Fillets 180g",,"false","4.4","https://groceries.asda.com/groceries/product/cod-haddock-white-fish/asda-tender-2-sea-bream-fillets-180g/7599284","cod fillets","2026-04-10T18:33:41.785Z","asda","24.44","per kg","180g"
"ASDA",,"https://asdagroceries.scene7.com/is/image/asdagroceries/5063089820391?$ProdList$","ASDA Cod Fillets by  320g",,"false","5","https://groceries.asda.com/groceries/product/frozen-fish-fillets/asda-cod-fillets-by-320g/9221543","cod fillets","2026-04-10T18:33:41.785Z","asda","15.63","per kg","320g"
"ASDA",,"https://asdagroceries.scene7.com/is/image/asdagroceries/27348048?$ProdList$","ASDA 12 Free Range Medium Eggs",,"false","2.85","https://groceries.asda.com/groceries/product/free-range-eggs/asda-12-free-range-medium-eggs/1058519","medium eggs","2026-04-10T18:34:02.709Z","asda",,,
"ASDA",,"https://asdagroceries.scene7.com/is/image/asdagroceries/20406097?$ProdList$","ASDA Free Range 6 Medium Eggs",,"false","1.8","https://groceries.asda.com/groceries/product/free-range-eggs/asda-free-range-6-medium-eggs/166780","medium eggs","2026-04-10T18:34:02.709Z","asda",,,
"Sharwood's",,"https://asdagroceries.scene7.com/is/image/asdagroceries/5000354924712?$ProdList$","Sharwood's Medium Egg Noodles 226g",,"false","1.6","https://groceries.asda.com/groceries/product/noodles/sharwood-s-medium-egg-noodles-226g/9015568","medium eggs","2026-04-10T18:34:02.709Z","asda","5.53","per kg","226g"
"Blue",,"https://asdagroceries.scene7.com/is/image/asdagroceries/5010338103767?$ProdList$","Blue Dragon Medium Egg Noodles 250g",,"false","1.33","https://groceries.asda.com/groceries/product/noodles/blue-dragon-medium-egg-noodles-250g/9015556","medium eggs","2026-04-10T18:34:02.709Z","asda","5.32","per kg","250g"
"ASDA",,"https://asdagroceries.scene7.com/is/image/asdagroceries/5054070716472?$ProdList$","ASDA Medium Egg Noodles 250g",,"false","1.15","https://groceries.asda.com/groceries/product/noodles-rice/asda-medium-egg-noodles-250g/9131426","medium eggs","2026-04-10T18:34:02.709Z","asda","4.6","per kg","250g"
"ASDA",,"https://asdagroceries.scene7.com/is/image/asdagroceries/5063089846186?$ProdList$","ASDA Zingy & Zesty Limes",,"false","1.18","https://groceries.asda.com/groceries/product/lemons-limes-grapefruit/asda-zingy-zesty-limes/9234280","limes","2026-04-10T18:34:20.509Z","asda",,,
"ASDA",,"https://asdagroceries.scene7.com/is/image/asdagroceries/5057172445370?$ProdList$","ASDA Tangy & Zesty Lemons",,"false","1.33","https://groceries.asda.com/groceries/product/lemons-limes-grapefruit/asda-tangy-zesty-lemons/6762195","limes","2026-04-10T18:34:20.509Z","asda",,,
"BAKE",,"https://asdagroceries.scene7.com/is/image/asdagroceries/5050854189494?$ProdList$","BAKE by ASDA BAKE by ASDA Lime Juice from Concentrate 250ml",,"false","1.09","https://groceries.asda.com/groceries/product/baking-aids-cocoa/bake-by-asda-bake-by-asda-lime-juice-from-concentrate-250ml/1712698","limes","2026-04-10T18:34:20.509Z","asda","4.36","per lt","250ml"
"ASDA",,"https://asdagroceries.scene7.com/is/image/asdagroceries/5054781502043?$ProdList$","ASDA Lime Cordial 1Litre",,"false","1.34","https://groceries.asda.com/groceries/product/cordial/asda-lime-cordial-1litre/5719224","limes","2026-04-10T18:34:20.509Z","asda","1.34","per lt","1Litre"
"ASDA",,"https://asdagroceries.scene7.com/is/image/asdagroceries/0000000006194?$ProdList$","ASDA Lemons",,"false","0.35","https://groceries.asda.com/groceries/product/lemons-limes-grapefruit/asda-lemons/618592","limes","2026-04-10T18:34:20.509Z","asda",,,
"Pilgrims",,"https://asdagroceries.scene7.com/is/image/asdagroceries/5000165035652?$ProdList$","Pilgrims Choice Extra Mature Cheddar 550g",,"false","3.98","https://groceries.asda.com/groceries/product/extra-mature-vintage-cheese/pilgrims-choice-extra-mature-cheddar-550g/5845652","mature cheddar","2026-04-10T18:34:41.399Z","asda","7.24","per kg","550g"
"Pilgrims",,"https://asdagroceries.scene7.com/is/image/asdagroceries/5000165035645?$ProdList$","Pilgrims Choice Mature Cheddar 550g",,"false","3.98","https://groceries.asda.com/groceries/product/mature-cheese/pilgrims-choice-mature-cheddar-550g/5712868","mature cheddar","2026-04-10T18:34:41.399Z","asda","7.24","per kg","550g"
"Pilgrims",,"https://asdagroceries.scene7.com/is/image/asdagroceries/5000165035614?$ProdList$","Pilgrims Choice Extra Mature Cheddar 350g",,"false","3.08","https://groceries.asda.com/groceries/product/extra-mature-vintage-cheese/pilgrims-choice-extra-mature-cheddar-350g/9296938","mature cheddar","2026-04-10T18:34:41.399Z","asda","8.8","per kg","350g"
"Pilgrims",,"https://asdagroceries.scene7.com/is/image/asdagroceries/5000165388093?$ProdList$","Pilgrims Choice The Crumbly & Creamy One Extra Mature Grated Cheddar 180g",,"false","1.75","https://groceries.asda.com/groceries/product/grated-cheese/pilgrims-choice-the-crumbly-creamy-one-extra-mature-grated-cheddar-180g/9106629","mature cheddar","2026-04-10T18:34:41.399Z","asda","9.72","per kg","180g"
"Pilgrims",,"https://asdagroceries.scene7.com/is/image/asdagroceries/5000165388109?$ProdList$","Pilgrims Choice The Crumbly & Creamy One Extra Mature Sliced Cheddar 150g",,"false","1.75","https://groceries.asda.com/groceries/product/cheese-slices/pilgrims-choice-the-crumbly-creamy-one-extra-mature-sliced-cheddar-150g/6586559","mature cheddar","2026-04-10T18:34:41.399Z","asda","11.67","per kg","150g"
"ASDA",,"https://asdagroceries.scene7.com/is/image/asdagroceries/0000023066755?$ProdList$","ASDA Creamy & Nutty Avocados",,"false","1.48","https://groceries.asda.com/groceries/product/view-all-salads-stir-fry/asda-creamy-nutty-avocados/849246","avocado","2026-04-10T18:35:01.784Z","asda",,,
"ASDA",,"https://asdagroceries.scene7.com/is/image/asdagroceries/5054781593683?$ProdList$","ASDA Large Avocado",,"false","0.88","https://groceries.asda.com/groceries/product/view-all-salads-stir-fry/asda-large-avocado/5800817","avocado","2026-04-10T18:35:01.784Z","asda",,,
"ASDA",,"https://asdagroceries.scene7.com/is/image/asdagroceries/5057172125395?$ProdList$","JUST ESSENTIALS by ASDA Avocados",,"false","1.29","https://groceries.asda.com/groceries/product/view-all-salads-stir-fry/just-essentials-by-asda-avocados/6399948","avocado","2026-04-10T18:35:01.784Z","asda",,,
"ASDA",,"https://asdagroceries.scene7.com/is/image/asdagroceries/5057172440023?$ProdList$","ASDA Organic Ripe Avocado",,"false","1.36","https://groceries.asda.com/groceries/product/view-all-salads-stir-fry/asda-organic-ripe-avocado/6749302","avocado","2026-04-10T18:35:01.784Z","asda","1.36","per each",
"Holy",,"https://asdagroceries.scene7.com/is/image/asdagroceries/5060504310154?$ProdList$","Holy Moly Smashed Avocado 3 x 57g",,"false","2.7","https://groceries.asda.com/groceries/product/chilled-dips/holy-moly-smashed-avocado-3-x-57g/9244669","avocado","2026-04-10T18:35:01.784Z","asda","15.79","per kg","3 x 57g"
"Pilgrims",,"https://asdagroceries.scene7.com/is/image/asdagroceries/5000165035645?$ProdList$","Pilgrims Choice Mature Cheddar 550g",,"false","3.98","https://groceries.asda.com/groceries/product/mature-cheese/pilgrims-choice-mature-cheddar-550g/5712868","mild cheddar","2026-04-10T18:35:19.783Z","asda","7.24","per kg","550g"
"Pilgrims",,"https://asdagroceries.scene7.com/is/image/asdagroceries/5000165035607?$ProdList$","Pilgrims Choice Mature Cheddar 350g",,"false","3.08","https://groceries.asda.com/groceries/product/mature-cheese/pilgrims-choice-mature-cheddar-350g/5712860","mild cheddar","2026-04-10T18:35:19.783Z","asda","8.8","per kg","350g"
"ASDA",,"https://asdagroceries.scene7.com/is/image/asdagroceries/5063089019832?$ProdList$","JUST ESSENTIALS by ASDA White Cheddar 400g",,"false","2.49","https://groceries.asda.com/groceries/product/mild-medium-cheese/just-essentials-by-asda-white-cheddar-400g/7498005","mild cheddar","2026-04-10T18:35:19.783Z","asda","6.23","per kg","400g"
"ASDA",,"https://asdagroceries.scene7.com/is/image/asdagroceries/5057172404735?$ProdList$","ASDA British Mild Cheddar 400g",,"false","3","https://groceries.asda.com/groceries/product/mild-medium-cheese/asda-british-mild-cheddar-400g/6793870","mild cheddar","2026-04-10T18:35:19.783Z","asda","7.5","per kg","400g"
"ASDA",,"https://asdagroceries.scene7.com/is/image/asdagroceries/5054781337287?$ProdList$","ASDA Mild British Cheddar 750g",,"false","4.98","https://groceries.asda.com/groceries/product/mild-medium-cheese/asda-mild-british-cheddar-750g/5717695","mild cheddar","2026-04-10T18:35:19.783Z","asda","6.64","per kg","750g"
"ASDA",,"https://asdagroceries.scene7.com/is/image/asdagroceries/5051413459478?$ProdList$","ASDA Organic Organic 6 Free Range Mixed Eggs 328g",,"false","2.47","https://groceries.asda.com/groceries/product/organic-eggs/asda-organic-organic-6-free-range-mixed-eggs-328g/3015762","organic eggs","2026-04-10T18:35:37.591Z","asda",,,"328g"
"Purely",,"https://asdagroceries.scene7.com/is/image/asdagroceries/5000326011211?$ProdList$","Purely Organic 6 Mixed Size Organic Eggs 328g",,"false","2.84","https://groceries.asda.com/groceries/product/organic-eggs/purely-organic-6-mixed-size-organic-eggs-328g/9292194","organic eggs","2026-04-10T18:35:37.591Z","asda",,,"328g"
"Califia",,"https://asdagroceries.scene7.com/is/image/asdagroceries/1220000500112?$ProdList$","Califia Farms Simple & Organic Oat 750ml",,"false","2.24","https://groceries.asda.com/groceries/product/undefined/califia-farms-simple-organic-oat-750ml/9249736","organic eggs","2026-04-10T18:35:37.591Z","asda","2.99","per lt","750ml"
"Young's",,"https://asdagroceries.scene7.com/is/image/asdagroceries/5000205047300?$ProdList$","Young's 4 Breaded Haddock Fillets 400g",,"false","6.45","https://groceries.asda.com/groceries/product/frozen-battered-breaded-fish/young-s-4-breaded-haddock-fillets-400g/9353070","haddock fillets","2026-04-10T18:35:56.193Z","asda","16.13","per kg","400g"
"ASDA",,"https://asdagroceries.scene7.com/is/image/asdagroceries/5063089005040?$ProdList$","ASDA Delicate 2 Hake Fillets 240g",,"false","4.4","https://groceries.asda.com/groceries/product/cod-haddock-white-fish/asda-delicate-2-hake-fillets-240g/7597468","haddock fillets","2026-04-10T18:35:56.193Z","asda","18.33","per kg","240g"
"ASDA",,"https://asdagroceries.scene7.com/is/image/asdagroceries/5054070265802?$ProdList$","ASDA 2 Flaky Cod Fillets 260g",,"false","7.24","https://groceries.asda.com/groceries/product/cod-haddock-white-fish/asda-2-flaky-cod-fillets-260g/4681763","haddock fillets","2026-04-10T18:35:56.194Z","asda","27.85","per kg","260g"
"ASDA",,"https://asdagroceries.scene7.com/is/image/asdagroceries/5063089820414?$ProdList$","ASDA Haddock Fillets 320g",,"false","5","https://groceries.asda.com/groceries/product/frozen-fish-fillets/asda-haddock-fillets-320g/9219573","haddock fillets","2026-04-10T18:35:56.194Z","asda","15.63","per kg","320g"
"ASDA",,"https://asdagroceries.scene7.com/is/image/asdagroceries/5054781964445?$ProdList$","ASDA 2 Delicate Smoked Haddock Fillets 220g",,"false","5.97","https://groceries.asda.com/groceries/product/view-all-fish/asda-2-delicate-smoked-haddock-fillets-220g/6246484","haddock fillets","2026-04-10T18:35:56.194Z","asda","27.14","per kg","220g"
"ASDA",,"https://asdagroceries.scene7.com/is/image/asdagroceries/5063089118382?$ProdList$","ASDA Tender 2 Sea Bream Fillets 180g",,"false","4.4","https://groceries.asda.com/groceries/product/cod-haddock-white-fish/asda-tender-2-sea-bream-fillets-180g/7599284","sea bass","2026-04-10T18:36:18.685Z","asda","24.44","per kg","180g"
"ASDA",,"https://asdagroceries.scene7.com/is/image/asdagroceries/5063089005040?$ProdList$","ASDA Delicate 2 Hake Fillets 240g",,"false","4.4","https://groceries.asda.com/groceries/product/cod-haddock-white-fish/asda-delicate-2-hake-fillets-240g/7597468","sea bass","2026-04-10T18:36:18.685Z","asda","18.33","per kg","240g"
"Leap",,"https://asdagroceries.scene7.com/is/image/asdagroceries/5036820001441?$ProdList$","Leap Wild Sockeye Salmon 220g",,"false","9.25","https://groceries.asda.com/groceries/product/salmon/leap-wild-sockeye-salmon-220g/9037525","sea bass","2026-04-10T18:36:18.685Z","asda","31.36","per kg","220g"
"ASDA",,"https://asdagroceries.scene7.com/is/image/asdagroceries/5054070265802?$ProdList$","ASDA 2 Flaky Cod Fillets 260g",,"false","7.24","https://groceries.asda.com/groceries/product/cod-haddock-white-fish/asda-2-flaky-cod-fillets-260g/4681763","sea bass","2026-04-10T18:36:18.685Z","asda","27.85","per kg","260g"
"ASDA",,"https://asdagroceries.scene7.com/is/image/asdagroceries/5052449527902?$ProdList$","ASDA 2 Sea Bass Fillets 180g",,"false","5.75","https://groceries.asda.com/groceries/product/cod-haddock-white-fish/asda-2-sea-bass-fillets-180g/4016132","sea bass","2026-04-10T18:36:18.685Z","asda","31.94","per kg","180g"
"ASDA",,"https://asdagroceries.scene7.com/is/image/asdagroceries/5050854626494?$ProdList$","ASDA Tropical & Sweet Mangoes",,"false","1.77","https://groceries.asda.com/groceries/product/mango-kiwi-exotic-fruit/asda-tropical-sweet-mangoes/3291551","mango","2026-04-10T18:36:40.297Z","asda",,,
"ASDA",,"https://asdagroceries.scene7.com/is/image/asdagroceries/5052449024913?$ProdList$","ASDA Juicy & Sweet Mango Fingers 140g",,"false","1.63","https://groceries.asda.com/groceries/product/fresh-fruit-pots-snack-packs/asda-juicy-sweet-mango-fingers-140g/3434589","mango","2026-04-10T18:36:40.297Z","asda","11.64","per kg","140g"
"ASDA",,"https://asdagroceries.scene7.com/is/image/asdagroceries/5052449518429?$ProdList$","ASDA Tropical & Sweet Large Mango",,"false","0.88","https://groceries.asda.com/groceries/product/mango-kiwi-exotic-fruit/asda-tropical-sweet-large-mango/1578125","mango","2026-04-10T18:36:40.297Z","asda",,,
"ASDA",,"https://asdagroceries.scene7.com/is/image/asdagroceries/5057172924349?$ProdList$","ASDA Dried Mango 75g",,"false","1.87","https://groceries.asda.com/groceries/product/dried-fruit/asda-dried-mango-75g/7361129","mango","2026-04-10T18:36:40.297Z","asda","24.93","per kg","75g"
"ASDA",,"https://asdagroceries.scene7.com/is/image/asdagroceries/5054781315995?$ProdList$","ASDA Juicy & Sweet Mango Chunks 275g",,"false","2.73","https://groceries.asda.com/groceries/product/mango-kiwi-exotic-fruit/asda-juicy-sweet-mango-chunks-275g/5650602","mango","2026-04-10T18:36:40.297Z","asda","9.93","per kg","275g"
"Pilgrims",,"https://asdagroceries.scene7.com/is/image/asdagroceries/5000165035652?$ProdList$","Pilgrims Choice Extra Mature Cheddar 550g",,"false","3.98","https://groceries.asda.com/groceries/product/extra-mature-vintage-cheese/pilgrims-choice-extra-mature-cheddar-550g/5845652","extra mature cheddar","2026-04-10T18:37:00.114Z","asda","7.24","per kg","550g"
"Pilgrims",,"https://asdagroceries.scene7.com/is/image/asdagroceries/5000165035614?$ProdList$","Pilgrims Choice Extra Mature Cheddar 350g",,"false","3.08","https://groceries.asda.com/groceries/product/extra-mature-vintage-cheese/pilgrims-choice-extra-mature-cheddar-350g/9296938","extra mature cheddar","2026-04-10T18:37:00.114Z","asda","8.8","per kg","350g"
"Pilgrims",,"https://asdagroceries.scene7.com/is/image/asdagroceries/5000165035645?$ProdList$","Pilgrims Choice Mature Cheddar 550g",,"false","3.98","https://groceries.asda.com/groceries/product/mature-cheese/pilgrims-choice-mature-cheddar-550g/5712868","extra mature cheddar","2026-04-10T18:37:00.114Z","asda","7.24","per kg","550g"
"Pilgrims",,"https://asdagroceries.scene7.com/is/image/asdagroceries/5000165388109?$ProdList$","Pilgrims Choice The Crumbly & Creamy One Extra Mature Sliced Cheddar 150g",,"false","1.75","https://groceries.asda.com/groceries/product/cheese-slices/pilgrims-choice-the-crumbly-creamy-one-extra-mature-sliced-cheddar-150g/6586559","extra mature cheddar","2026-04-10T18:37:00.114Z","asda","11.67","per kg","150g"
"Pilgrims",,"https://asdagroceries.scene7.com/is/image/asdagroceries/5000165035607?$ProdList$","Pilgrims Choice Mature Cheddar 350g",,"false","3.08","https://groceries.asda.com/groceries/product/mature-cheese/pilgrims-choice-mature-cheddar-350g/5712860","extra mature cheddar","2026-04-10T18:37:00.114Z","asda","8.8","per kg","350g"
"Danone",,"https://asdagroceries.scene7.com/is/image/asdagroceries/5060360508771?$ProdList$","Danone Skyr Icelandic Style Yoghurt 450g",,"false","2.25","https://groceries.asda.com/groceries/product/high-in-protein/danone-skyr-icelandic-style-yoghurt-450g/9299787","greek yoghurt","2026-04-10T18:37:21.376Z","asda","2.78","per kg","450g"
"Arla",,"https://asdagroceries.scene7.com/is/image/asdagroceries/5000181039580?$ProdList$","Arla Skyr High Protein Natural Icelandic Style Yogurt 1kg",,"false","2.97","https://groceries.asda.com/groceries/product/natural-greek-yogurts/arla-skyr-high-protein-natural-icelandic-style-yogurt-1kg/5712816","greek yoghurt","2026-04-10T18:37:21.376Z","asda","2.97","per kg","1kg"
"Onken",,"https://asdagroceries.scene7.com/is/image/asdagroceries/7610900037353?$ProdList$","Onken Raspberry Yogurt 450g",,"false","1.95","https://groceries.asda.com/groceries/product/big-pot-yogurts/onken-raspberry-yogurt-450g/3915489","greek yoghurt","2026-04-10T18:37:21.376Z","asda","3.33","per kg","450g"
"Alpro",,"https://asdagroceries.scene7.com/is/image/asdagroceries/5411188121213?$ProdList$","Alpro Greek Style Plain Dairy Free Yoghurt Alternative 400g",,"false","2.48","https://groceries.asda.com/groceries/product/natural-greek-yogurts/alpro-greek-style-plain-dairy-free-yoghurt-alternative-400g/7263329","greek yoghurt","2026-04-10T18:37:21.376Z","asda","4.45","per kg","400g"
"Yeo",,"https://asdagroceries.scene7.com/is/image/asdagroceries/5036589200970?$ProdList$","Yeo Valley Organic Natural Greek Style Yogurt 450g",,"false","1.92","https://groceries.asda.com/groceries/product/natural-greek-yogurts/yeo-valley-organic-natural-greek-style-yogurt-450g/6638967","greek yoghurt","2026-04-10T18:37:21.376Z","asda","3.84","per kg","450g"
"ASDA",,"https://asdagroceries.scene7.com/is/image/asdagroceries/5063089019856?$ProdList$","JUST ESSENTIALS by ASDA Red Leicester 400g",,"false","2.49","https://groceries.asda.com/groceries/product/red-leicester-gloucester/just-essentials-by-asda-red-leicester-400g/7498007","red leicester","2026-04-10T18:37:42.956Z","asda","6.23","per kg","400g"
"ASDA",,"https://asdagroceries.scene7.com/is/image/asdagroceries/5057172404636?$ProdList$","ASDA British Red Leicester 400g",,"false","3","https://groceries.asda.com/groceries/product/red-leicester-gloucester/asda-british-red-leicester-400g/6793596","red leicester","2026-04-10T18:37:42.956Z","asda","7.5","per kg","400g"
"ASDA",,"https://asdagroceries.scene7.com/is/image/asdagroceries/5063089019733?$ProdList$","ASDA British Red Leicester 250g",,"false","2.82","https://groceries.asda.com/groceries/product/red-leicester-gloucester/asda-british-red-leicester-250g/7497571","red leicester","2026-04-10T18:37:42.956Z","asda","11.28","per kg","250g"
"ASDA",,"https://asdagroceries.scene7.com/is/image/asdagroceries/5054070275627?$ProdList$","ASDA Grated Red Leicester British Cheese 250g",,"false","4.5","https://groceries.asda.com/groceries/product/grated-sliced-cheese/asda-grated-red-leicester-british-cheese-250g/4642111","red leicester","2026-04-10T18:37:42.956Z","asda","9.8","per kg","250g"
"ASDA",,"https://asdagroceries.scene7.com/is/image/asdagroceries/5054070150382?$ProdList$","ASDA 10 British Red Leicester Slices 250g",,"false","4.5","https://groceries.asda.com/groceries/product/grated-sliced-cheese/asda-10-british-red-leicester-slices-250g/4545239","red leicester","2026-04-10T18:37:42.956Z","asda","9.8","per kg","250g"
"Exceptional",,"https://asdagroceries.scene7.com/is/image/asdagroceries/5063089483008?$ProdList$","Exceptional by ASDA Exceptional by  Cooked & Peeled Jumbo King Prawns 150g",,"false","4.25","https://groceries.asda.com/groceries/product/prawns-mussels/exceptional-by-asda-exceptional-by-cooked-peeled-jumbo-king-prawns-150g/9118510","king prawns","2026-04-10T18:38:02.336Z","asda","28.33","per kg","150g"
"ASDA",,"https://asdagroceries.scene7.com/is/image/asdagroceries/5063089820575?$ProdList$","ASDA King Prawns 200g",,"false","3.68","https://groceries.asda.com/groceries/product/frozen-prawns-seafood/asda-king-prawns-200g/9223776","king prawns","2026-04-10T18:38:02.336Z","asda","18.4","per kg","200g"
"ASDA",,"https://asdagroceries.scene7.com/is/image/asdagroceries/5063089820551?$ProdList$","ASDA King Prawns 200g",,"false","3.66","https://groceries.asda.com/groceries/product/frozen-prawns-seafood/asda-king-prawns-200g/9225368","king prawns","2026-04-10T18:38:02.336Z","asda","18.3","per kg","200g"
"ASDA",,"https://asdagroceries.scene7.com/is/image/asdagroceries/5057172032686?$ProdList$","ASDA Succulent Raw & Peeled King Prawns 160g",,"false","3.12","https://groceries.asda.com/groceries/product/prawns-mussels/asda-succulent-raw-peeled-king-prawns-160g/6305701","king prawns","2026-04-10T18:38:02.336Z","asda","19.5","per kg","160g"
"ASDA",,"https://asdagroceries.scene7.com/is/image/asdagroceries/5063089581292?$ProdList$","ASDA Cooked & Peeled King Prawns 150g",,"false","3.75","https://groceries.asda.com/groceries/product/prawns-mussels/asda-cooked-peeled-king-prawns-150g/9134579","king prawns","2026-04-10T18:38:02.336Z","asda","25","per kg","150g"
"Yeo",,"https://asdagroceries.scene7.com/is/image/asdagroceries/5036589200970?$ProdList$","Yeo Valley Organic Natural Greek Style Yogurt 450g",,"false","1.92","https://groceries.asda.com/groceries/product/natural-greek-yogurts/yeo-valley-organic-natural-greek-style-yogurt-450g/6638967","natural yoghurt","2026-04-10T18:38:29.700Z","asda","3.84","per kg","450g"
"Danone",,"https://asdagroceries.scene7.com/is/image/asdagroceries/5060360508771?$ProdList$","Danone Skyr Icelandic Style Yoghurt 450g",,"false","2.25","https://groceries.asda.com/groceries/product/high-in-protein/danone-skyr-icelandic-style-yoghurt-450g/9299787","natural yoghurt","2026-04-10T18:38:29.700Z","asda","2.78","per kg","450g"
"Arla",,"https://asdagroceries.scene7.com/is/image/asdagroceries/7311870012288?$ProdList$","Arla LactoFREE Natural Yogurt 400g",,"false","1.47","https://groceries.asda.com/groceries/product/lactose-free-yogurts-desserts/arla-lactofree-natural-yogurt-400g/9247148","natural yoghurt","2026-04-10T18:38:29.700Z","asda","3.68","per kg","400g"
"Arla",,"https://asdagroceries.scene7.com/is/image/asdagroceries/7311870012301?$ProdList$","Arla LactoFREE Strawberry Yogurt 400g",,"false","1.47","https://groceries.asda.com/groceries/product/lactose-free-yogurts-desserts/arla-lactofree-strawberry-yogurt-400g/9246881","natural yoghurt","2026-04-10T18:38:29.700Z","asda","3.68","per kg","400g"
"Yeo",,"https://asdagroceries.scene7.com/is/image/asdagroceries/5036589252450?$ProdList$","Yeo Valley Kefir Natural 350g",,"false","1.51","https://groceries.asda.com/groceries/product/big-pot-yogurts/yeo-valley-kefir-natural-350g/6595638","natural yoghurt","2026-04-10T18:38:29.700Z","asda","4.31","per kg","350g"
"ASDA",,"https://asdagroceries.scene7.com/is/image/asdagroceries/5063089708934?$ProdList$","ASDA Refreshing & Sweet Seedless Red Grapes 500g",,"false","1.77","https://groceries.asda.com/groceries/product/grapes/asda-refreshing-sweet-seedless-red-grapes-500g/9193217","grapes","2026-04-10T18:38:53.425Z","asda","3.54","per kg","500g"
"ASDA",,"https://asdagroceries.scene7.com/is/image/asdagroceries/5063089708910?$ProdList$","ASDA Crisp & Juicy Seedless Green Grapes 500g",,"false","1.77","https://groceries.asda.com/groceries/product/grapes/asda-crisp-juicy-seedless-green-grapes-500g/9184253","grapes","2026-04-10T18:38:53.425Z","asda","3.54","per kg","500g"
"ASDA",,"https://asdagroceries.scene7.com/is/image/asdagroceries/5063089708897?$ProdList$","ASDA Sweet & Juicy Seedless Mixed Grapes 500g",,"false","1.87","https://groceries.asda.com/groceries/product/grapes/asda-sweet-juicy-seedless-mixed-grapes-500g/9184436","grapes","2026-04-10T18:38:53.425Z","asda","3.74","per kg","500g"
"ASDA",,"https://asdagroceries.scene7.com/is/image/asdagroceries/5063089708927?$ProdList$","ASDA Sweet & Crisp Seedless Black Grapes 500g",,"false","1.77","https://groceries.asda.com/groceries/product/grapes/asda-sweet-crisp-seedless-black-grapes-500g/9184752","grapes","2026-04-10T18:38:53.425Z","asda","3.54","per kg","500g"
"ASDA",,"https://asdagroceries.scene7.com/is/image/asdagroceries/5057172689231?$ProdList$","JUST ESSENTIALS by ASDA Just Essentials Seedless Grapes 500g",,"false","1.37","https://groceries.asda.com/groceries/product/grapes/just-essentials-by-asda-just-essentials-seedless-grapes-500g/7052790","grapes","2026-04-10T18:38:53.425Z","asda","2.74","per kg","500g"
"MOWI",,"https://asdagroceries.scene7.com/is/image/asdagroceries/5055946000855?$ProdList$","MOWI Superior Scottish Smoked Salmon 100g",,"false","5.46","https://groceries.asda.com/groceries/product/salmon/mowi-superior-scottish-smoked-salmon-100g/7593164","smoked salmon","2026-04-10T18:39:18.046Z","asda","54.6","per kg","100g"
"MOWI",,"https://asdagroceries.scene7.com/is/image/asdagroceries/5055946000879?$ProdList$","MOWI Piri Piri Scottish Salmon Fillets 180g",,"false","5.63","https://groceries.asda.com/groceries/product/salmon/mowi-piri-piri-scottish-salmon-fillets-180g/7593166","smoked salmon","2026-04-10T18:39:18.046Z","asda","31.28","per kg","180g"
"Leap",,"https://asdagroceries.scene7.com/is/image/asdagroceries/5036820001441?$ProdList$","Leap Wild Sockeye Salmon 220g",,"false","9.25","https://groceries.asda.com/groceries/product/salmon/leap-wild-sockeye-salmon-220g/9037525","smoked salmon","2026-04-10T18:39:18.046Z","asda","31.36","per kg","220g"
"Leap",,"https://asdagroceries.scene7.com/is/image/asdagroceries/5036820001342?$ProdList$","Leap Wild Smoked Sockeye Salmon 100g",,"false","8.5","https://groceries.asda.com/groceries/product/smoked-salmon/leap-wild-smoked-sockeye-salmon-100g/9113168","smoked salmon","2026-04-10T18:39:18.046Z","asda","63.5","per kg","100g"
"ASDA",,"https://asdagroceries.scene7.com/is/image/asdagroceries/5057172226139?$ProdList$","ASDA Boneless Salmon Side 800g",,"false","18.24","https://groceries.asda.com/groceries/product/salmon/asda-boneless-salmon-side-800g/6518342","smoked salmon","2026-04-10T18:39:18.046Z","asda","22.8","per kg","800g"
"ASDA",,"https://asdagroceries.scene7.com/is/image/asdagroceries/23009066?$ProdList$","ASDA Tangy & Tropical Pineapple",,"false","0.98","https://groceries.asda.com/groceries/product/melon-pineapple/asda-tangy-tropical-pineapple/4827498","pineapple","2026-04-10T18:39:39.997Z","asda",,,
"ASDA",,"https://asdagroceries.scene7.com/is/image/asdagroceries/0000027394052?$ProdList$","ASDA Giant Pineapple",,"false","1.88","https://groceries.asda.com/groceries/product/melon-pineapple/asda-giant-pineapple/151745","pineapple","2026-04-10T18:39:39.997Z","asda","1.88","per each",
"ASDA",,"https://asdagroceries.scene7.com/is/image/asdagroceries/5054070692103?$ProdList$","ASDA Pineapple Chunks 450g",,"false","2.82","https://groceries.asda.com/groceries/product/5-a-day-frozen-fruit-vegetables/asda-pineapple-chunks-450g/5384297","pineapple","2026-04-10T18:39:39.997Z","asda","6.27","per kg","450g"
"ASDA",,"https://asdagroceries.scene7.com/is/image/asdagroceries/5054070691076?$ProdList$","ASDA Tropical Smoothie Mix 500g",,"false","2.82","https://groceries.asda.com/groceries/product/frozen-fruit-smoothie-mixes/asda-tropical-smoothie-mix-500g/5094722","pineapple","2026-04-10T18:39:39.997Z","asda","5.64","per kg","500g"
"ASDA",,"https://asdagroceries.scene7.com/is/image/asdagroceries/5051413114001?$ProdList$","ASDA Juicy & Sweet Pineapple Chunks 400g",,"false","2.67","https://groceries.asda.com/groceries/product/fresh-fruit-pots-snack-packs/asda-juicy-sweet-pineapple-chunks-400g/4827364","pineapple","2026-04-10T18:39:39.997Z","asda","6.68","per kg","400g"
"ASDA",,"https://asdagroceries.scene7.com/is/image/asdagroceries/5054070275641?$ProdList$","ASDA Grated Mozzarella 250g",,"false","4.5","https://groceries.asda.com/groceries/product/grated-sliced-cheese/asda-grated-mozzarella-250g/4642115","mozzarella","2026-04-10T18:40:04.203Z","asda","9.8","per kg","250g"
"ASDA",,"https://asdagroceries.scene7.com/is/image/asdagroceries/5054070242926?$ProdList$","ASDA Mozzarella 215g",,"false","1.24","https://groceries.asda.com/groceries/product/mozzarella-mascarpone/asda-mozzarella-215g/4636735","mozzarella","2026-04-10T18:40:04.203Z","asda","9.92","per kg","215g"
"ASDA",,"https://asdagroceries.scene7.com/is/image/asdagroceries/5063089868102?$ProdList$","JUST ESSENTIALS by ASDA Mozzarella 210g",,"false","0.69","https://groceries.asda.com/groceries/product/mozzarella-mascarpone/just-essentials-by-asda-mozzarella-210g/9227119","mozzarella","2026-04-10T18:40:04.203Z","asda","5.52","per kg","210g"
"ASDA",,"https://asdagroceries.scene7.com/is/image/asdagroceries/5054070242933?$ProdList$","ASDA Light Mozzarella 215g",,"false","1.24","https://groceries.asda.com/groceries/product/mozzarella-mascarpone/asda-light-mozzarella-215g/4636737","mozzarella","2026-04-10T18:40:04.203Z","asda","9.92","per kg","215g"
"Galbani",,"https://asdagroceries.scene7.com/is/image/asdagroceries/8000430132267?$ProdList$","Galbani Mini Italian Mozzarella Cheese&nbsp;150g",,"false","2.35","https://groceries.asda.com/groceries/product/soft-cheese/galbani-mini-italian-mozzarella-cheese-nbsp-150g/4636711","mozzarella","2026-04-10T18:40:04.203Z","asda","15.67","per kg","150g"
"Lindahls",,"https://asdagroceries.scene7.com/is/image/asdagroceries/3023290018354?$ProdList$","Lindahls Kvarg Raspberry Flavoured 150g",,"false","1","https://groceries.asda.com/groceries/product/high-in-protein/lindahls-kvarg-raspberry-flavoured-150g/6041536","flavoured yoghurt","2026-04-10T18:40:29.294Z","asda","6.67","per kg","150g"
"Lindahls",,"https://asdagroceries.scene7.com/is/image/asdagroceries/3023290084786?$ProdList$","Lindahls Protein+ Immunity Lemon Flavoured 150g",,"false","1","https://groceries.asda.com/groceries/product/high-in-protein/lindahls-protein-immunity-lemon-flavoured-150g/9355110","flavoured yoghurt","2026-04-10T18:40:29.294Z","asda","6.67","per kg","150g"
"Arla",,"https://asdagroceries.scene7.com/is/image/asdagroceries/5711953081330?$ProdList$","Arla Protein Vanilla Flavoured Milk 482ml",,"false","1.72","https://groceries.asda.com/groceries/product/protein-drinks/arla-protein-vanilla-flavoured-milk-482ml/7477409","flavoured yoghurt","2026-04-10T18:40:29.294Z","asda","3.57","per lt","482ml"
"Arla",,"https://asdagroceries.scene7.com/is/image/asdagroceries/5711953081354?$ProdList$","Arla Protein Strawberry and Raspberry Flavoured Milk 482ml",,"false","1.72","https://groceries.asda.com/groceries/product/protein-drinks/arla-protein-strawberry-and-raspberry-flavoured-milk-482ml/7477411","flavoured yoghurt","2026-04-10T18:40:29.294Z","asda","3.57","per lt","482ml"
"Arla",,"https://asdagroceries.scene7.com/is/image/asdagroceries/5711953190001?$ProdList$","Arla Protein Food To Go Vanilla Hazelnut Flavoured Meal Replacement Shake 500ml",,"false","3.42","https://groceries.asda.com/groceries/product/protein-drinks/arla-protein-food-to-go-vanilla-hazelnut-flavoured-meal-replacement-shake-500ml/9192042","flavoured yoghurt","2026-04-10T18:40:29.294Z","asda","6.84","per lt","500ml"
"Young's",,"https://asdagroceries.scene7.com/is/image/asdagroceries/5000205050744?$ProdList$","Young's 2 Chip Shop Succulent Jumbo Fish 480g",,"false","4.97","https://groceries.asda.com/groceries/product/frozen-battered-breaded-fish/young-s-2-chip-shop-succulent-jumbo-fish-480g/9297272","fish fingers","2026-04-10T18:40:56.215Z","asda","7.71","per kg","480g"
"Young's",,"https://asdagroceries.scene7.com/is/image/asdagroceries/5000205047300?$ProdList$","Young's 4 Breaded Haddock Fillets 400g",,"false","6.45","https://groceries.asda.com/groceries/product/frozen-battered-breaded-fish/young-s-4-breaded-haddock-fillets-400g/9353070","fish fingers","2026-04-10T18:40:56.215Z","asda","16.13","per kg","400g"
"ASDA",,"https://asdagroceries.scene7.com/is/image/asdagroceries/5063089118382?$ProdList$","ASDA Tender 2 Sea Bream Fillets 180g",,"false","4.4","https://groceries.asda.com/groceries/product/cod-haddock-white-fish/asda-tender-2-sea-bream-fillets-180g/7599284","fish fingers","2026-04-10T18:40:56.215Z","asda","24.44","per kg","180g"
"ASDA",,"https://asdagroceries.scene7.com/is/image/asdagroceries/5054070265802?$ProdList$","ASDA 2 Flaky Cod Fillets 260g",,"false","7.24","https://groceries.asda.com/groceries/product/cod-haddock-white-fish/asda-2-flaky-cod-fillets-260g/4681763","fish fingers","2026-04-10T18:40:56.215Z","asda","27.85","per kg","260g"
"Exceptional",,"https://asdagroceries.scene7.com/is/image/asdagroceries/5063717033353_T1?$ProdList$","Exceptional by ASDA 6 Chunky Breaded Fish Fingers 400g",,"false","3.56","https://groceries.asda.com/groceries/product/frozen-fish-fingers-shapes/exceptional-by-asda-6-chunky-breaded-fish-fingers-400g/9295636","fish fingers","2026-04-10T18:40:56.215Z","asda","8.9","per kg","400g"
"ASDA",,"https://asdagroceries.scene7.com/is/image/asdagroceries/0000027307250?$ProdList$","ASDA Sweet & Refreshing Honeydew Melon",,"false","1.87","https://groceries.asda.com/groceries/product/melon-pineapple/asda-sweet-refreshing-honeydew-melon/1817452","melon","2026-04-10T18:41:16.392Z","asda","1.87","per each",
"ASDA",,"https://asdagroceries.scene7.com/is/image/asdagroceries/23050396?$ProdList$","ASDA Cantaloupe Melon",,"false","1.94","https://groceries.asda.com/groceries/product/melon-pineapple/asda-cantaloupe-melon/862382","melon","2026-04-10T18:41:16.392Z","asda","1.94","per each",
"ASDA",,"https://asdagroceries.scene7.com/is/image/asdagroceries/0000023050419?$ProdList$","ASDA Refreshingly Juicy Watermelon",,"false","3.47","https://groceries.asda.com/groceries/product/melon-pineapple/asda-refreshingly-juicy-watermelon/915130","melon","2026-04-10T18:41:16.392Z","asda","3.47","per each",
"ASDA",,"https://asdagroceries.scene7.com/is/image/asdagroceries/5050854251702?$ProdList$","ASDA Galia Melon",,"false","1.97","https://groceries.asda.com/groceries/product/melon-pineapple/asda-galia-melon/961412","melon","2026-04-10T18:41:16.392Z","asda","1.97","per each",
"ASDA",,"https://asdagroceries.scene7.com/is/image/asdagroceries/0000023032194?$ProdList$","ASDA Sweet & Juicy Melon Slices 400g",,"false","2.17","https://groceries.asda.com/groceries/product/melon-pineapple/asda-sweet-juicy-melon-slices-400g/526370","melon","2026-04-10T18:41:16.392Z","asda","5.43","per kg","400g"
"Danone",,"https://asdagroceries.scene7.com/is/image/asdagroceries/5060360508771?$ProdList$","Danone Skyr Icelandic Style Yoghurt 450g",,"false","2.25","https://groceries.asda.com/groceries/product/high-in-protein/danone-skyr-icelandic-style-yoghurt-450g/9299787","skyr yoghurt","2026-04-10T18:41:36.936Z","asda","2.78","per kg","450g"
"Arla",,"https://asdagroceries.scene7.com/is/image/asdagroceries/4016241030573?$ProdList$","Arla Skyr High Protein Natural Icelandic Style Yogurt 450g",,"false","1.52","https://groceries.asda.com/groceries/product/natural-greek-yogurts/arla-skyr-high-protein-natural-icelandic-style-yogurt-450g/5035968","skyr yoghurt","2026-04-10T18:41:36.936Z","asda","3.38","per kg","450g"
"Arla",,"https://asdagroceries.scene7.com/is/image/asdagroceries/5000181039580?$ProdList$","Arla Skyr High Protein Natural Icelandic Style Yogurt 1kg",,"false","2.97","https://groceries.asda.com/groceries/product/natural-greek-yogurts/arla-skyr-high-protein-natural-icelandic-style-yogurt-1kg/5712816","skyr yoghurt","2026-04-10T18:41:36.936Z","asda","2.97","per kg","1kg"
"Arla",,"https://asdagroceries.scene7.com/is/image/asdagroceries/4016241040503?$ProdList$","Arla Skyr High Protein Vanilla Icelandic Style Yogurt 450g",,"false","1.52","https://groceries.asda.com/groceries/product/big-pot-yogurts/arla-skyr-high-protein-vanilla-icelandic-style-yogurt-450g/5926486","skyr yoghurt","2026-04-10T18:41:36.936Z","asda","3.38","per kg","450g"
"Arla",,"https://asdagroceries.scene7.com/is/image/asdagroceries/4016241050649?$ProdList$","Arla Skyr High Protein Coconut Icelandic Style Yogurt 450g",,"false","1.52","https://groceries.asda.com/groceries/product/high-in-protein/arla-skyr-high-protein-coconut-icelandic-style-yogurt-450g/7662584","skyr yoghurt","2026-04-10T18:41:36.936Z","asda","3.38","per kg","450g"
"Boursin",,"https://asdagroceries.scene7.com/is/image/asdagroceries/3175460000017?$ProdList$","Boursin Garlic & Herbs Soft French Cream Cheese 150g",,"false","2.94","https://groceries.asda.com/groceries/product/cheese-spreads/boursin-garlic-herbs-soft-french-cream-cheese-150g/1773087","cream cheese","2026-04-10T18:41:57.275Z","asda","19.6","per kg","150g"
"Boursin",,"https://asdagroceries.scene7.com/is/image/asdagroceries/3175460000062?$ProdList$","Boursin Black Pepper Soft French Cream Cheese 150g",,"false","2.94","https://groceries.asda.com/groceries/product/soft-cheese/boursin-black-pepper-soft-french-cream-cheese-150g/7307576","cream cheese","2026-04-10T18:41:57.275Z","asda","19.6","per kg","150g"
"Philadelphia",,"https://asdagroceries.scene7.com/is/image/asdagroceries/7622201694777?$ProdList$","Philadelphia Garlic & Herbs Soft Cream Cheese 165g",,"false","2.08","https://groceries.asda.com/groceries/product/soft-cheese/philadelphia-garlic-herbs-soft-cream-cheese-165g/7345725","cream cheese","2026-04-10T18:41:57.275Z","asda","6.06","per kg","165g"
"Philadelphia",,"https://asdagroceries.scene7.com/is/image/asdagroceries/7622201693916?$ProdList$","Philadelphia Original Soft Cream Cheese 165G",,"false","2.08","https://groceries.asda.com/groceries/product/soft-cheese/philadelphia-original-soft-cream-cheese-165g/7345715","cream cheese","2026-04-10T18:41:57.275Z","asda","6.06","per kg","165G"
"Philadelphia",,"https://asdagroceries.scene7.com/is/image/asdagroceries/7622201693831?$ProdList$","Philadelphia Chives Soft Cream Cheese Tub 165 g",,"false","2.08","https://groceries.asda.com/groceries/product/soft-cheese/philadelphia-chives-soft-cream-cheese-tub-165-g/7345711","cream cheese","2026-04-10T18:41:57.275Z","asda","6.06","per kg","165 g"
"Leap",,"https://asdagroceries.scene7.com/is/image/asdagroceries/5036820001908?$ProdList$","Leap Wild Yellowfin Tuna 2 Steaks 240g",,"false","9.3","https://groceries.asda.com/groceries/product/view-all-fish/leap-wild-yellowfin-tuna-2-steaks-240g/9085534","tuna steaks","2026-04-10T18:42:17.369Z","asda","38.75","per kg","240g"
"ASDA",,"https://asdagroceries.scene7.com/is/image/asdagroceries/5063089820476?$ProdList$","ASDA 2 Tuna Steaks 280g",,"false","3.68","https://groceries.asda.com/groceries/product/frozen-fish-fillets/asda-2-tuna-steaks-280g/9207709","tuna steaks","2026-04-10T18:42:17.369Z","asda","13.14","per kg","280g"
"ASDA",,"https://asdagroceries.scene7.com/is/image/asdagroceries/5057172338566?$ProdList$","ASDA Tuna Steak in a Little Spring Water 3 x 110g (330g)",,"false","3.15","https://groceries.asda.com/groceries/product/tuna/asda-tuna-steak-in-a-little-spring-water-3-x-110g-330g-/6742140","tuna steaks","2026-04-10T18:42:17.369Z","asda","9.55","per kg","3 x 110g"
"ASDA",,"https://asdagroceries.scene7.com/is/image/asdagroceries/5057172338559?$ProdList$","ASDA Tuna Steak in a Little Sunflower Oil 3 x 110g (330g)",,"false","3.15","https://groceries.asda.com/groceries/product/tuna/asda-tuna-steak-in-a-little-sunflower-oil-3-x-110g-330g-/6742138","tuna steaks","2026-04-10T18:42:17.369Z","asda","9.55","per kg","3 x 110g"
"ASDA",,"https://asdagroceries.scene7.com/is/image/asdagroceries/5057172338542?$ProdList$","ASDA Tuna Steak in a Little Brine 3 x 110g (330g)",,"false","3.15","https://groceries.asda.com/groceries/product/tuna/asda-tuna-steak-in-a-little-brine-3-x-110g-330g-/6742136","tuna steaks","2026-04-10T18:42:17.369Z","asda","9.55","per kg","3 x 110g"
"Grana",,"https://asdagroceries.scene7.com/is/image/asdagroceries/5051413749104?$ProdList$","Grana Padano Grated Grana Padano 100g",,"false","2.18","https://groceries.asda.com/groceries/product/parmesan-hard-cheese/grana-padano-grated-grana-padano-100g/3160573","parmesan","2026-04-10T18:42:40.283Z","asda","21.8","per kg","100g"
"ASDA",,"https://asdagroceries.scene7.com/is/image/asdagroceries/5054070627273?$ProdList$","ASDA Grana Padano 160g",,"false","2.6","https://groceries.asda.com/groceries/product/parmesan-hard-cheese/asda-grana-padano-160g/4952270","parmesan","2026-04-10T18:42:40.283Z","asda","16.25","per kg","160g"
"ASDA",,"https://asdagroceries.scene7.com/is/image/asdagroceries/5057172782116?$ProdList$","ASDA Grated Parmigiano Reggiano 100g",,"false","2.74","https://groceries.asda.com/groceries/product/parmesan-hard-cheese/asda-grated-parmigiano-reggiano-100g/7247773","parmesan","2026-04-10T18:42:40.283Z","asda","27.4","per kg","100g"
"Exceptional",,"https://asdagroceries.scene7.com/is/image/asdagroceries/5063089520024?$ProdList$","Exceptional by ASDA Parmigiano Reggiano Dop 170g",,"false","3.66","https://groceries.asda.com/groceries/product/parmesan-hard-cheese/exceptional-by-asda-parmigiano-reggiano-dop-170g/9110161","parmesan","2026-04-10T18:42:40.283Z","asda","21.53","per kg","170g"
"ASDA",,"https://asdagroceries.scene7.com/is/image/asdagroceries/T_5054070627242?$ProdList$","JUST ESSENTIALS by ASDA Just Essentials by  Hard Cheese 170g",,"false","2.42","https://groceries.asda.com/groceries/product/parmesan-hard-cheese/just-essentials-by-asda-just-essentials-by-hard-cheese-170g/4952264","parmesan","2026-04-10T18:42:40.283Z","asda","14.24","per kg","170g"
"ASDA",,"https://asdagroceries.scene7.com/is/image/asdagroceries/5050854830693?$ProdList$","ASDA Fresh Double Cream 300ml",,"false","1.6","https://groceries.asda.com/groceries/product/single-double-whipping/asda-fresh-double-cream-300ml/2208286","double cream","2026-04-10T18:43:02.109Z","asda","5.33","per lt","300ml"
"ASDA",,"https://asdagroceries.scene7.com/is/image/asdagroceries/5050854830709?$ProdList$","ASDA Fresh Double Cream 600ml",,"false","2.9","https://groceries.asda.com/groceries/product/single-double-whipping/asda-fresh-double-cream-600ml/2208262","double cream","2026-04-10T18:43:02.109Z","asda","4.83","per lt","600ml"
"Elmlea",,"https://asdagroceries.scene7.com/is/image/asdagroceries/8719200204768?$ProdList$","Elmlea Double Cream Alternative",,"false","1.25","https://groceries.asda.com/groceries/product/cream-custard-alternatives/elmlea-double-cream-alternative/7040279","double cream","2026-04-10T18:43:02.109Z","asda","4.63","per lt",
"Elmlea",,"https://asdagroceries.scene7.com/is/image/asdagroceries/8719200204782?$ProdList$","Elmlea Double Light Alternative to Cream 270ml",,"false","1.25","https://groceries.asda.com/groceries/product/cream-custard-alternatives/elmlea-double-light-alternative-to-cream-270ml/7040281","double cream","2026-04-10T18:43:02.109Z","asda","4.63","per lt","270ml"
"ASDA",,"https://asdagroceries.scene7.com/is/image/asdagroceries/5050854830747?$ProdList$","ASDA Extra Thick Fresh Double Cream 300ml",,"false","2","https://groceries.asda.com/groceries/product/single-double-whipping/asda-extra-thick-fresh-double-cream-300ml/2208270","double cream","2026-04-10T18:43:02.109Z","asda","6.67","per lt","300ml"
"ASDA",,"https://asdagroceries.scene7.com/is/image/asdagroceries/27618868?$ProdList$","ASDA 4 Soft & Sweet Kiwi Fruit",,"false","1.47","https://groceries.asda.com/groceries/product/mango-kiwi-exotic-fruit/asda-4-soft-sweet-kiwi-fruit/1578127","kiwi","2026-04-10T18:43:24.480Z","asda",,,
"ASDA",,"https://asdagroceries.scene7.com/is/image/asdagroceries/5054781580805?$ProdList$","JUST ESSENTIALS by ASDA Kiwis",,"false","1.19","https://groceries.asda.com/groceries/product/mango-kiwi-exotic-fruit/just-essentials-by-asda-kiwis/5797451","kiwi","2026-04-10T18:43:24.480Z","asda",,,
"ASDA",,"https://asdagroceries.scene7.com/is/image/asdagroceries/5057172445233?$ProdList$","ASDA Organic 4 Kiwi Fruit",,"false","1.88","https://groceries.asda.com/groceries/product/mango-kiwi-exotic-fruit/asda-organic-4-kiwi-fruit/6750805","kiwi","2026-04-10T18:43:24.480Z","asda",,,
"ASDA",,"https://asdagroceries.scene7.com/is/image/asdagroceries/5052449518429?$ProdList$","ASDA Tropical & Sweet Large Mango",,"false","0.88","https://groceries.asda.com/groceries/product/mango-kiwi-exotic-fruit/asda-tropical-sweet-large-mango/1578125","kiwi","2026-04-10T18:43:24.480Z","asda",,,
"ASDA",,"https://asdagroceries.scene7.com/is/image/asdagroceries/5052449734355?$ProdList$","ASDA Pomegranate Seeds 80g",,"false","1.27","https://groceries.asda.com/groceries/product/mango-kiwi-exotic-fruit/asda-pomegranate-seeds-80g/4123209","kiwi","2026-04-10T18:43:24.480Z","asda","15.88","per kg","80g"
"ASDA",,"https://asdagroceries.scene7.com/is/image/asdagroceries/5050854830723?$ProdList$","ASDA Fresh Single Cream 300ml",,"false","1.3","https://groceries.asda.com/groceries/product/single-double-whipping/asda-fresh-single-cream-300ml/2208266","single cream","2026-04-10T18:43:46.405Z","asda","4.33","per lt","300ml"
"Elmlea",,"https://asdagroceries.scene7.com/is/image/asdagroceries/8719200205109?$ProdList$","Elmlea Single Cream Alternative 270ml",,"false","1.25","https://groceries.asda.com/groceries/product/cream-custard-alternatives/elmlea-single-cream-alternative-270ml/7040283","single cream","2026-04-10T18:43:46.405Z","asda","4.63","per lt","270ml"
"ASDA",,"https://asdagroceries.scene7.com/is/image/asdagroceries/5050854830693?$ProdList$","ASDA Fresh Double Cream 300ml",,"false","1.6","https://groceries.asda.com/groceries/product/single-double-whipping/asda-fresh-double-cream-300ml/2208286","single cream","2026-04-10T18:43:46.405Z","asda","5.33","per lt","300ml"
"ASDA",,"https://asdagroceries.scene7.com/is/image/asdagroceries/5050854830709?$ProdList$","ASDA Fresh Double Cream 600ml",,"false","2.9","https://groceries.asda.com/groceries/product/single-double-whipping/asda-fresh-double-cream-600ml/2208262","single cream","2026-04-10T18:43:46.405Z","asda","4.83","per lt","600ml"
"Rodda's",,"https://asdagroceries.scene7.com/is/image/asdagroceries/0000050849871?$ProdList$","Rodda's Classic Cornish Clotted Cream 227g",,"false","3.1","https://groceries.asda.com/groceries/product/single-double-whipping/rodda-s-classic-cornish-clotted-cream-227g/171178","single cream","2026-04-10T18:43:46.405Z","asda","13.66","per kg","227g"
"The",,"https://asdagroceries.scene7.com/is/image/asdagroceries/5054781496700?$ProdList$","The BAKERY at ASDA The Bakery Soft White Medium Sliced 800g",,"false","0.74","https://groceries.asda.com/groceries/product/white-bread/the-bakery-at-asda-the-bakery-soft-white-medium-sliced-800g/5718174","white sliced bread","2026-04-10T18:44:07.986Z","asda",,,"800g"
"Kingsmill",,"https://asdagroceries.scene7.com/is/image/asdagroceries/5010092093045?$ProdList$","Kingsmill Soft White Bread Medium Sliced Loaf 800g",,"false","1.23","https://groceries.asda.com/groceries/product/white-bread/kingsmill-soft-white-bread-medium-sliced-loaf-800g/2160183","white sliced bread","2026-04-10T18:44:07.986Z","asda","1.54","per kg","800g"
"The",,"https://asdagroceries.scene7.com/is/image/asdagroceries/5054781563112?$ProdList$","The BAKERY at ASDA The Bakery Soft White Toastie Thick Sliced 800g",,"false","0.75","https://groceries.asda.com/groceries/product/white-bread/the-bakery-at-asda-the-bakery-soft-white-toastie-thick-sliced-800g/5892371","white sliced bread","2026-04-10T18:44:07.986Z","asda",,,"800g"
"The",,"https://asdagroceries.scene7.com/is/image/asdagroceries/5063089342114?$ProdList$","The BAKERY at ASDA The Bakery Sliced White Farmhouse Loaf 800g",,"false","1.48","https://groceries.asda.com/groceries/product/bread-rolls/the-bakery-at-asda-the-bakery-sliced-white-farmhouse-loaf-800g/9091489","white sliced bread","2026-04-10T18:44:07.986Z","asda","1.85","per kg","800g"
"Kingsmill",,"https://asdagroceries.scene7.com/is/image/asdagroceries/5010092093144?$ProdList$","Kingsmill Soft White Bread Thick Sliced Loaf 800g",,"false","1.23","https://groceries.asda.com/groceries/product/white-bread/kingsmill-soft-white-bread-thick-sliced-loaf-800g/2160165","white sliced bread","2026-04-10T18:44:07.986Z","asda","1.54","per kg","800g"
"ASDA",,"https://asdagroceries.scene7.com/is/image/asdagroceries/5057172819201?$ProdList$","ASDA Sweet & Delicate Conference Pears",,"false","1.57","https://groceries.asda.com/groceries/product/pears-rhubarb/asda-sweet-delicate-conference-pears/7370972","pears","2026-04-10T18:44:27.987Z","asda","2.57","per kg",
"ASDA",,"https://asdagroceries.scene7.com/is/image/asdagroceries/5063089527627?$ProdList$","ASDA Sweet & Crisp Dessert Pears 610g",,"false","1.57","https://groceries.asda.com/groceries/product/pears-rhubarb/asda-sweet-crisp-dessert-pears-610g/9127012","pears","2026-04-10T18:44:27.987Z","asda","2.57","per kg","610g"
"ASDA",,"https://asdagroceries.scene7.com/is/image/asdagroceries/5057172819218?$ProdList$","ASDA Garden Gang Incredible Pears",,"false","1.17","https://groceries.asda.com/groceries/product/pears-rhubarb/asda-garden-gang-incredible-pears/7370974","pears","2026-04-10T18:44:27.987Z","asda","2.34","per kg",
"ASDA",,"https://asdagroceries.scene7.com/is/image/asdagroceries/5057172286041?$ProdList$","ASDA Sweet & Delicate Conference Pears 4 Pack",,"false","1.97","https://groceries.asda.com/groceries/product/pears-rhubarb/asda-sweet-delicate-conference-pears-4-pack/6703482","pears","2026-04-10T18:44:27.987Z","asda",,,"4 Pack"
"Exceptional",,"https://asdagroceries.scene7.com/is/image/asdagroceries/5063089899458?$ProdList$","Exceptional by ASDA Hand Picked Seasonally Selected Pears",,"false","2.34","https://groceries.asda.com/groceries/product/pears-rhubarb/exceptional-by-asda-hand-picked-seasonally-selected-pears/9280657","pears","2026-04-10T18:44:27.987Z","asda",,,
"Boursin",,"https://asdagroceries.scene7.com/is/image/asdagroceries/3175460000017?$ProdList$","Boursin Garlic & Herbs Soft French Cream Cheese 150g",,"false","2.94","https://groceries.asda.com/groceries/product/cheese-spreads/boursin-garlic-herbs-soft-french-cream-cheese-150g/1773087","brie","2026-04-10T18:44:51.303Z","asda","19.6","per kg","150g"
"Boursin",,"https://asdagroceries.scene7.com/is/image/asdagroceries/3175460000062?$ProdList$","Boursin Black Pepper Soft French Cream Cheese 150g",,"false","2.94","https://groceries.asda.com/groceries/product/soft-cheese/boursin-black-pepper-soft-french-cream-cheese-150g/7307576","brie","2026-04-10T18:44:51.303Z","asda","19.6","per kg","150g"
"President",,"https://asdagroceries.scene7.com/is/image/asdagroceries/3228020232028?$ProdList$","President French Brie Cheese 200g",,"false","2.4","https://groceries.asda.com/groceries/product/brie-camembert/president-french-brie-cheese-200g/2502639","brie","2026-04-10T18:44:51.303Z","asda","12","per kg","200g"
"ASDA",,"https://asdagroceries.scene7.com/is/image/asdagroceries/5057172405169?$ProdList$","ASDA Somerset Brie 160g",,"false","2.2","https://groceries.asda.com/groceries/product/brie-camembert/asda-somerset-brie-160g/6981118","brie","2026-04-10T18:44:51.303Z","asda","13.75","per kg","160g"
"ASDA",,"https://asdagroceries.scene7.com/is/image/asdagroceries/5063089867853?$ProdList$","JUST ESSENTIALS by ASDA French Brie 200g",,"false","1.65","https://groceries.asda.com/groceries/product/brie-camembert/just-essentials-by-asda-french-brie-200g/9247501","brie","2026-04-10T18:44:51.303Z","asda","8.25","per kg","200g"
"ASDA",,"https://asdagroceries.scene7.com/is/image/asdagroceries/5050854584787?$ProdList$","ASDA Fresh Soured Cream 300ml",,"false","0.85","https://groceries.asda.com/groceries/product/soured-cream/asda-fresh-soured-cream-300ml/2207907","sour cream","2026-04-10T18:45:09.873Z","asda","2.83","per lt","300ml"
"ASDA",,"https://asdagroceries.scene7.com/is/image/asdagroceries/5063089159187?$ProdList$","ASDA Sour Cream 280g",,"false","1.65","https://groceries.asda.com/groceries/product/nachos-dips/asda-sour-cream-280g/7679965","sour cream","2026-04-10T18:45:09.873Z","asda","5.89","per kg","280g"
"ASDA",,"https://asdagroceries.scene7.com/is/image/asdagroceries/5051413392669?$ProdList$","ASDA Reduced Fat Fresh Soured Cream 300ml",,"false","0.85","https://groceries.asda.com/groceries/product/soured-cream/asda-reduced-fat-fresh-soured-cream-300ml/2780869","sour cream","2026-04-10T18:45:09.873Z","asda","2.83","per lt","300ml"
"ASDA",,"https://asdagroceries.scene7.com/is/image/asdagroceries/5054781461234?$ProdList$","ASDA Sour Cream & Chive 290g",,"false","1.28","https://groceries.asda.com/groceries/product/tortilla-chips-dips/asda-sour-cream-chive-290g/5673649","sour cream","2026-04-10T18:45:09.873Z","asda","4.41","per kg","290g"
"ASDA",,"https://asdagroceries.scene7.com/is/image/asdagroceries/5054781741220?$ProdList$","ASDA Sour Cream & Onion Flavour Party Mix 150g",,"false","1.25","https://groceries.asda.com/groceries/product/sharing-crisps/asda-sour-cream-onion-flavour-party-mix-150g/5908581","sour cream","2026-04-10T18:45:09.873Z","asda","8.33","per kg","150g"
"ASDA",,"https://asdagroceries.scene7.com/is/image/asdagroceries/5054781541899?$ProdList$","ASDA Tart & Sweet Plums 400g",,"false","1.47","https://groceries.asda.com/groceries/product/peaches-plums-nectarines-apricots/asda-tart-sweet-plums-400g/5792155","plums","2026-04-10T18:45:33.684Z","asda","3.68","per kg","400g"
"ASDA",,"https://asdagroceries.scene7.com/is/image/asdagroceries/5054781580799_T1?$ProdList$","JUST ESSENTIALS by ASDA Plums",,"false","0.9","https://groceries.asda.com/groceries/product/peaches-plums-nectarines-apricots/just-essentials-by-asda-plums/5797449","plums","2026-04-10T18:45:33.684Z","asda","2.25","per kg",
"ASDA",,"https://asdagroceries.scene7.com/is/image/asdagroceries/5057172688067?$ProdList$","ASDA 4 Juicy & Sweet Nectarines",,"false","2.17","https://groceries.asda.com/groceries/product/peaches-plums-nectarines-apricots/asda-4-juicy-sweet-nectarines/7048429","plums","2026-04-10T18:45:33.684Z","asda",,,
"ASDA",,"https://asdagroceries.scene7.com/is/image/asdagroceries/5063089354391?$ProdList$","ASDA Tart & Sweet Plums 400g",,"false","2.48","https://groceries.asda.com/groceries/product/peaches-plums-nectarines-apricots/asda-tart-sweet-plums-400g/9073687","plums","2026-04-10T18:45:33.684Z","asda","6.2","per kg","400g"
"ASDA",,"https://asdagroceries.scene7.com/is/image/asdagroceries/21092596?$ProdList$","ASDA Peeled Plum Tomatoes in Tomato Juice 400g",,"false","0.47","https://groceries.asda.com/groceries/product/tinned-tomatoes/asda-peeled-plum-tomatoes-in-tomato-juice-400g/1924655","plums","2026-04-10T18:45:33.684Z","asda","1.81","per kg","400g"
"ASDA",,"https://asdagroceries.scene7.com/is/image/asdagroceries/5054781982753?$ProdList$","ASDA 30% Less Fat Cypriot Grilling Cheese 225g",,"false","2.48","https://groceries.asda.com/groceries/product/feta-halloumi-salad/asda-30-less-fat-cypriot-grilling-cheese-225g/6183343","halloumi","2026-04-10T18:45:57.723Z","asda","11.02","per kg","225g"
"ASDA",,"https://asdagroceries.scene7.com/is/image/asdagroceries/5063089464618?$ProdList$","ASDA 10 Party Breaded Halloumi Fries 170g",,"false","2.48","https://groceries.asda.com/groceries/product/frozen-party-food/asda-10-party-breaded-halloumi-fries-170g/9079465","halloumi","2026-04-10T18:45:57.723Z","asda","14.59","per kg","170g"
"Exceptional",,"https://asdagroceries.scene7.com/is/image/asdagroceries/5063089487082?$ProdList$","Exceptional by ASDA Traditional Halloumi 225g",,"false","3.55","https://groceries.asda.com/groceries/product/feta-halloumi-salad/exceptional-by-asda-traditional-halloumi-225g/9100707","halloumi","2026-04-10T18:45:57.723Z","asda","15.78","per kg","225g"
"ASDA",,"https://asdagroceries.scene7.com/is/image/asdagroceries/5063089206782?$ProdList$","ASDA Chilli Cypriot Grilling Cheese 225g",,"false","2.48","https://groceries.asda.com/groceries/product/feta-halloumi-salad/asda-chilli-cypriot-grilling-cheese-225g/7743451","halloumi","2026-04-10T18:45:57.723Z","asda","11.02","per kg","225g"
"Melis",,"https://asdagroceries.scene7.com/is/image/asdagroceries/5060050981884?$ProdList$","Melis Hellim Grilling Cheese with Mint 200g",,"false","1.9","https://groceries.asda.com/groceries/product/feta-halloumi-salad/melis-hellim-grilling-cheese-with-mint-200g/6378937","halloumi","2026-04-10T18:45:57.723Z","asda","9.5","per kg","200g"
"The",,"https://asdagroceries.scene7.com/is/image/asdagroceries/5054781496717?$ProdList$","The BAKERY at ASDA The Bakery Wholemeal Medium Sliced 800g",,"false","0.75","https://groceries.asda.com/groceries/product/wholemeal-bread/the-bakery-at-asda-the-bakery-wholemeal-medium-sliced-800g/5718176","wholemeal bread","2026-04-10T18:46:20.023Z","asda",,,"800g"
"The",,"https://asdagroceries.scene7.com/is/image/asdagroceries/5054781563129?$ProdList$","The BAKERY at ASDA The Bakery Wholemeal Toastie Thick Sliced 800g",,"false","0.75","https://groceries.asda.com/groceries/product/wholemeal-bread/the-bakery-at-asda-the-bakery-wholemeal-toastie-thick-sliced-800g/5892374","wholemeal bread","2026-04-10T18:46:20.023Z","asda",,,"800g"
"Warburtons",,"https://asdagroceries.scene7.com/is/image/asdagroceries/5010044000251?$ProdList$","Warburtons The True Taste of Wholemeal 800g",,"false","1.35","https://groceries.asda.com/groceries/product/wholemeal-bread/warburtons-the-true-taste-of-wholemeal-800g/139861","wholemeal bread","2026-04-10T18:46:20.023Z","asda","1.69","per kg","800g"
"Kingsmill",,"https://asdagroceries.scene7.com/is/image/asdagroceries/5010092093243?$ProdList$","Kingsmill Tasty Wholemeal Bread Medium Sliced Loaf 800g",,"false","1.23","https://groceries.asda.com/groceries/product/wholemeal-bread/kingsmill-tasty-wholemeal-bread-medium-sliced-loaf-800g/2160167","wholemeal bread","2026-04-10T18:46:20.023Z","asda","1.54","per kg","800g"
"Exceptional",,"https://asdagroceries.scene7.com/is/image/asdagroceries/5063089498811?$ProdList$","Exceptional by ASDA Wholemeal & Rye Farmhouse Loaf 800g",,"false","1.47","https://groceries.asda.com/groceries/product/wholemeal-bread/exceptional-by-asda-wholemeal-rye-farmhouse-loaf-800g/9137871","wholemeal bread","2026-04-10T18:46:20.023Z","asda","1.84","per kg","800g"
"ASDA",,"https://asdagroceries.scene7.com/is/image/asdagroceries/5063089826393?$ProdList$","ASDA Blue Stilton 220g",,"false","2.76","https://groceries.asda.com/groceries/product/blue-stilton/asda-blue-stilton-220g/9234443","stilton","2026-04-10T18:46:41.706Z","asda","12.55","per kg","220g"
"Exceptional",,"https://asdagroceries.scene7.com/is/image/asdagroceries/5063089826379?$ProdList$","Exceptional by ASDA Blue Stilton 200g",,"false","3.15","https://groceries.asda.com/groceries/product/blue-stilton/exceptional-by-asda-blue-stilton-200g/9271272","stilton","2026-04-10T18:46:41.706Z","asda","15.75","per kg","200g"
"Saint",,"https://asdagroceries.scene7.com/is/image/asdagroceries/3341500006008?$ProdList$","Saint Agur Blue 125g",,"false","2.54","https://groceries.asda.com/groceries/product/blue-stilton/saint-agur-blue-125g/9205430","stilton","2026-04-10T18:46:41.706Z","asda","20.32","per kg","125g"
"Castello",,"https://asdagroceries.scene7.com/is/image/asdagroceries/5760466876872?$ProdList$","Castello Creamy Blue Cheese 150g",,"false","2.62","https://groceries.asda.com/groceries/product/blue-stilton/castello-creamy-blue-cheese-150g/2383902","stilton","2026-04-10T18:46:41.706Z","asda","17.47","per kg","150g"
"Castello",,"https://asdagroceries.scene7.com/is/image/asdagroceries/5760466827430?$ProdList$","Castello Danish Blue Cheese 150g",,"false","2.62","https://groceries.asda.com/groceries/product/blue-stilton/castello-danish-blue-cheese-150g/1768926","stilton","2026-04-10T18:46:41.706Z","asda","17.47","per kg","150g"
"Jason's",,"https://asdagroceries.scene7.com/is/image/asdagroceries/5025125000075?$ProdList$","Jason's Seeded Protein 580g",,"false","2.75","https://groceries.asda.com/groceries/product/seeded-grains-bread/jason-s-seeded-protein-580g/9310006","sourdough bread","2026-04-10T18:47:06.401Z","asda","4.74","per kg","580g"
"Jason's",,"https://asdagroceries.scene7.com/is/image/asdagroceries/5025125000198_T1?$ProdList$","Jason's Wholemeal 580g",,"false","2.13","https://groceries.asda.com/groceries/product/wholemeal-bread/jason-s-wholemeal-580g/9259733","sourdough bread","2026-04-10T18:47:06.401Z","asda","3.67","per kg","580g"
"Jason's",,"https://asdagroceries.scene7.com/is/image/asdagroceries/5025125000105?$ProdList$","Jason's No 06 Majestic Malted Sourdough 450g",,"false","2.13","https://groceries.asda.com/groceries/product/wholemeal-bread/jason-s-no-06-majestic-malted-sourdough-450g/9168769","sourdough bread","2026-04-10T18:47:06.401Z","asda","4.73","per kg","450g"
"Jason's",,"https://asdagroceries.scene7.com/is/image/asdagroceries/5025125000006?$ProdList$","Jason's White 580g",,"false","2.13","https://groceries.asda.com/groceries/product/white-bread/jason-s-white-580g/9255732","sourdough bread","2026-04-10T18:47:06.401Z","asda","3.67","per kg","580g"
"Jason's",,"https://asdagroceries.scene7.com/is/image/asdagroceries/5025125000112?$ProdList$","Jason's No1 The Great White Sourdough 450g",,"false","2.13","https://groceries.asda.com/groceries/product/white-bread/jason-s-no1-the-great-white-sourdough-450g/9168766","sourdough bread","2026-04-10T18:47:06.401Z","asda","4.73","per kg","450g"
"ASDA",,"https://asdagroceries.scene7.com/is/image/asdagroceries/5051413259214?$ProdList$","ASDA Half Fat Crème Fraîche 300ml",,"false","0.75","https://groceries.asda.com/groceries/product/creme-fraiche/asda-half-fat-creme-fraiche-300ml/2597809","creme fraiche","2026-04-10T18:47:27.316Z","asda","2.5","per lt","300ml"
"ASDA",,"https://asdagroceries.scene7.com/is/image/asdagroceries/5051413259238?$ProdList$","ASDA Crème Fraîche 300ml",,"false","0.75","https://groceries.asda.com/groceries/product/creme-fraiche/asda-creme-fraiche-300ml/2597813","creme fraiche","2026-04-10T18:47:27.316Z","asda","2.5","per lt","300ml"
"Muller",,"https://asdagroceries.scene7.com/is/image/asdagroceries/4025500277031?$ProdList$","Muller Corner Vanilla Yogurt with Chocolate Balls",,"false","0.62","https://groceries.asda.com/groceries/product/corner-yogurts/muller-corner-vanilla-yogurt-with-chocolate-balls/7368400","creme fraiche","2026-04-10T18:47:27.316Z","asda","5","per kg",
"Cravendale",,"https://asdagroceries.scene7.com/is/image/asdagroceries/5000181024043?$ProdList$","Cravendale Arla  Filtered Fresh Semi Skimmed Milk 2L Fresher for Longer",,"false","2.5","https://groceries.asda.com/groceries/product/semi-skimmed-milk/cravendale-arla-filtered-fresh-semi-skimmed-milk-2l-fresher-for-longer/489747","creme fraiche","2026-04-10T18:47:27.316Z","asda","1.25","per lt","2L"
"ASDA",,"https://asdagroceries.scene7.com/is/image/asdagroceries/5057172606085?$ProdList$","ASDA Crispy Skin-On Fries 750g",,"false","2.2","https://groceries.asda.com/groceries/product/frozen-chips-fries/asda-crispy-skin-on-fries-750g/6966614","creme fraiche","2026-04-10T18:47:27.316Z","asda","2.93","per kg","750g"
"ASDA",,"https://asdagroceries.scene7.com/is/image/asdagroceries/5063717214011?$ProdList$","ASDA Easter White Potatoes 2kg",,"false","0.3","https://groceries.asda.com/groceries/product/white-potatoes/asda-easter-white-potatoes-2kg/9378625","potatoes","2026-04-10T18:47:53.287Z","asda",,,"2kg"
"ASDA",,"https://asdagroceries.scene7.com/is/image/asdagroceries/0000023060357?$ProdList$","ASDA Organic White Potatoes 1.5kg",,"false","1.77","https://groceries.asda.com/groceries/product/white-potatoes/asda-organic-white-potatoes-1-5kg/919257","potatoes","2026-04-10T18:47:53.287Z","asda","1.18","per kg","1.5kg"
"Exceptional",,"https://asdagroceries.scene7.com/is/image/asdagroceries/5063089866900?$ProdList$","Exceptional by ASDA British Potatoes 2kg",,"false","1.97","https://groceries.asda.com/groceries/product/white-potatoes/exceptional-by-asda-british-potatoes-2kg/9268553","potatoes","2026-04-10T18:47:53.287Z","asda",,,"2kg"
"Exceptional",,"https://asdagroceries.scene7.com/is/image/asdagroceries/5063089866924?$ProdList$","Exceptional by ASDA 4 British Baking Potatoes",,"false","1.67","https://groceries.asda.com/groceries/product/white-potatoes/exceptional-by-asda-4-british-baking-potatoes/9270622","potatoes","2026-04-10T18:47:53.287Z","asda",,,
"Albert",,"https://asdagroceries.scene7.com/is/image/asdagroceries/5060110483822?$ProdList$","Albert Bartlett Sweet Potatoes",,"false","1.78","https://groceries.asda.com/groceries/product/sweet-red-potatoes/albert-bartlett-sweet-potatoes/7306876","potatoes","2026-04-10T18:47:53.287Z","asda",,,
"ASDA",,"https://asdagroceries.scene7.com/is/image/asdagroceries/5054070266106?$ProdList$","ASDA Tender Chicken Breast Fillets 1kg",,"false","6.94","https://groceries.asda.com/groceries/product/chicken-breasts/asda-tender-chicken-breast-fillets-1kg/4778498","chicken breast","2026-04-10T18:48:17.906Z","asda","6.46","per kg","1kg"
"ASDA",,"https://asdagroceries.scene7.com/is/image/asdagroceries/5057172863419?$ProdList$","ASDA Tender Diced Chicken Breast 400g",,"false","3.65","https://groceries.asda.com/groceries/product/chicken-breasts/asda-tender-diced-chicken-breast-400g/7311080","chicken breast","2026-04-10T18:48:17.906Z","asda","9.13","per kg","400g"
"ASDA",,"https://asdagroceries.scene7.com/is/image/asdagroceries/5063089862285?$ProdList$","ASDA Tender Chicken Breast Fillets 650g",,"false","4.77","https://groceries.asda.com/groceries/product/chicken-breasts/asda-tender-chicken-breast-fillets-650g/9256594","chicken breast","2026-04-10T18:48:17.906Z","asda","7.34","per kg","650g"
"ASDA",,"https://asdagroceries.scene7.com/is/image/asdagroceries/5054781380016?$ProdList$","ASDA Tender Chicken Breast Fillets 1.6kg",,"false","10.76","https://groceries.asda.com/groceries/product/chicken-breasts/asda-tender-chicken-breast-fillets-1-6kg/5729008","chicken breast","2026-04-10T18:48:17.906Z","asda","6.73","per kg","1.6kg"
"ASDA",,"https://asdagroceries.scene7.com/is/image/asdagroceries/5063717143236?$ProdList$","ASDA Tender Chicken Breast Portions 320g",,"false","2.4","https://groceries.asda.com/groceries/product/chicken-breasts/asda-tender-chicken-breast-portions-320g/9313450","chicken breast","2026-04-10T18:48:17.906Z","asda","7.5","per kg","320g"
"ASDA",,"https://asdagroceries.scene7.com/is/image/asdagroceries/5054781763413?$ProdList$","ASDA 10 Dutch Gouda Sliced 250g",,"false","4.5","https://groceries.asda.com/groceries/product/cheese-slices/asda-10-dutch-gouda-sliced-250g/6010595","gouda","2026-04-10T18:48:38.496Z","asda","9.8","per kg","250g"
"ASDA",,"https://asdagroceries.scene7.com/is/image/asdagroceries/5054070628096?$ProdList$","ASDA Gouda Nutty & Mellow 200g",,"false","1.96","https://groceries.asda.com/groceries/product/parmesan-hard-cheese/asda-gouda-nutty-mellow-200g/5244098","gouda","2026-04-10T18:48:38.496Z","asda","9.8","per kg","200g"
"Mlekovita",,"https://asdagroceries.scene7.com/is/image/asdagroceries/5900512110158?$ProdList$","Mlekovita Gouda Cheese Slices 150g",,"false","1.8","https://groceries.asda.com/groceries/product/eastern-european-chilled-dairy/mlekovita-gouda-cheese-slices-150g/2901248","gouda","2026-04-10T18:48:38.496Z","asda","12","per kg","150g"
"ASDA",,"https://asdagroceries.scene7.com/is/image/asdagroceries/5063089910290?$ProdList$","ASDA Exceptional by  All-Butter Gouda, Sun-Dried Tomato & Chilli Bites 75g",,"false","1.98","https://groceries.asda.com/groceries/product/flavoured-multi-grain-crackers/asda-exceptional-by-all-butter-gouda-sun-dried-tomato-chilli-bites-75g/9160529","gouda","2026-04-10T18:48:38.496Z","asda","26.4","per kg","75g"
"Pudliszki",,"https://asdagroceries.scene7.com/is/image/asdagroceries/5900783004941?$ProdList$","Pudliszki Pork Beef Goulash 460g",,"false","2.34","https://groceries.asda.com/groceries/product/eastern-european-meals-ingredients/pudliszki-pork-beef-goulash-460g/4903244","gouda","2026-04-10T18:48:38.496Z","asda","4.68","per kg","460g"
"ASDA",,"https://asdagroceries.scene7.com/is/image/asdagroceries/5050854514784?$ProdList$","ASDA Creamy & Flavoursome Sweet Potatoes 1kg",,"false","1.24","https://groceries.asda.com/groceries/product/sweet-red-potatoes/asda-creamy-flavoursome-sweet-potatoes-1kg/2076628","sweet potatoes","2026-04-10T18:49:04.301Z","asda","1.24","per kg","1kg"
"ASDA",,"https://asdagroceries.scene7.com/is/image/asdagroceries/5054781734895?$ProdList$","ASDA Seasoned Sweet Potato Fries 500g",,"false","2.18","https://groceries.asda.com/groceries/product/frozen-chips-fries/asda-seasoned-sweet-potato-fries-500g/5907474","sweet potatoes","2026-04-10T18:49:04.301Z","asda","4.36","per kg","500g"
"Albert",,"https://asdagroceries.scene7.com/is/image/asdagroceries/5060110483822?$ProdList$","Albert Bartlett Sweet Potatoes",,"false","1.78","https://groceries.asda.com/groceries/product/sweet-red-potatoes/albert-bartlett-sweet-potatoes/7306876","sweet potatoes","2026-04-10T18:49:04.301Z","asda",,,
"Albert",,"https://asdagroceries.scene7.com/is/image/asdagroceries/5060110485345?$ProdList$","Albert Bartlett Sweet Potato Mash 300g",,"false","2.5","https://groceries.asda.com/groceries/product/prepared-potatoes/albert-bartlett-sweet-potato-mash-300g/7304984","sweet potatoes","2026-04-10T18:49:04.301Z","asda","4.47","per kg","300g"
"ASDA",,"https://asdagroceries.scene7.com/is/image/asdagroceries/5063089466810?$ProdList$","ASDA Smooth & Rich Red Potatoes 2kg",,"false","1.55","https://groceries.asda.com/groceries/product/sweet-red-potatoes/asda-smooth-rich-red-potatoes-2kg/9100626","sweet potatoes","2026-04-10T18:49:04.301Z","asda",,,"2kg"
"Warburtons",,"https://asdagroceries.scene7.com/is/image/asdagroceries/5010044002552?$ProdList$","Warburtons Warburtons Seeded Batch Bread 800G",,"false","1.9","https://groceries.asda.com/groceries/product/seeded-grains-bread/warburtons-warburtons-seeded-batch-bread-800g/1134254","seeded bread","2026-04-10T18:49:24.214Z","asda","2.38","per kg","800G"
"Exceptional",,"https://asdagroceries.scene7.com/is/image/asdagroceries/5063089498866?$ProdList$","Exceptional by ASDA Superseeded Sliced Loaf 800g",,"false","1.47","https://groceries.asda.com/groceries/product/seeded-grains-bread/exceptional-by-asda-superseeded-sliced-loaf-800g/9137874","seeded bread","2026-04-10T18:49:24.214Z","asda","1.84","per kg","800g"
"Hovis",,"https://asdagroceries.scene7.com/is/image/asdagroceries/5010003064744?$ProdList$","Hovis Seed Sensations Seven Seeds 800g",,"false","2","https://groceries.asda.com/groceries/product/seeded-grains-bread/hovis-seed-sensations-seven-seeds-800g/4050066","seeded bread","2026-04-10T18:49:24.214Z","asda","2.5","per kg","800g"
"The",,"https://asdagroceries.scene7.com/is/image/asdagroceries/5057172736713?$ProdList$","The BAKERY at ASDA The Bakery Seeded Thick Sliced 800g",,"false","1.24","https://groceries.asda.com/groceries/product/seeded-grains-bread/the-bakery-at-asda-the-bakery-seeded-thick-sliced-800g/7343985","seeded bread","2026-04-10T18:49:24.214Z","asda","1.55","per kg","800g"
"Warburtons",,"https://asdagroceries.scene7.com/is/image/asdagroceries/5010044002446?$ProdList$","Warburtons Original Seeded Batch 400g",,"false","1.18","https://groceries.asda.com/groceries/product/small-loaves/warburtons-original-seeded-batch-400g/534539","seeded bread","2026-04-10T18:49:24.214Z","asda","2.95","per kg","400g"
"ASDA",,"https://asdagroceries.scene7.com/is/image/asdagroceries/5057172354788?$ProdList$","ASDA Succulent Boneless Chicken Thigh Fillets 1kg",,"false","6.84","https://groceries.asda.com/groceries/product/chicken-thighs-drumsticks/asda-succulent-boneless-chicken-thigh-fillets-1kg/6751571","chicken thighs","2026-04-10T18:49:43.592Z","asda","6.17","per kg","1kg"
"ASDA",,"https://asdagroceries.scene7.com/is/image/asdagroceries/5057172105960?$ProdList$","ASDA Succulent Chicken Thighs 2kg",,"false","5.43","https://groceries.asda.com/groceries/product/chicken-thighs-drumsticks/asda-succulent-chicken-thighs-2kg/6364587","chicken thighs","2026-04-10T18:49:43.592Z","asda","2.72","per kg","2kg"
"ASDA",,"https://asdagroceries.scene7.com/is/image/asdagroceries/5057172589692?$ProdList$","ASDA Succulent Boneless Chicken Thigh Fillets 650g",,"false","5.67","https://groceries.asda.com/groceries/product/chicken-thighs-drumsticks/asda-succulent-boneless-chicken-thigh-fillets-650g/6923652","chicken thighs","2026-04-10T18:49:43.592Z","asda","8.72","per kg","650g"
"ASDA",,"https://asdagroceries.scene7.com/is/image/asdagroceries/5052449753561?$ProdList$","ASDA Succulent Chicken Thighs 1.1kg",,"false","3.53","https://groceries.asda.com/groceries/product/chicken-thighs-drumsticks/asda-succulent-chicken-thighs-1-1kg/4185362","chicken thighs","2026-04-10T18:49:43.592Z","asda","3.21","per kg","1.1kg"
"Shazans",,"https://asdagroceries.scene7.com/is/image/asdagroceries/5016901002819?$ProdList$","Shazans Chicken Thighs 1kg",,"false","4.33","https://groceries.asda.com/groceries/product/chicken-thighs-drumsticks/shazans-chicken-thighs-1kg/5910161","chicken thighs","2026-04-10T18:49:43.592Z","asda","4.33","per kg","1kg"
"Exceptional",,"https://asdagroceries.scene7.com/is/image/asdagroceries/5063089866986?$ProdList$","Exceptional by ASDA British Baby Potatoes 1kg",,"false","1.52","https://groceries.asda.com/groceries/product/baby-new-potatoes/exceptional-by-asda-british-baby-potatoes-1kg/9247574","baby potatoes","2026-04-10T18:50:06.076Z","asda","1.52","per kg","1kg"
"ASDA",,"https://asdagroceries.scene7.com/is/image/asdagroceries/0000023064652?$ProdList$","ASDA Firm & Flavoursome Baby Potatoes 1kg",,"false","1.07","https://groceries.asda.com/groceries/product/baby-new-potatoes/asda-firm-flavoursome-baby-potatoes-1kg/910265","baby potatoes","2026-04-10T18:50:06.076Z","asda","1.07","per kg","1kg"
"ASDA",,"https://asdagroceries.scene7.com/is/image/asdagroceries/5050854514036?$ProdList$","ASDA Organic Organic Baby Potatoes 750g",,"false","1.32","https://groceries.asda.com/groceries/product/baby-new-potatoes/asda-organic-organic-baby-potatoes-750g/2178201","baby potatoes","2026-04-10T18:50:06.076Z","asda","1.76","per kg","750g"
"Exceptional",,"https://asdagroceries.scene7.com/is/image/asdagroceries/5063089866948?$ProdList$","Exceptional by ASDA British Baby Potatoes 500g",,"false","0.9","https://groceries.asda.com/groceries/product/baby-new-potatoes/exceptional-by-asda-british-baby-potatoes-500g/9269651","baby potatoes","2026-04-10T18:50:06.076Z","asda","1.8","per kg","500g"
"Exceptional",,"https://asdagroceries.scene7.com/is/image/asdagroceries/5063089492147?$ProdList$","Exceptional by ASDA Creamy Baby Potato Salad 275g",,"false","2.27","https://groceries.asda.com/groceries/product/coleslaw-potato-salad/exceptional-by-asda-creamy-baby-potato-salad-275g/9110893","baby potatoes","2026-04-10T18:50:06.076Z","asda","7.82","per kg","275g"
"The",,"https://asdagroceries.scene7.com/is/image/asdagroceries/5054070479179_T1?$ProdList$","The BAKERY at ASDA The Bakery 6 White Pittas 360g",,"false","0.5","https://groceries.asda.com/groceries/product/pitta-bread-flatbread/the-bakery-at-asda-the-bakery-6-white-pittas-360g/5121738","pitta bread","2026-04-10T18:50:28.586Z","asda",,,"360g"
"The",,"https://asdagroceries.scene7.com/is/image/asdagroceries/5054781562382?$ProdList$","The BAKERY at ASDA The Bakery 6 Plain Folded Flatbreads 210g",,"false","1.48","https://groceries.asda.com/groceries/product/pitta-bread-flatbread/the-bakery-at-asda-the-bakery-6-plain-folded-flatbreads-210g/5854111","pitta bread","2026-04-10T18:50:28.586Z","asda","7.05","per kg","210g"
"Warburtons",,"https://asdagroceries.scene7.com/is/image/asdagroceries/5010044010144?$ProdList$","Warburtons 4 Easy to Fill Wholemeal Soft Pittas",,"false","1.17","https://groceries.asda.com/groceries/product/pitta-bread-flatbread/warburtons-4-easy-to-fill-wholemeal-soft-pittas/7628861","pitta bread","2026-04-10T18:50:28.586Z","asda",,,
"Warburtons",,"https://asdagroceries.scene7.com/is/image/asdagroceries/5010044010137?$ProdList$","Warburtons 4 White Soft Pittas",,"false","1.17","https://groceries.asda.com/groceries/product/pitta-bread-flatbread/warburtons-4-white-soft-pittas/7628859","pitta bread","2026-04-10T18:50:28.586Z","asda",,,
"Warburtons",,"https://asdagroceries.scene7.com/is/image/asdagroceries/5010044010557?$ProdList$","Warburtons 4 Protein Soft Pittas",,"false","1.65","https://groceries.asda.com/groceries/product/pitta-bread-flatbread/warburtons-4-protein-soft-pittas/9136761","pitta bread","2026-04-10T18:50:28.586Z","asda",,,
"ASDA",,"https://asdagroceries.scene7.com/is/image/asdagroceries/5063089487174?$ProdList$","ASDA Edam 220g",,"false","2.3","https://groceries.asda.com/groceries/product/parmesan-hard-cheese/asda-edam-220g/9196864","edam","2026-04-10T18:50:50.688Z","asda","10.45","per kg","220g"
"ASDA",,"https://asdagroceries.scene7.com/is/image/asdagroceries/5054781763390?$ProdList$","ASDA 10 Dutch Edam Slices 250g",,"false","4.5","https://groceries.asda.com/groceries/product/cheese-slices/asda-10-dutch-edam-slices-250g/6010591","edam","2026-04-10T18:50:50.688Z","asda","9.8","per kg","250g"
"Mlekovita",,"https://asdagroceries.scene7.com/is/image/asdagroceries/5900512110165?$ProdList$","Mlekovita Edamski Cheese Slices 150g",,"false","1.8","https://groceries.asda.com/groceries/product/eastern-european-chilled-dairy/mlekovita-edamski-cheese-slices-150g/2899409","edam","2026-04-10T18:50:50.688Z","asda","12","per kg","150g"
"ASDA",,"https://asdagroceries.scene7.com/is/image/asdagroceries/5054781256694?$ProdList$","ASDA Edamame Soya Beans 600g",,"false","3.07","https://groceries.asda.com/groceries/product/view-all-frozen-vegetables/asda-edamame-soya-beans-600g/5542185","edam","2026-04-10T18:50:50.688Z","asda","5.12","per kg","600g"
"ASDA",,"https://asdagroceries.scene7.com/is/image/asdagroceries/5054781796602?$ProdList$","ASDA Mild & Crisp Edamame Bean & Broccoli Stir-Fry 320g",,"false","2.5","https://groceries.asda.com/groceries/product/stir-fry/asda-mild-crisp-edamame-bean-broccoli-stir-fry-320g/5996925","edam","2026-04-10T18:50:50.688Z","asda","3.38","per kg","320g"
"ASDA",,"https://asdagroceries.scene7.com/is/image/asdagroceries/5054070071311?$ProdList$","JUST ESSENTIALS by ASDA Grated Cheddar 500g",,"false","2.99","https://groceries.asda.com/groceries/product/grated-sliced-cheese/just-essentials-by-asda-grated-cheddar-500g/4450493","grated cheddar","2026-04-10T18:51:09.706Z","asda","5.98","per kg","500g"
"ASDA",,"https://asdagroceries.scene7.com/is/image/asdagroceries/5054070275603?$ProdList$","ASDA Grated Mature British Cheddar 250g",,"false","4.5","https://groceries.asda.com/groceries/product/grated-sliced-cheese/asda-grated-mature-british-cheddar-250g/4642107","grated cheddar","2026-04-10T18:51:09.706Z","asda","9.8","per kg","250g"
"ASDA",,"https://asdagroceries.scene7.com/is/image/asdagroceries/5054070243879?$ProdList$","ASDA Grated Mild British Cheddar 250g",,"false","4.5","https://groceries.asda.com/groceries/product/grated-sliced-cheese/asda-grated-mild-british-cheddar-250g/4642101","grated cheddar","2026-04-10T18:51:09.706Z","asda","9.8","per kg","250g"
"ASDA",,"https://asdagroceries.scene7.com/is/image/asdagroceries/5063089177099?$ProdList$","ASDA British Extra Mature Grated Cheddar 250g",,"false","4.5","https://groceries.asda.com/groceries/product/grated-cheese/asda-british-extra-mature-grated-cheddar-250g/7690017","grated cheddar","2026-04-10T18:51:09.706Z","asda","9.8","per kg","250g"
"Cathedral",,"https://asdagroceries.scene7.com/is/image/asdagroceries/5000295145115?$ProdList$","Cathedral City Cathedral City Grated Mature Cheddar Cheese 180g",,"false","2.36","https://groceries.asda.com/groceries/product/grated-sliced-cheese/cathedral-city-cathedral-city-grated-mature-cheddar-cheese-180g/4322193","grated cheddar","2026-04-10T18:51:09.706Z","asda","11.11","per kg","180g"
"ASDA",,"https://asdagroceries.scene7.com/is/image/asdagroceries/5054070716328?$ProdList$","ASDA 2 Garlic & Coriander Naans",,"false","0.8","https://groceries.asda.com/groceries/product/poppadoms-naan-bread/asda-2-garlic-coriander-naans/5215599","naan bread","2026-04-10T18:51:34.996Z","asda",,,
"The",,"https://asdagroceries.scene7.com/is/image/asdagroceries/5057172236756_T1?$ProdList$","The BAKERY at ASDA The Bakery 2 Plain Naans 380g",,"false","1.37","https://groceries.asda.com/groceries/product/naan-bread/the-bakery-at-asda-the-bakery-2-plain-naans-380g/6638981","naan bread","2026-04-10T18:51:34.996Z","asda","3.61","per kg","380g"
"ASDA",,"https://asdagroceries.scene7.com/is/image/asdagroceries/5054781734291?$ProdList$","ASDA Side for Two 2 Flame-Baked Plain Naan 320g",,"false","2","https://groceries.asda.com/groceries/product/indian-takeaway/asda-side-for-two-2-flame-baked-plain-naan-320g/5925596","naan bread","2026-04-10T18:51:34.996Z","asda","6.25","per kg","320g"
"Patak's",,"https://asdagroceries.scene7.com/is/image/asdagroceries/5010338301651?$ProdList$","Patak's Plain Naan Breads x 2",,"false","1.54","https://groceries.asda.com/groceries/product/poppadoms-naan-bread/patak-s-plain-naan-breads-x-2/7596730","naan bread","2026-04-10T18:51:34.996Z","asda","7","per kg",
"The",,"https://asdagroceries.scene7.com/is/image/asdagroceries/5057172236770?$ProdList$","The BAKERY at ASDA The Bakery 6 Garlic & Coriander Mini Naans 282g",,"false","1.47","https://groceries.asda.com/groceries/product/naan-bread/the-bakery-at-asda-the-bakery-6-garlic-coriander-mini-naans-282g/6638985","naan bread","2026-04-10T18:51:34.996Z","asda","5.21","per kg","282g"
"ASDA",,"https://asdagroceries.scene7.com/is/image/asdagroceries/5057172091744?$ProdList$","ASDA Succulent Extra Tasty Large Chicken",,"false","6.5","https://groceries.asda.com/groceries/product/whole-chickens/asda-succulent-extra-tasty-large-chicken/6354395","whole chicken","2026-04-10T18:51:59.984Z","asda","3.54","per kg",
"ASDA",,"https://asdagroceries.scene7.com/is/image/asdagroceries/5057172354801?$ProdList$","ASDA Succulent Large Chicken 1.7kg",,"false","5.14","https://groceries.asda.com/groceries/product/whole-chickens/asda-succulent-large-chicken-1-7kg/6751575","whole chicken","2026-04-10T18:51:59.984Z","asda","3.02","per kg","1.7kg"
"ASDA",,"https://asdagroceries.scene7.com/is/image/asdagroceries/5057172354795?$ProdList$","ASDA Succulent Medium Chicken",,"false","4.53","https://groceries.asda.com/groceries/product/whole-chickens/asda-succulent-medium-chicken/6751573","whole chicken","2026-04-10T18:51:59.984Z","asda","3.12","per kg",
"ASDA",,"https://asdagroceries.scene7.com/is/image/asdagroceries/5054070468654?$ProdList$","ASDA Succulent Extra Tasty Small Chicken",,"false","5.07","https://groceries.asda.com/groceries/product/whole-chickens/asda-succulent-extra-tasty-small-chicken/4834631","whole chicken","2026-04-10T18:51:59.984Z","asda","4.06","per kg",
"ASDA",,"https://asdagroceries.scene7.com/is/image/asdagroceries/0219130000006?$ProdList$","ASDA Succulent Extra Large Chicken (Typically 2.1KG)",,"false","6.43","https://groceries.asda.com/groceries/product/whole-chickens/asda-succulent-extra-large-chicken-typically-2-1kg-/1763885","whole chicken","2026-04-10T18:51:59.984Z","asda","2.82","per kg","2.1KG"
"Mission",,"https://asdagroceries.scene7.com/is/image/asdagroceries/5036034406469?$ProdList$","Mission Original Mini Tortilla Wraps 6 Pack",,"false","1.03","https://groceries.asda.com/groceries/product/wraps/mission-original-mini-tortilla-wraps-6-pack/9018442","wraps tortilla","2026-04-10T18:52:25.011Z","asda",,,"6 Pack"
"Mission",,"https://asdagroceries.scene7.com/is/image/asdagroceries/5036034406124?$ProdList$","Mission Mission Chargrilled Tortilla Wraps 6 Pack",,"false","1.4","https://groceries.asda.com/groceries/product/wraps/mission-mission-chargrilled-tortilla-wraps-6-pack/6616117","wraps tortilla","2026-04-10T18:52:25.011Z","asda",,,"6 Pack"
"Mission",,"https://asdagroceries.scene7.com/is/image/asdagroceries/5036034406193?$ProdList$","Mission Deli Mission Wheat & White Tortilla Wraps 6 Pack",,"false","1.4","https://groceries.asda.com/groceries/product/wraps/mission-deli-mission-wheat-white-tortilla-wraps-6-pack/6616113","wraps tortilla","2026-04-10T18:52:25.011Z","asda",,,"6 Pack"
"Old",,"https://asdagroceries.scene7.com/is/image/asdagroceries/0046000283265?$ProdList$","Old El Paso Regular Super Soft Flour Tortillas Wraps 8Pk 326G",,"false","3","https://groceries.asda.com/groceries/product/tortillas-tacos-rice/old-el-paso-regular-super-soft-flour-tortillas-wraps-8pk-326g/227860","wraps tortilla","2026-04-10T18:52:25.011Z","asda","4.91","per kg","326G"
"Mission",,"https://asdagroceries.scene7.com/is/image/asdagroceries/5036034406414?$ProdList$","Mission Original XL Tortilla Wraps 6 Pack",,"false","1.66","https://groceries.asda.com/groceries/product/wraps/mission-original-xl-tortilla-wraps-6-pack/9103458","wraps tortilla","2026-04-10T18:52:25.011Z","asda",,,"6 Pack"
"Pilgrims",,"https://asdagroceries.scene7.com/is/image/asdagroceries/5000165388109?$ProdList$","Pilgrims Choice The Crumbly & Creamy One Extra Mature Sliced Cheddar 150g",,"false","1.75","https://groceries.asda.com/groceries/product/cheese-slices/pilgrims-choice-the-crumbly-creamy-one-extra-mature-sliced-cheddar-150g/6586559","cheese slices","2026-04-10T18:52:49.598Z","asda","11.67","per kg","150g"
"ASDA",,"https://asdagroceries.scene7.com/is/image/asdagroceries/5063717144233?$ProdList$","ASDA Summer Hot Honey & Habanero Chilli Red Leicester Burger Melts 100g",,"false","2","https://groceries.asda.com/groceries/product/grated-sliced-cheese/asda-summer-hot-honey-habanero-chilli-red-leicester-burger-melts-100g/9351189","cheese slices","2026-04-10T18:52:49.598Z","asda","20","per kg","100g"
"ASDA",,"https://asdagroceries.scene7.com/is/image/asdagroceries/5063089864142?$ProdList$","ASDA Summer Caramelised Onion & Mature Cheddar Burger Melts 100g",,"false","2","https://groceries.asda.com/groceries/product/cheese-slices/asda-summer-caramelised-onion-mature-cheddar-burger-melts-100g/9244722","cheese slices","2026-04-10T18:52:49.598Z","asda","20","per kg","100g"
"ASDA",,"https://asdagroceries.scene7.com/is/image/asdagroceries/5063717144219?$ProdList$","ASDA Summer Burger Relish Flavoured Burger Melts 100g",,"false","2","https://groceries.asda.com/groceries/product/grated-sliced-cheese/asda-summer-burger-relish-flavoured-burger-melts-100g/9356124","cheese slices","2026-04-10T18:52:49.598Z","asda","20","per kg","100g"
"ASDA",,"https://asdagroceries.scene7.com/is/image/asdagroceries/5063089868157?$ProdList$","JUST ESSENTIALS by ASDA 10 Mild Cheddar Slices 200g",,"false","1.39","https://groceries.asda.com/groceries/product/grated-sliced-cheese/just-essentials-by-asda-10-mild-cheddar-slices-200g/9237336","cheese slices","2026-04-10T18:52:49.598Z","asda","6.95","per kg","200g"
"ASDA",,"https://asdagroceries.scene7.com/is/image/asdagroceries/5052449753554?$ProdList$","ASDA Succulent Chicken Drumsticks 1.1kg",,"false","2.42","https://groceries.asda.com/groceries/product/chicken-thighs-drumsticks/asda-succulent-chicken-drumsticks-1-1kg/4185360","chicken drumsticks","2026-04-10T18:53:09.488Z","asda","2.2","per kg","1.1kg"
"ASDA",,"https://asdagroceries.scene7.com/is/image/asdagroceries/5057172105953?$ProdList$","ASDA Succulent Chicken Drumsticks 2kg",,"false","4.68","https://groceries.asda.com/groceries/product/chicken-thighs-drumsticks/asda-succulent-chicken-drumsticks-2kg/6364585","chicken drumsticks","2026-04-10T18:53:09.488Z","asda","2.22","per kg","2kg"
"ASDA",,"https://asdagroceries.scene7.com/is/image/asdagroceries/5057172221929?$ProdList$","ASDA Roast Chicken Drumsticks 450g",,"false","3.3","https://groceries.asda.com/groceries/product/drumsticks-wings/asda-roast-chicken-drumsticks-450g/6633175","chicken drumsticks","2026-04-10T18:53:09.488Z","asda","7.33","per kg","450g"
"ASDA",,"https://asdagroceries.scene7.com/is/image/asdagroceries/5063089130070?$ProdList$","ASDA Summer Grill by  Chinese Inspired Chicken Thighs & Drumsticks 700g",,"false","4.74","https://groceries.asda.com/groceries/product/flavoured-chicken/asda-summer-grill-by-chinese-inspired-chicken-thighs-drumsticks-700g/7605575","chicken drumsticks","2026-04-10T18:53:09.488Z","asda","6.77","per kg","700g"
"ASDA",,"https://asdagroceries.scene7.com/is/image/asdagroceries/5063089844595?$ProdList$","ASDA Smoky BBQ Chicken Wings 525g",,"false","4.68","https://groceries.asda.com/groceries/product/drumsticks-wings/asda-smoky-bbq-chicken-wings-525g/9240190","chicken drumsticks","2026-04-10T18:53:09.488Z","asda","8.91","per kg","525g"
"ASDA",,"https://asdagroceries.scene7.com/is/image/asdagroceries/5057172863495?$ProdList$","JUST ESSENTIALS by ASDA Chicken Wings 1.1kg",,"false","2.41","https://groceries.asda.com/groceries/product/chicken-thighs-drumsticks/just-essentials-by-asda-chicken-wings-1-1kg/7311096","chicken wings","2026-04-10T18:53:35.507Z","asda","2.19","per kg","1.1kg"
"ASDA",,"https://asdagroceries.scene7.com/is/image/asdagroceries/5054781516620?$ProdList$","ASDA BBQ Chicken Wings 1kg",,"false","3.92","https://groceries.asda.com/groceries/product/frozen-breasts-portions-thighs-joints/asda-bbq-chicken-wings-1kg/5755201","chicken wings","2026-04-10T18:53:35.507Z","asda","3.92","per kg","1kg"
"ASDA",,"https://asdagroceries.scene7.com/is/image/asdagroceries/5054781516644?$ProdList$","ASDA Hot & Spicy Chicken Wings 1kg",,"false","3.92","https://groceries.asda.com/groceries/product/frozen-breasts-portions-thighs-joints/asda-hot-spicy-chicken-wings-1kg/5755203","chicken wings","2026-04-10T18:53:35.507Z","asda","3.92","per kg","1kg"
"ASDA",,"https://asdagroceries.scene7.com/is/image/asdagroceries/5063089844595?$ProdList$","ASDA Smoky BBQ Chicken Wings 525g",,"false","4.68","https://groceries.asda.com/groceries/product/drumsticks-wings/asda-smoky-bbq-chicken-wings-525g/9240190","chicken wings","2026-04-10T18:53:35.507Z","asda","8.91","per kg","525g"
"ASDA",,"https://asdagroceries.scene7.com/is/image/asdagroceries/5063089844618?$ProdList$","ASDA Buffalo Chicken Wings with Ranch Dip 525g",,"false","4.68","https://groceries.asda.com/groceries/product/drumsticks-wings/asda-buffalo-chicken-wings-with-ranch-dip-525g/9244714","chicken wings","2026-04-10T18:53:35.507Z","asda","8.83","per kg","525g"
"The",,"https://asdagroceries.scene7.com/is/image/asdagroceries/5054070456071?$ProdList$","The BAKERY at ASDA The Bakery 9 Crumpets",,"false","0.68","https://groceries.asda.com/groceries/product/crumpets/the-bakery-at-asda-the-bakery-9-crumpets/4822266","crumpets","2026-04-10T18:53:55.892Z","asda",,,
"The",,"https://asdagroceries.scene7.com/is/image/asdagroceries/5054070456064?$ProdList$","The BAKERY at ASDA 6 Crumpets",,"false","0.48","https://groceries.asda.com/groceries/product/crumpets/the-bakery-at-asda-6-crumpets/4822264","crumpets","2026-04-10T18:53:55.892Z","asda",,,
"Warburtons",,"https://asdagroceries.scene7.com/is/image/asdagroceries/T_5010044005126?$ProdList$","Warburtons 9 Original Crumpets",,"false","1.15","https://groceries.asda.com/groceries/product/crumpets/warburtons-9-original-crumpets/3825151","crumpets","2026-04-10T18:53:55.892Z","asda",,,
"Warburtons",,"https://asdagroceries.scene7.com/is/image/asdagroceries/5010044000701?$ProdList$","Warburtons 6 Original Crumpets",,"false","0.9","https://groceries.asda.com/groceries/product/crumpets/warburtons-6-original-crumpets/144371","crumpets","2026-04-10T18:53:55.892Z","asda",,,
"Warburtons",,"https://asdagroceries.scene7.com/is/image/asdagroceries/5010044010175?$ProdList$","Warburtons 8 Crumpet Thins",,"false","1.34","https://groceries.asda.com/groceries/product/crumpets/warburtons-8-crumpet-thins/7628855","crumpets","2026-04-10T18:53:55.892Z","asda",,,
"HECK!",,"https://asdagroceries.scene7.com/is/image/asdagroceries/T_5060317354680?$ProdList$","HECK! HECK! Steak & Butter Gluten Free Beef Meatballs 12 pack 300g",,"false","4.32","https://groceries.asda.com/groceries/product/beef-mince-meatballs/heck--heck-steak-butter-gluten-free-beef-meatballs-12-pack-300g/9114476","beef mince","2026-04-10T18:54:19.980Z","asda","14.4","per kg","300g"
"ASDA",,"https://asdagroceries.scene7.com/is/image/asdagroceries/5054070504123?$ProdList$","ASDA Beef & Pork Mince 750g",,"false","4.88","https://groceries.asda.com/groceries/product/beef-mince-meatballs/asda-beef-pork-mince-750g/4894763","beef mince","2026-04-10T18:54:19.980Z","asda","6.51","per kg","750g"
"Smorgasbord",,"https://asdagroceries.scene7.com/is/image/asdagroceries/5060084344860?$ProdList$","Smorgasbord The Original Swedish Meatballs 400g",,"false","3.5","https://groceries.asda.com/groceries/product/beef-mince-meatballs/smorgasbord-the-original-swedish-meatballs-400g/6310976","beef mince","2026-04-10T18:54:19.980Z","asda","8.75","per kg","400g"
"ASDA",,"https://asdagroceries.scene7.com/is/image/asdagroceries/5057172472611?$ProdList$","ASDA Full-Flavoured 24 Beef Meatballs 672g",,"false","6.17","https://groceries.asda.com/groceries/product/beef-mince-meatballs/asda-full-flavoured-24-beef-meatballs-672g/6887612","beef mince","2026-04-10T18:54:19.980Z","asda","8.08","per kg","672g"
"ASDA",,"https://asdagroceries.scene7.com/is/image/asdagroceries/27536223?$ProdList$","ASDA 15% Fat Beef Mince 500g",,"false","4.74","https://groceries.asda.com/groceries/product/beef-mince-meatballs/asda-15-fat-beef-mince-500g/1525219","beef mince","2026-04-10T18:54:19.980Z","asda","9.48","per kg","500g"
"Exceptional",,"https://asdagroceries.scene7.com/is/image/asdagroceries/5063089580462?$ProdList$","Exceptional by ASDA British Aberdeen Angus Lean Beef Mince 5% Fat",,"false","6.27","https://groceries.asda.com/groceries/product/beef-mince-meatballs/exceptional-by-asda-british-aberdeen-angus-lean-beef-mince-5-fat/9119380","lean beef mince","2026-04-10T18:54:40.276Z","asda","12.54","per kg",
"ASDA",,"https://asdagroceries.scene7.com/is/image/asdagroceries/0000020437459?$ProdList$","JUST ESSENTIALS by ASDA Garlic Bread 170g",,"false","0.36","https://groceries.asda.com/groceries/product/baguettes-slices/just-essentials-by-asda-garlic-bread-170g/603602","lean beef mince","2026-04-10T18:54:40.276Z","asda","2.12","per kg","170g"
"ASDA",,"https://asdagroceries.scene7.com/is/image/asdagroceries/0000021045622?$ProdList$","ASDA Baked Beans in a Rich Tomato Sauce 410g",,"false","0.42","https://groceries.asda.com/groceries/product/baked-beans/asda-baked-beans-in-a-rich-tomato-sauce-410g/21898","lean beef mince","2026-04-10T18:54:40.276Z","asda","1.02","per kg","410g"
"ASDA",,"https://asdagroceries.scene7.com/is/image/asdagroceries/21043147?$ProdList$","ASDA Fusilli 500g",,"false","1.2","https://groceries.asda.com/groceries/product/pasta-tubes-shells-spirals/asda-fusilli-500g/21759","lean beef mince","2026-04-10T18:54:40.276Z","asda","1.5","per kg","500g"
"ASDA",,"https://asdagroceries.scene7.com/is/image/asdagroceries/5050854264498?$ProdList$","ASDA Garden Peas 1kg",,"false","1.56","https://groceries.asda.com/groceries/product/view-all-frozen-vegetables/asda-garden-peas-1kg/2027521","lean beef mince","2026-04-10T18:54:40.276Z","asda","1.56","per kg","1kg"
"ASDA",,"https://asdagroceries.scene7.com/is/image/asdagroceries/5052449753714?$ProdList$","ASDA Sirloin Beef Steak 227g",,"false","5.33","https://groceries.asda.com/groceries/product/beef-steaks-sauces/asda-sirloin-beef-steak-227g/4200718","sirloin steak","2026-04-10T18:55:00.884Z","asda","23.48","per kg","227g"
"Exceptional",,"https://asdagroceries.scene7.com/is/image/asdagroceries/5063089580707_T1?$ProdList$","Exceptional by ASDA Aberdeen Angus 8oz Sirloin Steak 227g",,"false","7.78","https://groceries.asda.com/groceries/product/beef-steaks-sauces/exceptional-by-asda-aberdeen-angus-8oz-sirloin-steak-227g/9119452","sirloin steak","2026-04-10T18:55:00.884Z","asda","34.27","per kg","227g"
"ASDA",,"https://asdagroceries.scene7.com/is/image/asdagroceries/5063089117828?$ProdList$","ASDA Sirloin Thin Cut 2 Beef Steaks",,"false","9.28","https://groceries.asda.com/groceries/product/beef-steaks-sauces/asda-sirloin-thin-cut-2-beef-steaks/7597614","sirloin steak","2026-04-10T18:55:00.884Z","asda","29.94","per kg",
"ASDA",,"https://asdagroceries.scene7.com/is/image/asdagroceries/5052449753752?$ProdList$","ASDA Ribeye Beef Steak",,"false","6.84","https://groceries.asda.com/groceries/product/beef-steaks-sauces/asda-ribeye-beef-steak/4200726","sirloin steak","2026-04-10T18:55:00.884Z","asda","30.13","per kg",
"Exceptional",,"https://asdagroceries.scene7.com/is/image/asdagroceries/5063089580592?$ProdList$","Exceptional by ASDA Aberdeen Angus 8oz Sirloin Steak with Wild Garlic & Parsley Butter",,"false","7.41","https://groceries.asda.com/groceries/product/beef-steaks-sauces/exceptional-by-asda-aberdeen-angus-8oz-sirloin-steak-with-wild-garlic-parsley-butter/9119419","sirloin steak","2026-04-10T18:55:00.884Z","asda","30","per kg",
"ASDA",,"https://asdagroceries.scene7.com/is/image/asdagroceries/5052449753752?$ProdList$","ASDA Ribeye Beef Steak",,"false","6.84","https://groceries.asda.com/groceries/product/beef-steaks-sauces/asda-ribeye-beef-steak/4200726","ribeye steak","2026-04-10T18:55:23.287Z","asda","30.13","per kg",
"Exceptional",,"https://asdagroceries.scene7.com/is/image/asdagroceries/5063089580691_T1?$ProdList$","Exceptional by ASDA Aberdeen Angus 8oz Ribeye Steak 227g",,"false","8.14","https://groceries.asda.com/groceries/product/beef-steaks-sauces/exceptional-by-asda-aberdeen-angus-8oz-ribeye-steak-227g/9119449","ribeye steak","2026-04-10T18:55:23.287Z","asda","35.86","per kg","227g"
"Exceptional",,"https://asdagroceries.scene7.com/is/image/asdagroceries/5063089580707_T1?$ProdList$","Exceptional by ASDA Aberdeen Angus 8oz Sirloin Steak 227g",,"false","7.78","https://groceries.asda.com/groceries/product/beef-steaks-sauces/exceptional-by-asda-aberdeen-angus-8oz-sirloin-steak-227g/9119452","ribeye steak","2026-04-10T18:55:23.287Z","asda","34.27","per kg","227g"
"ASDA",,"https://asdagroceries.scene7.com/is/image/asdagroceries/5052449753714?$ProdList$","ASDA Sirloin Beef Steak 227g",,"false","5.33","https://groceries.asda.com/groceries/product/beef-steaks-sauces/asda-sirloin-beef-steak-227g/4200718","ribeye steak","2026-04-10T18:55:23.287Z","asda","23.48","per kg","227g"
"Exceptional",,"https://asdagroceries.scene7.com/is/image/asdagroceries/5063089580592?$ProdList$","Exceptional by ASDA Aberdeen Angus 8oz Sirloin Steak with Wild Garlic & Parsley Butter",,"false","7.41","https://groceries.asda.com/groceries/product/beef-steaks-sauces/exceptional-by-asda-aberdeen-angus-8oz-sirloin-steak-with-wild-garlic-parsley-butter/9119419","ribeye steak","2026-04-10T18:55:23.287Z","asda","30","per kg",
"ASDA",,"https://asdagroceries.scene7.com/is/image/asdagroceries/5054070046449?$ProdList$","ASDA Tender Lean Diced Beef 400g",,"false","5.22","https://groceries.asda.com/groceries/product/diced-casserole-beef/asda-tender-lean-diced-beef-400g/4493047","beef stewing steak","2026-04-10T18:55:46.490Z","asda","13.05","per kg","400g"
"ASDA",,"https://asdagroceries.scene7.com/is/image/asdagroceries/5063089266441?$ProdList$","ASDA Tender Lean Diced Beef 700g",,"false","8.86","https://groceries.asda.com/groceries/product/diced-casserole-beef/asda-tender-lean-diced-beef-700g/7745066","beef stewing steak","2026-04-10T18:55:46.490Z","asda","12.66","per kg","700g"
"ASDA",,"https://asdagroceries.scene7.com/is/image/asdagroceries/5063089845615?$ProdList$","ASDA Tender Beef Braising Steak",,"false","5.12","https://groceries.asda.com/groceries/product/diced-casserole-beef/asda-tender-beef-braising-steak/9228047","beef stewing steak","2026-04-10T18:55:46.490Z","asda","12.8","per kg",
"ASDA",,"https://asdagroceries.scene7.com/is/image/asdagroceries/27685334?$ProdList$","ASDA Tender Lean Diced Beef 250g",,"false","3.97","https://groceries.asda.com/groceries/product/diced-casserole-beef/asda-tender-lean-diced-beef-250g/1733905","beef stewing steak","2026-04-10T18:55:46.490Z","asda","15.88","per kg","250g"
"Exceptional",,"https://asdagroceries.scene7.com/is/image/asdagroceries/5063089580547?$ProdList$","Exceptional by ASDA British Aberdeen Angus Diced Beef",,"false","6.06","https://groceries.asda.com/groceries/product/diced-casserole-beef/exceptional-by-asda-british-aberdeen-angus-diced-beef/9119404","beef stewing steak","2026-04-10T18:55:46.490Z","asda","17.31","per kg",
"ASDA",,"https://asdagroceries.scene7.com/is/image/asdagroceries/5063089123829?$ProdList$","ASDA Flavourful Lamb Mince 20% Fat 500g",,"false","6.97","https://groceries.asda.com/groceries/product/lamb-steaks-chops-mince/asda-flavourful-lamb-mince-20-fat-500g/7631231","lamb mince","2026-04-10T18:56:14.485Z","asda","13.94","per kg","500g"
"ASDA",,"https://asdagroceries.scene7.com/is/image/asdagroceries/5057172287390?$ProdList$","ASDA Lamb Mince 400g",,"false","4.96","https://groceries.asda.com/groceries/product/frozen-beef-lamb-pork/asda-lamb-mince-400g/6735426","lamb mince","2026-04-10T18:56:14.485Z","asda","12.4","per kg","400g"
"ASDA",,"https://asdagroceries.scene7.com/is/image/asdagroceries/5063089438121?$ProdList$","ASDA Flavourful Lamb Mince 10% Fat 500g",,"false","8.14","https://groceries.asda.com/groceries/product/lamb-steaks-chops-mince/asda-flavourful-lamb-mince-10-fat-500g/9089416","lamb mince","2026-04-10T18:56:14.485Z","asda","14.96","per kg","500g"
"ASDA",,"https://asdagroceries.scene7.com/is/image/asdagroceries/5063089206416?$ProdList$","ASDA 20 Delicious Garlic & Herb Lamb Mini Meatballs 340g",,"false","3.97","https://groceries.asda.com/groceries/product/lamb-steaks-chops-mince/asda-20-delicious-garlic-herb-lamb-mini-meatballs-340g/7736187","lamb mince","2026-04-10T18:56:14.485Z","asda","11.68","per kg","340g"
"ASDA",,"https://asdagroceries.scene7.com/is/image/asdagroceries/5057172287352?$ProdList$","ASDA 5% Fat Beef Mince 400g",,"false","4.68","https://groceries.asda.com/groceries/product/frozen-beef-lamb-pork/asda-5-fat-beef-mince-400g/6735418","lamb mince","2026-04-10T18:56:14.485Z","asda","11.7","per kg","400g"
"ASDA",,"https://asdagroceries.scene7.com/is/image/asdagroceries/5057172820870?$ProdList$","ASDA 4 Tender Lamb Chops 300g",,"false","5.97","https://groceries.asda.com/groceries/product/lamb-steaks-chops-mince/asda-4-tender-lamb-chops-300g/7284707","lamb chops","2026-04-10T18:56:38.480Z","asda","19.9","per kg","300g"
"ASDA",,"https://asdagroceries.scene7.com/is/image/asdagroceries/5063089438114?$ProdList$","ASDA Tender Thin Cut Lamb Rump Steaks 200g",,"false","3.74","https://groceries.asda.com/groceries/product/lamb-steaks-chops-mince/asda-tender-thin-cut-lamb-rump-steaks-200g/9089413","lamb chops","2026-04-10T18:56:38.480Z","asda","16.6","per kg","200g"
"ASDA",,"https://asdagroceries.scene7.com/is/image/asdagroceries/5057172820894?$ProdList$","ASDA 2 Tender Lamb Leg Chops 320g",,"false","5.62","https://groceries.asda.com/groceries/product/lamb-steaks-chops-mince/asda-2-tender-lamb-leg-chops-320g/7284711","lamb chops","2026-04-10T18:56:38.480Z","asda","17.56","per kg","320g"
"ASDA",,"https://asdagroceries.scene7.com/is/image/asdagroceries/5063089005194?$ProdList$","ASDA 2 Tender Lamb Rump Steaks 300g",,"false","5.62","https://groceries.asda.com/groceries/product/lamb-steaks-chops-mince/asda-2-tender-lamb-rump-steaks-300g/7597670","lamb chops","2026-04-10T18:56:38.480Z","asda","18.73","per kg","300g"
"ASDA",,"https://asdagroceries.scene7.com/is/image/asdagroceries/5063089172001?$ProdList$","ASDA Slow Cooked Lamb Shank with Mint Gravy 390g",,"false","5.47","https://groceries.asda.com/groceries/product/lamb-steaks-chops-mince/asda-slow-cooked-lamb-shank-with-mint-gravy-390g/7738430","lamb chops","2026-04-10T18:56:38.480Z","asda","14.03","per kg","390g"
"ASDA",,"https://asdagroceries.scene7.com/is/image/asdagroceries/5063089126370?$ProdList$","ASDA Succulent Lean Pork Mince 5% Fat 500g",,"false","2.57","https://groceries.asda.com/groceries/product/diced-minced-pork/asda-succulent-lean-pork-mince-5-fat-500g/7602009","pork mince","2026-04-10T18:57:03.304Z","asda","5.14","per kg","500g"
"ASDA",,"https://asdagroceries.scene7.com/is/image/asdagroceries/5063089131121?$ProdList$","ASDA Flavourful 10% Fat Pork Mince 750g",,"false","3.97","https://groceries.asda.com/groceries/product/diced-minced-pork/asda-flavourful-10-fat-pork-mince-750g/7616842","pork mince","2026-04-10T18:57:03.304Z","asda","5.29","per kg","750g"
"ASDA",,"https://asdagroceries.scene7.com/is/image/asdagroceries/5063089126387?$ProdList$","JUST ESSENTIALS by ASDA Pork Mince 15% Fat 500g",,"false","2.47","https://groceries.asda.com/groceries/product/diced-minced-pork/just-essentials-by-asda-pork-mince-15-fat-500g/7602011","pork mince","2026-04-10T18:57:03.304Z","asda","4.94","per kg","500g"
"ASDA",,"https://asdagroceries.scene7.com/is/image/asdagroceries/5054070504123?$ProdList$","ASDA Beef & Pork Mince 750g",,"false","4.88","https://groceries.asda.com/groceries/product/beef-mince-meatballs/asda-beef-pork-mince-750g/4894763","pork mince","2026-04-10T18:57:03.304Z","asda","6.51","per kg","750g"
"ASDA",,"https://asdagroceries.scene7.com/is/image/asdagroceries/5057172287390?$ProdList$","ASDA Lamb Mince 400g",,"false","4.96","https://groceries.asda.com/groceries/product/frozen-beef-lamb-pork/asda-lamb-mince-400g/6735426","pork mince","2026-04-10T18:57:03.304Z","asda","12.4","per kg","400g"
"ASDA",,"https://asdagroceries.scene7.com/is/image/asdagroceries/5054781511908?$ProdList$","ASDA 3 Crunchy & Fragrant Brown Onions",,"false","0.95","https://groceries.asda.com/groceries/product/onions-leeks/asda-3-crunchy-fragrant-brown-onions/5737702","brown onions","2026-04-10T18:57:18.473Z","asda",,,
"ASDA",,"https://asdagroceries.scene7.com/is/image/asdagroceries/5050854514906?$ProdList$","ASDA Brown Onions 1kg",,"false","0.99","https://groceries.asda.com/groceries/product/onions-leeks/asda-brown-onions-1kg/2110666","brown onions","2026-04-10T18:57:18.473Z","asda",,,"1kg"
"ASDA",,"https://asdagroceries.scene7.com/is/image/asdagroceries/5054781135524?$ProdList$","ASDA Organic Brown Onions",,"false","1","https://groceries.asda.com/groceries/product/onions-leeks/asda-organic-brown-onions/5499435","brown onions","2026-04-10T18:57:18.473Z","asda","2","per kg",
"ASDA",,"https://asdagroceries.scene7.com/is/image/asdagroceries/5054781892250?$ProdList$","ASDA Beer Battered Whole Onion Rings 400g",,"false","2.1","https://groceries.asda.com/groceries/product/frozen-hash-browns-croquettes-onion-rings/asda-beer-battered-whole-onion-rings-400g/6097196","brown onions","2026-04-10T18:57:18.473Z","asda","5.25","per kg","400g"
"McCain",,"https://asdagroceries.scene7.com/is/image/asdagroceries/T_5010228007427?$ProdList$","McCain Air Fryer Hash Brown Bites 600g",,"false","2.24","https://groceries.asda.com/groceries/product/frozen-hash-browns-croquettes-onion-rings/mccain-air-fryer-hash-brown-bites-600g/9297593","brown onions","2026-04-10T18:57:18.473Z","asda","3.73","per kg","600g"
"ASDA",,"https://asdagroceries.scene7.com/is/image/asdagroceries/5054781511915?$ProdList$","ASDA 3 Sweet & Crunchy Red Onions",,"false","0.95","https://groceries.asda.com/groceries/product/onions-leeks/asda-3-sweet-crunchy-red-onions/5737707","red onions","2026-04-10T18:57:42.376Z","asda",,,
"ASDA",,"https://asdagroceries.scene7.com/is/image/asdagroceries/5054781557173?$ProdList$","ASDA Sweet & Crunchy Sliced Red Onion 150g",,"false","0.6","https://groceries.asda.com/groceries/product/onions-leeks/asda-sweet-crunchy-sliced-red-onion-150g/5800680","red onions","2026-04-10T18:57:42.376Z","asda","4","per kg","150g"
"ASDA",,"https://asdagroceries.scene7.com/is/image/asdagroceries/5051413114476?$ProdList$","ASDA Sweet & Crunchy Red Onions 1kg",,"false","0.98","https://groceries.asda.com/groceries/product/onions-leeks/asda-sweet-crunchy-red-onions-1kg/2704021","red onions","2026-04-10T18:57:42.376Z","asda",,,"1kg"
"ASDA",,"https://asdagroceries.scene7.com/is/image/asdagroceries/0000027251713?$ProdList$","ASDA Organic Organic Red Onions",,"false","1.24","https://groceries.asda.com/groceries/product/onions-leeks/asda-organic-organic-red-onions/921209","red onions","2026-04-10T18:57:42.376Z","asda","2.48","per kg",
"ASDA",,"https://asdagroceries.scene7.com/is/image/asdagroceries/5054781049135?$ProdList$","ASDA Sliced Red Onion 650g",,"false","1.65","https://groceries.asda.com/groceries/product/view-all-frozen-vegetables/asda-sliced-red-onion-650g/5387670","red onions","2026-04-10T18:57:42.376Z","asda","2.54","per kg","650g"
"ASDA",,"https://asdagroceries.scene7.com/is/image/asdagroceries/5050854263026?$ProdList$","ASDA Fragrant & Crunchy Spring Onions",,"false","0.69","https://groceries.asda.com/groceries/product/celery-spring-onions/asda-fragrant-crunchy-spring-onions/1787074","spring onions","2026-04-10T18:58:01.792Z","asda",,,
"ASDA",,"https://asdagroceries.scene7.com/is/image/asdagroceries/5050854288142?$ProdList$","ASDA Fragrant & Crunchy Spring Onions 125g",,"false","0.88","https://groceries.asda.com/groceries/product/celery-spring-onions/asda-fragrant-crunchy-spring-onions-125g/410212","spring onions","2026-04-10T18:58:01.792Z","asda","7.04","per kg","125g"
"ASDA",,"https://asdagroceries.scene7.com/is/image/asdagroceries/0000027665978?$ProdList$","ASDA Fragrant & Punchy Jumbo Spring Onions",,"false","0.97","https://groceries.asda.com/groceries/product/celery-spring-onions/asda-fragrant-punchy-jumbo-spring-onions/1675738","spring onions","2026-04-10T18:58:01.792Z","asda",,,
"ASDA",,"https://asdagroceries.scene7.com/is/image/asdagroceries/0000023003460?$ProdList$","ASDA Table Celery",,"false","0.75","https://groceries.asda.com/groceries/product/celery-spring-onions/asda-table-celery/150431","spring onions","2026-04-10T18:58:01.792Z","asda",,,
"ASDA",,"https://asdagroceries.scene7.com/is/image/asdagroceries/5050854709876?$ProdList$","ASDA Organic Spring Onions",,"false","1.05","https://groceries.asda.com/groceries/product/celery-spring-onions/asda-organic-spring-onions/2153427","spring onions","2026-04-10T18:58:01.792Z","asda","1.05","per each",
"ASDA",,"https://asdagroceries.scene7.com/is/image/asdagroceries/5057172127283?$ProdList$","ASDA Garlic 5 Bulbs",,"false","2.1","https://groceries.asda.com/groceries/product/garlic-ginger/asda-garlic-5-bulbs/6599892","garlic","2026-04-10T18:58:23.597Z","asda",,,
"Exceptional",,"https://asdagroceries.scene7.com/is/image/asdagroceries/5063089867167?$ProdList$","Exceptional by ASDA Oak Smoked Garlic",,"false","0.82","https://groceries.asda.com/groceries/product/garlic-ginger/exceptional-by-asda-oak-smoked-garlic/9263018","garlic","2026-04-10T18:58:23.597Z","asda","23.43","per kg",
"ASDA",,"https://asdagroceries.scene7.com/is/image/asdagroceries/5063089777138?$ProdList$","ASDA 4 Fragrant & Bold Garlic",,"false","0.87","https://groceries.asda.com/groceries/product/garlic-ginger/asda-4-fragrant-bold-garlic/9204884","garlic","2026-04-10T18:58:23.597Z","asda",,,
"ASDA",,"https://asdagroceries.scene7.com/is/image/asdagroceries/0000000016742?$ProdList$","ASDA Garlic",,"false","0.47","https://groceries.asda.com/groceries/product/garlic-ginger/asda-garlic/5031745","garlic","2026-04-10T18:58:23.597Z","asda",,,
"ASDA",,"https://asdagroceries.scene7.com/is/image/asdagroceries/21142796?$ProdList$","ASDA Cook Garlic Granules 60g",,"false","1.1","https://groceries.asda.com/groceries/product/herbs/asda-cook-garlic-granules-60g/544320","garlic","2026-04-10T18:58:23.597Z","asda","18.33","per kg","60g"
"Twinings",,"https://asdagroceries.scene7.com/is/image/asdagroceries/70177178567?$ProdList$","Twinings 20 Superblends Detox Lemon & Ginger with Burdock Root & Fennel 40g",,"false","3.49","https://groceries.asda.com/groceries/product/benefit-tea/twinings-20-superblends-detox-lemon-ginger-with-burdock-root-fennel-40g/5997779","ginger root","2026-04-10T18:58:40.919Z","asda","87.25","per kg","40g"
"Wildlife",,"https://asdagroceries.scene7.com/is/image/asdagroceries/3329770062511?$ProdList$","Wildlife Choobs Kids Strawberry, Raspberry & Apricot Yoghurt Tubes 6 x 37g",,"false","0.94","https://groceries.asda.com/groceries/product/kids-yogurts-fromage-frais/wildlife-choobs-kids-strawberry-raspberry-apricot-yoghurt-tubes-6-x-37g/6203603","ginger root","2026-04-10T18:58:40.919Z","asda","4.23","per kg","6 x 37g"
"ASDA",,"https://asdagroceries.scene7.com/is/image/asdagroceries/0000021045622?$ProdList$","ASDA Baked Beans in a Rich Tomato Sauce 410g",,"false","0.42","https://groceries.asda.com/groceries/product/baked-beans/asda-baked-beans-in-a-rich-tomato-sauce-410g/21898","ginger root","2026-04-10T18:58:40.919Z","asda","1.02","per kg","410g"
"ASDA",,"https://asdagroceries.scene7.com/is/image/asdagroceries/5057172606085?$ProdList$","ASDA Crispy Skin-On Fries 750g",,"false","2.2","https://groceries.asda.com/groceries/product/frozen-chips-fries/asda-crispy-skin-on-fries-750g/6966614","ginger root","2026-04-10T18:58:40.919Z","asda","2.93","per kg","750g"
"Pot",,"https://asdagroceries.scene7.com/is/image/asdagroceries/5000118203503?$ProdList$","Pot Noodle Standard Pot Noodle Chicken & Mushroom 90 g",,"false","1.18","https://groceries.asda.com/groceries/product/noodle-pots/pot-noodle-standard-pot-noodle-chicken-mushroom-90-g/1929406","ginger root","2026-04-10T18:58:40.919Z","asda","13.11","per kg","90 g"
"ASDA",,"https://asdagroceries.scene7.com/is/image/asdagroceries/0000023003507_T1_AYR?$ProdList$","ASDA Crunchy & Sweet Carrots 1kg",,"false","0.69","https://groceries.asda.com/groceries/product/carrots-root-vegetables/asda-crunchy-sweet-carrots-1kg/150208","carrots","2026-04-10T18:59:00.314Z","asda",,,"1kg"
"ASDA",,"https://asdagroceries.scene7.com/is/image/asdagroceries/5054781580058?$ProdList$","ASDA Crunchy & Sweet Carrots 500g",,"false","0.55","https://groceries.asda.com/groceries/product/carrots-root-vegetables/asda-crunchy-sweet-carrots-500g/5844629","carrots","2026-04-10T18:59:00.314Z","asda","1.1","per kg","500g"
"ASDA",,"https://asdagroceries.scene7.com/is/image/asdagroceries/5054781557135?$ProdList$","ASDA Sweet & Crunchy Sliced Carrots 300g",,"false","0.6","https://groceries.asda.com/groceries/product/carrots-root-vegetables/asda-sweet-crunchy-sliced-carrots-300g/5794533","carrots","2026-04-10T18:59:00.314Z","asda","2","per kg","300g"
"ASDA",,"https://asdagroceries.scene7.com/is/image/asdagroceries/5063089866306?$ProdList$","ASDA Sweet & Crunchy Carrot Batons 400g",,"false","1","https://groceries.asda.com/groceries/product/carrots-root-vegetables/asda-sweet-crunchy-carrot-batons-400g/9244562","carrots","2026-04-10T18:59:00.314Z","asda","2.5","per kg","400g"
"ASDA",,"https://asdagroceries.scene7.com/is/image/asdagroceries/5063089281802?$ProdList$","ASDA Sliced Carrots in Water 300g",,"false","0.5","https://groceries.asda.com/groceries/product/tinned-vegetables/asda-sliced-carrots-in-water-300g/9036537","carrots","2026-04-10T18:59:00.314Z","asda","3.13","per kg","300g"
"ASDA",,"https://asdagroceries.scene7.com/is/image/asdagroceries/0000023032859_T1_AYR?$ProdList$","ASDA Sweet & Earthy Parsnips 500g",,"false","0.74","https://groceries.asda.com/groceries/product/carrots-root-vegetables/asda-sweet-earthy-parsnips-500g/4419168","parsnips","2026-04-10T18:59:18.296Z","asda","1.48","per kg","500g"
"ASDA",,"https://asdagroceries.scene7.com/is/image/asdagroceries/5057172688418?$ProdList$","JUST ESSENTIALS by ASDA Just Essentials Parsnips 500g",,"false","0.55","https://groceries.asda.com/groceries/product/carrots-root-vegetables/just-essentials-by-asda-just-essentials-parsnips-500g/7072488","parsnips","2026-04-10T18:59:18.296Z","asda","1.1","per kg","500g"
"Ella's",,"https://asdagroceries.scene7.com/is/image/asdagroceries/5060107330214?$ProdList$","Ella's Kitchen Apples Carrots + Parsnips 6+ Months 120g",,"false","1.26","https://groceries.asda.com/groceries/product/pouches/ella-s-kitchen-apples-carrots-parsnips-6-months-120g/2804255","parsnips","2026-04-10T18:59:18.296Z","asda","10.5","per kg","120g"
"ASDA",,"https://asdagroceries.scene7.com/is/image/asdagroceries/5063717058493?$ProdList$","ASDA Bistro by  Carrot & Honey Roasted Parsnip Soup 600g",,"false","2.97","https://groceries.asda.com/groceries/product/bistro-by-asda/asda-bistro-by-carrot-honey-roasted-parsnip-soup-600g/9318939","parsnips","2026-04-10T18:59:18.296Z","asda","4.95","per kg","600g"
"Aunt",,"https://asdagroceries.scene7.com/is/image/asdagroceries/T_5000227510066?$ProdList$","Aunt Bessie's Honey Glazed Parsnips 500g",,"false","2.98","https://groceries.asda.com/groceries/product/view-all-frozen-vegetables/aunt-bessie-s-honey-glazed-parsnips-500g/5670342","parsnips","2026-04-10T18:59:18.296Z","asda","5","per kg","500g"
"ASDA",,"https://asdagroceries.scene7.com/is/image/asdagroceries/5054781135807_T1_AYR?$ProdList$","ASDA Tender & Crunchy Broccoli",,"false","0.79","https://groceries.asda.com/groceries/product/broccoli-cauliflower/asda-tender-crunchy-broccoli/5561471","broccoli","2026-04-10T18:59:45.485Z","asda","2.19","per kg",
"ASDA",,"https://asdagroceries.scene7.com/is/image/asdagroceries/5063089866801?$ProdList$","ASDA Sweet & Crunchy Tenderstem Broccoli 160g",,"false","1.28","https://groceries.asda.com/groceries/product/broccoli-cauliflower/asda-sweet-crunchy-tenderstem-broccoli-160g/9264447","broccoli","2026-04-10T18:59:45.485Z","asda","8","per kg","160g"
"ASDA",,"https://asdagroceries.scene7.com/is/image/asdagroceries/23015654?$ProdList$","ASDA Earthy & Crisp Cauliflower & Broccoli Florets 400g",,"false","1.37","https://groceries.asda.com/groceries/product/broccoli-cauliflower/asda-earthy-crisp-cauliflower-broccoli-florets-400g/154435","broccoli","2026-04-10T18:59:45.485Z","asda","3.43","per kg","400g"
"ASDA",,"https://asdagroceries.scene7.com/is/image/asdagroceries/5050854264375?$ProdList$","ASDA Broccoli Florets 1kg",,"false","1.44","https://groceries.asda.com/groceries/product/view-all-frozen-vegetables/asda-broccoli-florets-1kg/2027109","broccoli","2026-04-10T18:59:45.485Z","asda","1.44","per kg","1kg"
"ASDA",,"https://asdagroceries.scene7.com/is/image/asdagroceries/5063089866443?$ProdList$","ASDA Crisp & Colourful Carrots, Cauliflower & Broccoli 240g",,"false","1","https://groceries.asda.com/groceries/product/prepared-roasting-veg/asda-crisp-colourful-carrots-cauliflower-broccoli-240g/9248507","broccoli","2026-04-10T18:59:45.485Z","asda","4.17","per kg","240g"
"ASDA",,"https://asdagroceries.scene7.com/is/image/asdagroceries/0000023029781?$ProdList$","ASDA Light & Nutty Cauliflower",,"false","1.19","https://groceries.asda.com/groceries/product/broccoli-cauliflower/asda-light-nutty-cauliflower/153881","cauliflower","2026-04-10T19:00:09.989Z","asda","1.19","per each",
"ASDA",,"https://asdagroceries.scene7.com/is/image/asdagroceries/5057172631049?$ProdList$","ASDA Large Cauliflower",,"false","2","https://groceries.asda.com/groceries/product/broccoli-cauliflower/asda-large-cauliflower/7035908","cauliflower","2026-04-10T19:00:09.989Z","asda","2","per each",
"ASDA",,"https://asdagroceries.scene7.com/is/image/asdagroceries/5050854264382?$ProdList$","ASDA Cauliflower Florets 1kg",,"false","1.54","https://groceries.asda.com/groceries/product/view-all-frozen-vegetables/asda-cauliflower-florets-1kg/2027111","cauliflower","2026-04-10T19:00:09.989Z","asda","1.54","per kg","1kg"
"ASDA",,"https://asdagroceries.scene7.com/is/image/asdagroceries/5054781765875?$ProdList$","ASDA Light & Nutty Cauliflower Florets 250g",,"false","1","https://groceries.asda.com/groceries/product/broccoli-cauliflower/asda-light-nutty-cauliflower-florets-250g/5960714","cauliflower","2026-04-10T19:00:09.989Z","asda","4","per kg","250g"
"ASDA",,"https://asdagroceries.scene7.com/is/image/asdagroceries/23015654?$ProdList$","ASDA Earthy & Crisp Cauliflower & Broccoli Florets 400g",,"false","1.37","https://groceries.asda.com/groceries/product/broccoli-cauliflower/asda-earthy-crisp-cauliflower-broccoli-florets-400g/154435","cauliflower","2026-04-10T19:00:09.989Z","asda","3.43","per kg","400g"
"ASDA",,"https://asdagroceries.scene7.com/is/image/asdagroceries/5050854209970?$ProdList$","ASDA Whole Cucumber",,"false","0.99","https://groceries.asda.com/groceries/product/lettuce-cucumber/asda-whole-cucumber/152446","cucumber","2026-04-10T19:00:32.588Z","asda",,,
"ASDA",,"https://asdagroceries.scene7.com/is/image/asdagroceries/0000023010703?$ProdList$","ASDA Cool & Crunchy Cucumber Portion",,"false","0.68","https://groceries.asda.com/groceries/product/lettuce-cucumber/asda-cool-crunchy-cucumber-portion/150425","cucumber","2026-04-10T19:00:32.588Z","asda",,,
"ASDA",,"https://asdagroceries.scene7.com/is/image/asdagroceries/23036741?$ProdList$","ASDA Organic Organic Cucumber",,"false","1.14","https://groceries.asda.com/groceries/product/lettuce-cucumber/asda-organic-organic-cucumber/926079","cucumber","2026-04-10T19:00:32.588Z","asda","1.14","per each",
"ASDA",,"https://asdagroceries.scene7.com/is/image/asdagroceries/5057172630967?$ProdList$","ASDA Cool & Crunchy Mini Cucumbers 200g",,"false","0.98","https://groceries.asda.com/groceries/product/lettuce-cucumber/asda-cool-crunchy-mini-cucumbers-200g/7027816","cucumber","2026-04-10T19:00:32.588Z","asda","3.75","per kg","200g"
"ASDA",,"https://asdagroceries.scene7.com/is/image/asdagroceries/23003774?$ProdList$","ASDA Iceberg Lettuce",,"false","0.89","https://groceries.asda.com/groceries/product/lettuce-cucumber/asda-iceberg-lettuce/410006","cucumber","2026-04-10T19:00:32.588Z","asda",,,
"ASDA",,"https://asdagroceries.scene7.com/is/image/asdagroceries/0000000006439?$ProdList$","ASDA Butternut Squash (Typically 1.2KG)",,"false","1.42","https://groceries.asda.com/groceries/product/courgettes-aubergines-squash/asda-butternut-squash-typically-1-2kg-/164633","butternut squash","2026-04-10T19:00:52.202Z","asda","1.18","per kg","1.2KG"
"COOK",,"https://asdagroceries.scene7.com/is/image/asdagroceries/5054781049159?$ProdList$","COOK by ASDA Butternut Squash Chunks 700g",,"false","2.1","https://groceries.asda.com/groceries/product/view-all-frozen-vegetables/cook-by-asda-butternut-squash-chunks-700g/5387674","butternut squash","2026-04-10T19:00:52.202Z","asda","3","per kg","700g"
"Exceptional",,"https://asdagroceries.scene7.com/is/image/asdagroceries/5063089863329?$ProdList$","Exceptional by ASDA Butternut Squash & Sage Girasoli 250g",,"false","3.5","https://groceries.asda.com/groceries/product/fresh-filled-pasta/exceptional-by-asda-butternut-squash-sage-girasoli-250g/9226702","butternut squash","2026-04-10T19:00:52.202Z","asda","14","per kg","250g"
"Heinz",,"https://asdagroceries.scene7.com/is/image/asdagroceries/5000157156327?$ProdList$","Heinz Curried Butternut Squash Soup 400g",,"false","5","https://groceries.asda.com/groceries/product/tinned-soup/heinz-curried-butternut-squash-soup-400g/9203794","butternut squash","2026-04-10T19:00:52.202Z","asda","4.1","per kg","400g"
"Yorkshire",,"https://asdagroceries.scene7.com/is/image/asdagroceries/5056053308803?$ProdList$","Yorkshire Provender Chicken & Lentil with Butternut Squash 560g",,"false","3.44","https://groceries.asda.com/groceries/product/soup/yorkshire-provender-chicken-lentil-with-butternut-squash-560g/9096669","butternut squash","2026-04-10T19:00:52.202Z","asda","6.14","per kg","560g"
"ASDA",,"https://asdagroceries.scene7.com/is/image/asdagroceries/5063089515839?$ProdList$","ASDA Fragrant & Juicy Sweet Vine Ripened Tomatoes 250g",,"false","0.98","https://groceries.asda.com/groceries/product/tomatoes-peppers/asda-fragrant-juicy-sweet-vine-ripened-tomatoes-250g/9125676","vine tomatoes","2026-04-10T19:01:13.431Z","asda","3.92","per kg","250g"
"ASDA",,"https://asdagroceries.scene7.com/is/image/asdagroceries/5054781512714?$ProdList$","ASDA Crunchy & Fragrant Vine Ripened Tomatoes",,"false","1.37","https://groceries.asda.com/groceries/product/tomatoes-peppers/asda-crunchy-fragrant-vine-ripened-tomatoes/5794643","vine tomatoes","2026-04-10T19:01:13.431Z","asda","1.37","per each",
"Exceptional",,"https://asdagroceries.scene7.com/is/image/asdagroceries/5063089866597?$ProdList$","Exceptional by ASDA Vine Ripened Tomatoes",,"false","2.06","https://groceries.asda.com/groceries/product/tomatoes-peppers/exceptional-by-asda-vine-ripened-tomatoes/9246343","vine tomatoes","2026-04-10T19:01:13.431Z","asda",,,
"Exceptional",,"https://asdagroceries.scene7.com/is/image/asdagroceries/5063089866634?$ProdList$","Exceptional by ASDA Petite Plum Vine Tomatoes 220g",,"false","2.07","https://groceries.asda.com/groceries/product/tomatoes-peppers/exceptional-by-asda-petite-plum-vine-tomatoes-220g/9235653","vine tomatoes","2026-04-10T19:01:13.431Z","asda","9.41","per kg","220g"
"ASDA",,"https://asdagroceries.scene7.com/is/image/asdagroceries/5063089295373?$ProdList$","ASDA Crunchy & Juicy Cherry Tomatoes 300g",,"false","0.99","https://groceries.asda.com/groceries/product/tomatoes-peppers/asda-crunchy-juicy-cherry-tomatoes-300g/9041476","vine tomatoes","2026-04-10T19:01:13.431Z","asda","3.3","per kg","300g"
"ASDA",,"https://asdagroceries.scene7.com/is/image/asdagroceries/5050854736353?$ProdList$","ASDA Sweet & Juicy Cooked Beetroot 300g",,"false","0.78","https://groceries.asda.com/groceries/product/radish-cress-beetroot/asda-sweet-juicy-cooked-beetroot-300g/2165443","beetroot","2026-04-10T19:01:33.604Z","asda","2.6","per kg","300g"
"ASDA",,"https://asdagroceries.scene7.com/is/image/asdagroceries/5050854214301?$ProdList$","ASDA Sliced Beetroot in Vinegar 440g",,"false","1.35","https://groceries.asda.com/groceries/product/pickled-onions-vegetables/asda-sliced-beetroot-in-vinegar-440g/1777582","beetroot","2026-04-10T19:01:33.604Z","asda","4.72","per kg","440g"
"ASDA",,"https://asdagroceries.scene7.com/is/image/asdagroceries/5054781247869?$ProdList$","ASDA Sliced Beetroot in Vinegar 710g",,"false","1.52","https://groceries.asda.com/groceries/product/pickled-onions-vegetables/asda-sliced-beetroot-in-vinegar-710g/5522147","beetroot","2026-04-10T19:01:33.604Z","asda","3.29","per kg","710g"
"Baxters",,"https://asdagroceries.scene7.com/is/image/asdagroceries/5012427093102?$ProdList$","Baxters Crinkled Beetroot 340g",,"false","1.77","https://groceries.asda.com/groceries/product/pickled-onions-vegetables/baxters-crinkled-beetroot-340g/221510","beetroot","2026-04-10T19:01:33.604Z","asda","7.7","per kg","340g"
"ASDA",,"https://asdagroceries.scene7.com/is/image/asdagroceries/5054781580775?$ProdList$","ASDA Extra Special Extra Special Apple Balsamic Vinegar Infused Beetroot 175g",,"false","1.08","https://groceries.asda.com/groceries/product/radish-cress-beetroot/asda-extra-special-extra-special-apple-balsamic-vinegar-infused-beetroot-175g/5800729","beetroot","2026-04-10T19:01:33.604Z","asda","6.17","per kg","175g"
"Exceptional",,"https://asdagroceries.scene7.com/is/image/asdagroceries/5063089863404?$ProdList$","Exceptional by ASDA Exceptional by  Basil Pesto 130g",,"false","2.75","https://groceries.asda.com/groceries/product/fresh-pasta-sauce/exceptional-by-asda-exceptional-by-basil-pesto-130g/9241876","fresh basil","2026-04-10T19:01:52.277Z","asda","21.15","per kg","130g"
"ASDA",,"https://asdagroceries.scene7.com/is/image/asdagroceries/5063089015780?$ProdList$","ASDA Sweet Tomato & Basil Sauce 350g",,"false","1.9","https://groceries.asda.com/groceries/product/fresh-pasta-sauce/asda-sweet-tomato-basil-sauce-350g/7469820","fresh basil","2026-04-10T19:01:52.277Z","asda","5.43","per kg","350g"
"Exceptional",,"https://asdagroceries.scene7.com/is/image/asdagroceries/5063089863305?$ProdList$","Exceptional by ASDA Burrata, Roasted Cherry Tomato & Basil Ravioli 250g",,"false","3.5","https://groceries.asda.com/groceries/product/fresh-filled-pasta/exceptional-by-asda-burrata-roasted-cherry-tomato-basil-ravioli-250g/9230048","fresh basil","2026-04-10T19:01:52.277Z","asda","14","per kg","250g"
"Exceptional",,"https://asdagroceries.scene7.com/is/image/asdagroceries/5063717041792?$ProdList$","Exceptional by ASDA Woodfired Margherita with Basil Pesto Pizza 475g",,"false","4.75","https://groceries.asda.com/groceries/product/exceptional-pizza/exceptional-by-asda-woodfired-margherita-with-basil-pesto-pizza-475g/9336455","fresh basil","2026-04-10T19:01:52.277Z","asda","10","per kg","475g"
"Exceptional",,"https://asdagroceries.scene7.com/is/image/asdagroceries/5063717000355?$ProdList$","Exceptional by ASDA Woodfired Margherita with Basil Pesto Pizza 235g",,"false","3.25","https://groceries.asda.com/groceries/product/exceptional-pizza/exceptional-by-asda-woodfired-margherita-with-basil-pesto-pizza-235g/9334613","fresh basil","2026-04-10T19:01:52.277Z","asda","13.83","per kg","235g"
"ASDA",,"https://asdagroceries.scene7.com/is/image/asdagroceries/5063089295373?$ProdList$","ASDA Crunchy & Juicy Cherry Tomatoes 300g",,"false","0.99","https://groceries.asda.com/groceries/product/tomatoes-peppers/asda-crunchy-juicy-cherry-tomatoes-300g/9041476","cherry tomatoes","2026-04-10T19:02:13.516Z","asda","3.3","per kg","300g"
"ASDA",,"https://asdagroceries.scene7.com/is/image/asdagroceries/5054781512301?$ProdList$","JUST ESSENTIALS by ASDA Cherry Tomatoes 250g",,"false","0.62","https://groceries.asda.com/groceries/product/tomatoes-peppers/just-essentials-by-asda-cherry-tomatoes-250g/5792191","cherry tomatoes","2026-04-10T19:02:13.516Z","asda","2.48","per kg","250g"
"ASDA",,"https://asdagroceries.scene7.com/is/image/asdagroceries/5063089515839?$ProdList$","ASDA Fragrant & Juicy Sweet Vine Ripened Tomatoes 250g",,"false","0.98","https://groceries.asda.com/groceries/product/tomatoes-peppers/asda-fragrant-juicy-sweet-vine-ripened-tomatoes-250g/9125676","cherry tomatoes","2026-04-10T19:02:13.516Z","asda","3.92","per kg","250g"
"Exceptional",,"https://asdagroceries.scene7.com/is/image/asdagroceries/5063089866634?$ProdList$","Exceptional by ASDA Petite Plum Vine Tomatoes 220g",,"false","2.07","https://groceries.asda.com/groceries/product/tomatoes-peppers/exceptional-by-asda-petite-plum-vine-tomatoes-220g/9235653","cherry tomatoes","2026-04-10T19:02:13.516Z","asda","9.41","per kg","220g"
"Exceptional",,"https://asdagroceries.scene7.com/is/image/asdagroceries/5063089282427?$ProdList$","Exceptional by ASDA Pomodorini Cherry Tomatoes 400g",,"false","0.94","https://groceries.asda.com/groceries/product/tinned-tomatoes/exceptional-by-asda-pomodorini-cherry-tomatoes-400g/9270341","cherry tomatoes","2026-04-10T19:02:13.516Z","asda","2.35","per kg","400g"
"ASDA",,"https://asdagroceries.scene7.com/is/image/asdagroceries/5051413975930?$ProdList$","ASDA Carrot & Coriander Soup 600g",,"false","1.84","https://groceries.asda.com/groceries/product/soup/asda-carrot-coriander-soup-600g/3366425","fresh coriander","2026-04-10T19:02:31.479Z","asda","3.07","per kg","600g"
"Cravendale",,"https://asdagroceries.scene7.com/is/image/asdagroceries/5000181024043?$ProdList$","Cravendale Arla  Filtered Fresh Semi Skimmed Milk 2L Fresher for Longer",,"false","2.5","https://groceries.asda.com/groceries/product/semi-skimmed-milk/cravendale-arla-filtered-fresh-semi-skimmed-milk-2l-fresher-for-longer/489747","fresh coriander","2026-04-10T19:02:31.479Z","asda","1.25","per lt","2L"
"Wildlife",,"https://asdagroceries.scene7.com/is/image/asdagroceries/3329770062511?$ProdList$","Wildlife Choobs Kids Strawberry, Raspberry & Apricot Yoghurt Tubes 6 x 37g",,"false","0.94","https://groceries.asda.com/groceries/product/kids-yogurts-fromage-frais/wildlife-choobs-kids-strawberry-raspberry-apricot-yoghurt-tubes-6-x-37g/6203603","fresh coriander","2026-04-10T19:02:31.479Z","asda","4.23","per kg","6 x 37g"
"ASDA",,"https://asdagroceries.scene7.com/is/image/asdagroceries/5057172606085?$ProdList$","ASDA Crispy Skin-On Fries 750g",,"false","2.2","https://groceries.asda.com/groceries/product/frozen-chips-fries/asda-crispy-skin-on-fries-750g/6966614","fresh coriander","2026-04-10T19:02:31.479Z","asda","2.93","per kg","750g"
"ASDA",,"https://asdagroceries.scene7.com/is/image/asdagroceries/0000021045639?$ProdList$","ASDA Baked Beans in a Rich Tomato Sauce 4 x 410g",,"false","1.51","https://groceries.asda.com/groceries/product/baked-beans/asda-baked-beans-in-a-rich-tomato-sauce-4-x-410g/21897","fresh coriander","2026-04-10T19:02:31.479Z","asda",,,"4 x 410g"
"ASDA",,"https://asdagroceries.scene7.com/is/image/asdagroceries/5054070901229?$ProdList$","ASDA Mild & Tender Baby Spinach 180g",,"false","1.08","https://groceries.asda.com/groceries/product/salad-bags/asda-mild-tender-baby-spinach-180g/5274313","baby spinach","2026-04-10T19:02:50.279Z","asda","6","per kg","180g"
"ASDA",,"https://asdagroceries.scene7.com/is/image/asdagroceries/5054781744511?$ProdList$","ASDA Mild Beetroot, Baby Spinach & Baby Kale Salad 120g",,"false","1.08","https://groceries.asda.com/groceries/product/salad-bags/asda-mild-beetroot-baby-spinach-baby-kale-salad-120g/6065855","baby spinach","2026-04-10T19:02:50.279Z","asda","9","per kg","120g"
"LITTLE",,"https://asdagroceries.scene7.com/is/image/asdagroceries/5057172608065?$ProdList$","LITTLE ANGELS by ASDA by  Organic Sweet Potato, Red Lentil & Spinach Dhal 7m+ 130g",,"false","0.72","https://groceries.asda.com/groceries/product/little-angels-baby-food/little-angels-by-asda-by-organic-sweet-potato-red-lentil-spinach-dhal-7m-130g/6971144","baby spinach","2026-04-10T19:02:50.279Z","asda","5.54","per kg","130g"
"ASDA",,"https://asdagroceries.scene7.com/is/image/asdagroceries/0000020437459?$ProdList$","JUST ESSENTIALS by ASDA Garlic Bread 170g",,"false","0.36","https://groceries.asda.com/groceries/product/baguettes-slices/just-essentials-by-asda-garlic-bread-170g/603602","baby spinach","2026-04-10T19:02:50.279Z","asda","2.12","per kg","170g"
"Wildlife",,"https://asdagroceries.scene7.com/is/image/asdagroceries/3329770062511?$ProdList$","Wildlife Choobs Kids Strawberry, Raspberry & Apricot Yoghurt Tubes 6 x 37g",,"false","0.94","https://groceries.asda.com/groceries/product/kids-yogurts-fromage-frais/wildlife-choobs-kids-strawberry-raspberry-apricot-yoghurt-tubes-6-x-37g/6203603","baby spinach","2026-04-10T19:02:50.279Z","asda","4.23","per kg","6 x 37g"
"ASDA",,"https://asdagroceries.scene7.com/is/image/asdagroceries/5054781580751?$ProdList$","ASDA Delicate & Peppery Baby Leaf & Rocket Salad 75g",,"false","1.08","https://groceries.asda.com/groceries/product/salad-bags/asda-delicate-peppery-baby-leaf-rocket-salad-75g/5796852","rocket salad","2026-04-10T19:03:10.731Z","asda","14.4","per kg","75g"
"ASDA",,"https://asdagroceries.scene7.com/is/image/asdagroceries/5054781580744?$ProdList$","ASDA Strong & Peppery Wild Rocket 60g",,"false","1","https://groceries.asda.com/groceries/product/salad-bags/asda-strong-peppery-wild-rocket-60g/5796850","rocket salad","2026-04-10T19:03:10.731Z","asda","16.67","per kg","60g"
"ASDA",,"https://asdagroceries.scene7.com/is/image/asdagroceries/5063089866764?$ProdList$","ASDA Strong & Peppery Watercress, Spinach & Rocket 80g",,"false","1.08","https://groceries.asda.com/groceries/product/salad-bags/asda-strong-peppery-watercress-spinach-rocket-80g/9261415","rocket salad","2026-04-10T19:03:10.731Z","asda","13.5","per kg","80g"
"Cravendale",,"https://asdagroceries.scene7.com/is/image/asdagroceries/5000181024043?$ProdList$","Cravendale Arla  Filtered Fresh Semi Skimmed Milk 2L Fresher for Longer",,"false","2.5","https://groceries.asda.com/groceries/product/semi-skimmed-milk/cravendale-arla-filtered-fresh-semi-skimmed-milk-2l-fresher-for-longer/489747","rocket salad","2026-04-10T19:03:10.731Z","asda","1.25","per lt","2L"
"ASDA",,"https://asdagroceries.scene7.com/is/image/asdagroceries/5057172219186?$ProdList$","ASDA 12 Golden Yorkshire Puddings 220g",,"false","1.1","https://groceries.asda.com/groceries/product/frozen-yorkshire-puddings/asda-12-golden-yorkshire-puddings-220g/6531370","rocket salad","2026-04-10T19:03:10.731Z","asda","5","per kg","220g"
"Sensodyne",,"https://asdagroceries.scene7.com/is/image/asdagroceries/T_5054563206121?$ProdList$","Sensodyne Pronamel Pronamel Active Enamel Shield Fresh Mint Toothpaste 75ml",,"false","5.5","https://groceries.asda.com/groceries/product/multi-benefit-toothpaste/sensodyne-pronamel-pronamel-active-enamel-shield-fresh-mint-toothpaste-75ml/9088048","fresh mint","2026-04-10T19:03:35.693Z","asda","73.33","per lt","75ml"
"Corsodyl",,"https://asdagroceries.scene7.com/is/image/asdagroceries/5000347078859?$ProdList$","Corsodyl Medicated Antibacterial Mouthwash Fresh Mint, 300ml",,"false","5.23","https://groceries.asda.com/groceries/product/everyday-mouthwash/corsodyl-medicated-antibacterial-mouthwash-fresh-mint-300ml/908503","fresh mint","2026-04-10T19:03:35.693Z","asda","17.43","per lt","300ml"
"Tetley",,"https://asdagroceries.scene7.com/is/image/asdagroceries/5000208025459?$ProdList$","Tetley Herbal Fresh Mint Tea Bags x20",,"false","1.56","https://groceries.asda.com/groceries/product/mint-tea/tetley-herbal-fresh-mint-tea-bags-x20/6751587","fresh mint","2026-04-10T19:03:35.693Z","asda","48.75","per kg",
"ASDA",,"https://asdagroceries.scene7.com/is/image/asdagroceries/5063089066607?$ProdList$","JUST ESSENTIALS by ASDA Just Essentials by  Fresh Mint Toothpaste 100ml",,"false","0.47","https://groceries.asda.com/groceries/product/everyday-toothpaste/just-essentials-by-asda-just-essentials-by-fresh-mint-toothpaste-100ml/7524483","fresh mint","2026-04-10T19:03:35.693Z","asda","4.7","per lt","100ml"
"Colgate",,"https://asdagroceries.scene7.com/is/image/asdagroceries/8718951687615?$ProdList$","Colgate Total Active Prevention Fresh Mint Toothpaste 75ml",,"false","2.5","https://groceries.asda.com/groceries/product/everyday-toothpaste/colgate-total-active-prevention-fresh-mint-toothpaste-75ml/3538191","fresh mint","2026-04-10T19:03:35.693Z","asda","33.33","per lt","75ml"
"ASDA",,"https://asdagroceries.scene7.com/is/image/asdagroceries/5054070047071?$ProdList$","ASDA Zesty 2 Lemon & Parsley Kiln Roasted Salmon Fillets 180g",,"false","5.65","https://groceries.asda.com/groceries/product/salmon/asda-zesty-2-lemon-parsley-kiln-roasted-salmon-fillets-180g/4589606","fresh parsley","2026-04-10T19:03:57.921Z","asda","31.39","per kg","180g"
"ASDA",,"https://asdagroceries.scene7.com/is/image/asdagroceries/5063089469316?$ProdList$","ASDA Tasty Garlic & Parsley Marinated King Prawns 150g",,"false","3.75","https://groceries.asda.com/groceries/product/prawns-mussels/asda-tasty-garlic-parsley-marinated-king-prawns-150g/9087916","fresh parsley","2026-04-10T19:03:57.921Z","asda","25","per kg","150g"
"ASDA",,"https://asdagroceries.scene7.com/is/image/asdagroceries/5051413575994?$ProdList$","ASDA Double Concentrate Tomato Purée 200g",,"false","0.7","https://groceries.asda.com/groceries/product/passata-tomato-puree/asda-double-concentrate-tomato-puree-200g/2878185","fresh parsley","2026-04-10T19:03:57.921Z","asda","3.5","per kg","200g"
"Muller",,"https://asdagroceries.scene7.com/is/image/asdagroceries/4025500277031?$ProdList$","Muller Corner Vanilla Yogurt with Chocolate Balls",,"false","0.62","https://groceries.asda.com/groceries/product/corner-yogurts/muller-corner-vanilla-yogurt-with-chocolate-balls/7368400","fresh parsley","2026-04-10T19:03:57.921Z","asda","5","per kg",
"ASDA",,"https://asdagroceries.scene7.com/is/image/asdagroceries/5057172630967?$ProdList$","ASDA Cool & Crunchy Mini Cucumbers 200g",,"false","0.98","https://groceries.asda.com/groceries/product/lettuce-cucumber/asda-cool-crunchy-mini-cucumbers-200g/7027816","fresh parsley","2026-04-10T19:03:57.921Z","asda","3.75","per kg","200g"
"ASDA",,"https://asdagroceries.scene7.com/is/image/asdagroceries/23003774?$ProdList$","ASDA Iceberg Lettuce",,"false","0.89","https://groceries.asda.com/groceries/product/lettuce-cucumber/asda-iceberg-lettuce/410006","iceberg lettuce","2026-04-10T19:04:19.481Z","asda",,,
"ASDA",,"https://asdagroceries.scene7.com/is/image/asdagroceries/5054781557494?$ProdList$","ASDA Sweet & Crisp Shredded Iceberg Lettuce 130g",,"false","0.5","https://groceries.asda.com/groceries/product/lettuce-cucumber/asda-sweet-crisp-shredded-iceberg-lettuce-130g/5796685","iceberg lettuce","2026-04-10T19:04:19.481Z","asda","3.85","per kg","130g"
"ASDA",,"https://asdagroceries.scene7.com/is/image/asdagroceries/5054781557548?$ProdList$","ASDA Iceberg Lettuce 200g",,"false","0.64","https://groceries.asda.com/groceries/product/lettuce-cucumber/asda-iceberg-lettuce-200g/5796695","iceberg lettuce","2026-04-10T19:04:19.481Z","asda","3.2","per kg","200g"
"Cravendale",,"https://asdagroceries.scene7.com/is/image/asdagroceries/5000181024043?$ProdList$","Cravendale Arla  Filtered Fresh Semi Skimmed Milk 2L Fresher for Longer",,"false","2.5","https://groceries.asda.com/groceries/product/semi-skimmed-milk/cravendale-arla-filtered-fresh-semi-skimmed-milk-2l-fresher-for-longer/489747","iceberg lettuce","2026-04-10T19:04:19.481Z","asda","1.25","per lt","2L"
"Pepsi",,"https://asdagroceries.scene7.com/is/image/asdagroceries/4060800103307?$ProdList$","Pepsi Max No Sugar Cola Bottle 2L",,"false","2.14","https://groceries.asda.com/groceries/product/sugar-free-diet-cola/pepsi-max-no-sugar-cola-bottle-2l/6620","iceberg lettuce","2026-04-10T19:04:19.481Z","asda",,,"2L"
"ASDA",,"https://asdagroceries.scene7.com/is/image/asdagroceries/21043062?$ProdList$","ASDA Spaghetti 500g",,"false","1.2","https://groceries.asda.com/groceries/product/spaghetti-tagliatelle/asda-spaghetti-500g/12943","spaghetti","2026-04-10T19:04:40.298Z","asda","1.5","per kg","500g"
"ASDA",,"https://asdagroceries.scene7.com/is/image/asdagroceries/5054781025320?$ProdList$","ASDA Linguine 500g",,"false","1.2","https://groceries.asda.com/groceries/product/spaghetti-tagliatelle/asda-linguine-500g/5528403","spaghetti","2026-04-10T19:04:40.298Z","asda","1.5","per kg","500g"
"ASDA",,"https://asdagroceries.scene7.com/is/image/asdagroceries/5054781971801?$ProdList$","ASDA Wholewheat Spaghetti 500g",,"false","1.2","https://groceries.asda.com/groceries/product/spaghetti-tagliatelle/asda-wholewheat-spaghetti-500g/6173267","spaghetti","2026-04-10T19:04:40.298Z","asda","1.5","per kg","500g"
"Barilla",,"https://asdagroceries.scene7.com/is/image/asdagroceries/8076800195057?$ProdList$","Barilla Pasta Spaghetti 500g",,"false","1","https://groceries.asda.com/groceries/product/spaghetti-tagliatelle/barilla-pasta-spaghetti-500g/6116334","spaghetti","2026-04-10T19:04:40.298Z","asda","2","per kg","500g"
"Heinz",,"https://asdagroceries.scene7.com/is/image/asdagroceries/5000157006875?$ProdList$","Heinz Spaghetti 400g",,"false","5","https://groceries.asda.com/groceries/product/tinned-pasta/heinz-spaghetti-400g/14119","spaghetti","2026-04-10T19:04:40.298Z","asda","3.13","per kg","400g"
"ASDA",,"https://asdagroceries.scene7.com/is/image/asdagroceries/0000027191569?$ProdList$","ASDA Sweet & Crisp Romaine Lettuce Hearts",,"false","1.2","https://groceries.asda.com/groceries/product/lettuce-cucumber/asda-sweet-crisp-romaine-lettuce-hearts/883299","romaine lettuce","2026-04-10T19:04:59.895Z","asda",,,
"ASDA",,"https://asdagroceries.scene7.com/is/image/asdagroceries/0000023010772?$ProdList$","ASDA 2 Crisp & Crunchy Little Gem Lettuce",,"false","0.77","https://groceries.asda.com/groceries/product/lettuce-cucumber/asda-2-crisp-crunchy-little-gem-lettuce/858793","romaine lettuce","2026-04-10T19:04:59.895Z","asda",,,
"ASDA",,"https://asdagroceries.scene7.com/is/image/asdagroceries/5054781025702?$ProdList$","ASDA Chopped Tomatoes 400g",,"false","0.47","https://groceries.asda.com/groceries/product/tinned-tomatoes/asda-chopped-tomatoes-400g/5611428","romaine lettuce","2026-04-10T19:04:59.895Z","asda","1.18","per kg","400g"
"Pepsi",,"https://asdagroceries.scene7.com/is/image/asdagroceries/4060800103307?$ProdList$","Pepsi Max No Sugar Cola Bottle 2L",,"false","2.14","https://groceries.asda.com/groceries/product/sugar-free-diet-cola/pepsi-max-no-sugar-cola-bottle-2l/6620","romaine lettuce","2026-04-10T19:04:59.895Z","asda",,,"2L"
"ASDA",,"https://asdagroceries.scene7.com/is/image/asdagroceries/0000020437459?$ProdList$","JUST ESSENTIALS by ASDA Garlic Bread 170g",,"false","0.36","https://groceries.asda.com/groceries/product/baguettes-slices/just-essentials-by-asda-garlic-bread-170g/603602","romaine lettuce","2026-04-10T19:04:59.895Z","asda","2.12","per kg","170g"
"ASDA",,"https://asdagroceries.scene7.com/is/image/asdagroceries/5054781579656?$ProdList$","ASDA Mild & Tender Baby Button Mushrooms 200g",,"false","1.14","https://groceries.asda.com/groceries/product/mushrooms/asda-mild-tender-baby-button-mushrooms-200g/5795228","mushrooms","2026-04-10T19:05:23.817Z","asda","5.7","per kg","200g"
"ASDA",,"https://asdagroceries.scene7.com/is/image/asdagroceries/5052449479010?$ProdList$","ASDA Mild & Versatile White Mushrooms 400g",,"false","1.29","https://groceries.asda.com/groceries/product/mushrooms/asda-mild-versatile-white-mushrooms-400g/4110717","mushrooms","2026-04-10T19:05:23.817Z","asda","3.23","per kg","400g"
"ASDA",,"https://asdagroceries.scene7.com/is/image/asdagroceries/23026339?$ProdList$","ASDA Nutty & Earthy Chestnut Mushrooms 250g",,"false","1.07","https://groceries.asda.com/groceries/product/mushrooms/asda-nutty-earthy-chestnut-mushrooms-250g/212514","mushrooms","2026-04-10T19:05:23.817Z","asda","4.28","per kg","250g"
"Exceptional",,"https://asdagroceries.scene7.com/is/image/asdagroceries/5063089867082?$ProdList$","Exceptional by ASDA British Shiitake Mushrooms 115g",,"false","1.67","https://groceries.asda.com/groceries/product/mushrooms/exceptional-by-asda-british-shiitake-mushrooms-115g/9244038","mushrooms","2026-04-10T19:05:23.817Z","asda","14.52","per kg","115g"
"Exceptional",,"https://asdagroceries.scene7.com/is/image/asdagroceries/5063089867105?$ProdList$","Exceptional by ASDA British Mixed Mushrooms 150g",,"false","1.77","https://groceries.asda.com/groceries/product/mushrooms/exceptional-by-asda-british-mixed-mushrooms-150g/9265767","mushrooms","2026-04-10T19:05:23.817Z","asda","11.8","per kg","150g"
"Merchant",,"https://asdagroceries.scene7.com/is/image/asdagroceries/5018095196596?$ProdList$","Merchant Gourmet 5 Glorious Grains 250g",,"false","1.58","https://groceries.asda.com/groceries/product/brown-rice-quinoa-grains/merchant-gourmet-5-glorious-grains-250g/7675763","penne pasta","2026-04-10T19:05:49.108Z","asda","6.32","per kg","250g"
"ASDA",,"https://asdagroceries.scene7.com/is/image/asdagroceries/5050854976087?$ProdList$","ASDA Penne 500g",,"false","1.2","https://groceries.asda.com/groceries/product/pasta-tubes-shells-spirals/asda-penne-500g/2567932","penne pasta","2026-04-10T19:05:49.108Z","asda","1.38","per kg","500g"
"ASDA",,"https://asdagroceries.scene7.com/is/image/asdagroceries/0000021061868?$ProdList$","ASDA Penne 1kg",,"false","1.28","https://groceries.asda.com/groceries/product/pasta-tubes-shells-spirals/asda-penne-1kg/193328","penne pasta","2026-04-10T19:05:49.108Z","asda","1.28","per kg","1kg"
"ASDA",,"https://asdagroceries.scene7.com/is/image/asdagroceries/27244944?$ProdList$","ASDA Penne 3kg",,"false","3","https://groceries.asda.com/groceries/product/pasta-tubes-shells-spirals/asda-penne-3kg/1168397","penne pasta","2026-04-10T19:05:49.108Z","asda","1","per kg","3kg"
"ASDA",,"https://asdagroceries.scene7.com/is/image/asdagroceries/5054781025276?$ProdList$","ASDA Wholewheat Penne 500g",,"false","1.2","https://groceries.asda.com/groceries/product/pasta-tubes-shells-spirals/asda-wholewheat-penne-500g/5506460","penne pasta","2026-04-10T19:05:49.108Z","asda","1.5","per kg","500g"
"ASDA",,"https://asdagroceries.scene7.com/is/image/asdagroceries/5057172622337?$ProdList$","ASDA Fusilli 1kg",,"false","1.29","https://groceries.asda.com/groceries/product/pasta-tubes-shells-spirals/asda-fusilli-1kg/7006470","fusilli pasta","2026-04-10T19:06:08.370Z","asda","1.29","per kg","1kg"
"ASDA",,"https://asdagroceries.scene7.com/is/image/asdagroceries/21043147?$ProdList$","ASDA Fusilli 500g",,"false","1.2","https://groceries.asda.com/groceries/product/pasta-tubes-shells-spirals/asda-fusilli-500g/21759","fusilli pasta","2026-04-10T19:06:08.370Z","asda","1.5","per kg","500g"
"ASDA",,"https://asdagroceries.scene7.com/is/image/asdagroceries/27244920?$ProdList$","ASDA Fusilli 3kg",,"false","3.8","https://groceries.asda.com/groceries/product/pasta-tubes-shells-spirals/asda-fusilli-3kg/977756","fusilli pasta","2026-04-10T19:06:08.370Z","asda","1.27","per kg","3kg"
"ASDA",,"https://asdagroceries.scene7.com/is/image/asdagroceries/5054781951094?$ProdList$","ASDA Tricolore Fusilli 500g",,"false","1.2","https://groceries.asda.com/groceries/product/pasta-tubes-shells-spirals/asda-tricolore-fusilli-500g/6120018","fusilli pasta","2026-04-10T19:06:08.370Z","asda","1.5","per kg","500g"
"Napolina",,"https://asdagroceries.scene7.com/is/image/asdagroceries/5000232024428?$ProdList$","Napolina Fusilli 500g",,"false","1.5","https://groceries.asda.com/groceries/product/pasta-tubes-shells-spirals/napolina-fusilli-500g/6788774","fusilli pasta","2026-04-10T19:06:08.370Z","asda","3","per kg","500g"
"ASDA",,"https://asdagroceries.scene7.com/is/image/asdagroceries/5054781580072?$ProdList$","JUST ESSENTIALS by ASDA 3 Mixed Peppers",,"false","1.79","https://groceries.asda.com/groceries/product/tomatoes-peppers/just-essentials-by-asda-3-mixed-peppers/5844634","peppers mixed","2026-04-10T19:06:31.289Z","asda",,,
"ASDA",,"https://asdagroceries.scene7.com/is/image/asdagroceries/5054781580096?$ProdList$","ASDA Crisp & Fragrant Sweet Peppers 3 Pack",,"false","2.1","https://groceries.asda.com/groceries/product/tomatoes-peppers/asda-crisp-fragrant-sweet-peppers-3-pack/5844638","peppers mixed","2026-04-10T19:06:31.289Z","asda",,,"3 Pack"
"COOK",,"https://asdagroceries.scene7.com/is/image/asdagroceries/5054781049111?$ProdList$","COOK by ASDA Cook Sliced Mixed Peppers 600g",,"false","1.6","https://groceries.asda.com/groceries/product/view-all-frozen-vegetables/cook-by-asda-cook-sliced-mixed-peppers-600g/5387666","peppers mixed","2026-04-10T19:06:31.289Z","asda","2.67","per kg","600g"
"ASDA",,"https://asdagroceries.scene7.com/is/image/asdagroceries/5054070036884?$ProdList$","ASDA Warm & Fruity Mixed Chillies 60g",,"false","0.53","https://groceries.asda.com/groceries/product/chillies-spices/asda-warm-fruity-mixed-chillies-60g/4928238","peppers mixed","2026-04-10T19:06:31.289Z","asda","8.83","per kg","60g"
"Ben's",,"https://asdagroceries.scene7.com/is/image/asdagroceries/5010034014176?$ProdList$","Ben's Original Mixed Pepper Microwave Rice 220g",,"false","1.32","https://groceries.asda.com/groceries/product/flavoured-microwave-rice/ben-s-original-mixed-pepper-microwave-rice-220g/7696155","peppers mixed","2026-04-10T19:06:31.289Z","asda","6","per kg","220g"
"ASDA",,"https://asdagroceries.scene7.com/is/image/asdagroceries/5054070716007?$ProdList$","ASDA Tagliatelle 500g",,"false","1.2","https://groceries.asda.com/groceries/product/spaghetti-tagliatelle/asda-tagliatelle-500g/5113792","tagliatelle","2026-04-10T19:06:54.826Z","asda","1.5","per kg","500g"
"ASDA",,"https://asdagroceries.scene7.com/is/image/asdagroceries/5050854811654?$ProdList$","ASDA Fresh Egg Tagliatelle 500g",,"false","1.9","https://groceries.asda.com/groceries/product/fresh-pasta/asda-fresh-egg-tagliatelle-500g/2207092","tagliatelle","2026-04-10T19:06:54.826Z","asda","3.8","per kg","500g"
"ASDA",,"https://asdagroceries.scene7.com/is/image/asdagroceries/5054781025320?$ProdList$","ASDA Linguine 500g",,"false","1.2","https://groceries.asda.com/groceries/product/spaghetti-tagliatelle/asda-linguine-500g/5528403","tagliatelle","2026-04-10T19:06:54.826Z","asda","1.5","per kg","500g"
"ASDA",,"https://asdagroceries.scene7.com/is/image/asdagroceries/5057172263660?$ProdList$","ASDA Ham & Mushroom Tagliatelle 400g",,"false","8.5","https://groceries.asda.com/groceries/product/italian-mediterranean/asda-ham-mushroom-tagliatelle-400g/6578897","tagliatelle","2026-04-10T19:06:54.826Z","asda","8.3","per kg","400g"
"ASDA",,"https://asdagroceries.scene7.com/is/image/asdagroceries/5057172263714?$ProdList$","ASDA ASDA Chicken Tagliatelle 400g",,"false","8.5","https://groceries.asda.com/groceries/product/italian-mediterranean/asda-asda-chicken-tagliatelle-400g/6578907","tagliatelle","2026-04-10T19:06:54.826Z","asda","8.3","per kg","400g"
"COOK",,"https://asdagroceries.scene7.com/is/image/asdagroceries/5057172332526?$ProdList$","COOK by ASDA Cook Easy Red Chilli 95g",,"false","1.55","https://groceries.asda.com/groceries/product/spices/cook-by-asda-cook-easy-red-chilli-95g/6685866","red chillies","2026-04-10T19:07:19.887Z","asda","16.32","per kg","95g"
"Very",,"https://asdagroceries.scene7.com/is/image/asdagroceries/5012818160178?$ProdList$","Very Lazy Chopped Red Chillies 190g",,"false","1.94","https://groceries.asda.com/groceries/product/spices/very-lazy-chopped-red-chillies-190g/3118034","red chillies","2026-04-10T19:07:19.887Z","asda","8.21","per kg","190g"
"Tyrrells",,"https://asdagroceries.scene7.com/is/image/asdagroceries/5060042641413?$ProdList$","Tyrrells Sweet Chilli & Red Pepper Sharing Crisps 150g",,"false","2.5","https://groceries.asda.com/groceries/product/sharing-crisps/tyrrells-sweet-chilli-red-pepper-sharing-crisps-150g/5891529","red chillies","2026-04-10T19:07:19.887Z","asda","11.67","per kg","150g"
"ASDA",,"https://asdagroceries.scene7.com/is/image/asdagroceries/5051413650219?$ProdList$","ASDA Red Pepper & Chilli Houmous 200g",,"false","1.4","https://groceries.asda.com/groceries/product/houmous/asda-red-pepper-chilli-houmous-200g/3106386","red chillies","2026-04-10T19:07:19.887Z","asda","7","per kg","200g"
"Rajah",,"https://asdagroceries.scene7.com/is/image/asdagroceries/5015821145866?$ProdList$","Rajah Red Chillies Crushed Spices 200g",,"false","3","https://groceries.asda.com/groceries/product/indian-asian-spices/rajah-red-chillies-crushed-spices-200g/7662526","red chillies","2026-04-10T19:07:19.887Z","asda","15","per kg","200g"
"ASDA",,"https://asdagroceries.scene7.com/is/image/asdagroceries/5054781025320?$ProdList$","ASDA Linguine 500g",,"false","1.2","https://groceries.asda.com/groceries/product/spaghetti-tagliatelle/asda-linguine-500g/5528403","linguine","2026-04-10T19:07:44.113Z","asda","1.5","per kg","500g"
"ASDA",,"https://asdagroceries.scene7.com/is/image/asdagroceries/5063089765319?$ProdList$","ASDA Calorie Controlled Garlic Mushroom Linguine 380g",,"false","3.5","https://groceries.asda.com/groceries/product/vegetarian-ready-meals-soup/asda-calorie-controlled-garlic-mushroom-linguine-380g/9198643","linguine","2026-04-10T19:07:44.113Z","asda","9.21","per kg","380g"
"ASDA",,"https://asdagroceries.scene7.com/is/image/asdagroceries/5054781971801?$ProdList$","ASDA Wholewheat Spaghetti 500g",,"false","1.2","https://groceries.asda.com/groceries/product/spaghetti-tagliatelle/asda-wholewheat-spaghetti-500g/6173267","linguine","2026-04-10T19:07:44.113Z","asda","1.5","per kg","500g"
"Barilla",,"https://asdagroceries.scene7.com/is/image/asdagroceries/8076800195057?$ProdList$","Barilla Pasta Spaghetti 500g",,"false","1","https://groceries.asda.com/groceries/product/spaghetti-tagliatelle/barilla-pasta-spaghetti-500g/6116334","linguine","2026-04-10T19:07:44.113Z","asda","2","per kg","500g"
"Heinz",,"https://asdagroceries.scene7.com/is/image/asdagroceries/5000157006875?$ProdList$","Heinz Spaghetti 400g",,"false","5","https://groceries.asda.com/groceries/product/tinned-pasta/heinz-spaghetti-400g/14119","linguine","2026-04-10T19:07:44.113Z","asda","3.13","per kg","400g"
"ASDA",,"https://asdagroceries.scene7.com/is/image/asdagroceries/5057172194940?$ProdList$","ASDA Mild & Delicate Courgettes 330g",,"false","1.07","https://groceries.asda.com/groceries/product/courgettes-aubergines-squash/asda-mild-delicate-courgettes-330g/6566770","courgettes","2026-04-10T19:08:02.894Z","asda","3.24","per kg","330g"
"ASDA",,"https://asdagroceries.scene7.com/is/image/asdagroceries/0000000007214?$ProdList$","ASDA Courgettes (Typically 0.35KG)",,"false","0.78","https://groceries.asda.com/groceries/product/courgettes-aubergines-squash/asda-courgettes-typically-0-35kg-/150567","courgettes","2026-04-10T19:08:02.894Z","asda","2.22","per kg","0.35KG"
"ASDA",,"https://asdagroceries.scene7.com/is/image/asdagroceries/5054781579601?$ProdList$","ASDA Aubergine",,"false","0.99","https://groceries.asda.com/groceries/product/courgettes-aubergines-squash/asda-aubergine/5795232","courgettes","2026-04-10T19:08:02.894Z","asda",,,
"ASDA",,"https://asdagroceries.scene7.com/is/image/asdagroceries/0000000006439?$ProdList$","ASDA Butternut Squash (Typically 1.2KG)",,"false","1.42","https://groceries.asda.com/groceries/product/courgettes-aubergines-squash/asda-butternut-squash-typically-1-2kg-/164633","courgettes","2026-04-10T19:08:02.894Z","asda","1.18","per kg","1.2KG"
"ASDA",,"https://asdagroceries.scene7.com/is/image/asdagroceries/5057172014965?$ProdList$","ASDA Tender & Sweet Baby Aubergines 300g",,"false","2","https://groceries.asda.com/groceries/product/courgettes-aubergines-squash/asda-tender-sweet-baby-aubergines-300g/6463652","courgettes","2026-04-10T19:08:02.894Z","asda","6.67","per kg","300g"
"ASDA",,"https://asdagroceries.scene7.com/is/image/asdagroceries/5054781579601?$ProdList$","ASDA Aubergine",,"false","0.99","https://groceries.asda.com/groceries/product/courgettes-aubergines-squash/asda-aubergine/5795232","aubergine","2026-04-10T19:08:23.615Z","asda",,,
"ASDA",,"https://asdagroceries.scene7.com/is/image/asdagroceries/5057172194940?$ProdList$","ASDA Mild & Delicate Courgettes 330g",,"false","1.07","https://groceries.asda.com/groceries/product/courgettes-aubergines-squash/asda-mild-delicate-courgettes-330g/6566770","aubergine","2026-04-10T19:08:23.615Z","asda","3.24","per kg","330g"
"ASDA",,"https://asdagroceries.scene7.com/is/image/asdagroceries/0000000007214?$ProdList$","ASDA Courgettes (Typically 0.35KG)",,"false","0.78","https://groceries.asda.com/groceries/product/courgettes-aubergines-squash/asda-courgettes-typically-0-35kg-/150567","aubergine","2026-04-10T19:08:23.615Z","asda","2.22","per kg","0.35KG"
"ASDA",,"https://asdagroceries.scene7.com/is/image/asdagroceries/5057172014965?$ProdList$","ASDA Tender & Sweet Baby Aubergines 300g",,"false","2","https://groceries.asda.com/groceries/product/courgettes-aubergines-squash/asda-tender-sweet-baby-aubergines-300g/6463652","aubergine","2026-04-10T19:08:23.615Z","asda","6.67","per kg","300g"
"ASDA",,"https://asdagroceries.scene7.com/is/image/asdagroceries/0000000006439?$ProdList$","ASDA Butternut Squash (Typically 1.2KG)",,"false","1.42","https://groceries.asda.com/groceries/product/courgettes-aubergines-squash/asda-butternut-squash-typically-1-2kg-/164633","aubergine","2026-04-10T19:08:23.615Z","asda","1.18","per kg","1.2KG"
"Dolmio",,"https://asdagroceries.scene7.com/is/image/asdagroceries/4002359020223?$ProdList$","Dolmio Lasagne Creamy White Pasta Sauce 440g",,"false","3.5","https://groceries.asda.com/groceries/product/cooking-sauces/dolmio-lasagne-creamy-white-pasta-sauce-440g/9132516","lasagne sheets","2026-04-10T19:08:44.411Z","asda","5.61","per kg","440g"
"Dolmio",,"https://asdagroceries.scene7.com/is/image/asdagroceries/4002359020148?$ProdList$","Dolmio Lasagne Red Tomato Pasta Sauce 450g",,"false","3.5","https://groceries.asda.com/groceries/product/cooking-sauces/dolmio-lasagne-red-tomato-pasta-sauce-450g/9132513","lasagne sheets","2026-04-10T19:08:44.411Z","asda","5.49","per kg","450g"
"ASDA",,"https://asdagroceries.scene7.com/is/image/asdagroceries/5063089519530?$ProdList$","ASDA Italian Inspired Lasagne Sheets 375g",,"false","1.2","https://groceries.asda.com/groceries/product/lasagne-sheets-gnocchi/asda-italian-inspired-lasagne-sheets-375g/9228778","lasagne sheets","2026-04-10T19:08:44.411Z","asda","1.87","per kg","375g"
"ASDA",,"https://asdagroceries.scene7.com/is/image/asdagroceries/5057172302062?$ProdList$","ASDA Fresh Egg Lasagne Sheets 300g",,"false","1.9","https://groceries.asda.com/groceries/product/fresh-pasta/asda-fresh-egg-lasagne-sheets-300g/6724333","lasagne sheets","2026-04-10T19:08:44.411Z","asda","6.33","per kg","300g"
"Napolina",,"https://asdagroceries.scene7.com/is/image/asdagroceries/5000232027306?$ProdList$","Napolina Lasagne 375g",,"false","1.23","https://groceries.asda.com/groceries/product/lasagne-sheets-gnocchi/napolina-lasagne-375g/7131128","lasagne sheets","2026-04-10T19:08:44.411Z","asda","3.28","per kg","375g"
"Tilda",,"https://asdagroceries.scene7.com/is/image/asdagroceries/5011157630229?$ProdList$","Tilda Pure Original Basmati Rice 1kg",,"false","4.88","https://groceries.asda.com/groceries/product/long-grain-basmati-rice/tilda-pure-original-basmati-rice-1kg/3206583","basmati rice","2026-04-10T19:09:09.604Z","asda","4","per kg","1kg"
"Ben's",,"https://asdagroceries.scene7.com/is/image/asdagroceries/5010034013681?$ProdList$","Ben's Original Basmati Microwave Rice 220g",,"false","0.97","https://groceries.asda.com/groceries/product/long-grain-basmati-microwave-rice/ben-s-original-basmati-microwave-rice-220g/7548537","basmati rice","2026-04-10T19:09:09.604Z","asda","4.41","per kg","220g"
"ASDA",,"https://asdagroceries.scene7.com/is/image/asdagroceries/21156977?$ProdList$","ASDA Basmati White Rice 1kg",,"false","1.85","https://groceries.asda.com/groceries/product/long-grain-basmati-rice/asda-basmati-white-rice-1kg/18631","basmati rice","2026-04-10T19:09:09.604Z","asda","1.85","per kg","1kg"
"Salaam",,"https://asdagroceries.scene7.com/is/image/asdagroceries/5020580600723?$ProdList$","Salaam Basmati Rice 5kg",,"false","11","https://groceries.asda.com/groceries/product/indian-asian-rice/salaam-basmati-rice-5kg/3973519","basmati rice","2026-04-10T19:09:09.604Z","asda","2.2","per kg","5kg"
"Trophy",,"https://asdagroceries.scene7.com/is/image/asdagroceries/8901047011238?$ProdList$","Trophy Basmati Rice 10kg",,"false","20","https://groceries.asda.com/groceries/product/indian-asian-rice/trophy-basmati-rice-10kg/5208591","basmati rice","2026-04-10T19:09:09.604Z","asda","2","per kg","10kg"
"ASDA",,"https://asdagroceries.scene7.com/is/image/asdagroceries/5057172689057?$ProdList$","JUST ESSENTIALS by ASDA Green Beans 240g",,"false","0.93","https://groceries.asda.com/groceries/product/beans-asparagus-sweetcorn/just-essentials-by-asda-green-beans-240g/7132612","green beans","2026-04-10T19:09:35.096Z","asda","3.88","per kg","240g"
"ASDA",,"https://asdagroceries.scene7.com/is/image/asdagroceries/5052449493122?$ProdList$","ASDA Whole Green Beans 750g",,"false","1.08","https://groceries.asda.com/groceries/product/view-all-frozen-vegetables/asda-whole-green-beans-750g/3843279","green beans","2026-04-10T19:09:35.096Z","asda","1.44","per kg","750g"
"ASDA",,"https://asdagroceries.scene7.com/is/image/asdagroceries/5054781246534?$ProdList$","ASDA Cut Green Beans in Water 400g",,"false","1.26","https://groceries.asda.com/groceries/product/tinned-pulses-lentils/asda-cut-green-beans-in-water-400g/5492593","green beans","2026-04-10T19:09:35.096Z","asda","6.15","per kg","400g"
"ASDA",,"https://asdagroceries.scene7.com/is/image/asdagroceries/5063089866481?$ProdList$","ASDA Crisp & Colourful Broccoli, Carrots Baby Corn & Green Beans 240g",,"false","2.5","https://groceries.asda.com/groceries/product/prepared-roasting-veg/asda-crisp-colourful-broccoli-carrots-baby-corn-green-beans-240g/9249632","green beans","2026-04-10T19:09:35.096Z","asda","5.67","per kg","240g"
"Birds",,"https://asdagroceries.scene7.com/is/image/asdagroceries/5000116112104?$ProdList$","Birds Eye Petits Pois 545g",,"false","2.64","https://groceries.asda.com/groceries/product/frozen-peas-sweetcorn-green-beans/birds-eye-petits-pois-545g/5689875","green beans","2026-04-10T19:09:35.096Z","asda","4.84","per kg","545g"
"Green",,"https://asdagroceries.scene7.com/is/image/asdagroceries/3254474000203?$ProdList$","Green Giant Original 4 x 198g",,"false","3.55","https://groceries.asda.com/groceries/product/tinned-vegetables/green-giant-original-4-x-198g/4435714","sweetcorn","2026-04-10T19:10:02.113Z","asda","5.38","per kg","4 x 198g"
"Green",,"https://asdagroceries.scene7.com/is/image/asdagroceries/3254474009336?$ProdList$","Green Giant Salt Free 4 x 198g",,"false","3.55","https://groceries.asda.com/groceries/product/tinned-vegetables/green-giant-salt-free-4-x-198g/5180673","sweetcorn","2026-04-10T19:10:02.113Z","asda","5.38","per kg","4 x 198g"
"ASDA",,"https://asdagroceries.scene7.com/is/image/asdagroceries/5051413651131?$ProdList$","ASDA 4 Sweet & Juicy Sweetcorn Cobettes",,"false","1.37","https://groceries.asda.com/groceries/product/beans-asparagus-sweetcorn/asda-4-sweet-juicy-sweetcorn-cobettes/4431131","sweetcorn","2026-04-10T19:10:02.113Z","asda",,,
"ASDA",,"https://asdagroceries.scene7.com/is/image/asdagroceries/0000023009240?$ProdList$","ASDA Sweet & Juicy Sweetcorn Twin Pack",,"false","1.37","https://groceries.asda.com/groceries/product/beans-asparagus-sweetcorn/asda-sweet-juicy-sweetcorn-twin-pack/3253169","sweetcorn","2026-04-10T19:10:02.113Z","asda",,,
"ASDA",,"https://asdagroceries.scene7.com/is/image/asdagroceries/5054781248729?$ProdList$","ASDA Sweetcorn in Water 198g",,"false","0.5","https://groceries.asda.com/groceries/product/tinned-vegetables/asda-sweetcorn-in-water-198g/5986511","sweetcorn","2026-04-10T19:10:02.113Z","asda","3.16","per kg","198g"
"Tilda",,"https://asdagroceries.scene7.com/is/image/asdagroceries/5011157630229?$ProdList$","Tilda Pure Original Basmati Rice 1kg",,"false","4.88","https://groceries.asda.com/groceries/product/long-grain-basmati-rice/tilda-pure-original-basmati-rice-1kg/3206583","long grain rice","2026-04-10T19:10:22.325Z","asda","4","per kg","1kg"
"ASDA",,"https://asdagroceries.scene7.com/is/image/asdagroceries/21156946?$ProdList$","ASDA Easy Cook Long Grain White Rice",,"false","1.25","https://groceries.asda.com/groceries/product/long-grain-basmati-rice/asda-easy-cook-long-grain-white-rice/9132441","long grain rice","2026-04-10T19:10:22.325Z","asda","1.25","per kg",
"ASDA",,"https://asdagroceries.scene7.com/is/image/asdagroceries/5054781024811?$ProdList$","ASDA Long Grain Micro Rice 250g",,"false","0.64","https://groceries.asda.com/groceries/product/long-grain-basmati-microwave-rice/asda-long-grain-micro-rice-250g/5498609","long grain rice","2026-04-10T19:10:22.325Z","asda","2.56","per kg","250g"
"ASDA",,"https://asdagroceries.scene7.com/is/image/asdagroceries/21156953?$ProdList$","ASDA Easy Cook Long Grain White Rice",,"false","2.4","https://groceries.asda.com/groceries/product/long-grain-basmati-rice/asda-easy-cook-long-grain-white-rice/9132444","long grain rice","2026-04-10T19:10:22.325Z","asda","1.2","per kg",
"ASDA",,"https://asdagroceries.scene7.com/is/image/asdagroceries/5063089490037?$ProdList$","ASDA Long Grain White Rice 500g",,"false","1.12","https://groceries.asda.com/groceries/product/long-grain-basmati-rice/asda-long-grain-white-rice-500g/9132438","long grain rice","2026-04-10T19:10:22.325Z","asda","2.24","per kg","500g"
"McCain",,"https://asdagroceries.scene7.com/is/image/asdagroceries/5010228005195?$ProdList$","McCain Naked Oven Chips Straight Cut 900g",,"false","2","https://groceries.asda.com/groceries/product/frozen-chips-fries/mccain-naked-oven-chips-straight-cut-900g/6710931","frozen chips oven","2026-04-10T19:10:48.580Z","asda","2.22","per kg","900g"
"McCain",,"https://asdagroceries.scene7.com/is/image/asdagroceries/5010228005157?$ProdList$","McCain Naked Oven Chips Straight Cut 1.7kg",,"false","3.7","https://groceries.asda.com/groceries/product/frozen-chips-fries/mccain-naked-oven-chips-straight-cut-1-7kg/6710935","frozen chips oven","2026-04-10T19:10:48.580Z","asda","2.18","per kg","1.7kg"
"McCain",,"https://asdagroceries.scene7.com/is/image/asdagroceries/5010228001081?$ProdList$","McCain Home Chips Straight Cut 1kg",,"false","3.18","https://groceries.asda.com/groceries/product/frozen-chips-fries/mccain-home-chips-straight-cut-1kg/6710943","frozen chips oven","2026-04-10T19:10:48.580Z","asda","2.5","per kg","1kg"
"McCain",,"https://asdagroceries.scene7.com/is/image/asdagroceries/5010228005317?$ProdList$","McCain Home Chips Crinkle Cut 1.6kg",,"false","4.28","https://groceries.asda.com/groceries/product/frozen-chips-fries/mccain-home-chips-crinkle-cut-1-6kg/6710949","frozen chips oven","2026-04-10T19:10:48.580Z","asda","2.31","per kg","1.6kg"
"McCain",,"https://asdagroceries.scene7.com/is/image/asdagroceries/5010228001845?$ProdList$","McCain Crispy French Fries 1.4kg",,"false","3.75","https://groceries.asda.com/groceries/product/frozen-chips-fries/mccain-crispy-french-fries-1-4kg/4776623","frozen chips oven","2026-04-10T19:10:48.580Z","asda","2.68","per kg","1.4kg"
"ASDA",,"https://asdagroceries.scene7.com/is/image/asdagroceries/T_5063089839119?$ProdList$","ASDA Double Pepperoni Stonebaked Pizza by  309g",,"false","1.65","https://groceries.asda.com/groceries/product/frozen-thin-crust-pizza/asda-double-pepperoni-stonebaked-pizza-by-309g/9216980","frozen pizza","2026-04-10T19:11:20.180Z","asda","5.34","per kg","309g"
"ASDA",,"https://asdagroceries.scene7.com/is/image/asdagroceries/T_5063089839096?$ProdList$","ASDA Four Cheese Stonebaked Pizza 315g",,"false","1.65","https://groceries.asda.com/groceries/product/frozen-thin-crust-pizza/asda-four-cheese-stonebaked-pizza-315g/9224088","frozen pizza","2026-04-10T19:11:20.180Z","asda","5.24","per kg","315g"
"ASDA",,"https://asdagroceries.scene7.com/is/image/asdagroceries/5063089839171?$ProdList$","ASDA BBQ Chicken Stonebaked Pizza 340g",,"false","1.65","https://groceries.asda.com/groceries/product/frozen-thin-crust-pizza/asda-bbq-chicken-stonebaked-pizza-340g/9225090","frozen pizza","2026-04-10T19:11:20.180Z","asda","4.85","per kg","340g"
"ASDA",,"https://asdagroceries.scene7.com/is/image/asdagroceries/5063089839157?$ProdList$","ASDA Sweet Chilli Chicken Stonebaked Pizza 340g",,"false","1.65","https://groceries.asda.com/groceries/product/frozen-thin-crust-pizza/asda-sweet-chilli-chicken-stonebaked-pizza-340g/9223184","frozen pizza","2026-04-10T19:11:20.180Z","asda","4.85","per kg","340g"
"ASDA",,"https://asdagroceries.scene7.com/is/image/asdagroceries/T_5063089839133?$ProdList$","ASDA Ham & Pineapple Stonebaked Pizza 335g",,"false","1.65","https://groceries.asda.com/groceries/product/frozen-thin-crust-pizza/asda-ham-pineapple-stonebaked-pizza-335g/9216242","frozen pizza","2026-04-10T19:11:20.180Z","asda","4.93","per kg","335g"
"ASDA",,"https://asdagroceries.scene7.com/is/image/asdagroceries/5063089822517?$ProdList$","ASDA Tender & Nutty Asparagus 180g",,"false","1.65","https://groceries.asda.com/groceries/product/beans-asparagus-sweetcorn/asda-tender-nutty-asparagus-180g/9221817","asparagus","2026-04-10T19:11:44.001Z","asda","9.17","per kg","180g"
"Exceptional",,"https://asdagroceries.scene7.com/is/image/asdagroceries/5063089866405?$ProdList$","Exceptional by ASDA Asparagus Tips 100g",,"false","1.48","https://groceries.asda.com/groceries/product/beans-asparagus-sweetcorn/exceptional-by-asda-asparagus-tips-100g/9259431","asparagus","2026-04-10T19:11:44.001Z","asda","14.8","per kg","100g"
"ASDA",,"https://asdagroceries.scene7.com/is/image/asdagroceries/5054781512844?$ProdList$","ASDA Tender & Crunchy Trimmed Fine Beans 180g",,"false","1.17","https://groceries.asda.com/groceries/product/beans-asparagus-sweetcorn/asda-tender-crunchy-trimmed-fine-beans-180g/5795236","asparagus","2026-04-10T19:11:44.001Z","asda","6.5","per kg","180g"
"ASDA",,"https://asdagroceries.scene7.com/is/image/asdagroceries/5054781541929?$ProdList$","ASDA Crisp & Nutty Sugarsnap Peas 160g",,"false","1.18","https://groceries.asda.com/groceries/product/beans-asparagus-sweetcorn/asda-crisp-nutty-sugarsnap-peas-160g/5795244","asparagus","2026-04-10T19:11:44.004Z","asda","7.38","per kg","160g"
"ASDA",,"https://asdagroceries.scene7.com/is/image/asdagroceries/5057172194841?$ProdList$","ASDA Mild & Crunch Baby Corn 145g",,"false","1.17","https://groceries.asda.com/groceries/product/beans-asparagus-sweetcorn/asda-mild-crunch-baby-corn-145g/6523635","asparagus","2026-04-10T19:11:44.004Z","asda","8.07","per kg","145g"
"ASDA",,"https://asdagroceries.scene7.com/is/image/asdagroceries/5057172100835?$ProdList$","ASDA Jasmine Micro Rice 250g",,"false","0.64","https://groceries.asda.com/groceries/product/flavoured-microwave-rice/asda-jasmine-micro-rice-250g/6458376","jasmine rice","2026-04-10T19:12:05.818Z","asda","2.56","per kg","250g"
"ASDA",,"https://asdagroceries.scene7.com/is/image/asdagroceries/5054781951902?$ProdList$","ASDA Thai Jasmine Rice 500g",,"false","1.76","https://groceries.asda.com/groceries/product/risotto-paella-flavoured-rice/asda-thai-jasmine-rice-500g/6125972","jasmine rice","2026-04-10T19:12:05.818Z","asda","3.52","per kg","500g"
"Mai",,"https://asdagroceries.scene7.com/is/image/asdagroceries/5020580360238?$ProdList$","Mai Thai AAA Jasmine Fragrant Rice 5kg",,"false","7.97","https://groceries.asda.com/groceries/product/indian-asian-rice/mai-thai-aaa-jasmine-fragrant-rice-5kg/4788360","jasmine rice","2026-04-10T19:12:05.818Z","asda","1.59","per kg","5kg"
"Tilda",,"https://asdagroceries.scene7.com/is/image/asdagroceries/5011157995403?$ProdList$","Tilda Microwave Fragrant Jasmine Rice 250g",,"false","1","https://groceries.asda.com/groceries/product/egg-fried-east-asian-microwave-rice/tilda-microwave-fragrant-jasmine-rice-250g/6458346","jasmine rice","2026-04-10T19:12:05.818Z","asda","3.8","per kg","250g"
"Tilda",,"https://asdagroceries.scene7.com/is/image/asdagroceries/5011157730172?$ProdList$","Tilda Fragrant Jasmine 500g",,"false","2","https://groceries.asda.com/groceries/product/risotto-paella-flavoured-rice/tilda-fragrant-jasmine-500g/2247142","jasmine rice","2026-04-10T19:12:05.818Z","asda","4","per kg","500g"
"ASDA",,"https://asdagroceries.scene7.com/is/image/asdagroceries/5054781951889?$ProdList$","ASDA Risotto Arborio Rice 500g",,"false","2.47","https://groceries.asda.com/groceries/product/risotto-paella-flavoured-rice/asda-risotto-arborio-rice-500g/6125968","risotto rice","2026-04-10T19:12:32.195Z","asda","4.94","per kg","500g"
"Gallo",,"https://asdagroceries.scene7.com/is/image/asdagroceries/8001420009118?$ProdList$","Gallo Traditional Risotto Rice 500g",,"false","2.78","https://groceries.asda.com/groceries/product/risotto-paella-flavoured-rice/gallo-traditional-risotto-rice-500g/5795855","risotto rice","2026-04-10T19:12:32.195Z","asda","4.3","per kg","500g"
"ASDA",,"https://asdagroceries.scene7.com/is/image/asdagroceries/5054781951896?$ProdList$","ASDA Spanish Paella Rice 500g",,"false","2.4","https://groceries.asda.com/groceries/product/risotto-paella-flavoured-rice/asda-spanish-paella-rice-500g/6125970","risotto rice","2026-04-10T19:12:32.195Z","asda","4.8","per kg","500g"
"Tilda",,"https://asdagroceries.scene7.com/is/image/asdagroceries/5011157730172?$ProdList$","Tilda Fragrant Jasmine 500g",,"false","2","https://groceries.asda.com/groceries/product/risotto-paella-flavoured-rice/tilda-fragrant-jasmine-500g/2247142","risotto rice","2026-04-10T19:12:32.195Z","asda","4","per kg","500g"
"ASDA",,"https://asdagroceries.scene7.com/is/image/asdagroceries/5054781951902?$ProdList$","ASDA Thai Jasmine Rice 500g",,"false","1.76","https://groceries.asda.com/groceries/product/risotto-paella-flavoured-rice/asda-thai-jasmine-rice-500g/6125972","risotto rice","2026-04-10T19:12:32.195Z","asda","3.52","per kg","500g"
"ASDA",,"https://asdagroceries.scene7.com/is/image/asdagroceries/0000023003460?$ProdList$","ASDA Table Celery",,"false","0.75","https://groceries.asda.com/groceries/product/celery-spring-onions/asda-table-celery/150431","celery","2026-04-10T19:12:58.013Z","asda",,,
"ASDA",,"https://asdagroceries.scene7.com/is/image/asdagroceries/5050854263071?$ProdList$","ASDA Mild & Crunchy Celery Sticks 350g",,"false","1.26","https://groceries.asda.com/groceries/product/celery-spring-onions/asda-mild-crunchy-celery-sticks-350g/1921729","celery","2026-04-10T19:12:58.013Z","asda","3.6","per kg","350g"
"ASDA",,"https://asdagroceries.scene7.com/is/image/asdagroceries/5050854263026?$ProdList$","ASDA Fragrant & Crunchy Spring Onions",,"false","0.69","https://groceries.asda.com/groceries/product/celery-spring-onions/asda-fragrant-crunchy-spring-onions/1787074","celery","2026-04-10T19:12:58.013Z","asda",,,
"ASDA",,"https://asdagroceries.scene7.com/is/image/asdagroceries/0000023005457?$ProdList$","ASDA Spicy & Peppery Salad Cress",,"false","0.43","https://groceries.asda.com/groceries/product/radish-cress-beetroot/asda-spicy-peppery-salad-cress/150482","celery","2026-04-10T19:12:58.013Z","asda",,,
"ASDA",,"https://asdagroceries.scene7.com/is/image/asdagroceries/5050854288142?$ProdList$","ASDA Fragrant & Crunchy Spring Onions 125g",,"false","0.88","https://groceries.asda.com/groceries/product/celery-spring-onions/asda-fragrant-crunchy-spring-onions-125g/410212","celery","2026-04-10T19:12:58.013Z","asda","7.04","per kg","125g"
"ASDA",,"https://asdagroceries.scene7.com/is/image/asdagroceries/5050854264900?$ProdList$","ASDA 10 Garlic Baguette Slices 260g",,"false","1.23","https://groceries.asda.com/groceries/product/frozen-garlic-bread/asda-10-garlic-baguette-slices-260g/1991466","frozen garlic bread","2026-04-10T19:13:25.713Z","asda","4.73","per kg","260g"
"ASDA",,"https://asdagroceries.scene7.com/is/image/asdagroceries/5054070479810?$ProdList$","ASDA Party Breaded Garlic Mushrooms 400g",,"false","2.6","https://groceries.asda.com/groceries/product/frozen-party-food/asda-party-breaded-garlic-mushrooms-400g/4823442","frozen garlic bread","2026-04-10T19:13:25.713Z","asda","6.5","per kg","400g"
"Discover-In",,"https://asdagroceries.scene7.com/is/image/asdagroceries/5056044700647?$ProdList$","Discover-In Garlic & Herb Chicken Grills 450g",,"false","3.98","https://groceries.asda.com/groceries/product/frozen-breasts-portions-thighs-joints/discover-in-garlic-herb-chicken-grills-450g/9244731","frozen garlic bread","2026-04-10T19:13:25.713Z","asda","8.84","per kg","450g"
"Birds",,"https://asdagroceries.scene7.com/is/image/asdagroceries/5000116125005?$ProdList$","Birds Eye 2 Garlic & Herb Chicken Kievs 204g",,"false","2.98","https://groceries.asda.com/groceries/product/frozen-coated-chicken-burgers/birds-eye-2-garlic-herb-chicken-kievs-204g/6450495","frozen garlic bread","2026-04-10T19:13:25.713Z","asda","14.61","per kg","204g"
"ASDA",,"https://asdagroceries.scene7.com/is/image/asdagroceries/5057172604821_T1?$ProdList$","ASDA Free From Free From Garlic Baguette 170g",,"false","2","https://groceries.asda.com/groceries/product/frozen-free-from/asda-free-from-free-from-garlic-baguette-170g/6939064","frozen garlic bread","2026-04-10T19:13:25.713Z","asda","11.76","per kg","170g"
"ASDA",,"https://asdagroceries.scene7.com/is/image/asdagroceries/5054781796619?$ProdList$","ASDA Soft & Savoury Free Range Egg Noodles 300g",,"false","2.5","https://groceries.asda.com/groceries/product/stir-fry/asda-soft-savoury-free-range-egg-noodles-300g/5996927","egg noodles","2026-04-10T19:13:49.587Z","asda","3.57","per kg","300g"
"Blue",,"https://asdagroceries.scene7.com/is/image/asdagroceries/5010338103767?$ProdList$","Blue Dragon Medium Egg Noodles 250g",,"false","1.33","https://groceries.asda.com/groceries/product/noodles/blue-dragon-medium-egg-noodles-250g/9015556","egg noodles","2026-04-10T19:13:49.587Z","asda","5.32","per kg","250g"
"ASDA",,"https://asdagroceries.scene7.com/is/image/asdagroceries/5054070716472?$ProdList$","ASDA Medium Egg Noodles 250g",,"false","1.15","https://groceries.asda.com/groceries/product/noodles-rice/asda-medium-egg-noodles-250g/9131426","egg noodles","2026-04-10T19:13:49.587Z","asda","4.6","per kg","250g"
"ASDA",,"https://asdagroceries.scene7.com/is/image/asdagroceries/5054070704530?$ProdList$","ASDA Soft & Savoury Free Range Egg Noodles 600g",,"false","1.52","https://groceries.asda.com/groceries/product/stir-fry/asda-soft-savoury-free-range-egg-noodles-600g/5128622","egg noodles","2026-04-10T19:13:49.587Z","asda","2.53","per kg","600g"
"Sharwood's",,"https://asdagroceries.scene7.com/is/image/asdagroceries/5000354924712?$ProdList$","Sharwood's Medium Egg Noodles 226g",,"false","1.6","https://groceries.asda.com/groceries/product/noodles/sharwood-s-medium-egg-noodles-226g/9015568","egg noodles","2026-04-10T19:13:49.587Z","asda","5.53","per kg","226g"
"Carte",,"https://asdagroceries.scene7.com/is/image/asdagroceries/8711327533950?$ProdList$","Carte D'Or Madagascan Vanilla Light Ice Cream Tub 900 ml",,"false","3.74","https://groceries.asda.com/groceries/product/ice-cream-tubs/carte-d-or-madagascan-vanilla-light-ice-cream-tub-900-ml/7239607","vanilla ice cream","2026-04-10T19:14:14.405Z","asda","2.78","per lt","900 ml"
"ASDA",,"https://asdagroceries.scene7.com/is/image/asdagroceries/0000020403676?$ProdList$","ASDA Soft Scoop Vanilla Flavour Ice Cream 2 Litres",,"false","1.85","https://groceries.asda.com/groceries/product/ice-cream-tubs/asda-soft-scoop-vanilla-flavour-ice-cream-2-litres/443464","vanilla ice cream","2026-04-10T19:14:14.405Z","asda",,,"2 Litres"
"ASDA",,"https://asdagroceries.scene7.com/is/image/asdagroceries/5052449342000?$ProdList$","ASDA Really Creamy Vanilla Ice Cream 900ml",,"false","2.52","https://groceries.asda.com/groceries/product/ice-cream-tubs/asda-really-creamy-vanilla-ice-cream-900ml/3736233","vanilla ice cream","2026-04-10T19:14:14.405Z","asda","2.8","per lt","900ml"
"Wall's",,"https://asdagroceries.scene7.com/is/image/asdagroceries/8712566291144?$ProdList$","Wall's Soft Scoop Vanilla Ice Cream Dessert Tub 1800ml",,"false","2.75","https://groceries.asda.com/groceries/product/ice-cream-tubs/wall-s-soft-scoop-vanilla-ice-cream-dessert-tub-1800ml/3669989","vanilla ice cream","2026-04-10T19:14:14.405Z","asda","1.33","per lt","1800ml"
"Carte",,"https://asdagroceries.scene7.com/is/image/asdagroceries/8711327529793?$ProdList$","Carte D'Or Madagascan Vanilla Ice Cream Tub 900ml",,"false","3.74","https://groceries.asda.com/groceries/product/ice-cream-tubs/carte-d-or-madagascan-vanilla-ice-cream-tub-900ml/7239605","vanilla ice cream","2026-04-10T19:14:14.405Z","asda","2.78","per lt","900ml"
"ASDA",,"https://asdagroceries.scene7.com/is/image/asdagroceries/5052449803730?$ProdList$","ASDA Really Creamy Triple Chocolate Ice Cream 900ml",,"false","2.52","https://groceries.asda.com/groceries/product/ice-cream-tubs/asda-really-creamy-triple-chocolate-ice-cream-900ml/4175549","chocolate ice cream","2026-04-10T19:14:42.495Z","asda","2.8","per lt","900ml"
"ASDA",,"https://asdagroceries.scene7.com/is/image/asdagroceries/5057172295722?$ProdList$","ASDA Milk Chocolate Coated Ice Creams 3 x 110ml (330ml)",,"false","2.1","https://groceries.asda.com/groceries/product/ice-cream-cones-sticks-bars/asda-milk-chocolate-coated-ice-creams-3-x-110ml-330ml-/6699592","chocolate ice cream","2026-04-10T19:14:42.495Z","asda","6.36","per lt","3 x 110ml"
"Carte",,"https://asdagroceries.scene7.com/is/image/asdagroceries/8711327534322?$ProdList$","Carte D'Or Indulgent Chocolate Ice Cream Tub 900ml",,"false","3.74","https://groceries.asda.com/groceries/product/ice-cream-tubs/carte-d-or-indulgent-chocolate-ice-cream-tub-900ml/7239611","chocolate ice cream","2026-04-10T19:14:42.495Z","asda","2.78","per lt","900ml"
"Snickers",,"https://asdagroceries.scene7.com/is/image/asdagroceries/5000159460927?$ProdList$","Snickers Chocolate Peanut Ice Cream Bars 4pack (4 x 45.6g)",,"false","2.85","https://groceries.asda.com/groceries/product/ice-cream-cones-sticks-bars/snickers-chocolate-peanut-ice-cream-bars-4pack-4-x-45-6g-/9062097","chocolate ice cream","2026-04-10T19:14:42.495Z","asda","11.13","per lt","4 x 45.6g"
"ASDA",,"https://asdagroceries.scene7.com/is/image/asdagroceries/5057172295708?$ProdList$","ASDA Chocolate Almond Coated Ice Creams 3 x 110ml (330ml)",,"false","2.1","https://groceries.asda.com/groceries/product/ice-cream-cones-sticks-bars/asda-chocolate-almond-coated-ice-creams-3-x-110ml-330ml-/6699590","chocolate ice cream","2026-04-10T19:14:42.495Z","asda","6.36","per lt","3 x 110ml"
"Merchant",,"https://asdagroceries.scene7.com/is/image/asdagroceries/5018095196596?$ProdList$","Merchant Gourmet 5 Glorious Grains 250g",,"false","1.58","https://groceries.asda.com/groceries/product/brown-rice-quinoa-grains/merchant-gourmet-5-glorious-grains-250g/7675763","rice noodles","2026-04-10T19:15:05.079Z","asda","6.32","per kg","250g"
"Merchant",,"https://asdagroceries.scene7.com/is/image/asdagroceries/5018095011318?$ProdList$","Merchant Gourmet Tomatoey French Lentils 250g",,"false","1.58","https://groceries.asda.com/groceries/product/brown-rice-quinoa-grains/merchant-gourmet-tomatoey-french-lentils-250g/7675757","rice noodles","2026-04-10T19:15:05.079Z","asda","6.32","per kg","250g"
"Pot",,"https://asdagroceries.scene7.com/is/image/asdagroceries/8720182841865?$ProdList$","Pot Noodle Chicken Fajita Instant Noodles 90 g",,"false","1.18","https://groceries.asda.com/groceries/product/noodle-pots/pot-noodle-chicken-fajita-instant-noodles-90-g/9110308","rice noodles","2026-04-10T19:15:05.079Z","asda","13.11","per kg","90 g"
"ASDA",,"https://asdagroceries.scene7.com/is/image/asdagroceries/5054070716465?$ProdList$","ASDA Rice Noodles 250g",,"false","1.15","https://groceries.asda.com/groceries/product/noodles/asda-rice-noodles-250g/5295915","rice noodles","2026-04-10T19:15:05.079Z","asda","4.6","per kg","250g"
"ASDA",,"https://asdagroceries.scene7.com/is/image/asdagroceries/5054781796626?$ProdList$","ASDA Mild & Delicate Rice Noodles 225g",,"false","2.5","https://groceries.asda.com/groceries/product/stir-fry/asda-mild-delicate-rice-noodles-225g/5996929","rice noodles","2026-04-10T19:15:05.079Z","asda","4.76","per kg","225g"
"Haribo",,"https://asdagroceries.scene7.com/is/image/asdagroceries/8711327666825?$ProdList$","Haribo Haribo Push-Up Strawberry & Vanilla Ice Cream Lollies 4 x 85ml",,"false","2.98","https://groceries.asda.com/groceries/product/ice-lollies/haribo-haribo-push-up-strawberry-vanilla-ice-cream-lollies-4-x-85ml/9193538","ice lollies","2026-04-10T19:15:28.277Z","asda","8.76","per lt","4 x 85ml"
"Mr",,"https://asdagroceries.scene7.com/is/image/asdagroceries/5060191281195?$ProdList$","Mr Freeze Freeze Pops 20 x 45ml",,"false","1.6","https://groceries.asda.com/groceries/product/ice-cream-cones-ice-pops/mr-freeze-freeze-pops-20-x-45ml/4920534","ice lollies","2026-04-10T19:15:28.277Z","asda","1.78","per lt","20 x 45ml"
"Calippo",,"https://asdagroceries.scene7.com/is/image/asdagroceries/8711327580244?$ProdList$","Calippo Mini Orange and Lemon-Lime Ice Lollies 5 x 80ml",,"false","2.86","https://groceries.asda.com/groceries/product/ice-lollies/calippo-mini-orange-and-lemon-lime-ice-lollies-5-x-80ml/7592670","ice lollies","2026-04-10T19:15:28.277Z","asda","7.15","per lt","5 x 80ml"
"Calippo",,"https://asdagroceries.scene7.com/is/image/asdagroceries/8711327586475?$ProdList$","Calippo Mini Cola Ice Lollies 5 x 80ml",,"false","2.47","https://groceries.asda.com/groceries/product/ice-lollies/calippo-mini-cola-ice-lollies-5-x-80ml/7592668","ice lollies","2026-04-10T19:15:28.277Z","asda","6.18","per lt","5 x 80ml"
"Solero",,"https://asdagroceries.scene7.com/is/image/asdagroceries/8712100889288?$ProdList$","Solero Exotic Ice Cream Sticks 3 x 90ml",,"false","2.74","https://groceries.asda.com/groceries/product/ice-lollies/solero-exotic-ice-cream-sticks-3-x-90ml/5411112","ice lollies","2026-04-10T19:15:28.277Z","asda","10.15","per lt","3 x 90ml"
"ASDA",,"https://asdagroceries.scene7.com/is/image/asdagroceries/5054781248729?$ProdList$","ASDA Sweetcorn in Water 198g",,"false","0.5","https://groceries.asda.com/groceries/product/tinned-vegetables/asda-sweetcorn-in-water-198g/5986511","tinned sweetcorn","2026-04-10T19:15:56.074Z","asda","3.16","per kg","198g"
"ASDA",,"https://asdagroceries.scene7.com/is/image/asdagroceries/5054781248712?$ProdList$","ASDA Sweetcorn in Water 326g",,"false","0.56","https://groceries.asda.com/groceries/product/tinned-vegetables/asda-sweetcorn-in-water-326g/5986509","tinned sweetcorn","2026-04-10T19:15:56.074Z","asda","2.15","per kg","326g"
"ASDA",,"https://asdagroceries.scene7.com/is/image/asdagroceries/5054781248743?$ProdList$","JUST ESSENTIALS by ASDA Just Essentials Sweetcorn 326g",,"false","0.5","https://groceries.asda.com/groceries/product/tinned-vegetables/just-essentials-by-asda-just-essentials-sweetcorn-326g/5986515","tinned sweetcorn","2026-04-10T19:15:56.074Z","asda","1.92","per kg","326g"
"John",,"https://asdagroceries.scene7.com/is/image/asdagroceries/50171071?$ProdList$","John West Cracker Toppers Mayo & Sweetcorn Tuna 80g",,"false","1.68","https://groceries.asda.com/groceries/product/tuna/john-west-cracker-toppers-mayo-sweetcorn-tuna-80g/4809451","tinned sweetcorn","2026-04-10T19:15:56.074Z","asda","21","per kg","80g"
"Rio",,"https://asdagroceries.scene7.com/is/image/asdagroceries/8004030022010?$ProdList$","Rio Mare Insalatissime Sweetcorn Tuna Salad 160g",,"false","1.7","https://groceries.asda.com/groceries/product/tuna/rio-mare-insalatissime-sweetcorn-tuna-salad-160g/9334452","tinned sweetcorn","2026-04-10T19:15:56.074Z","asda","10.63","per kg","160g"
"Heinz",,"https://asdagroceries.scene7.com/is/image/asdagroceries/5000157160218?$ProdList$","Heinz Baked Beans Pizza Flavour 390g",,"false","5","https://groceries.asda.com/groceries/product/baked-beans/heinz-baked-beans-pizza-flavour-390g/9340953","baked beans","2026-04-10T19:16:23.588Z","asda","3.59","per kg","390g"
"Merchant",,"https://asdagroceries.scene7.com/is/image/asdagroceries/5056215601001?$ProdList$","Merchant Gourmet Gourmet Baked Beans 200g",,"false","1.5","https://groceries.asda.com/groceries/product/baked-beans/merchant-gourmet-gourmet-baked-beans-200g/9334631","baked beans","2026-04-10T19:16:23.588Z","asda","7.5","per kg","200g"
"Merchant",,"https://asdagroceries.scene7.com/is/image/asdagroceries/5056215601018?$ProdList$","Merchant Gourmet Barbecue Baked Beans 200g",,"false","1.5","https://groceries.asda.com/groceries/product/baked-beans/merchant-gourmet-barbecue-baked-beans-200g/9341181","baked beans","2026-04-10T19:16:23.588Z","asda","7.5","per kg","200g"
"Bold",,"https://asdagroceries.scene7.com/is/image/asdagroceries/5060940940373?$ProdList$","Bold Bean Co Rich Tomato Baked Beans 390g",,"false","3.5","https://groceries.asda.com/groceries/product/baked-beans/bold-bean-co-rich-tomato-baked-beans-390g/9342156","baked beans","2026-04-10T19:16:23.588Z","asda","8.97","per kg","390g"
"Bold",,"https://asdagroceries.scene7.com/is/image/asdagroceries/5060940940380?$ProdList$","Bold Bean Co Smoky Chilli Baked Beans 390g",,"false","3.5","https://groceries.asda.com/groceries/product/baked-beans/bold-bean-co-smoky-chilli-baked-beans-390g/9341634","baked beans","2026-04-10T19:16:23.588Z","asda","8.97","per kg","390g"
"Heinz",,"https://asdagroceries.scene7.com/is/image/asdagroceries/5000157075017?$ProdList$","Heinz Cream of Tomato Soup 6 x 400g",,"false","5.24","https://groceries.asda.com/groceries/product/tinned-soup/heinz-cream-of-tomato-soup-6-x-400g/5312360","tinned soup","2026-04-10T19:16:49.310Z","asda","2.18","per kg","6 x 400g"
"Heinz",,"https://asdagroceries.scene7.com/is/image/asdagroceries/5000157062758?$ProdList$","Heinz Cream of Tomato Soup  4 x 400g",,"false","3.75","https://groceries.asda.com/groceries/product/tinned-soup/heinz-cream-of-tomato-soup-4-x-400g/1527164","tinned soup","2026-04-10T19:16:49.310Z","asda","2.34","per kg","4 x 400g"
"Heinz",,"https://asdagroceries.scene7.com/is/image/asdagroceries/5000157065032?$ProdList$","Heinz Cream of Chicken Soup 4 x 400g",,"false","3.75","https://groceries.asda.com/groceries/product/tinned-soup/heinz-cream-of-chicken-soup-4-x-400g/5621292","tinned soup","2026-04-10T19:16:49.310Z","asda","2.34","per kg","4 x 400g"
"Heinz",,"https://asdagroceries.scene7.com/is/image/asdagroceries/5000157062673?$ProdList$","Heinz Cream of Tomato Soup 400g",,"false","5","https://groceries.asda.com/groceries/product/tinned-soup/heinz-cream-of-tomato-soup-400g/1526362","tinned soup","2026-04-10T19:16:49.310Z","asda","4.1","per kg","400g"
"Heinz",,"https://asdagroceries.scene7.com/is/image/asdagroceries/5000157062680?$ProdList$","Heinz Cream of Chicken Soup 290g",,"false","5","https://groceries.asda.com/groceries/product/tinned-soup/heinz-cream-of-chicken-soup-290g/1526367","tinned soup","2026-04-10T19:16:49.310Z","asda","4.1","per kg","290g"
"Napolina",,"https://asdagroceries.scene7.com/is/image/asdagroceries/5000232041128?$ProdList$","Napolina Herbs & Garlic Tomato Puree 130g",,"false","1.75","https://groceries.asda.com/groceries/product/passata-tomato-puree/napolina-herbs-garlic-tomato-puree-130g/9294327","chopped tomatoes","2026-04-10T19:17:14.287Z","asda","13.46","per kg","130g"
"Napolina",,"https://asdagroceries.scene7.com/is/image/asdagroceries/5000232041104?$ProdList$","Napolina Chilli & Garlic Tomato Puree 130g",,"false","1.75","https://groceries.asda.com/groceries/product/passata-tomato-puree/napolina-chilli-garlic-tomato-puree-130g/9290811","chopped tomatoes","2026-04-10T19:17:14.287Z","asda","13.46","per kg","130g"
"Mutti",,"https://asdagroceries.scene7.com/is/image/asdagroceries/8005110170348?$ProdList$","Mutti Finely Chopped Tomatoes 4x400g",,"false","5.85","https://groceries.asda.com/groceries/product/tinned-tomatoes/mutti-finely-chopped-tomatoes-4x400g/7043635","chopped tomatoes","2026-04-10T19:17:14.287Z","asda","2.5","per kg","4x400g"
"Napolina",,"https://asdagroceries.scene7.com/is/image/asdagroceries/5010061241699?$ProdList$","Napolina Chopped Tomatoes in a Rich Tomato Juice 4 x 400g",,"false","3.5","https://groceries.asda.com/groceries/product/tinned-tomatoes/napolina-chopped-tomatoes-in-a-rich-tomato-juice-4-x-400g/3503331","chopped tomatoes","2026-04-10T19:17:14.287Z","asda","2.19","per kg","4 x 400g"
"Napolina",,"https://asdagroceries.scene7.com/is/image/asdagroceries/5010061242573?$ProdList$","Napolina Peeled Plum Tomatoes in a Rich Tomato Juice 4 x 400g",,"false","3.5","https://groceries.asda.com/groceries/product/tinned-tomatoes/napolina-peeled-plum-tomatoes-in-a-rich-tomato-juice-4-x-400g/3503333","chopped tomatoes","2026-04-10T19:17:14.287Z","asda","2.19","per kg","4 x 400g"
"ASDA",,"https://asdagroceries.scene7.com/is/image/asdagroceries/5054070651537?$ProdList$","ASDA 30 Omega 3 Fish Fingers 900g",,"false","3.28","https://groceries.asda.com/groceries/product/frozen-fish-fingers-shapes/asda-30-omega-3-fish-fingers-900g/5211358","frozen fish fingers","2026-04-10T19:17:41.285Z","asda","3.64","per kg","900g"
"ASDA",,"https://asdagroceries.scene7.com/is/image/asdagroceries/5051413716991?$ProdList$","ASDA 10 Omega 3 Fish Fingers 300g",,"false","1.12","https://groceries.asda.com/groceries/product/frozen-fish-fingers-shapes/asda-10-omega-3-fish-fingers-300g/2788908","frozen fish fingers","2026-04-10T19:17:41.285Z","asda","3.73","per kg","300g"
"Birds",,"https://asdagroceries.scene7.com/is/image/asdagroceries/5000116111947?$ProdList$","Birds Eye 10 Breaded Cod Fish Fingers 280g",,"false","4.48","https://groceries.asda.com/groceries/product/frozen-fish-fingers-shapes/birds-eye-10-breaded-cod-fish-fingers-280g/5732553","frozen fish fingers","2026-04-10T19:17:41.285Z","asda","13.21","per kg","280g"
"ASDA",,"https://asdagroceries.scene7.com/is/image/asdagroceries/5052449156249?$ProdList$","JUST ESSENTIALS by ASDA Just Essentials by  10 Fish Fingers 250g",,"false","0.8","https://groceries.asda.com/groceries/product/frozen-fish-fingers-shapes/just-essentials-by-asda-just-essentials-by-10-fish-fingers-250g/3535408","frozen fish fingers","2026-04-10T19:17:41.285Z","asda","3.2","per kg","250g"
"Birds",,"https://asdagroceries.scene7.com/is/image/asdagroceries/5000116128921?$ProdList$","Birds Eye 32 Breaded Omega 3 Fish Fingers 896g",,"false","5","https://groceries.asda.com/groceries/product/frozen-fish-fingers-shapes/birds-eye-32-breaded-omega-3-fish-fingers-896g/9104832","frozen fish fingers","2026-04-10T19:17:41.285Z","asda","5.58","per kg","896g"
"Alpro",,"https://asdagroceries.scene7.com/is/image/asdagroceries/5411188119753?$ProdList$","Alpro Barista Coconut Long Life Dairy Free Drink 1L",,"false","2.1","https://groceries.asda.com/groceries/product/oat-nut-drinks/alpro-barista-coconut-long-life-dairy-free-drink-1l/9312411","coconut milk","2026-04-10T19:18:02.315Z","asda","2.1","per lt","1L"
"Alpro",,"https://asdagroceries.scene7.com/is/image/asdagroceries/5411188116592?$ProdList$","Alpro Coconut Long Life Dairy Free Drink 1L",,"false","2.07","https://groceries.asda.com/groceries/product/oat-nut-drinks/alpro-coconut-long-life-dairy-free-drink-1l/4681813","coconut milk","2026-04-10T19:18:02.315Z","asda","2.07","per lt","1L"
"Alpro",,"https://asdagroceries.scene7.com/is/image/asdagroceries/5411188116615?$ProdList$","Alpro Coconut Original Chilled Dairy Free Drink 1L",,"false","2.07","https://groceries.asda.com/groceries/product/oat-nut-drinks/alpro-coconut-original-chilled-dairy-free-drink-1l/4684506","coconut milk","2026-04-10T19:18:02.315Z","asda","2.07","per lt","1L"
"KTC",,"https://asdagroceries.scene7.com/is/image/asdagroceries/5013635330010?$ProdList$","KTC Coconut Milk 400ml",,"false","1.57","https://groceries.asda.com/groceries/product/soy-sauce-fish-sauce/ktc-coconut-milk-400ml/4784823","coconut milk","2026-04-10T19:18:02.315Z","asda","3.93","per kg","400ml"
"Amoy",,"https://asdagroceries.scene7.com/is/image/asdagroceries/5010928459502?$ProdList$","Amoy Coconut Milk 400ml",,"false","2","https://groceries.asda.com/groceries/product/soy-sauce-fish-sauce/amoy-coconut-milk-400ml/7679943","coconut milk","2026-04-10T19:18:02.315Z","asda","5","per lt","400ml"
"Walkers",,"https://asdagroceries.scene7.com/is/image/asdagroceries/5000328015927?$ProdList$","Walkers Baked Sea Salt Multipack Snacks Crisps 6 x 22g",,"false","2.15","https://groceries.asda.com/groceries/product/small-multipack-crisps-4-8-packs-/walkers-baked-sea-salt-multipack-snacks-crisps-6-x-22g/7413412","ready salted crisps","2026-04-10T19:18:23.486Z","asda","16.29","per kg","6 x 22g"
"Walkers",,"https://asdagroceries.scene7.com/is/image/asdagroceries/5000328025438?$ProdList$","Walkers Sensations Salt & Black Peppercorn Sharing Crisps 150g",,"false","2.5","https://groceries.asda.com/groceries/product/sharing-crisps/walkers-sensations-salt-black-peppercorn-sharing-crisps-150g/9078576","ready salted crisps","2026-04-10T19:18:23.486Z","asda","11","per kg","150g"
"Walkers",,"https://asdagroceries.scene7.com/is/image/asdagroceries/5000328035369?$ProdList$","Walkers Salt & Vinegar Multipack Crisps 6x25g",,"false","2.15","https://groceries.asda.com/groceries/product/small-multipack-crisps-4-8-packs-/walkers-salt-vinegar-multipack-crisps-6x25g/9289352","ready salted crisps","2026-04-10T19:18:23.486Z","asda","14.33","per kg","6x25g"
"Walkers",,"https://asdagroceries.scene7.com/is/image/asdagroceries/5000328015910?$ProdList$","Walkers Baked Salt & Vinegar Multipack Snacks Crisps 6 x 22g",,"false","2.15","https://groceries.asda.com/groceries/product/small-multipack-crisps-4-8-packs-/walkers-baked-salt-vinegar-multipack-snacks-crisps-6-x-22g/7413408","ready salted crisps","2026-04-10T19:18:23.486Z","asda","16.29","per kg","6 x 22g"
"ASDA",,"https://asdagroceries.scene7.com/is/image/asdagroceries/5050854334016?$ProdList$","ASDA Ready Salted Crisps 6 x 25g (150g)",,"false","1","https://groceries.asda.com/groceries/product/small-multipack-crisps-4-8-packs-/asda-ready-salted-crisps-6-x-25g-150g-/3279082","ready salted crisps","2026-04-10T19:18:23.486Z","asda","6.67","per kg","6 x 25g"
"Bold",,"https://asdagroceries.scene7.com/is/image/asdagroceries/5060940940182?$ProdList$","Bold Bean Co Queen Chickpeas 570g",,"false","3.25","https://groceries.asda.com/groceries/product/tinned-pulses-lentils/bold-bean-co-queen-chickpeas-570g/9335440","chickpeas tinned","2026-04-10T19:18:44.419Z","asda","8.13","per kg","570g"
"George",,"https://asdagroceries.scene7.com/is/image/asdagroceries/T_5057172361304?$ProdList$","George Home Black Electric Can Opener",,"false","10","https://groceries.asda.com/groceries/product/cooking-utensils-food-preparation/george-home-black-electric-can-opener/6736498","chickpeas tinned","2026-04-10T19:18:44.419Z","asda","10","per each",
"ASDA",,"https://asdagroceries.scene7.com/is/image/asdagroceries/5050854663574?$ProdList$","ASDA Organic Organic Chickpeas in Water 400g",,"false","1.24","https://groceries.asda.com/groceries/product/tinned-pulses-lentils/asda-organic-organic-chickpeas-in-water-400g/2263596","chickpeas tinned","2026-04-10T19:18:44.419Z","asda","5.17","per kg","400g"
"Napolina",,"https://asdagroceries.scene7.com/is/image/asdagroceries/5000232844217?$ProdList$","Napolina Chickpeas in Water 240g",,"false","1.5","https://groceries.asda.com/groceries/product/tinned-pulses-lentils/napolina-chickpeas-in-water-240g/5871301","chickpeas tinned","2026-04-10T19:18:44.419Z","asda","4.17","per kg","240g"
"ASDA",,"https://asdagroceries.scene7.com/is/image/asdagroceries/5054070637128?$ProdList$","ASDA Chickpeas in Water 400g",,"false","0.54","https://groceries.asda.com/groceries/product/tinned-pulses-lentils/asda-chickpeas-in-water-400g/5016063","chickpeas tinned","2026-04-10T19:18:44.419Z","asda","2.25","per kg","400g"
"ASDA",,"https://asdagroceries.scene7.com/is/image/asdagroceries/5054070637067?$ProdList$","ASDA Red Kidney Beans in Water 400g",,"false","0.45","https://groceries.asda.com/groceries/product/tinned-pulses-lentils/asda-red-kidney-beans-in-water-400g/5005360","kidney beans tinned","2026-04-10T19:19:07.177Z","asda","1.88","per kg","400g"
"Napolina",,"https://asdagroceries.scene7.com/is/image/asdagroceries/5000232844231?$ProdList$","Napolina Red Kidney Beans in Water 400g",,"false","1.5","https://groceries.asda.com/groceries/product/tinned-pulses-lentils/napolina-red-kidney-beans-in-water-400g/5871303","kidney beans tinned","2026-04-10T19:19:07.177Z","asda","4.17","per kg","400g"
"ASDA",,"https://asdagroceries.scene7.com/is/image/asdagroceries/5054781874379?$ProdList$","ASDA Chilli Beans in Chilli Sauce 390g",,"false","0.94","https://groceries.asda.com/groceries/product/tinned-pulses-lentils/asda-chilli-beans-in-chilli-sauce-390g/6038337","kidney beans tinned","2026-04-10T19:19:07.177Z","asda","2.41","per kg","390g"
"George",,"https://asdagroceries.scene7.com/is/image/asdagroceries/T_5057172361304?$ProdList$","George Home Black Electric Can Opener",,"false","10","https://groceries.asda.com/groceries/product/cooking-utensils-food-preparation/george-home-black-electric-can-opener/6736498","kidney beans tinned","2026-04-10T19:19:07.177Z","asda","10","per each",
"ASDA",,"https://asdagroceries.scene7.com/is/image/asdagroceries/5050854663550?$ProdList$","ASDA Organic Organic Red Kidney Beans in Water 400g",,"false","1.24","https://groceries.asda.com/groceries/product/tinned-pulses-lentils/asda-organic-organic-red-kidney-beans-in-water-400g/2263594","kidney beans tinned","2026-04-10T19:19:07.177Z","asda","5.17","per kg","400g"
"Heinz",,"https://asdagroceries.scene7.com/is/image/asdagroceries/5000157146342?$ProdList$","Heinz Tomato Grana Padano Mascarpone Pasta Sauce 350G",,"false","1.56","https://groceries.asda.com/groceries/product/white-cheese-sauces/heinz-tomato-grana-padano-mascarpone-pasta-sauce-350g/7297931","pasta sauce tomato","2026-04-10T19:19:29.485Z","asda","4.46","per kg","350G"
"ASDA",,"https://asdagroceries.scene7.com/is/image/asdagroceries/5052449668629?$ProdList$","ASDA Tomato & Garlic Pasta Sauce 500g",,"false","0.69","https://groceries.asda.com/groceries/product/tomato-pasta-sauces/asda-tomato-garlic-pasta-sauce-500g/4039503","pasta sauce tomato","2026-04-10T19:19:29.486Z","asda","1.38","per kg","500g"
"ASDA",,"https://asdagroceries.scene7.com/is/image/asdagroceries/27325704?$ProdList$","ASDA Creamy Tomato Pasta Bake 500g",,"false","0.69","https://groceries.asda.com/groceries/product/lasagne-pasta-bake-sauces/asda-creamy-tomato-pasta-bake-500g/789817","pasta sauce tomato","2026-04-10T19:19:29.486Z","asda","1.38","per kg","500g"
"ASDA",,"https://asdagroceries.scene7.com/is/image/asdagroceries/5063089004166?$ProdList$","ASDA Tomato & Basil Stir-In Sauce 190g",,"false","1.48","https://groceries.asda.com/groceries/product/tomato-pasta-sauces/asda-tomato-basil-stir-in-sauce-190g/7458116","pasta sauce tomato","2026-04-10T19:19:29.486Z","asda","7.79","per kg","190g"
"ASDA",,"https://asdagroceries.scene7.com/is/image/asdagroceries/5052449668643?$ProdList$","ASDA Chunky Veg & Tomato Pasta Sauce 500g",,"false","0.75","https://groceries.asda.com/groceries/product/tomato-pasta-sauces/asda-chunky-veg-tomato-pasta-sauce-500g/4039507","pasta sauce tomato","2026-04-10T19:19:29.486Z","asda","1.5","per kg","500g"
"Walkers",,"https://asdagroceries.scene7.com/is/image/asdagroceries/5000328015873?$ProdList$","Walkers Baked Cheese & Onion Multipack Snacks Crisps 6 x 22g",,"false","2.15","https://groceries.asda.com/groceries/product/small-multipack-crisps-4-8-packs-/walkers-baked-cheese-onion-multipack-snacks-crisps-6-x-22g/7413414","cheese onion crisps","2026-04-10T19:19:58.607Z","asda","16.29","per kg","6 x 22g"
"Walkers",,"https://asdagroceries.scene7.com/is/image/asdagroceries/5000328025469?$ProdList$","Walkers Sensations Mature Cheddar Cheese & Chilli Sharing Crisps 150g",,"false","2.5","https://groceries.asda.com/groceries/product/sharing-crisps/walkers-sensations-mature-cheddar-cheese-chilli-sharing-crisps-150g/9078579","cheese onion crisps","2026-04-10T19:19:58.607Z","asda","11","per kg","150g"
"Walkers",,"https://asdagroceries.scene7.com/is/image/asdagroceries/5000328034805?$ProdList$","Walkers Crisps Picked Onion, 6x25g",,"false","2.15","https://groceries.asda.com/groceries/product/small-multipack-crisps-4-8-packs-/walkers-crisps-picked-onion-6x25g/9289872","cheese onion crisps","2026-04-10T19:19:58.607Z","asda","14.33","per kg","6x25g"
"Sensations",,"https://asdagroceries.scene7.com/is/image/asdagroceries/5000328787251?$ProdList$","Sensations Balsamic Vinegar & Caramelised Onion Sharing Crisps 150g",,"false","2.5","https://groceries.asda.com/groceries/product/sharing-crisps/sensations-balsamic-vinegar-caramelised-onion-sharing-crisps-150g/3369362","cheese onion crisps","2026-04-10T19:19:58.607Z","asda","11","per kg","150g"
"Walkers",,"https://asdagroceries.scene7.com/is/image/asdagroceries/5000328015941?$ProdList$","Walkers Baked Variety Multipack Snacks Crisps 6 x 22g",,"false","2.15","https://groceries.asda.com/groceries/product/small-multipack-crisps-4-8-packs-/walkers-baked-variety-multipack-snacks-crisps-6-x-22g/7413410","cheese onion crisps","2026-04-10T19:19:58.607Z","asda","16.29","per kg","6 x 22g"
"Napolina",,"https://asdagroceries.scene7.com/is/image/asdagroceries/5000232001108?$ProdList$","Napolina Lentils in Water 400g",,"false","1.5","https://groceries.asda.com/groceries/product/tinned-pulses-lentils/napolina-lentils-in-water-400g/6105573","lentils tinned","2026-04-10T19:20:25.288Z","asda","3.77","per kg","400g"
"The",,"https://asdagroceries.scene7.com/is/image/asdagroceries/5063089394915?$ProdList$","The Health Menu by ASDA The Health Menu Smoky BBQ Mixed Beans 250g",,"false","1.3","https://groceries.asda.com/groceries/product/tinned-pulses-lentils/the-health-menu-by-asda-the-health-menu-smoky-bbq-mixed-beans-250g/9055192","lentils tinned","2026-04-10T19:20:25.288Z","asda","5.2","per kg","250g"
"Napolina",,"https://asdagroceries.scene7.com/is/image/asdagroceries/5000232844279?$ProdList$","Napolina Cannellini Beans in Water 400g",,"false","1.5","https://groceries.asda.com/groceries/product/tinned-pulses-lentils/napolina-cannellini-beans-in-water-400g/5871307","lentils tinned","2026-04-10T19:20:25.288Z","asda","4.17","per kg","400g"
"ASDA",,"https://asdagroceries.scene7.com/is/image/asdagroceries/5054781874386?$ProdList$","ASDA Mexican Style Bean Mix in Water 400g",,"false","0.94","https://groceries.asda.com/groceries/product/tinned-pulses-lentils/asda-mexican-style-bean-mix-in-water-400g/6038339","lentils tinned","2026-04-10T19:20:25.288Z","asda","3.92","per kg","400g"
"ASDA",,"https://asdagroceries.scene7.com/is/image/asdagroceries/5054070637142?$ProdList$","ASDA Broad Beans in Water 300g",,"false","0.86","https://groceries.asda.com/groceries/product/tinned-pulses-lentils/asda-broad-beans-in-water-300g/5005384","lentils tinned","2026-04-10T19:20:25.288Z","asda","4.53","per kg","300g"
"Walkers",,"https://asdagroceries.scene7.com/is/image/asdagroceries/5000328035369?$ProdList$","Walkers Salt & Vinegar Multipack Crisps 6x25g",,"false","2.15","https://groceries.asda.com/groceries/product/small-multipack-crisps-4-8-packs-/walkers-salt-vinegar-multipack-crisps-6x25g/9289352","salt vinegar crisps","2026-04-10T19:20:53.480Z","asda","14.33","per kg","6x25g"
"Walkers",,"https://asdagroceries.scene7.com/is/image/asdagroceries/5000328035901?$ProdList$","Walkers Salt & Vinegar Sharing Crisps 150g",,"false","1.35","https://groceries.asda.com/groceries/product/sharing-crisps/walkers-salt-vinegar-sharing-crisps-150g/9290227","salt vinegar crisps","2026-04-10T19:20:53.480Z","asda","9","per kg","150g"
"Sensations",,"https://asdagroceries.scene7.com/is/image/asdagroceries/5000328787251?$ProdList$","Sensations Balsamic Vinegar & Caramelised Onion Sharing Crisps 150g",,"false","2.5","https://groceries.asda.com/groceries/product/sharing-crisps/sensations-balsamic-vinegar-caramelised-onion-sharing-crisps-150g/3369362","salt vinegar crisps","2026-04-10T19:20:53.480Z","asda","11","per kg","150g"
"Walkers",,"https://asdagroceries.scene7.com/is/image/asdagroceries/5000328015910?$ProdList$","Walkers Baked Salt & Vinegar Multipack Snacks Crisps 6 x 22g",,"false","2.15","https://groceries.asda.com/groceries/product/small-multipack-crisps-4-8-packs-/walkers-baked-salt-vinegar-multipack-snacks-crisps-6-x-22g/7413408","salt vinegar crisps","2026-04-10T19:20:53.480Z","asda","16.29","per kg","6 x 22g"
"Doritos",,"https://asdagroceries.scene7.com/is/image/asdagroceries/5000328031729?$ProdList$","Doritos Zingy Salt & Vinegar Tortilla Chips Sharing Bag Crisps 180g",,"false","2.5","https://groceries.asda.com/groceries/product/sharing-crisps/doritos-zingy-salt-vinegar-tortilla-chips-sharing-bag-crisps-180g/9228850","salt vinegar crisps","2026-04-10T19:20:53.480Z","asda","9.72","per kg","180g"
"ASDA",,"https://asdagroceries.scene7.com/is/image/asdagroceries/21069703?$ProdList$","ASDA Green Pesto 190g",,"false","0.99","https://groceries.asda.com/groceries/product/pesto/asda-green-pesto-190g/223052","pesto green","2026-04-10T19:21:16.473Z","asda","5.21","per kg","190g"
"ASDA",,"https://asdagroceries.scene7.com/is/image/asdagroceries/5050854467325?$ProdList$","ASDA Italian Inspired Green Pesto 190g",,"false","1.3","https://groceries.asda.com/groceries/product/pesto/asda-italian-inspired-green-pesto-190g/1925331","pesto green","2026-04-10T19:21:16.473Z","asda","6.84","per kg","190g"
"ASDA",,"https://asdagroceries.scene7.com/is/image/asdagroceries/5057172332700?$ProdList$","ASDA Green Pesto Micro Pasta 200g",,"false","1.25","https://groceries.asda.com/groceries/product/microwave-pasta/asda-green-pesto-micro-pasta-200g/6694276","pesto green","2026-04-10T19:21:16.473Z","asda","6.25","per kg","200g"
"ASDA",,"https://asdagroceries.scene7.com/is/image/asdagroceries/5054781951582?$ProdList$","ASDA Free From Free From by  Green Pesto 190g",,"false","1.05","https://groceries.asda.com/groceries/product/pesto/asda-free-from-free-from-by-green-pesto-190g/6124210","pesto green","2026-04-10T19:21:16.473Z","asda","5.53","per kg","190g"
"Loyd",,"https://asdagroceries.scene7.com/is/image/asdagroceries/5000354922459?$ProdList$","Loyd Grossman Italian Green Pesto Alla Genovese 190g",,"false","2.95","https://groceries.asda.com/groceries/product/cooking-sauces/loyd-grossman-italian-green-pesto-alla-genovese-190g/9241263","pesto green","2026-04-10T19:21:16.473Z","asda","13.16","per kg","190g"
"COOK",,"https://asdagroceries.scene7.com/is/image/asdagroceries/5054070650042?$ProdList$","COOK by ASDA Tikka Masala Curry Paste 200g",,"false","2.23","https://groceries.asda.com/groceries/product/curry-pastes-coconut-milk/cook-by-asda-tikka-masala-curry-paste-200g/5017658","curry paste tikka","2026-04-10T19:21:38.071Z","asda","11.15","per kg","200g"
"Sharwood's",,"https://asdagroceries.scene7.com/is/image/asdagroceries/5000354924248?$ProdList$","Sharwood's Indian Tikka Masala Reduced Fat Curry Paste 280g",,"false","2.17","https://groceries.asda.com/groceries/product/curry-cooking-sauces-pastes/sharwood-s-indian-tikka-masala-reduced-fat-curry-paste-280g/9167521","curry paste tikka","2026-04-10T19:21:38.071Z","asda","7.75","per kg","280g"
"Patak's",,"https://asdagroceries.scene7.com/is/image/asdagroceries/5011308000994?$ProdList$","Patak's Tikka Masala Curry Spice Paste 283g",,"false","2.86","https://groceries.asda.com/groceries/product/curry-pastes-coconut-milk/patak-s-tikka-masala-curry-spice-paste-283g/962155","curry paste tikka","2026-04-10T19:21:38.071Z","asda","10.11","per kg","283g"
"Patak's",,"https://asdagroceries.scene7.com/is/image/asdagroceries/5011308900928?$ProdList$","Patak's Tikka Masala Paste Pots 2 x 70g",,"false","1.43","https://groceries.asda.com/groceries/product/curry-pastes-coconut-milk/patak-s-tikka-masala-paste-pots-2-x-70g/5824976","curry paste tikka","2026-04-10T19:21:38.071Z","asda","10.21","per kg","2 x 70g"
"The",,"https://asdagroceries.scene7.com/is/image/asdagroceries/5052675040206?$ProdList$","The Spice Tailor Tikka Masala Indian Curry Sauce Meal Kit 300g",,"false","3.78","https://groceries.asda.com/groceries/product/curry-cooking-sauces-pastes/the-spice-tailor-tikka-masala-indian-curry-sauce-meal-kit-300g/5498629","curry paste tikka","2026-04-10T19:21:38.071Z","asda","12.6","per kg","300g"
"Doritos",,"https://asdagroceries.scene7.com/is/image/asdagroceries/5000328028613?$ProdList$","Doritos Cool Original Tortilla Chips Sharing Bag Crisps 180g",,"false","2.5","https://groceries.asda.com/groceries/product/tortilla-chips-dips/doritos-cool-original-tortilla-chips-sharing-bag-crisps-180g/9167527","tortilla chips","2026-04-10T19:22:05.124Z","asda","13.89","per kg","180g"
"Doritos",,"https://asdagroceries.scene7.com/is/image/asdagroceries/5000328029146?$ProdList$","Doritos Chilli Heatwave Tortilla Chips Sharing Bag Crisps 180g",,"false","2.5","https://groceries.asda.com/groceries/product/tortilla-chips-dips/doritos-chilli-heatwave-tortilla-chips-sharing-bag-crisps-180g/9167530","tortilla chips","2026-04-10T19:22:05.124Z","asda","13.89","per kg","180g"
"Doritos",,"https://asdagroceries.scene7.com/is/image/asdagroceries/5000328028651?$ProdList$","Doritos Tangy Cheese Tortilla Chips Sharing Bag Crisps 180g",,"false","2.5","https://groceries.asda.com/groceries/product/tortilla-chips-dips/doritos-tangy-cheese-tortilla-chips-sharing-bag-crisps-180g/9167524","tortilla chips","2026-04-10T19:22:05.124Z","asda","13.89","per kg","180g"
"Doritos",,"https://asdagroceries.scene7.com/is/image/asdagroceries/5000328031729?$ProdList$","Doritos Zingy Salt & Vinegar Tortilla Chips Sharing Bag Crisps 180g",,"false","2.5","https://groceries.asda.com/groceries/product/sharing-crisps/doritos-zingy-salt-vinegar-tortilla-chips-sharing-bag-crisps-180g/9228850","tortilla chips","2026-04-10T19:22:05.124Z","asda","9.72","per kg","180g"
"Doritos",,"https://asdagroceries.scene7.com/is/image/asdagroceries/5000328028781?$ProdList$","Doritos Cool Original Tortilla Chips Multipack Crisps 5x30g",,"false","2.15","https://groceries.asda.com/groceries/product/tortilla-chips-dips/doritos-cool-original-tortilla-chips-multipack-crisps-5x30g/9167533","tortilla chips","2026-04-10T19:22:05.124Z","asda","11.67","per kg","5x30g"
"ASDA",,"https://asdagroceries.scene7.com/is/image/asdagroceries/5054070637104?$ProdList$","ASDA Butter Beans in Water 400g",,"false","0.45","https://groceries.asda.com/groceries/product/tinned-pulses-lentils/asda-butter-beans-in-water-400g/5005344","butter beans tinned","2026-04-10T19:22:27.875Z","asda","1.91","per kg","400g"
"Napolina",,"https://asdagroceries.scene7.com/is/image/asdagroceries/5000232844255?$ProdList$","Napolina Butter Beans in Water 400g",,"false","1.5","https://groceries.asda.com/groceries/product/tinned-pulses-lentils/napolina-butter-beans-in-water-400g/5871305","butter beans tinned","2026-04-10T19:22:27.875Z","asda","4.17","per kg","400g"
"Bold",,"https://asdagroceries.scene7.com/is/image/asdagroceries/5060940940175?$ProdList$","Bold Bean Co Queen Butter Beans 570g",,"false","3.25","https://groceries.asda.com/groceries/product/tinned-pulses-lentils/bold-bean-co-queen-butter-beans-570g/9334215","butter beans tinned","2026-04-10T19:22:27.875Z","asda","8.13","per kg","570g"
"ASDA",,"https://asdagroceries.scene7.com/is/image/asdagroceries/21122361?$ProdList$","ASDA + Ibuprofen 200mg Caplets 16 Caplets",,"false","0.35","https://groceries.asda.com/groceries/product/ibuprofen/asda--ibuprofen-200mg-caplets-16-caplets/645381","butter beans tinned","2026-04-10T19:22:27.875Z","asda",,,
"Pepsi",,"https://asdagroceries.scene7.com/is/image/asdagroceries/4060800103307?$ProdList$","Pepsi Max No Sugar Cola Bottle 2L",,"false","2.14","https://groceries.asda.com/groceries/product/sugar-free-diet-cola/pepsi-max-no-sugar-cola-bottle-2l/6620","butter beans tinned","2026-04-10T19:22:27.875Z","asda",,,"2L"
"ASDA",,"https://asdagroceries.scene7.com/is/image/asdagroceries/5057172886852?$ProdList$","ASDA Mixed Nut Selection 190g",,"false","2.02","https://groceries.asda.com/groceries/product/salted-roasted-flavoured-nuts/asda-mixed-nut-selection-190g/7328821","mixed nuts","2026-04-10T19:22:52.503Z","asda","10.63","per kg","190g"
"ASDA",,"https://asdagroceries.scene7.com/is/image/asdagroceries/5054070729595?$ProdList$","ASDA Chopped Mixed Nuts 150g",,"false","1.28","https://groceries.asda.com/groceries/product/baking-nuts-seeds-fruit/asda-chopped-mixed-nuts-150g/5123029","mixed nuts","2026-04-10T19:22:52.503Z","asda","8.53","per kg","150g"
"ASDA",,"https://asdagroceries.scene7.com/is/image/asdagroceries/5052449651065?$ProdList$","ASDA Roasted & Salted Mixed Nuts 200g",,"false","2.25","https://groceries.asda.com/groceries/product/salted-roasted-flavoured-nuts/asda-roasted-salted-mixed-nuts-200g/4007072","mixed nuts","2026-04-10T19:22:52.503Z","asda","11.25","per kg","200g"
"ASDA",,"https://asdagroceries.scene7.com/is/image/asdagroceries/5054070630044?$ProdList$","ASDA Mixed Fruit 500g",,"false","1.8","https://groceries.asda.com/groceries/product/baking-nuts-seeds-fruit/asda-mixed-fruit-500g/4960079","mixed nuts","2026-04-10T19:22:52.503Z","asda","3.6","per kg","500g"
"ASDA",,"https://asdagroceries.scene7.com/is/image/asdagroceries/5057172152162?$ProdList$","ASDA Mixed Fruit Snack Boxes 10 x 14g (140g)",,"false","1.1","https://groceries.asda.com/groceries/product/snacking-pots/asda-mixed-fruit-snack-boxes-10-x-14g-140g-/6454542","mixed nuts","2026-04-10T19:22:52.503Z","asda","7.14","per kg","10 x 14g"
"ASDA",,"https://asdagroceries.scene7.com/is/image/asdagroceries/5054781874850?$ProdList$","ASDA Tuna Chunks in Spring Water 4 x 145g (580g)",,"false","2.49","https://groceries.asda.com/groceries/product/tuna/asda-tuna-chunks-in-spring-water-4-x-145g-580g-/6104910","tinned tuna","2026-04-10T19:23:16.608Z","asda","6.1","per kg","4 x 145g"
"ASDA",,"https://asdagroceries.scene7.com/is/image/asdagroceries/5054781874836?$ProdList$","ASDA Tuna Chunks in Brine 4 x 145g (580g)",,"false","2.49","https://groceries.asda.com/groceries/product/tuna/asda-tuna-chunks-in-brine-4-x-145g-580g-/6104906","tinned tuna","2026-04-10T19:23:16.608Z","asda","6.1","per kg","4 x 145g"
"John",,"https://asdagroceries.scene7.com/is/image/asdagroceries/5000171061492?$ProdList$","John West Tuna Chunks in Spring Water 4x125g (102g drained)",,"false","4.24","https://groceries.asda.com/groceries/product/tuna/john-west-tuna-chunks-in-spring-water-4x125g-102g-drained-/9108841","tinned tuna","2026-04-10T19:23:16.608Z","asda","8.58","per kg","4x125g"
"John",,"https://asdagroceries.scene7.com/is/image/asdagroceries/5000171061485?$ProdList$","John West Tuna Chunks in Sunflower Oil 4x125g (95g drained)",,"false","4.24","https://groceries.asda.com/groceries/product/tuna/john-west-tuna-chunks-in-sunflower-oil-4x125g-95g-drained-/9108838","tinned tuna","2026-04-10T19:23:16.608Z","asda","9.21","per kg","4x125g"
"ASDA",,"https://asdagroceries.scene7.com/is/image/asdagroceries/5054781874997?$ProdList$","ASDA Tuna Chunks in Spring Water 145g",,"false","0.72","https://groceries.asda.com/groceries/product/tuna/asda-tuna-chunks-in-spring-water-145g/6117168","tinned tuna","2026-04-10T19:23:16.608Z","asda","7.06","per kg","145g"
"Patak's",,"https://asdagroceries.scene7.com/is/image/asdagroceries/5011308900935?$ProdList$","Patak's Korma Paste Pots 2 x 70g",,"false","1.43","https://groceries.asda.com/groceries/product/curry-pastes-coconut-milk/patak-s-korma-paste-pots-2-x-70g/5824978","curry paste korma","2026-04-10T19:23:43.185Z","asda","10.21","per kg","2 x 70g"
"Patak's",,"https://asdagroceries.scene7.com/is/image/asdagroceries/5011308000314?$ProdList$","Patak's Korma Curry Spice Paste 290g",,"false","2.86","https://groceries.asda.com/groceries/product/curry-pastes-coconut-milk/patak-s-korma-curry-spice-paste-290g/21741","curry paste korma","2026-04-10T19:23:43.185Z","asda","9.86","per kg","290g"
"ASDA",,"https://asdagroceries.scene7.com/is/image/asdagroceries/5054781729747?$ProdList$","ASDA Korma Curry Paste 220g",,"false","2.34","https://groceries.asda.com/groceries/product/curry-pastes-coconut-milk/asda-korma-curry-paste-220g/5904835","curry paste korma","2026-04-10T19:23:43.185Z","asda","10.64","per kg","220g"
"Patak's",,"https://asdagroceries.scene7.com/is/image/asdagroceries/5011308505024?$ProdList$","Patak's Korma Curry Sauce 450g",,"false","3.5","https://groceries.asda.com/groceries/product/curry-cooking-sauces-pastes/patak-s-korma-curry-sauce-450g/4074071","curry paste korma","2026-04-10T19:23:43.185Z","asda","5.27","per kg","450g"
"Sharwood's",,"https://asdagroceries.scene7.com/is/image/asdagroceries/5000354924262?$ProdList$","Sharwood's Indian Korma Reduced Fat Curry Paste 280g",,"false","2.17","https://groceries.asda.com/groceries/product/curry-cooking-sauces-pastes/sharwood-s-indian-korma-reduced-fat-curry-paste-280g/9145973","curry paste korma","2026-04-10T19:23:43.185Z","asda","7.75","per kg","280g"
"Butterkist",,"https://asdagroceries.scene7.com/is/image/asdagroceries/5000237126875?$ProdList$","Butterkist Crunchy Toffee Popcorn 170g",,"false","1.94","https://groceries.asda.com/groceries/product/sharing-popcorn/butterkist-crunchy-toffee-popcorn-170g/6030557","popcorn","2026-04-10T19:24:08.783Z","asda","10.29","per kg","170g"
"Butterkist",,"https://asdagroceries.scene7.com/is/image/asdagroceries/5000237126820?$ProdList$","Butterkist Sweet & Salty Popcorn 100g",,"false","1.35","https://groceries.asda.com/groceries/product/sharing-popcorn/butterkist-sweet-salty-popcorn-100g/6030561","popcorn","2026-04-10T19:24:08.783Z","asda","13.5","per kg","100g"
"Sephra",,"https://asdagroceries.scene7.com/is/image/asdagroceries/5060542193276?$ProdList$","Sephra Sweet Popcorn 140g",,"false","2.5","https://groceries.asda.com/groceries/product/view-all-in-store-bakery/sephra-sweet-popcorn-140g/7625333","popcorn","2026-04-10T19:24:08.783Z","asda","17.86","per kg","140g"
"Sephra",,"https://asdagroceries.scene7.com/is/image/asdagroceries/5060542193283?$ProdList$","Sephra Sweet & Salty Popcorn 140g",,"false","2.5","https://groceries.asda.com/groceries/product/view-all-in-store-bakery/sephra-sweet-salty-popcorn-140g/7625335","popcorn","2026-04-10T19:24:08.783Z","asda","17.86","per kg","140g"
"Butterkist",,"https://asdagroceries.scene7.com/is/image/asdagroceries/5000237207000?$ProdList$","Butterkist Cookies & Cream Toffee Popcorn 155g",,"false","1.94","https://groceries.asda.com/groceries/product/sharing-popcorn/butterkist-cookies-cream-toffee-popcorn-155g/9285377","popcorn","2026-04-10T19:24:08.783Z","asda","11.29","per kg","155g"
"ASDA",,"https://asdagroceries.scene7.com/is/image/asdagroceries/5052449582864?$ProdList$","ASDA Sweet Chilli & Garlic Stir-Fry Sauce 120g",,"false","0.67","https://groceries.asda.com/groceries/product/far-eastern-stir-fry-sauces/asda-sweet-chilli-garlic-stir-fry-sauce-120g/3915896","stir fry sauce","2026-04-10T19:24:33.378Z","asda","5.58","per kg","120g"
"ASDA",,"https://asdagroceries.scene7.com/is/image/asdagroceries/5052449582840?$ProdList$","ASDA Chow Mein Stir-Fry Sauce 120g",,"false","0.65","https://groceries.asda.com/groceries/product/far-eastern-stir-fry-sauces/asda-chow-mein-stir-fry-sauce-120g/3915892","stir fry sauce","2026-04-10T19:24:33.378Z","asda","5.42","per kg","120g"
"Blue",,"https://asdagroceries.scene7.com/is/image/asdagroceries/5010338200107?$ProdList$","Blue Dragon Hoisin and Garlic Stir Fry Sauce 120g",,"false","1.4","https://groceries.asda.com/groceries/product/far-eastern-stir-fry-sauces/blue-dragon-hoisin-and-garlic-stir-fry-sauce-120g/5752245","stir fry sauce","2026-04-10T19:24:33.378Z","asda","7.92","per kg","120g"
"Blue",,"https://asdagroceries.scene7.com/is/image/asdagroceries/5010338200077?$ProdList$","Blue Dragon Blue Dragon Teriyaki Stir Fry Sauce 120g",,"false","1.4","https://groceries.asda.com/groceries/product/far-eastern-stir-fry-sauces/blue-dragon-blue-dragon-teriyaki-stir-fry-sauce-120g/5752239","stir fry sauce","2026-04-10T19:24:33.378Z","asda","7.92","per kg","120g"
"Blue",,"https://asdagroceries.scene7.com/is/image/asdagroceries/5010338200060?$ProdList$","Blue Dragon Chow Mein Stir Fry Sauce 120g",,"false","1.4","https://groceries.asda.com/groceries/product/far-eastern-stir-fry-sauces/blue-dragon-chow-mein-stir-fry-sauce-120g/5752237","stir fry sauce","2026-04-10T19:24:33.378Z","asda","7.92","per kg","120g"
"Cadbury",,"https://asdagroceries.scene7.com/is/image/asdagroceries/7622210304377?$ProdList$","Cadbury Dairy Milk Caramel Chocolate Bar 4 Pack Multipack 148g (4 x 37g)",,"false","1.75","https://groceries.asda.com/groceries/product/multipack-chocolate/cadbury-dairy-milk-caramel-chocolate-bar-4-pack-multipack-148g-4-x-37g-/4766199","chocolate bar","2026-04-10T19:25:02.308Z","asda","11.82","per kg","4 x 37g"
"Cadbury",,"https://asdagroceries.scene7.com/is/image/asdagroceries/07622202260858?$ProdList$","Cadbury Dairy Milk Little Bars Chocolate Bar 4 Pack Multipack 72g (4 x 18g)",,"false","1.37","https://groceries.asda.com/groceries/product/multipack-chocolate/cadbury-dairy-milk-little-bars-chocolate-bar-4-pack-multipack-72g-4-x-18g-/9284375","chocolate bar","2026-04-10T19:25:02.308Z","asda","19.03","per kg","4 x 18g"
"Cadbury",,"https://asdagroceries.scene7.com/is/image/asdagroceries/7622201461959?$ProdList$","Cadbury Dairy Milk Chocolate Bar 4 Pack Multipack 134g (4 x 33.5g)",,"false","2.24","https://groceries.asda.com/groceries/product/multipack-chocolate/cadbury-dairy-milk-chocolate-bar-4-pack-multipack-134g-4-x-33-5g-/6921745","chocolate bar","2026-04-10T19:25:02.308Z","asda","13.06","per kg","4 x 33.5g"
"Cadbury",,"https://asdagroceries.scene7.com/is/image/asdagroceries/7622210255396?$ProdList$","Cadbury Crunchie Chocolate Bar 4 Pack Multipack 128g (4 x 32g)",,"false","2.24","https://groceries.asda.com/groceries/product/multipack-chocolate/cadbury-crunchie-chocolate-bar-4-pack-multipack-128g-4-x-32g-/4719503","chocolate bar","2026-04-10T19:25:02.308Z","asda","13.67","per kg","4 x 32g"
"Cadbury",,"https://asdagroceries.scene7.com/is/image/asdagroceries/7622201148782?$ProdList$","Cadbury Dairy Milk Classic Chocolate Bar 180 g",,"false","2.74","https://groceries.asda.com/groceries/product/sharing-chocolate-bars/cadbury-dairy-milk-classic-chocolate-bar-180-g/7272395","chocolate bar","2026-04-10T19:25:02.308Z","asda","12.5","per kg","180 g"
"Heinz",,"https://asdagroceries.scene7.com/is/image/asdagroceries/0000050457250?$ProdList$","Heinz Tomato Ketchup 700g",,"false","3.65","https://groceries.asda.com/groceries/product/tomato-ketchup/heinz-tomato-ketchup-700g/14530","tomato ketchup","2026-04-10T19:25:28.688Z","asda","5.21","per kg","700g"
"Heinz",,"https://asdagroceries.scene7.com/is/image/asdagroceries/0000050457243?$ProdList$","Heinz Tomato Ketchup 460g",,"false","2.98","https://groceries.asda.com/groceries/product/tomato-ketchup/heinz-tomato-ketchup-460g/2196492","tomato ketchup","2026-04-10T19:25:28.688Z","asda","6.48","per kg","460g"
"Heinz",,"https://asdagroceries.scene7.com/is/image/asdagroceries/0000050457236?$ProdList$","Heinz Tomato Ketchup 910g",,"false","4.48","https://groceries.asda.com/groceries/product/tomato-ketchup/heinz-tomato-ketchup-910g/6685998","tomato ketchup","2026-04-10T19:25:28.688Z","asda","4.92","per kg","910g"
"Heinz",,"https://asdagroceries.scene7.com/is/image/asdagroceries/8715700423951?$ProdList$","Heinz 50% Less Sugar & Salt Tomato Ketchup 665g",,"false","3.61","https://groceries.asda.com/groceries/product/tomato-ketchup/heinz-50-less-sugar-salt-tomato-ketchup-665g/7267098","tomato ketchup","2026-04-10T19:25:28.688Z","asda","5.43","per kg","665g"
"ASDA",,"https://asdagroceries.scene7.com/is/image/asdagroceries/5063089281857?$ProdList$","ASDA Classic Tomato Ketchup 970g",,"false","1.35","https://groceries.asda.com/groceries/product/tomato-ketchup/asda-classic-tomato-ketchup-970g/9058728","tomato ketchup","2026-04-10T19:25:28.688Z","asda","1.39","per kg","970g"
"Hellmann's",,"https://asdagroceries.scene7.com/is/image/asdagroceries/5000184321071?$ProdList$","Hellmann's Real Mayonnaise 600 g",,"false","3.25","https://groceries.asda.com/groceries/product/mayonnaise/hellmann-s-real-mayonnaise-600-g/3184888","mayonnaise","2026-04-10T19:25:56.210Z","asda","5.42","per kg","600 g"
"Hellmann's",,"https://asdagroceries.scene7.com/is/image/asdagroceries/5000184321606?$ProdList$","Hellmann's Mayonnaise Light 600 g",,"false","3.25","https://groceries.asda.com/groceries/product/mayonnaise/hellmann-s-mayonnaise-light-600-g/7502161","mayonnaise","2026-04-10T19:25:56.210Z","asda","5.42","per kg","600 g"
"Hellmann's",,"https://asdagroceries.scene7.com/is/image/asdagroceries/8712566065714?$ProdList$","Hellmann's Condiment Roasted Garlic Mayonnaise 250 ml",,"false","2.58","https://groceries.asda.com/groceries/product/mayonnaise/hellmann-s-condiment-roasted-garlic-mayonnaise-250-ml/3359706","mayonnaise","2026-04-10T19:25:56.210Z","asda","10.98","per kg","250 ml"
"Hellmann's",,"https://asdagroceries.scene7.com/is/image/asdagroceries/8720182373755?$ProdList$","Hellmann's Condiment Chilli Charger Mayonnaise 250 ml",,"false","2.68","https://groceries.asda.com/groceries/product/mayonnaise/hellmann-s-condiment-chilli-charger-mayonnaise-250-ml/7423395","mayonnaise","2026-04-10T19:25:56.210Z","asda","10.72","per lt","250 ml"
"Heinz",,"https://asdagroceries.scene7.com/is/image/asdagroceries/5000157076410?$ProdList$","Heinz Seriously Good Mayonnaise 775g",,"false","3.88","https://groceries.asda.com/groceries/product/mayonnaise/heinz-seriously-good-mayonnaise-775g/5452789","mayonnaise","2026-04-10T19:25:56.210Z","asda","5.01","per kg","775g"
"ASDA",,"https://asdagroceries.scene7.com/is/image/asdagroceries/5063089472170?$ProdList$","ASDA Digestive Biscuits 400g",,"false","0.65","https://groceries.asda.com/groceries/product/plain-biscuits/asda-digestive-biscuits-400g/9091893","biscuits digestive","2026-04-10T19:26:25.675Z","asda","1.63","per kg","400g"
"McVitie's",,"https://asdagroceries.scene7.com/is/image/asdagroceries/5000168036670?$ProdList$","McVitie's Digestives The Original Biscuits Twin Pack 2 x 360g, 720g",,"false","3.18","https://groceries.asda.com/groceries/product/plain-biscuits/mcvitie-s-digestives-the-original-biscuits-twin-pack-2-x-360g-720g/7600522","biscuits digestive","2026-04-10T19:26:25.675Z","asda","4.42","per kg","2 x 360g"
"McVitie's",,"https://asdagroceries.scene7.com/is/image/asdagroceries/5000168036755?$ProdList$","McVitie's Digestives The Original Biscuits 360g",,"false","1.88","https://groceries.asda.com/groceries/product/plain-biscuits/mcvitie-s-digestives-the-original-biscuits-360g/7600524","biscuits digestive","2026-04-10T19:26:25.675Z","asda","5.22","per kg","360g"
"ASDA",,"https://asdagroceries.scene7.com/is/image/asdagroceries/21148064?$ProdList$","ASDA Milk Chocolate Digestives 300g",,"false","1.2","https://groceries.asda.com/groceries/product/chocolate-biscuits/asda-milk-chocolate-digestives-300g/519751","biscuits digestive","2026-04-10T19:26:25.675Z","asda","4","per kg","300g"
"McVitie's",,"https://asdagroceries.scene7.com/is/image/asdagroceries/5000168034225?$ProdList$","McVitie's Milk Chocolate Digestive Biscuits Twin Pack 2 x 266g",,"false","3.48","https://groceries.asda.com/groceries/product/chocolate-biscuits/mcvitie-s-milk-chocolate-digestive-biscuits-twin-pack-2-x-266g/7430507","biscuits digestive","2026-04-10T19:26:25.675Z","asda","6.54","per kg","2 x 266g"
"Blue",,"https://asdagroceries.scene7.com/is/image/asdagroceries/8445291095397?$ProdList$","Blue Riband Original Milk Chocolate Wafer Biscuit Bar 6 Pack Multipack 108g",,"false","0.97","https://groceries.asda.com/groceries/product/multipack-biscuits/blue-riband-original-milk-chocolate-wafer-biscuit-bar-6-pack-multipack-108g/9064192","biscuits chocolate","2026-04-10T19:26:55.491Z","asda","8.98","per kg","108g"
"ASDA",,"https://asdagroceries.scene7.com/is/image/asdagroceries/21148064?$ProdList$","ASDA Milk Chocolate Digestives 300g",,"false","1.2","https://groceries.asda.com/groceries/product/chocolate-biscuits/asda-milk-chocolate-digestives-300g/519751","biscuits chocolate","2026-04-10T19:26:55.491Z","asda","4","per kg","300g"
"Toffee",,"https://asdagroceries.scene7.com/is/image/asdagroceries/8445290357304?$ProdList$","Toffee Crisp Milk Chocolate Biscuit Bar 7 Pack Multipack 130.9g",,"false","1.34","https://groceries.asda.com/groceries/product/multipack-chocolate/toffee-crisp-milk-chocolate-biscuit-bar-7-pack-multipack-130-9g/7619873","biscuits chocolate","2026-04-10T19:26:55.491Z","asda","10.24","per kg","130.9g"
"Wagon",,"https://asdagroceries.scene7.com/is/image/asdagroceries/5010049001970?$ProdList$","Wagon Wheels 6 Jammie",,"false","1.45","https://groceries.asda.com/groceries/product/chocolate-biscuits/wagon-wheels-6-jammie/1385413","biscuits chocolate","2026-04-10T19:26:55.491Z","asda",,,
"Tunnock's",,"https://asdagroceries.scene7.com/is/image/asdagroceries/5010975030020?$ProdList$","Tunnock's Milk Chocolate Tea Cakes 6 x 24g",,"false","1.14","https://groceries.asda.com/groceries/product/chocolate-biscuits/tunnock-s-milk-chocolate-tea-cakes-6-x-24g/49655","biscuits chocolate","2026-04-10T19:26:55.491Z","asda",,,"6 x 24g"
"ASDA",,"https://asdagroceries.scene7.com/is/image/asdagroceries/5063089281888?$ProdList$","ASDA Classic Brown Sauce 460g",,"false","1.16","https://groceries.asda.com/groceries/product/brown-sauce/asda-classic-brown-sauce-460g/9058737","brown sauce","2026-04-10T19:27:22.507Z","asda","2.52","per kg","460g"
"HP",,"https://asdagroceries.scene7.com/is/image/asdagroceries/5000111046244?$ProdList$","HP Brown Sauce 450g",,"false","2.98","https://groceries.asda.com/groceries/product/brown-sauce/hp-brown-sauce-450g/2157668","brown sauce","2026-04-10T19:27:22.507Z","asda","6.62","per kg","450g"
"ASDA",,"https://asdagroceries.scene7.com/is/image/asdagroceries/5063089281895?$ProdList$","ASDA Just Essentials Brown Sauce 460g",,"false","1","https://groceries.asda.com/groceries/product/brown-sauce/asda-just-essentials-brown-sauce-460g/9058740","brown sauce","2026-04-10T19:27:22.507Z","asda","2.17","per kg","460g"
"HP",,"https://asdagroceries.scene7.com/is/image/asdagroceries/5000111043991?$ProdList$","HP Brown Sauce 285g",,"false","2.28","https://groceries.asda.com/groceries/product/brown-sauce/hp-brown-sauce-285g/3158820","brown sauce","2026-04-10T19:27:22.507Z","asda","6.95","per kg","285g"
"Daddies",,"https://asdagroceries.scene7.com/is/image/asdagroceries/5000111046763?$ProdList$","Daddies Favourite Brown Sauce 400g",,"false","1.98","https://groceries.asda.com/groceries/product/brown-sauce/daddies-favourite-brown-sauce-400g/9093390","brown sauce","2026-04-10T19:27:22.507Z","asda","4.95","per kg","400g"
"ASDA",,"https://asdagroceries.scene7.com/is/image/asdagroceries/5063089172865?$ProdList$","ASDA Dark Soy Sauce 150ml",,"false","0.55","https://groceries.asda.com/groceries/product/soy-sauce-fish-sauce/asda-dark-soy-sauce-150ml/7734508","soy sauce","2026-04-10T19:27:48.877Z","asda","3.67","per lt","150ml"
"ASDA",,"https://asdagroceries.scene7.com/is/image/asdagroceries/5063089172872?$ProdList$","ASDA Light Soy Sauce 150ml",,"false","0.55","https://groceries.asda.com/groceries/product/soy-sauce-fish-sauce/asda-light-soy-sauce-150ml/7734510","soy sauce","2026-04-10T19:27:48.877Z","asda","3.67","per lt","150ml"
"Blue",,"https://asdagroceries.scene7.com/is/image/asdagroceries/5010338404697?$ProdList$","Blue Dragon Soy Light Sauce 375ml",,"false","3","https://groceries.asda.com/groceries/product/soy-sauce-fish-sauce/blue-dragon-soy-light-sauce-375ml/6124290","soy sauce","2026-04-10T19:27:48.877Z","asda","5.44","per lt","375ml"
"Blue",,"https://asdagroceries.scene7.com/is/image/asdagroceries/5010338404680?$ProdList$","Blue Dragon Soy Sauce 375ml",,"false","3","https://groceries.asda.com/groceries/product/soy-sauce-fish-sauce/blue-dragon-soy-sauce-375ml/6124288","soy sauce","2026-04-10T19:27:48.877Z","asda","5.44","per lt","375ml"
"Amoy",,"https://asdagroceries.scene7.com/is/image/asdagroceries/5000111044202?$ProdList$","Amoy Dark Soy Sauce 150ml",,"false","2","https://groceries.asda.com/groceries/product/soy-sauce-fish-sauce/amoy-dark-soy-sauce-150ml/3388393","soy sauce","2026-04-10T19:27:48.877Z","asda","9.87","per lt","150ml"
"Fairy",,"https://asdagroceries.scene7.com/is/image/asdagroceries/8006540994511?$ProdList$","Fairy Original Washing Up Liquid Green with LiftAction 1015ML",,"false","2.84","https://groceries.asda.com/groceries/product/washing-up-liquid/fairy-original-washing-up-liquid-green-with-liftaction-1015ml/7610593","washing up liquid","2026-04-10T19:28:15.974Z","asda","2.57","per lt","1015ML"
"Fairy",,"https://asdagroceries.scene7.com/is/image/asdagroceries/8700216670838?$ProdList$","Fairy MaxPower Liquid Antibacterial 660 ML",,"false","3.74","https://groceries.asda.com/groceries/product/washing-up-liquid/fairy-maxpower-liquid-antibacterial-660-ml/9227654","washing up liquid","2026-04-10T19:28:15.974Z","asda","4.55","per lt","660 ML"
"Fairy",,"https://asdagroceries.scene7.com/is/image/asdagroceries/8700216670883?$ProdList$","Fairy Max Power Washing Up Liquid 660ML",,"false","3.74","https://groceries.asda.com/groceries/product/washing-up-liquid/fairy-max-power-washing-up-liquid-660ml/9230856","washing up liquid","2026-04-10T19:28:15.974Z","asda","4.55","per lt","660ML"
"Fairy",,"https://asdagroceries.scene7.com/is/image/asdagroceries/8700216003681?$ProdList$","Fairy Washing Up Liquid Pomegranate & Grapefruit 1015ML",,"false","3","https://groceries.asda.com/groceries/product/washing-up-liquid/fairy-washing-up-liquid-pomegranate-grapefruit-1015ml/7610605","washing up liquid","2026-04-10T19:28:15.974Z","asda","2.57","per lt","1015ML"
"Fairy",,"https://asdagroceries.scene7.com/is/image/asdagroceries/8700216670760?$ProdList$","Fairy MaxPower Washing Up  Liquid 660 ML",,"false","3.74","https://groceries.asda.com/groceries/product/washing-up-liquid/fairy-maxpower-washing-up-liquid-660-ml/9228045","washing up liquid","2026-04-10T19:28:15.974Z","asda","4.55","per lt","660 ML"
"Lea",,"https://asdagroceries.scene7.com/is/image/asdagroceries/5000111041843?$ProdList$","Lea & Perrins Lea and Perrins Worcester Sauce 290ml",,"false","3.28","https://groceries.asda.com/groceries/product/malt-vinegar/lea-perrins-lea-and-perrins-worcester-sauce-290ml/666359","worcestershire sauce","2026-04-10T19:28:33.297Z","asda","11.31","per lt","290ml"
"Lea",,"https://asdagroceries.scene7.com/is/image/asdagroceries/5000111041836?$ProdList$","Lea & Perrins Lea and Perrins Worcester Sauce 150ml",,"false","2.28","https://groceries.asda.com/groceries/product/malt-vinegar/lea-perrins-lea-and-perrins-worcester-sauce-150ml/664469","worcestershire sauce","2026-04-10T19:28:33.297Z","asda","13.2","per lt","150ml"
"Walkers",,"https://asdagroceries.scene7.com/is/image/asdagroceries/5000328031866?$ProdList$","Walkers Worcester Sauce Lea & Perrins  Multipack Crisps 6x25g",,"false","2.15","https://groceries.asda.com/groceries/product/small-multipack-crisps-4-8-packs-/walkers-worcester-sauce-lea-perrins-multipack-crisps-6x25g/9234859","worcestershire sauce","2026-04-10T19:28:33.297Z","asda","14.33","per kg","6x25g"
"Walkers",,"https://asdagroceries.scene7.com/is/image/asdagroceries/5000328671390?$ProdList$","Walkers French Fries Worcester Sauce Multipack Snacks Crisps 6x18g",,"false","2.15","https://groceries.asda.com/groceries/product/small-multipack-crisps-4-8-packs-/walkers-french-fries-worcester-sauce-multipack-snacks-crisps-6x18g/2793808","worcestershire sauce","2026-04-10T19:28:33.297Z","asda","19.91","per kg","6x18g"
"Cravendale",,"https://asdagroceries.scene7.com/is/image/asdagroceries/5000181024043?$ProdList$","Cravendale Arla  Filtered Fresh Semi Skimmed Milk 2L Fresher for Longer",,"false","2.5","https://groceries.asda.com/groceries/product/semi-skimmed-milk/cravendale-arla-filtered-fresh-semi-skimmed-milk-2l-fresher-for-longer/489747","worcestershire sauce","2026-04-10T19:28:33.297Z","asda","1.25","per lt","2L"
"Zoflora",,"https://asdagroceries.scene7.com/is/image/asdagroceries/5011309087314?$ProdList$","Zoflora 70 Large Lemon Zing Antibacterial Multi-Surface Cleaning Wipes",,"false","2.5","https://groceries.asda.com/groceries/product/cleaning-wipes/zoflora-70-large-lemon-zing-antibacterial-multi-surface-cleaning-wipes/7411858","surface cleaner antibacterial","2026-04-10T19:28:51.701Z","asda",,,
"Zoflora",,"https://asdagroceries.scene7.com/is/image/asdagroceries/5011309087611?$ProdList$","Zoflora 70 Midnight Blooms Antibacterial Multi-Surface Cleaning Large Wipes",,"false","2.5","https://groceries.asda.com/groceries/product/cleaning-wipes/zoflora-70-midnight-blooms-antibacterial-multi-surface-cleaning-large-wipes/7411856","surface cleaner antibacterial","2026-04-10T19:28:51.701Z","asda",,,
"ASDA",,"https://asdagroceries.scene7.com/is/image/asdagroceries/5063089481660?$ProdList$","ASDA Multi Surface Cleaning Spray 750ml",,"false","0.85","https://groceries.asda.com/groceries/product/antibacterial-cleaning-spray-wipes/asda-multi-surface-cleaning-spray-750ml/9103647","surface cleaner antibacterial","2026-04-10T19:28:51.701Z","asda","1.13","per lt","750ml"
"Zoflora",,"https://asdagroceries.scene7.com/is/image/asdagroceries/5011309086218?$ProdList$","Zoflora Linen Fresh Multipurpose Disinfectant Cleaner 800ml",,"false","2.24","https://groceries.asda.com/groceries/product/bleach-disinfectants/zoflora-linen-fresh-multipurpose-disinfectant-cleaner-800ml/7452209","surface cleaner antibacterial","2026-04-10T19:28:51.701Z","asda","2.8","per lt","800ml"
"Astonish",,"https://asdagroceries.scene7.com/is/image/asdagroceries/5060060212510?$ProdList$","Astonish Pomegranate & Raspberry Antibacterial Surface Cleanser 750ml",,"false","1","https://groceries.asda.com/groceries/product/antibacterial-cleaning-spray-wipes/astonish-pomegranate-raspberry-antibacterial-surface-cleanser-750ml/7159069","surface cleaner antibacterial","2026-04-10T19:28:51.701Z","asda","1.33","per lt","750ml"
"Fairy",,"https://asdagroceries.scene7.com/is/image/asdagroceries/8700216713542?$ProdList$","Fairy Non Bio The Big One PODS®, 29 Washes",,"false","15.98","https://groceries.asda.com/groceries/product/washing-capsules-pods/fairy-non-bio-the-big-one-pods-29-washes/9204114","washing capsules laundry","2026-04-10T19:29:12.479Z","asda","8.34","per kg",
"Ariel",,"https://asdagroceries.scene7.com/is/image/asdagroceries/8700216713580?$ProdList$","Ariel The Big One PODS, 29, Colour",,"false","16","https://groceries.asda.com/groceries/product/washing-capsules-pods/ariel-the-big-one-pods-29-colour/9208085","washing capsules laundry","2026-04-10T19:29:12.479Z","asda","8.34","per kg",
"Ariel",,"https://asdagroceries.scene7.com/is/image/asdagroceries/8700216713603?$ProdList$","Ariel The Big One PODS, 29, Original",,"false","15.98","https://groceries.asda.com/groceries/product/washing-capsules-pods/ariel-the-big-one-pods-29-original/9203974","washing capsules laundry","2026-04-10T19:29:12.479Z","asda","8.34","per kg",
"Surf",,"https://asdagroceries.scene7.com/is/image/asdagroceries/8720181534294?$ProdList$","Surf 3 in 1 Tropical Lily Laundry Washing Detergent Capsules 29 washes",,"false","5.5","https://groceries.asda.com/groceries/product/washing-capsules-pods/surf-3-in-1-tropical-lily-laundry-washing-detergent-capsules-29-washes/9275902","washing capsules laundry","2026-04-10T19:29:12.479Z","asda","8.44","per kg",
"Surf",,"https://asdagroceries.scene7.com/is/image/asdagroceries/8720181655838?$ProdList$","Surf 3 in 1 Tropical Lily Laundry Washing Detergent Capsules 39 washes",,"false","6.25","https://groceries.asda.com/groceries/product/washing-capsules-pods/surf-3-in-1-tropical-lily-laundry-washing-detergent-capsules-39-washes/9275008","washing capsules laundry","2026-04-10T19:29:12.479Z","asda","8.82","per kg",
"Encona",,"https://asdagroceries.scene7.com/is/image/asdagroceries/5012389900159?$ProdList$","Encona West Indian Original Hot Pepper Sauce 220ml",,"false","1.68","https://groceries.asda.com/groceries/product/hot-chilli-sauces/encona-west-indian-original-hot-pepper-sauce-220ml/5424007","hot sauce","2026-04-10T19:29:31.712Z","asda","7.64","per lt","220ml"
"Cholula",,"https://asdagroceries.scene7.com/is/image/asdagroceries/0049733000215?$ProdList$","Cholula Original Mexican Hot Sauce 150ml",,"false","2.48","https://groceries.asda.com/groceries/product/hot-chilli-sauces/cholula-original-mexican-hot-sauce-150ml/6795412","hot sauce","2026-04-10T19:29:31.712Z","asda","16.53","per lt","150ml"
"Frank's",,"https://asdagroceries.scene7.com/is/image/asdagroceries/0041500888125?$ProdList$","Frank's RedHot Original Cayenne Pepper Hot Sauce 148ml",,"false","2.48","https://groceries.asda.com/groceries/product/hot-chilli-sauces/frank-s-redhot-original-cayenne-pepper-hot-sauce-148ml/3891153","hot sauce","2026-04-10T19:29:31.712Z","asda","16.76","per lt","148ml"
"Encona",,"https://asdagroceries.scene7.com/is/image/asdagroceries/5012389672780?$ProdList$","Encona Jamaican Scotch Bonnet Sauce 220ml",,"false","1.68","https://groceries.asda.com/groceries/product/hot-chilli-sauces/encona-jamaican-scotch-bonnet-sauce-220ml/7457924","hot sauce","2026-04-10T19:29:31.712Z","asda","7.64","per lt","220ml"
"Dunn's",,"https://asdagroceries.scene7.com/is/image/asdagroceries/50761210?$ProdList$","Dunn's River Jamaican-Style Hot Sauce 85g",,"false","0.8","https://groceries.asda.com/groceries/product/african-caribbean-seasonings-spices/dunn-s-river-jamaican-style-hot-sauce-85g/817123","hot sauce","2026-04-10T19:29:31.712Z","asda","9.41","per lt","85g"
"Comfort",,"https://asdagroceries.scene7.com/is/image/asdagroceries/8720181667145?$ProdList$","Comfort Fresh Fabric Conditioner Blue Skies 80 washes (2.4 L)",,"false","4.74","https://groceries.asda.com/groceries/product/fabric-conditioner-softeners/comfort-fresh-fabric-conditioner-blue-skies-80-washes-2-4-l-/9253481","fabric conditioner","2026-04-10T19:29:55.202Z","asda","1.9","per lt","2.4 L"
"Comfort",,"https://asdagroceries.scene7.com/is/image/asdagroceries/8720181667152?$ProdList$","Comfort Fresh Fabric Conditioner Sunshiny Days 80 washes (2.4 L)",,"false","4.74","https://groceries.asda.com/groceries/product/fabric-conditioner-softeners/comfort-fresh-fabric-conditioner-sunshiny-days-80-washes-2-4-l-/9254583","fabric conditioner","2026-04-10T19:29:55.202Z","asda","1.9","per lt","2.4 L"
"Lenor",,"https://asdagroceries.scene7.com/is/image/asdagroceries/8006530214032?$ProdList$","Lenor Fabric Conditioner 48 Washes",,"false","3.98","https://groceries.asda.com/groceries/product/fabric-conditioner-softeners/lenor-fabric-conditioner-48-washes/9102510","fabric conditioner","2026-04-10T19:29:55.202Z","asda","2.02","per lt",
"Comfort",,"https://asdagroceries.scene7.com/is/image/asdagroceries/8720181638473?$ProdList$","Comfort Fresh Fabric Conditioner Blue Skies 31 washes (930 ml)",,"false","1.74","https://groceries.asda.com/groceries/product/fabric-conditioner-softeners/comfort-fresh-fabric-conditioner-blue-skies-31-washes-930-ml-/9248931","fabric conditioner","2026-04-10T19:29:55.202Z","asda","1.87","per lt","930 ml"
"Fairy",,"https://asdagroceries.scene7.com/is/image/asdagroceries/8700216725187?$ProdList$","Fairy Outdoorable Fabric Conditioner, 53 Washes, 742ml Cherry Blossom & Nordic Cotton",,"false","4.98","https://groceries.asda.com/groceries/product/fabric-conditioner-softeners/fairy-outdoorable-fabric-conditioner-53-washes-742ml-cherry-blossom-nordic-cotton/9253627","fabric conditioner","2026-04-10T19:29:55.202Z","asda","4.04","per lt","742ml"
"Colman's",,"https://asdagroceries.scene7.com/is/image/asdagroceries/50147311?$ProdList$","Colman's Mustard Original English 100 g",,"false","1.67","https://groceries.asda.com/groceries/product/mustard/colman-s-mustard-original-english-100-g/7895","mustard","2026-04-10T19:30:20.201Z","asda","15","per kg","100 g"
"Maille",,"https://asdagroceries.scene7.com/is/image/asdagroceries/8712566134144?$ProdList$","Maille Mustard Dijon Original 215 g",,"false","3.25","https://groceries.asda.com/groceries/product/mustard/maille-mustard-dijon-original-215-g/3667609","mustard","2026-04-10T19:30:20.201Z","asda","12.79","per kg","215 g"
"ASDA",,"https://asdagroceries.scene7.com/is/image/asdagroceries/5054070904541?$ProdList$","ASDA Wholegrain Mustard 165g",,"false","0.4","https://groceries.asda.com/groceries/product/mustard/asda-wholegrain-mustard-165g/5314888","mustard","2026-04-10T19:30:20.201Z","asda","2.42","per kg","165g"
"Maille",,"https://asdagroceries.scene7.com/is/image/asdagroceries/8712566133987?$ProdList$","Maille Mustard Wholegrain 210 g",,"false","3.25","https://groceries.asda.com/groceries/product/mustard/maille-mustard-wholegrain-210-g/3667611","mustard","2026-04-10T19:30:20.201Z","asda","13.1","per kg","210 g"
"Colman's",,"https://asdagroceries.scene7.com/is/image/asdagroceries/667803000707?$ProdList$","Colman's Original Mustard Powder English 57 g",,"false","2.5","https://groceries.asda.com/groceries/product/mustard/colman-s-original-mustard-powder-english-57-g/2594780","mustard","2026-04-10T19:30:20.201Z","asda","43.86","per kg","57 g"
"ASDA",,"https://asdagroceries.scene7.com/is/image/asdagroceries/5057172338665?$ProdList$","ASDA Extra Virgin Olive Oil 1 Litre",,"false","7.13","https://groceries.asda.com/groceries/product/olive-oil/asda-extra-virgin-olive-oil-1-litre/6722813","olive oil extra virgin","2026-04-10T19:30:44.288Z","asda","7.13","per lt","1 Litre"
"Napolina",,"https://asdagroceries.scene7.com/is/image/asdagroceries/5000232919939?$ProdList$","Napolina Extra Virgin Olive Oil 250ml",,"false","2.73","https://groceries.asda.com/groceries/product/olive-oil/napolina-extra-virgin-olive-oil-250ml/7368620","olive oil extra virgin","2026-04-10T19:30:44.288Z","asda","10.92","per lt","250ml"
"Filippo",,"https://asdagroceries.scene7.com/is/image/asdagroceries/8002210500204?$ProdList$","Filippo Berio Extra Virgin Olive Oil 500ml",,"false","4.98","https://groceries.asda.com/groceries/product/olive-oil/filippo-berio-extra-virgin-olive-oil-500ml/464628","olive oil extra virgin","2026-04-10T19:30:44.288Z","asda","9.96","per lt","500ml"
"Filippo",,"https://asdagroceries.scene7.com/is/image/asdagroceries/8002210500105?$ProdList$","Filippo Berio Extra Virgin Olive Oil 250ml",,"false","3.98","https://groceries.asda.com/groceries/product/olive-oil/filippo-berio-extra-virgin-olive-oil-250ml/3206475","olive oil extra virgin","2026-04-10T19:30:44.288Z","asda","15.92","per lt","250ml"
"Filippo",,"https://asdagroceries.scene7.com/is/image/asdagroceries/8002210500303?$ProdList$","Filippo Berio Extra Virgin Olive Oil 1Litre",,"false","12.48","https://groceries.asda.com/groceries/product/olive-oil/filippo-berio-extra-virgin-olive-oil-1litre/2916928","olive oil extra virgin","2026-04-10T19:30:44.288Z","asda","8.98","per lt","1Litre"
"Regina",,"https://asdagroceries.scene7.com/is/image/asdagroceries/8004260013819?$ProdList$","Regina Absorb 4R Kitchen Roll",,"false","4.95","https://groceries.asda.com/groceries/product/3-4-rolls/regina-absorb-4r-kitchen-roll/9020758","kitchen roll","2026-04-10T19:31:05.263Z","asda","1.24","per each",
"Regina",,"https://asdagroceries.scene7.com/is/image/asdagroceries/8004260210485?$ProdList$","Regina Blitz Household Towel 3 Roll",,"false","6.64","https://groceries.asda.com/groceries/product/3-4-rolls/regina-blitz-household-towel-3-roll/4545215","kitchen roll","2026-04-10T19:31:05.263Z","asda","1.33","per each","3 Roll"
"Plenty",,"https://asdagroceries.scene7.com/is/image/asdagroceries/7310361164246?$ProdList$","Plenty Original Kitchen Roll 2 Rolls",,"false","2.75","https://groceries.asda.com/groceries/product/1-2-rolls/plenty-original-kitchen-roll-2-rolls/9251042","kitchen roll","2026-04-10T19:31:05.263Z","asda","1.25","per each","2 Rolls"
"ASDA",,"https://asdagroceries.scene7.com/is/image/asdagroceries/T_5063717064258?$ProdList$","ASDA Shades 2 Durable Kitchen Towels Rolls",,"false","2.48","https://groceries.asda.com/groceries/product/view-all-kitchen-roll/asda-shades-2-durable-kitchen-towels-rolls/6030775","kitchen roll","2026-04-10T19:31:05.263Z","asda","1.13","per each",
"ASDA",,"https://asdagroceries.scene7.com/is/image/asdagroceries/T_5063717064319?$ProdList$","ASDA Shades Super Absorbent Power Towels Rolls",,"false","3.08","https://groceries.asda.com/groceries/product/1-2-rolls/asda-shades-super-absorbent-power-towels-rolls/9002408","kitchen roll","2026-04-10T19:31:05.263Z","asda","1.38","per each",
"Nicky",,"https://asdagroceries.scene7.com/is/image/asdagroceries/8004260264006?$ProdList$","Nicky Elite Toilet Tissue",,"false","3.98","https://groceries.asda.com/groceries/product/all-medium-pack-toilet-rolls-8-12-rolls-/nicky-elite-toilet-tissue/7459880","toilet roll","2026-04-10T19:31:27.006Z","asda",,,
"Regina",,"https://asdagroceries.scene7.com/is/image/asdagroceries/8004260001779?$ProdList$","Regina Soft Bamboo 9R Toilet Tissue",,"false","3.98","https://groceries.asda.com/groceries/product/all-medium-pack-toilet-rolls-8-12-rolls-/regina-soft-bamboo-9r-toilet-tissue/9100359","toilet roll","2026-04-10T19:31:27.006Z","asda",,,
"Regina",,"https://asdagroceries.scene7.com/is/image/asdagroceries/8004260013819?$ProdList$","Regina Absorb 4R Kitchen Roll",,"false","4.95","https://groceries.asda.com/groceries/product/3-4-rolls/regina-absorb-4r-kitchen-roll/9020758","toilet roll","2026-04-10T19:31:27.006Z","asda","1.24","per each",
"Andrex",,"https://asdagroceries.scene7.com/is/image/asdagroceries/T_5029053571560?$ProdList$","Andrex Family Soft Toilet Tissue 24 Rolls",,"false","11.16","https://groceries.asda.com/groceries/product/all-large-pack-toilet-rolls-16-rolls-/andrex-family-soft-toilet-tissue-24-rolls/6461480","toilet roll","2026-04-10T19:31:27.006Z","asda",,,"24 Rolls"
"Andrex",,"https://asdagroceries.scene7.com/is/image/asdagroceries/T_5029053582139?$ProdList$","Andrex Ultimate Quilts Toilet Tissue 9 Rolls",,"false","6.5","https://groceries.asda.com/groceries/product/quilted-toilet-roll/andrex-ultimate-quilts-toilet-tissue-9-rolls/7462703","toilet roll","2026-04-10T19:31:27.006Z","asda",,,"9 Rolls"
"ASDA",,"https://asdagroceries.scene7.com/is/image/asdagroceries/20334352?$ProdList$","ASDA Vegetable Oil 1 Litre",,"false","1.6","https://groceries.asda.com/groceries/product/cooking-oil/asda-vegetable-oil-1-litre/464474","vegetable oil","2026-04-10T19:31:48.293Z","asda","1.6","per lt","1 Litre"
"ASDA",,"https://asdagroceries.scene7.com/is/image/asdagroceries/20338855?$ProdList$","ASDA Vegetable Oil 3 Litres",,"false","4.7","https://groceries.asda.com/groceries/product/cooking-oil/asda-vegetable-oil-3-litres/464477","vegetable oil","2026-04-10T19:31:48.293Z","asda","1.57","per lt","3 Litres"
"KTC",,"https://asdagroceries.scene7.com/is/image/asdagroceries/5013635101443?$ProdList$","KTC Extended Life Vegetable Oil 5Litres",,"false","7.5","https://groceries.asda.com/groceries/product/oil-ghee/ktc-extended-life-vegetable-oil-5litres/3349181","vegetable oil","2026-04-10T19:31:48.293Z","asda","1.5","per lt","5Litres"
"Frylight",,"https://asdagroceries.scene7.com/is/image/asdagroceries/5000442007570?$ProdList$","Frylight 1 Cal Buttery Baking Spray 190ml",,"false","2.74","https://groceries.asda.com/groceries/product/spray-oil/frylight-1-cal-buttery-baking-spray-190ml/4736581","vegetable oil","2026-04-10T19:31:48.293Z","asda","14.42","per lt","190ml"
"KTC",,"https://asdagroceries.scene7.com/is/image/asdagroceries/5013635106028?$ProdList$","KTC Extended Life Vegetable Oil 1 Litre",,"false","2.52","https://groceries.asda.com/groceries/product/oil-ghee/ktc-extended-life-vegetable-oil-1-litre/7340451","vegetable oil","2026-04-10T19:31:48.293Z","asda","2.52","per lt","1 Litre"
"ASDA",,"https://asdagroceries.scene7.com/is/image/asdagroceries/5057172605897?$ProdList$","ASDA 20 Tie Top Bin Bags 75 Litres",,"false","2.28","https://groceries.asda.com/groceries/product/bin-bags-liners/asda-20-tie-top-bin-bags-75-litres/6942159","bin bags","2026-04-10T19:32:11.091Z","asda",,,"75 Litres"
"ASDA",,"https://asdagroceries.scene7.com/is/image/asdagroceries/5057172605910?$ProdList$","ASDA 20 Drawstring Bin Bags 75 Litres",,"false","2.54","https://groceries.asda.com/groceries/product/bin-bags-liners/asda-20-drawstring-bin-bags-75-litres/6942163","bin bags","2026-04-10T19:32:11.091Z","asda",,,"75 Litres"
"ASDA",,"https://asdagroceries.scene7.com/is/image/asdagroceries/5054781490876?$ProdList$","ASDA 10 Flat Top Wheelie Bin Liners 240 Litres",,"false","2.5","https://groceries.asda.com/groceries/product/bin-bags-liners/asda-10-flat-top-wheelie-bin-liners-240-litres/5753336","bin bags","2026-04-10T19:32:11.091Z","asda",,,"240 Litres"
"ASDA",,"https://asdagroceries.scene7.com/is/image/asdagroceries/T_27315897?$ProdList$","ASDA 10 Tie Handle Garden Refuse Sacks 75 Litres",,"false","2.28","https://groceries.asda.com/groceries/product/bin-bags-liners/asda-10-tie-handle-garden-refuse-sacks-75-litres/997955","bin bags","2026-04-10T19:32:11.091Z","asda",,,"75 Litres"
"ASDA",,"https://asdagroceries.scene7.com/is/image/asdagroceries/5057172605934?$ProdList$","ASDA 15 Extra Strong Tie Handle Bin Bags 75 Litres",,"false","2.98","https://groceries.asda.com/groceries/product/bin-bags-liners/asda-15-extra-strong-tie-handle-bin-bags-75-litres/6942167","bin bags","2026-04-10T19:32:11.091Z","asda",,,"75 Litres"
"ASDA",,"https://asdagroceries.scene7.com/is/image/asdagroceries/20341077?$ProdList$","ASDA Sunflower Oil 1 Litre",,"false","1.6","https://groceries.asda.com/groceries/product/cooking-oil/asda-sunflower-oil-1-litre/464468","sunflower oil","2026-04-10T19:32:34.690Z","asda","1.6","per lt","1 Litre"
"KTC",,"https://asdagroceries.scene7.com/is/image/asdagroceries/5013635606603?$ProdList$","KTC Pure Sunflower Oil 5 Litres",,"false","7.5","https://groceries.asda.com/groceries/product/oil-ghee/ktc-pure-sunflower-oil-5-litres/3338237","sunflower oil","2026-04-10T19:32:34.690Z","asda","1.5","per lt","5 Litres"
"ASDA",,"https://asdagroceries.scene7.com/is/image/asdagroceries/20341084?$ProdList$","ASDA Sunflower Oil 3 Litres",,"false","4.7","https://groceries.asda.com/groceries/product/coconut-seed-nut-oil/asda-sunflower-oil-3-litres/464470","sunflower oil","2026-04-10T19:32:34.690Z","asda","1.57","per lt","3 Litres"
"Flora",,"https://asdagroceries.scene7.com/is/image/asdagroceries/5000232828736?$ProdList$","Flora Pure Sunflower Oil 1 Litre",,"false","3.48","https://groceries.asda.com/groceries/product/cooking-oil/flora-pure-sunflower-oil-1-litre/1854056","sunflower oil","2026-04-10T19:32:34.690Z","asda","3.48","per lt","1 Litre"
"ASDA",,"https://asdagroceries.scene7.com/is/image/asdagroceries/5054781312703?$ProdList$","ASDA Sunflower Oil Spray 200ml",,"false","1.71","https://groceries.asda.com/groceries/product/spray-oil/asda-sunflower-oil-spray-200ml/5803441","sunflower oil","2026-04-10T19:32:34.690Z","asda","8.55","per lt","200ml"
"ASDA",,"https://asdagroceries.scene7.com/is/image/asdagroceries/0000021084027?$ProdList$","JUST ESSENTIALS by ASDA Just Essentials Plain Flour 1.5kg",,"false","0.7","https://groceries.asda.com/groceries/product/plain-flour/just-essentials-by-asda-just-essentials-plain-flour-1-5kg/22646","plain flour","2026-04-10T19:32:58.389Z","asda",,,"1.5kg"
"McDougalls",,"https://asdagroceries.scene7.com/is/image/asdagroceries/5000354911897_T1?$ProdList$","McDougalls Pre Sifted Plain Flour",,"false","1.88","https://groceries.asda.com/groceries/product/plain-flour/mcdougalls-pre-sifted-plain-flour/6304276","plain flour","2026-04-10T19:32:58.389Z","asda","1.71","per kg",
"Be-Ro",,"https://asdagroceries.scene7.com/is/image/asdagroceries/5000354911859?$ProdList$","Be-Ro Plain Flour 1.1kg",,"false","1.88","https://groceries.asda.com/groceries/product/plain-flour/be-ro-plain-flour-1-1kg/6304280","plain flour","2026-04-10T19:32:58.389Z","asda","1.71","per kg","1.1kg"
"BAKE",,"https://asdagroceries.scene7.com/is/image/asdagroceries/21058684?$ProdList$","BAKE by ASDA Bake by Plain Flour 1.5kg",,"false","0.78","https://groceries.asda.com/groceries/product/plain-flour/bake-by-asda-bake-by-plain-flour-1-5kg/11120","plain flour","2026-04-10T19:32:58.389Z","asda",,,"1.5kg"
"ASDA",,"https://asdagroceries.scene7.com/is/image/asdagroceries/5052449010732?$ProdList$","ASDA Free From Free From by  Plain Flour 1kg",,"false","1.52","https://groceries.asda.com/groceries/product/gluten-free-flour/asda-free-from-free-from-by-plain-flour-1kg/3535320","plain flour","2026-04-10T19:32:58.389Z","asda","1.52","per kg","1kg"
"ASDA",,"https://asdagroceries.scene7.com/is/image/asdagroceries/5057172405336?$ProdList$","ASDA Non-PVC Cling Film 50 Metres",,"false","1.96","https://groceries.asda.com/groceries/product/cling-film/asda-non-pvc-cling-film-50-metres/6743118","cling film","2026-04-10T19:33:18.934Z","asda",,,
"ASDA",,"https://asdagroceries.scene7.com/is/image/asdagroceries/5063089223581?$ProdList$","ASDA Kitchen Foil 10 Metres",,"false","1.46","https://groceries.asda.com/groceries/product/foil-trays-baking-paper/asda-kitchen-foil-10-metres/7725285","cling film","2026-04-10T19:33:18.934Z","asda",,,
"ASDA",,"https://asdagroceries.scene7.com/is/image/asdagroceries/5057172605743?$ProdList$","ASDA 50 Tie Handle Food & Freezer Bags Small",,"false","1.41","https://groceries.asda.com/groceries/product/food-bags-tubs/asda-50-tie-handle-food-freezer-bags-small/6942129","cling film","2026-04-10T19:33:18.934Z","asda",,,
"ASDA",,"https://asdagroceries.scene7.com/is/image/asdagroceries/5051413622452?$ProdList$","ASDA Greaseproof Baking Paper 10 Meters",,"false","1.45","https://groceries.asda.com/groceries/product/foil-trays-baking-paper/asda-greaseproof-baking-paper-10-meters/2978281","cling film","2026-04-10T19:33:18.934Z","asda",,,
"ASDA",,"https://asdagroceries.scene7.com/is/image/asdagroceries/5063717027642?$ProdList$","ASDA 25 Non-Stick Cooking & Baking Sheets",,"false","1.88","https://groceries.asda.com/groceries/product/foil-trays-baking-paper/asda-25-non-stick-cooking-baking-sheets/9284960","cling film","2026-04-10T19:33:18.934Z","asda",,,
"Bacofoil",,"https://asdagroceries.scene7.com/is/image/asdagroceries/5023139421916?$ProdList$","Bacofoil Non-Stick Kitchen Foil with BacoLift Surface and Easy Cut System 30cm x 20m",,"false","5.65","https://groceries.asda.com/groceries/product/foil-trays-baking-paper/bacofoil-non-stick-kitchen-foil-with-bacolift-surface-and-easy-cut-system-30cm-x-20m/5088151","tin foil","2026-04-10T19:33:43.307Z","asda",,,
"ASDA",,"https://asdagroceries.scene7.com/is/image/asdagroceries/5063089223581?$ProdList$","ASDA Kitchen Foil 10 Metres",,"false","1.46","https://groceries.asda.com/groceries/product/foil-trays-baking-paper/asda-kitchen-foil-10-metres/7725285","tin foil","2026-04-10T19:33:43.307Z","asda",,,
"ASDA",,"https://asdagroceries.scene7.com/is/image/asdagroceries/5054781915485?$ProdList$","ASDA Extra Strong Kitchen Foil 10 Metres",,"false","2.22","https://groceries.asda.com/groceries/product/foil-trays-baking-paper/asda-extra-strong-kitchen-foil-10-metres/6606366","tin foil","2026-04-10T19:33:43.307Z","asda",,,
"ASDA",,"https://asdagroceries.scene7.com/is/image/asdagroceries/5063089223529?$ProdList$","ASDA Strong Kitchen Foil 20 Metres",,"false","3","https://groceries.asda.com/groceries/product/foil-trays-baking-paper/asda-strong-kitchen-foil-20-metres/7711033","tin foil","2026-04-10T19:33:43.307Z","asda",,,
"Bacofoil",,"https://asdagroceries.scene7.com/is/image/asdagroceries/5010075000053?$ProdList$","Bacofoil The Original Kitchen Foil with Easy-Cut System 30cm x 10m",,"false","3.75","https://groceries.asda.com/groceries/product/foil-trays-baking-paper/bacofoil-the-original-kitchen-foil-with-easy-cut-system-30cm-x-10m/5393105","tin foil","2026-04-10T19:33:43.307Z","asda",,,
"McDougalls",,"https://asdagroceries.scene7.com/is/image/asdagroceries/5000354911903?$ProdList$","McDougalls Pre-Sifted Self Raising Flour 1.1kg",,"false","1.88","https://groceries.asda.com/groceries/product/self-raising-flour/mcdougalls-pre-sifted-self-raising-flour-1-1kg/6304278","self raising flour","2026-04-10T19:34:06.594Z","asda","1.71","per kg","1.1kg"
"ASDA",,"https://asdagroceries.scene7.com/is/image/asdagroceries/5052449010749?$ProdList$","ASDA Free From Free From by  Self Raising Flour 1kg",,"false","1.52","https://groceries.asda.com/groceries/product/gluten-free-flour/asda-free-from-free-from-by-self-raising-flour-1kg/3535322","self raising flour","2026-04-10T19:34:06.594Z","asda","1.52","per kg","1kg"
"Allinson's",,"https://asdagroceries.scene7.com/is/image/asdagroceries/5010067383157?$ProdList$","Allinson's Self Raising Flour 1kg",,"false","1.18","https://groceries.asda.com/groceries/product/self-raising-flour/allinson-s-self-raising-flour-1kg/6911919","self raising flour","2026-04-10T19:34:06.594Z","asda","1","per kg","1kg"
"FREEE",,"https://asdagroceries.scene7.com/is/image/asdagroceries/5011766010207?$ProdList$","FREEE by Doves Farm FREEE Gluten Free Self Raising White Flour 1kg",,"false","1.84","https://groceries.asda.com/groceries/product/self-raising-flour/freee-by-doves-farm-freee-gluten-free-self-raising-white-flour-1kg/6017088","self raising flour","2026-04-10T19:34:06.594Z","asda","1.84","per kg","1kg"
"McDougalls",,"https://asdagroceries.scene7.com/is/image/asdagroceries/5010024113018?$ProdList$","McDougalls Self Raising Flour 500g",,"false","1.34","https://groceries.asda.com/groceries/product/self-raising-flour/mcdougalls-self-raising-flour-500g/477268","self raising flour","2026-04-10T19:34:06.594Z","asda","2.68","per kg","500g"
"Allinson",,"https://asdagroceries.scene7.com/is/image/asdagroceries/5015821127893?$ProdList$","Allinson Strong White Bread Flour 3kg",,"false","3.4","https://groceries.asda.com/groceries/product/bread-flour/allinson-strong-white-bread-flour-3kg/2519136","bread flour","2026-04-10T19:34:26.817Z","asda","1.13","per kg","3kg"
"Allinson",,"https://asdagroceries.scene7.com/is/image/asdagroceries/5010067372533?$ProdList$","Allinson Very Strong Wholemeal Bread Flour 1kg",,"false","1.7","https://groceries.asda.com/groceries/product/bread-flour/allinson-very-strong-wholemeal-bread-flour-1kg/7661816","bread flour","2026-04-10T19:34:26.817Z","asda","1.7","per kg","1kg"
"Allinson",,"https://asdagroceries.scene7.com/is/image/asdagroceries/5010067371994?$ProdList$","Allinson Very Strong White Bread Flour 1kg",,"false","1.6","https://groceries.asda.com/groceries/product/bread-flour/allinson-very-strong-white-bread-flour-1kg/7663335","bread flour","2026-04-10T19:34:26.817Z","asda","1.6","per kg","1kg"
"ASDA",,"https://asdagroceries.scene7.com/is/image/asdagroceries/5051413871256?$ProdList$","ASDA Four Cheese Tortelloni 300g",,"false","1.9","https://groceries.asda.com/groceries/product/fresh-filled-pasta/asda-four-cheese-tortelloni-300g/3246874","bread flour","2026-04-10T19:34:26.817Z","asda","6.33","per kg","300g"
"Africa's",,"https://asdagroceries.scene7.com/is/image/asdagroceries/5029788199787?$ProdList$","Africa's Finest Cassava Flour 1kg",,"false","2.98","https://groceries.asda.com/groceries/product/bread-flour/africa-s-finest-cassava-flour-1kg/9264723","bread flour","2026-04-10T19:34:26.817Z","asda","2.98","per kg","1kg"
"Silver",,"https://asdagroceries.scene7.com/is/image/asdagroceries/5010067331509?$ProdList$","Silver Spoon Caster Sugar 1kg",,"false","2.25","https://groceries.asda.com/groceries/product/caster-sugar/silver-spoon-caster-sugar-1kg/5314978","caster sugar","2026-04-10T19:34:48.674Z","asda","2","per kg","1kg"
"ASDA",,"https://asdagroceries.scene7.com/is/image/asdagroceries/5057172098866?$ProdList$","ASDA Caster Sugar 1kg",,"false","1.56","https://groceries.asda.com/groceries/product/caster-sugar/asda-caster-sugar-1kg/6345321","caster sugar","2026-04-10T19:34:48.674Z","asda","1.56","per kg","1kg"
"Billington's",,"https://asdagroceries.scene7.com/is/image/asdagroceries/5010651001627?$ProdList$","Billington's Golden Caster Natural Unrefined Cane Sugar 1kg",,"false","2.7","https://groceries.asda.com/groceries/product/caster-sugar/billington-s-golden-caster-natural-unrefined-cane-sugar-1kg/15535","caster sugar","2026-04-10T19:34:48.674Z","asda","2.7","per kg","1kg"
"ASDA",,"https://asdagroceries.scene7.com/is/image/asdagroceries/21122361?$ProdList$","ASDA + Ibuprofen 200mg Caplets 16 Caplets",,"false","0.35","https://groceries.asda.com/groceries/product/ibuprofen/asda--ibuprofen-200mg-caplets-16-caplets/645381","caster sugar","2026-04-10T19:34:48.674Z","asda",,,
"ASDA",,"https://asdagroceries.scene7.com/is/image/asdagroceries/5057172606085?$ProdList$","ASDA Crispy Skin-On Fries 750g",,"false","2.2","https://groceries.asda.com/groceries/product/frozen-chips-fries/asda-crispy-skin-on-fries-750g/6966614","caster sugar","2026-04-10T19:34:48.674Z","asda","2.93","per kg","750g"
"Silver",,"https://asdagroceries.scene7.com/is/image/asdagroceries/5010067331509?$ProdList$","Silver Spoon Caster Sugar 1kg",,"false","2.25","https://groceries.asda.com/groceries/product/caster-sugar/silver-spoon-caster-sugar-1kg/5314978","brown sugar","2026-04-10T19:35:13.117Z","asda","2","per kg","1kg"
"ASDA",,"https://asdagroceries.scene7.com/is/image/asdagroceries/5057172098897?$ProdList$","ASDA Light Brown Sugar 500g",,"false","1.9","https://groceries.asda.com/groceries/product/demerara-brown-sugar/asda-light-brown-sugar-500g/6345327","brown sugar","2026-04-10T19:35:13.117Z","asda","3.8","per kg","500g"
"ASDA",,"https://asdagroceries.scene7.com/is/image/asdagroceries/5057172098880?$ProdList$","ASDA Dark Brown Sugar 500g",,"false","1.9","https://groceries.asda.com/groceries/product/demerara-brown-sugar/asda-dark-brown-sugar-500g/6345325","brown sugar","2026-04-10T19:35:13.117Z","asda","3.8","per kg","500g"
"ASDA",,"https://asdagroceries.scene7.com/is/image/asdagroceries/5057172098873?$ProdList$","ASDA Demerara Sugar 500g",,"false","1.8","https://groceries.asda.com/groceries/product/demerara-brown-sugar/asda-demerara-sugar-500g/6345323","brown sugar","2026-04-10T19:35:13.117Z","asda","3.6","per kg","500g"
"Billington's",,"https://asdagroceries.scene7.com/is/image/asdagroceries/5010651001146?$ProdList$","Billington's Demerara Natural Unrefined Cane Sugar 1kg",,"false","3.3","https://groceries.asda.com/groceries/product/demerara-brown-sugar/billington-s-demerara-natural-unrefined-cane-sugar-1kg/11529","brown sugar","2026-04-10T19:35:13.117Z","asda","3.3","per kg","1kg"
"Silver",,"https://asdagroceries.scene7.com/is/image/asdagroceries/5010067331509?$ProdList$","Silver Spoon Caster Sugar 1kg",,"false","2.25","https://groceries.asda.com/groceries/product/caster-sugar/silver-spoon-caster-sugar-1kg/5314978","icing sugar","2026-04-10T19:35:37.791Z","asda","2","per kg","1kg"
"BAKE",,"https://asdagroceries.scene7.com/is/image/asdagroceries/5054781844457?$ProdList$","BAKE by ASDA BAKE by ASDA Icing Sugar 500g",,"false","1.03","https://groceries.asda.com/groceries/product/icing-sugar/bake-by-asda-bake-by-asda-icing-sugar-500g/6015284","icing sugar","2026-04-10T19:35:37.791Z","asda","2.06","per kg","500g"
"Silver",,"https://asdagroceries.scene7.com/is/image/asdagroceries/5010067349504?$ProdList$","Silver Spoon Icing Sugar 1kg",,"false","2.55","https://groceries.asda.com/groceries/product/icing-sugar/silver-spoon-icing-sugar-1kg/5314986","icing sugar","2026-04-10T19:35:37.791Z","asda","2.55","per kg","1kg"
"Silver",,"https://asdagroceries.scene7.com/is/image/asdagroceries/5010067448504?$ProdList$","Silver Spoon British Icing Sugar 3kg",,"false","6.62","https://groceries.asda.com/groceries/product/icing-sugar/silver-spoon-british-icing-sugar-3kg/6613687","icing sugar","2026-04-10T19:35:37.791Z","asda","2.21","per kg","3kg"
"Silver",,"https://asdagroceries.scene7.com/is/image/asdagroceries/5010067347500?$ProdList$","Silver Spoon Icing Sugar 500g",,"false","1.68","https://groceries.asda.com/groceries/product/icing-sugar/silver-spoon-icing-sugar-500g/5314984","icing sugar","2026-04-10T19:35:37.791Z","asda","3","per kg","500g"
"Rowse",,"https://asdagroceries.scene7.com/is/image/asdagroceries/5011273040698?$ProdList$","Rowse Runny Honey 340g",,"false","2.88","https://groceries.asda.com/groceries/product/honey/rowse-runny-honey-340g/4360618","honey","2026-04-10T19:35:58.015Z","asda","7.35","per kg","340g"
"Hilltop",,"https://asdagroceries.scene7.com/is/image/asdagroceries/5060298572431?$ProdList$","Hilltop Blossom Honey 720g",,"false","3.85","https://groceries.asda.com/groceries/product/honey/hilltop-blossom-honey-720g/9081449","honey","2026-04-10T19:35:58.015Z","asda","5.35","per kg","720g"
"Rowse",,"https://asdagroceries.scene7.com/is/image/asdagroceries/5011273024650?$ProdList$","Rowse Runny Honey 680g",,"false","3.67","https://groceries.asda.com/groceries/product/honey/rowse-runny-honey-680g/4726113","honey","2026-04-10T19:35:58.015Z","asda","5.4","per kg","680g"
"ASDA",,"https://asdagroceries.scene7.com/is/image/asdagroceries/5063089395332?$ProdList$","ASDA Classic Runny Honey 720g",,"false","2.75","https://groceries.asda.com/groceries/product/honey/asda-classic-runny-honey-720g/9095040","honey","2026-04-10T19:35:58.015Z","asda","3.82","per kg","720g"
"Rowse",,"https://asdagroceries.scene7.com/is/image/asdagroceries/5011273000678?$ProdList$","Rowse Runny Honey 250g",,"false","1.78","https://groceries.asda.com/groceries/product/honey/rowse-runny-honey-250g/4360612","honey","2026-04-10T19:35:58.015Z","asda","7.12","per kg","250g"
"Dove",,"https://asdagroceries.scene7.com/is/image/asdagroceries/8720181760716?$ProdList$","Dove Beauty Bar Turmeric Milk & Lemon Drop 141 g",,"false","3","https://groceries.asda.com/groceries/product/bar-soap/dove-beauty-bar-turmeric-milk-lemon-drop-141-g/9314702","shower gel","2026-04-10T19:36:23.324Z","asda","21.28","per kg","141 g"
"Sanex",,"https://asdagroceries.scene7.com/is/image/asdagroceries/8718951720183?$ProdList$","Sanex Skin Therapy Anti-Itchiness & Anti-Irritation Shower Gel Body Wash 450ml",,"false","5.48","https://groceries.asda.com/groceries/product/shower-gel-body-wash/sanex-skin-therapy-anti-itchiness-anti-irritation-shower-gel-body-wash-450ml/9234701","shower gel","2026-04-10T19:36:23.324Z","asda","6.67","per lt","450ml"
"Radox",,"https://asdagroceries.scene7.com/is/image/asdagroceries/8720181579394?$ProdList$","Radox Mineral Therapy Feel Nourished Shower Cream 450 ml",,"false","4","https://groceries.asda.com/groceries/product/shower-gel-body-wash/radox-mineral-therapy-feel-nourished-shower-cream-450-ml/9222100","shower gel","2026-04-10T19:36:23.324Z","asda","3.64","per lt","450 ml"
"Sanex",,"https://asdagroceries.scene7.com/is/image/asdagroceries/8718951720725?$ProdList$","Sanex Skin Therapy Oily Skin Shower Gel Body Wash 450ml",,"false","5.48","https://groceries.asda.com/groceries/product/shower-gel-body-wash/sanex-skin-therapy-oily-skin-shower-gel-body-wash-450ml/9230576","shower gel","2026-04-10T19:36:23.324Z","asda","6.67","per lt","450ml"
"Radox",,"https://asdagroceries.scene7.com/is/image/asdagroceries/8720181579400?$ProdList$","Radox Mineral Therapy Feel Restored Shower Cream 450 ml",,"false","4","https://groceries.asda.com/groceries/product/shower-gel-body-wash/radox-mineral-therapy-feel-restored-shower-cream-450-ml/9213753","shower gel","2026-04-10T19:36:23.324Z","asda","3.64","per lt","450 ml"
"Sensodyne",,"https://asdagroceries.scene7.com/is/image/asdagroceries/5054563080165?$ProdList$","Sensodyne Intensive Enamel Repair Whitening Toothpaste 75ml",,"false","4","https://groceries.asda.com/groceries/product/multi-benefit-toothpaste/sensodyne-intensive-enamel-repair-whitening-toothpaste-75ml/7686379","toothpaste","2026-04-10T19:36:50.494Z","asda","53.33","per lt","75ml"
"Sensodyne",,"https://asdagroceries.scene7.com/is/image/asdagroceries/5054563218957?$ProdList$","Sensodyne Clinical Repair Deep Clean Sensitive Toothpaste, 75ml",,"false","9.98","https://groceries.asda.com/groceries/product/multi-benefit-toothpaste/sensodyne-clinical-repair-deep-clean-sensitive-toothpaste-75ml/9224631","toothpaste","2026-04-10T19:36:50.494Z","asda","133.07","per lt","75ml"
"Sensodyne",,"https://asdagroceries.scene7.com/is/image/asdagroceries/5054563063885?$ProdList$","Sensodyne Intensive Enamel Repair Toothpaste Extra Fresh 75ml",,"false","4","https://groceries.asda.com/groceries/product/specialist-gum-health-toothpaste/sensodyne-intensive-enamel-repair-toothpaste-extra-fresh-75ml/6501899","toothpaste","2026-04-10T19:36:50.494Z","asda","53.33","per lt","75ml"
"Sensodyne",,"https://asdagroceries.scene7.com/is/image/asdagroceries/5054563229748?$ProdList$","Sensodyne Clinical Repair Active White Sensitive Toothpaste, 75ml",,"false","9.98","https://groceries.asda.com/groceries/product/whitening-toothpaste/sensodyne-clinical-repair-active-white-sensitive-toothpaste-75ml/9224550","toothpaste","2026-04-10T19:36:50.494Z","asda","133.07","per lt","75ml"
"Colgate",,"https://asdagroceries.scene7.com/is/image/asdagroceries/8718951702912?$ProdList$","Colgate Sensitive Instant Relief Repair + Multi-Protection Toothpaste 100ml",,"false","3.48","https://groceries.asda.com/groceries/product/sensitive-toothpaste/colgate-sensitive-instant-relief-repair-multi-protection-toothpaste-100ml/9241185","toothpaste","2026-04-10T19:36:50.494Z","asda","34.8","per lt","100ml"
"L'Oreal",,"https://asdagroceries.scene7.com/is/image/asdagroceries/3600524140120?$ProdList$","L'Oreal Paris Elvive Colour Protect Shampoo, for Coloured & Highlighted Hair, 400ml",,"false","6","https://groceries.asda.com/groceries/product/shampoo/l-oreal-paris-elvive-colour-protect-shampoo-for-coloured-highlighted-hair-400ml/9288845","shampoo","2026-04-10T19:37:18.100Z","asda","15","per lt","400ml"
"L'Oreal",,"https://asdagroceries.scene7.com/is/image/asdagroceries/3600524139988?$ProdList$","L'Oreal Paris L’Oréal Paris Elvive Hydra Hyaluronic Moisture Boosting Shampoo, for Dry & Dehydrated Hair, 400ml",,"false","6","https://groceries.asda.com/groceries/product/shampoo/l-oreal-paris-l-oreal-paris-elvive-hydra-hyaluronic-moisture-boosting-shampoo-for-dry-dehydrated-hair-400ml/9284456","shampoo","2026-04-10T19:37:18.100Z","asda","15","per lt","400ml"
"Head",,"https://asdagroceries.scene7.com/is/image/asdagroceries/8006540444481?$ProdList$","Head & Shoulders DermaXPro Soothing Comfort Anti Dandruff Shampoo 300ml with Aloe Vera",,"false","5.98","https://groceries.asda.com/groceries/product/anti-dandruff-scalp-care/head-shoulders-dermaxpro-soothing-comfort-anti-dandruff-shampoo-300ml-with-aloe-vera/7258910","shampoo","2026-04-10T19:37:18.100Z","asda","13.33","per lt","300ml"
"Head",,"https://asdagroceries.scene7.com/is/image/asdagroceries/8006540444511?$ProdList$","Head & Shoulders DermaXPro Repairing Moisture Anti Dandruff Shampoo 300ml with Coconut Oil",,"false","5.98","https://groceries.asda.com/groceries/product/anti-dandruff-scalp-care/head-shoulders-dermaxpro-repairing-moisture-anti-dandruff-shampoo-300ml-with-coconut-oil/7263963","shampoo","2026-04-10T19:37:18.100Z","asda","13.33","per lt","300ml"
"Head",,"https://asdagroceries.scene7.com/is/image/asdagroceries/8001090292919?$ProdList$","Head & Shoulders Classic Clean 2in1 Anti-Dandruff Shampoo and Conditioner 1000ml Pump",,"false","8.99","https://groceries.asda.com/groceries/product/shampoo/head-shoulders-classic-clean-2in1-anti-dandruff-shampoo-and-conditioner-1000ml-pump/5886430","shampoo","2026-04-10T19:37:18.100Z","asda","8.99","per lt","1000ml"
"L'Oreal",,"https://asdagroceries.scene7.com/is/image/asdagroceries/3600524162634?$ProdList$","L'Oreal Paris Elvive Colour Protect Conditioner, for Coloured & Highlighted Hair, 300ml",,"false","6","https://groceries.asda.com/groceries/product/conditioner/l-oreal-paris-elvive-colour-protect-conditioner-for-coloured-highlighted-hair-300ml/9283240","conditioner hair","2026-04-10T19:37:43.916Z","asda","20","per lt","300ml"
"L'Oreal",,"https://asdagroceries.scene7.com/is/image/asdagroceries/3600524162733?$ProdList$","L'Oreal Paris Elvive Dream Lengths Anti-Split Ends Conditioner, for Long Hair, 300ml",,"false","5.25","https://groceries.asda.com/groceries/product/conditioner/l-oreal-paris-elvive-dream-lengths-anti-split-ends-conditioner-for-long-hair-300ml/9281376","conditioner hair","2026-04-10T19:37:43.916Z","asda","10","per lt","300ml"
"Head",,"https://asdagroceries.scene7.com/is/image/asdagroceries/8006540423066?$ProdList$","Head & Shoulders DermaXPro Instant Soothing Scalp Treatment 145ml with Aloe Vera Extract",,"false","10","https://groceries.asda.com/groceries/product/anti-dandruff-scalp-care/head-shoulders-dermaxpro-instant-soothing-scalp-treatment-145ml-with-aloe-vera-extract/7270836","conditioner hair","2026-04-10T19:37:43.917Z","asda","45.93","per lt","145ml"
"Aussie",,"https://asdagroceries.scene7.com/is/image/asdagroceries/8700216900317?$ProdList$","Aussie 3 Minute Miracle Reconstructor Deep Conditioner 250ml. Hair Treatment for Dry Hair",,"false","4.98","https://groceries.asda.com/groceries/product/hair-masks-serums-oils/aussie-3-minute-miracle-reconstructor-deep-conditioner-250ml-hair-treatment-for-dry-hair/9338924","conditioner hair","2026-04-10T19:37:43.917Z","asda","14","per lt","250ml"
"Aussie",,"https://asdagroceries.scene7.com/is/image/asdagroceries/8700216923330?$ProdList$","Aussie Oh My Gloss Leave-In Serum 160ml",,"false","9.98","https://groceries.asda.com/groceries/product/hair-masks-serums-oils/aussie-oh-my-gloss-leave-in-serum-160ml/9340715","conditioner hair","2026-04-10T19:37:43.917Z","asda","41.25","per lt","160ml"
"Palmolive",,"https://asdagroceries.scene7.com/is/image/asdagroceries/8003520013026?$ProdList$","Palmolive Naturals Milk & Honey Liquid Handwash Soap 300ml",,"false","1.48","https://groceries.asda.com/groceries/product/hand-wash/palmolive-naturals-milk-honey-liquid-handwash-soap-300ml/2896712","hand soap","2026-04-10T19:38:05.783Z","asda","3.33","per lt","300ml"
"Palmolive",,"https://asdagroceries.scene7.com/is/image/asdagroceries/8718951721593?$ProdList$","Palmolive Blushing Rose Scent Liquid Hand Wash Soap 300ml",,"false","1.48","https://groceries.asda.com/groceries/product/hand-wash/palmolive-blushing-rose-scent-liquid-hand-wash-soap-300ml/9227139","hand soap","2026-04-10T19:38:05.783Z","asda","3.33","per lt","300ml"
"Palmolive",,"https://asdagroceries.scene7.com/is/image/asdagroceries/8003520013040?$ProdList$","Palmolive Aquarium Liquid Handwash Soap 300ml",,"false","1.48","https://groceries.asda.com/groceries/product/hand-wash/palmolive-aquarium-liquid-handwash-soap-300ml/608227","hand soap","2026-04-10T19:38:05.783Z","asda","3.33","per lt","300ml"
"Palmolive",,"https://asdagroceries.scene7.com/is/image/asdagroceries/8714789673653?$ProdList$","Palmolive Hygiene Plus Sensitive Antibacterial Hand Wash Soap 300ml",,"false","1.48","https://groceries.asda.com/groceries/product/hand-wash/palmolive-hygiene-plus-sensitive-antibacterial-hand-wash-soap-300ml/3693699","hand soap","2026-04-10T19:38:05.783Z","asda","3.33","per lt","300ml"
"Baylis",,"https://asdagroceries.scene7.com/is/image/asdagroceries/0017854100183?$ProdList$","Baylis & Harding Goodness Rose & Geranium Natural Hand Wash 500ml",,"false","3.98","https://groceries.asda.com/groceries/product/hand-wash/baylis-harding-goodness-rose-geranium-natural-hand-wash-500ml/9014023","hand soap","2026-04-10T19:38:05.783Z","asda","5.96","per lt","500ml"
"Dove",,"https://asdagroceries.scene7.com/is/image/asdagroceries/59095842?$ProdList$","Dove Advanced Care Anti-Perspirant Roll On Original 50ml",,"false","3","https://groceries.asda.com/groceries/product/women-s-roll-on-deodorant/dove-advanced-care-anti-perspirant-roll-on-original-50ml/7619107","deodorant","2026-04-10T19:38:27.292Z","asda","60","per lt","50ml"
"Lynx",,"https://asdagroceries.scene7.com/is/image/asdagroceries/8717163640920?$ProdList$","Lynx Black Aerosol Body Spray 250 ml",,"false","4","https://groceries.asda.com/groceries/product/men-s-body-spray/lynx-black-aerosol-body-spray-250-ml/6308394","deodorant","2026-04-10T19:38:27.292Z","asda","16","per lt","250 ml"
"Lynx",,"https://asdagroceries.scene7.com/is/image/asdagroceries/8717163683323?$ProdList$","Lynx Aerosol Body Spray Excite 250 ml",,"false","4","https://groceries.asda.com/groceries/product/lynx-deodorant-body-spray/lynx-aerosol-body-spray-excite-250-ml/6308434","deodorant","2026-04-10T19:38:27.292Z","asda","16","per lt","250 ml"
"Sure",,"https://asdagroceries.scene7.com/is/image/asdagroceries/8720181197253?$ProdList$","Sure Nonstop Protection Anti-Perspirant Aerosol Bright Bouquet 150ml",,"false","2.93","https://groceries.asda.com/groceries/product/women-s-spray-deodorant/sure-nonstop-protection-anti-perspirant-aerosol-bright-bouquet-150ml/7358287","deodorant","2026-04-10T19:38:27.292Z","asda","13.33","per lt","150ml"
"Dove",,"https://asdagroceries.scene7.com/is/image/asdagroceries/8720181565854?$ProdList$","Dove Advanced Care Go Fresh Anti-Perspirant Aerosol Dragonfruit & Coconut Cream Scent 200ml",,"false","4.94","https://groceries.asda.com/groceries/product/women-s-spray-deodorant/dove-advanced-care-go-fresh-anti-perspirant-aerosol-dragonfruit-coconut-cream-scent-200ml/9219034","deodorant","2026-04-10T19:38:27.292Z","asda","15","per lt","200ml"
"Gillette",,"https://asdagroceries.scene7.com/is/image/asdagroceries/7702018263875?$ProdList$","Gillette Proglide 8 Razor Refill for Men",,"false","28","https://groceries.asda.com/groceries/product/men-s-razors-blades/gillette-proglide-8-razor-refill-for-men/3906764","razor blades","2026-04-10T19:38:47.882Z","asda","2.88","per each",
"Gillette",,"https://asdagroceries.scene7.com/is/image/asdagroceries/7702018355518?$ProdList$","Gillette ProGlide   Razor For Men",,"false","10","https://groceries.asda.com/groceries/product/men-s-razors-blades/gillette-proglide-razor-for-men/4995663","razor blades","2026-04-10T19:38:47.882Z","asda","8","per each",
"Gillette",,"https://asdagroceries.scene7.com/is/image/asdagroceries/7702018851324?$ProdList$","Gillette Fusion5 8 Razor Refill for Men",,"false","23","https://groceries.asda.com/groceries/product/men-s-razors-blades/gillette-fusion5-8-razor-refill-for-men/2015897","razor blades","2026-04-10T19:38:47.882Z","asda","2.38","per each",
"Gillette",,"https://asdagroceries.scene7.com/is/image/asdagroceries/8006540903582?$ProdList$","Gillette Fusion5 Razor Refills For Men",,"false","26","https://groceries.asda.com/groceries/product/men-s-razors-blades/gillette-fusion5-razor-refills-for-men/7624381","razor blades","2026-04-10T19:38:47.882Z","asda","2.36","per each",
"Gillette",,"https://asdagroceries.scene7.com/is/image/asdagroceries/7702018572526?$ProdList$","Gillette UEFA Champions League Special Edition  Mach3 Razor Blades x12",,"false","21","https://groceries.asda.com/groceries/product/men-s-razors-blades/gillette-uefa-champions-league-special-edition-mach3-razor-blades-x12/6981898","razor blades","2026-04-10T19:38:47.882Z","asda","1.75","per each",
"ASDA",,"https://asdagroceries.scene7.com/is/image/asdagroceries/5057172384051?$ProdList$","ASDA Fruity Seedless Strawberry Jam 454g",,"false","0.89","https://groceries.asda.com/groceries/product/jams-curds/asda-fruity-seedless-strawberry-jam-454g/6722863","jam strawberry","2026-04-10T19:39:11.897Z","asda","1.96","per kg","454g"
"Hartley's",,"https://asdagroceries.scene7.com/is/image/asdagroceries/5060391624518?$ProdList$","Hartley's Best Strawberry Seedless Jam 300g",,"false","1.61","https://groceries.asda.com/groceries/product/jams-curds/hartley-s-best-strawberry-seedless-jam-300g/6453539","jam strawberry","2026-04-10T19:39:11.897Z","asda","3.33","per kg","300g"
"Bonne",,"https://asdagroceries.scene7.com/is/image/asdagroceries/3045320094015?$ProdList$","Bonne Maman Strawberry and Wild Strawberry Conserve 370g",,"false","2.88","https://groceries.asda.com/groceries/product/jams-curds/bonne-maman-strawberry-and-wild-strawberry-conserve-370g/4771298","jam strawberry","2026-04-10T19:39:11.897Z","asda","7.78","per kg","370g"
"ASDA",,"https://asdagroceries.scene7.com/is/image/asdagroceries/5057172384044?$ProdList$","ASDA Fruity Strawberry Jam 454g",,"false","0.89","https://groceries.asda.com/groceries/product/jams-curds/asda-fruity-strawberry-jam-454g/6722861","jam strawberry","2026-04-10T19:39:11.897Z","asda","1.96","per kg","454g"
"Hartley's",,"https://asdagroceries.scene7.com/is/image/asdagroceries/5060391624433?$ProdList$","Hartley's Best Strawberry Jam 300g",,"false","1.61","https://groceries.asda.com/groceries/product/jams-curds/hartley-s-best-strawberry-jam-300g/6453531","jam strawberry","2026-04-10T19:39:11.897Z","asda","3.33","per kg","300g"
"Lotus",,"https://asdagroceries.scene7.com/is/image/asdagroceries/5410126116953?$ProdList$","Lotus Biscoff Smooth Spread 400g",,"false","3.2","https://groceries.asda.com/groceries/product/chocolate-sweet-spreads/lotus-biscoff-smooth-spread-400g/4693294","peanut butter","2026-04-10T19:39:32.295Z","asda","8","per kg","400g"
"Lotus",,"https://asdagroceries.scene7.com/is/image/asdagroceries/5410126076936?$ProdList$","Lotus Biscoff Smooth 720g",,"false","5","https://groceries.asda.com/groceries/product/chocolate-sweet-spreads/lotus-biscoff-smooth-720g/6903463","peanut butter","2026-04-10T19:39:32.295Z","asda","6.94","per kg","720g"
"Lotus",,"https://asdagroceries.scene7.com/is/image/asdagroceries/5410126726947?$ProdList$","Lotus Biscoff Crunchy 380g",,"false","3.2","https://groceries.asda.com/groceries/product/chocolate-sweet-spreads/lotus-biscoff-crunchy-380g/4693296","peanut butter","2026-04-10T19:39:32.295Z","asda","8.42","per kg","380g"
"Meridian",,"https://asdagroceries.scene7.com/is/image/asdagroceries/5060132285367?$ProdList$","Meridian Protein Smooth Peanut Butter 700g",,"false","5.7","https://groceries.asda.com/groceries/product/nut-butters/meridian-protein-smooth-peanut-butter-700g/9295467","peanut butter","2026-04-10T19:39:32.295Z","asda","8.14","per kg","700g"
"Meridian",,"https://asdagroceries.scene7.com/is/image/asdagroceries/5014213001049?$ProdList$","Meridian Crunchy Peanut Butter Palm Oil Free 1Kg",,"false","6.44","https://groceries.asda.com/groceries/product/nut-butters/meridian-crunchy-peanut-butter-palm-oil-free-1kg/5270766","peanut butter","2026-04-10T19:39:32.295Z","asda","5.5","per kg","1Kg"
"Lotus",,"https://asdagroceries.scene7.com/is/image/asdagroceries/5410126116953?$ProdList$","Lotus Biscoff Smooth Spread 400g",,"false","3.2","https://groceries.asda.com/groceries/product/chocolate-sweet-spreads/lotus-biscoff-smooth-spread-400g/4693294","nutella","2026-04-10T19:39:56.787Z","asda","8","per kg","400g"
"Lotus",,"https://asdagroceries.scene7.com/is/image/asdagroceries/5410126076936?$ProdList$","Lotus Biscoff Smooth 720g",,"false","5","https://groceries.asda.com/groceries/product/chocolate-sweet-spreads/lotus-biscoff-smooth-720g/6903463","nutella","2026-04-10T19:39:56.787Z","asda","6.94","per kg","720g"
"Lotus",,"https://asdagroceries.scene7.com/is/image/asdagroceries/5410126726947?$ProdList$","Lotus Biscoff Crunchy 380g",,"false","3.2","https://groceries.asda.com/groceries/product/chocolate-sweet-spreads/lotus-biscoff-crunchy-380g/4693296","nutella","2026-04-10T19:39:56.787Z","asda","8.42","per kg","380g"
"Nutella",,"https://asdagroceries.scene7.com/is/image/asdagroceries/5020411121151?$ProdList$","Nutella Hazelnut Chocolate Spread Jar 630g",,"false","5.25","https://groceries.asda.com/groceries/product/chocolate-sweet-spreads/nutella-hazelnut-chocolate-spread-jar-630g/9248138","nutella","2026-04-10T19:39:56.787Z","asda","7.46","per kg","630g"
"Nutella",,"https://asdagroceries.scene7.com/is/image/asdagroceries/3017624010701?$ProdList$","Nutella Hazelnut Chocolate Spread Jar 1000g",,"false","6.92","https://groceries.asda.com/groceries/product/chocolate-sweet-spreads/nutella-hazelnut-chocolate-spread-jar-1000g/3975835","nutella","2026-04-10T19:39:56.787Z","asda","6.92","per kg","1000g"
"Exceptional",,"https://asdagroceries.scene7.com/is/image/asdagroceries/5063089971741?$ProdList$","Exceptional by ASDA Seville Orange Breakfast Marmalade 340g",,"false","1.86","https://groceries.asda.com/groceries/product/jams-curds/exceptional-by-asda-seville-orange-breakfast-marmalade-340g/9297379","marmalade","2026-04-10T19:40:23.789Z","asda","5.47","per kg","340g"
"Exceptional",,"https://asdagroceries.scene7.com/is/image/asdagroceries/5063089971758?$ProdList$","Exceptional by ASDA Exceptional by  Three Fruits Marmalade 340g",,"false","1.86","https://groceries.asda.com/groceries/product/jams-curds/exceptional-by-asda-exceptional-by-three-fruits-marmalade-340g/9297465","marmalade","2026-04-10T19:40:23.789Z","asda","5.47","per kg","340g"
"Exceptional",,"https://asdagroceries.scene7.com/is/image/asdagroceries/5063089971765?$ProdList$","Exceptional by ASDA Exceptional by  Thick Cut Dark Seville Orange Marmalade 340g",,"false","1.86","https://groceries.asda.com/groceries/product/jams-curds/exceptional-by-asda-exceptional-by-thick-cut-dark-seville-orange-marmalade-340g/7294414","marmalade","2026-04-10T19:40:23.789Z","asda","5.47","per kg","340g"
"ASDA",,"https://asdagroceries.scene7.com/is/image/asdagroceries/5057172620401?$ProdList$","ASDA Thick Cut Orange Marmalade 454g",,"false","1.02","https://groceries.asda.com/groceries/product/marmalade/asda-thick-cut-orange-marmalade-454g/7068328","marmalade","2026-04-10T19:40:23.789Z","asda","2.25","per kg","454g"
"Robertson's",,"https://asdagroceries.scene7.com/is/image/asdagroceries/5035660136627?$ProdList$","Robertson's Golden Shredless 454g",,"false","1.88","https://groceries.asda.com/groceries/product/marmalade/robertson-s-golden-shredless-454g/458041","marmalade","2026-04-10T19:40:23.789Z","asda","4.14","per kg","454g"
"Scott's",,"https://asdagroceries.scene7.com/is/image/asdagroceries/5000108022176?$ProdList$","Scott's Porage Original Porridge Oats 1kg",,"false","4.5","https://groceries.asda.com/groceries/product/traditional-porridge-oats/scott-s-porage-original-porridge-oats-1kg/540519","porridge oats","2026-04-10T19:40:48.713Z","asda","2.94","per kg","1kg"
"Quaker",,"https://asdagroceries.scene7.com/is/image/asdagroceries/5000108022152?$ProdList$","Quaker British Porridge Rolled Oats 1kg",,"false","4.5","https://groceries.asda.com/groceries/product/traditional-porridge-oats/quaker-british-porridge-rolled-oats-1kg/540517","porridge oats","2026-04-10T19:40:48.713Z","asda","2.94","per kg","1kg"
"Quaker",,"https://asdagroceries.scene7.com/is/image/asdagroceries/5000108035015?$ProdList$","Quaker Oat So Simple Original Big Pack Porridge Sachets 12x27g",,"false","3.75","https://groceries.asda.com/groceries/product/sachets-boxes-bags/quaker-oat-so-simple-original-big-pack-porridge-sachets-12x27g/9346792","porridge oats","2026-04-10T19:40:48.713Z","asda","11.57","per kg","12x27g"
"Quaker",,"https://asdagroceries.scene7.com/is/image/asdagroceries/5000108281238?$ProdList$","Quaker Oat So Simple Golden Syrup Big Pack Porridge Sachets 20x36g",,"false","4.75","https://groceries.asda.com/groceries/product/porridge-sachets/quaker-oat-so-simple-golden-syrup-big-pack-porridge-sachets-20x36g/7019401","porridge oats","2026-04-10T19:40:48.713Z","asda","6.6","per kg","20x36g"
"Quaker",,"https://asdagroceries.scene7.com/is/image/asdagroceries/5000108030553?$ProdList$","Quaker Oat So Simple Golden Syrup Porridge Sachets 10x36g",,"false","3.75","https://groceries.asda.com/groceries/product/porridge-sachets/quaker-oat-so-simple-golden-syrup-porridge-sachets-10x36g/2515557","porridge oats","2026-04-10T19:40:48.713Z","asda","10.42","per kg","10x36g"
"Jordans",,"https://asdagroceries.scene7.com/is/image/asdagroceries/5010477369017?$ProdList$","Jordans Special Edition Crunchy Oat Clusters with Caramelised Biscuit Pieces 450g",,"false","3.6","https://groceries.asda.com/groceries/product/family-cereals/jordans-special-edition-crunchy-oat-clusters-with-caramelised-biscuit-pieces-450g/9344566","cornflakes","2026-04-10T19:41:09.403Z","asda","5.56","per kg","450g"
"Jordans",,"https://asdagroceries.scene7.com/is/image/asdagroceries/5010477364678?$ProdList$","Jordans No Added Sugar Apple & Berry Granola Breakfast Cereal 425g",,"false","3.58","https://groceries.asda.com/groceries/product/granola-crisp/jordans-no-added-sugar-apple-berry-granola-breakfast-cereal-425g/7673411","cornflakes","2026-04-10T19:41:09.403Z","asda","7.06","per kg","425g"
"Kellogg's",,"https://asdagroceries.scene7.com/is/image/asdagroceries/5059319029016?$ProdList$","Kellogg's Original Breakfast Cereal 440g",,"false","3.5","https://groceries.asda.com/groceries/product/special-k/kellogg-s-original-breakfast-cereal-440g/9028242","cornflakes","2026-04-10T19:41:09.403Z","asda","7.95","per kg","440g"
"Jordans",,"https://asdagroceries.scene7.com/is/image/asdagroceries/5010477364654?$ProdList$","Jordans No Added Sugar Triple Nut Granola Breakfast Cereal 425g",,"false","3.58","https://groceries.asda.com/groceries/product/granola-crisp/jordans-no-added-sugar-triple-nut-granola-breakfast-cereal-425g/7673409","cornflakes","2026-04-10T19:41:09.403Z","asda","7.06","per kg","425g"
"ASDA",,"https://asdagroceries.scene7.com/is/image/asdagroceries/5063089112427?$ProdList$","ASDA Corn Flakes 500g",,"false","0.95","https://groceries.asda.com/groceries/product/cornflakes-honey-nut/asda-corn-flakes-500g/7602025","cornflakes","2026-04-10T19:41:09.404Z","asda","1.9","per kg","500g"
"Jordans",,"https://asdagroceries.scene7.com/is/image/asdagroceries/5010477364654?$ProdList$","Jordans No Added Sugar Triple Nut Granola Breakfast Cereal 425g",,"false","3.58","https://groceries.asda.com/groceries/product/granola-crisp/jordans-no-added-sugar-triple-nut-granola-breakfast-cereal-425g/7673409","granola","2026-04-10T19:41:34.821Z","asda","7.06","per kg","425g"
"Jordans",,"https://asdagroceries.scene7.com/is/image/asdagroceries/5010477369055?$ProdList$","Jordans Protein Boost Granola Chocolate & Hazelnut 400g",,"false","3.6","https://groceries.asda.com/groceries/product/granola-crisp/jordans-protein-boost-granola-chocolate-hazelnut-400g/9341029","granola","2026-04-10T19:41:34.821Z","asda","9","per kg","400g"
"Jordans",,"https://asdagroceries.scene7.com/is/image/asdagroceries/5010477364678?$ProdList$","Jordans No Added Sugar Apple & Berry Granola Breakfast Cereal 425g",,"false","3.58","https://groceries.asda.com/groceries/product/granola-crisp/jordans-no-added-sugar-apple-berry-granola-breakfast-cereal-425g/7673411","granola","2026-04-10T19:41:34.821Z","asda","7.06","per kg","425g"
"Jordans",,"https://asdagroceries.scene7.com/is/image/asdagroceries/5010477369017?$ProdList$","Jordans Special Edition Crunchy Oat Clusters with Caramelised Biscuit Pieces 450g",,"false","3.6","https://groceries.asda.com/groceries/product/family-cereals/jordans-special-edition-crunchy-oat-clusters-with-caramelised-biscuit-pieces-450g/9344566","granola","2026-04-10T19:41:34.821Z","asda","5.56","per kg","450g"
"Jordans",,"https://asdagroceries.scene7.com/is/image/asdagroceries/5010477369031?$ProdList$","Jordans Protein Boost Granola Red Berry 400g",,"false","3.6","https://groceries.asda.com/groceries/product/granola-crisp/jordans-protein-boost-granola-red-berry-400g/9344140","granola","2026-04-10T19:41:34.821Z","asda","9","per kg","400g"
"Weetabix",,"https://asdagroceries.scene7.com/is/image/asdagroceries/5010029000016?$ProdList$","Weetabix Original 24 pack cereal",,"false","3.48","https://groceries.asda.com/groceries/product/wheat-biscuits-mini-wheats/weetabix-original-24-pack-cereal/8542","weetabix","2026-04-10T19:41:58.187Z","asda",,,"24 pack"
"Weetabix",,"https://asdagroceries.scene7.com/is/image/asdagroceries/5010029229035?$ProdList$","Weetabix Crispy Minis Chocolate Chip 500g",,"false","3.8","https://groceries.asda.com/groceries/product/family-cereals/weetabix-crispy-minis-chocolate-chip-500g/7651114","weetabix","2026-04-10T19:41:58.187Z","asda","7.6","per kg","500g"
"Weetabix",,"https://asdagroceries.scene7.com/is/image/asdagroceries/5010029229158?$ProdList$","Weetabix Crispy Minis Fruit & Nut 500g",,"false","3.8","https://groceries.asda.com/groceries/product/family-cereals/weetabix-crispy-minis-fruit-nut-500g/7651116","weetabix","2026-04-10T19:41:58.187Z","asda","7.6","per kg","500g"
"Weetabix",,"https://asdagroceries.scene7.com/is/image/asdagroceries/5010029231281?$ProdList$","Weetabix Crispy Minis Caramelised Biscuit 500g",,"false","3.8","https://groceries.asda.com/groceries/product/wheat-biscuits-mini-wheats/weetabix-crispy-minis-caramelised-biscuit-500g/9228097","weetabix","2026-04-10T19:41:58.187Z","asda","7.6","per kg","500g"
"Weetabix",,"https://asdagroceries.scene7.com/is/image/asdagroceries/5010029000856?$ProdList$","Weetabix Original 72 pack cereal",,"false","7.5","https://groceries.asda.com/groceries/product/wheat-biscuits-mini-wheats/weetabix-original-72-pack-cereal/2717892","weetabix","2026-04-10T19:41:58.187Z","asda",,,"72 pack"
"Jordans",,"https://asdagroceries.scene7.com/is/image/asdagroceries/5010477369017?$ProdList$","Jordans Special Edition Crunchy Oat Clusters with Caramelised Biscuit Pieces 450g",,"false","3.6","https://groceries.asda.com/groceries/product/family-cereals/jordans-special-edition-crunchy-oat-clusters-with-caramelised-biscuit-pieces-450g/9344566","muesli","2026-04-10T19:42:22.118Z","asda","5.56","per kg","450g"
"Jordans",,"https://asdagroceries.scene7.com/is/image/asdagroceries/5010477364654?$ProdList$","Jordans No Added Sugar Triple Nut Granola Breakfast Cereal 425g",,"false","3.58","https://groceries.asda.com/groceries/product/granola-crisp/jordans-no-added-sugar-triple-nut-granola-breakfast-cereal-425g/7673409","muesli","2026-04-10T19:42:22.118Z","asda","7.06","per kg","425g"
"Jordans",,"https://asdagroceries.scene7.com/is/image/asdagroceries/5010477364678?$ProdList$","Jordans No Added Sugar Apple & Berry Granola Breakfast Cereal 425g",,"false","3.58","https://groceries.asda.com/groceries/product/granola-crisp/jordans-no-added-sugar-apple-berry-granola-breakfast-cereal-425g/7673411","muesli","2026-04-10T19:42:22.118Z","asda","7.06","per kg","425g"
"Kellogg's",,"https://asdagroceries.scene7.com/is/image/asdagroceries/5059319016450?$ProdList$","Kellogg's Crunchy Oat Mixed Berries Breakfast Granola 350g",,"false","3","https://groceries.asda.com/groceries/product/granola-crisp/kellogg-s-crunchy-oat-mixed-berries-breakfast-granola-350g/7409300","muesli","2026-04-10T19:42:22.118Z","asda","8.57","per kg","350g"
"Kellogg's",,"https://asdagroceries.scene7.com/is/image/asdagroceries/5059319016481?$ProdList$","Kellogg's Special K Crunchy Oat Granola Dark Chocolate Curls 350g",,"false","3","https://groceries.asda.com/groceries/product/granola-crisp/kellogg-s-special-k-crunchy-oat-granola-dark-chocolate-curls-350g/7409298","muesli","2026-04-10T19:42:22.118Z","asda","8.57","per kg","350g"
"Jordans",,"https://asdagroceries.scene7.com/is/image/asdagroceries/5010477369017?$ProdList$","Jordans Special Edition Crunchy Oat Clusters with Caramelised Biscuit Pieces 450g",,"false","3.6","https://groceries.asda.com/groceries/product/family-cereals/jordans-special-edition-crunchy-oat-clusters-with-caramelised-biscuit-pieces-450g/9344566","rice krispies","2026-04-10T19:42:48.590Z","asda","5.56","per kg","450g"
"Jordans",,"https://asdagroceries.scene7.com/is/image/asdagroceries/5010477364654?$ProdList$","Jordans No Added Sugar Triple Nut Granola Breakfast Cereal 425g",,"false","3.58","https://groceries.asda.com/groceries/product/granola-crisp/jordans-no-added-sugar-triple-nut-granola-breakfast-cereal-425g/7673409","rice krispies","2026-04-10T19:42:48.590Z","asda","7.06","per kg","425g"
"Jordans",,"https://asdagroceries.scene7.com/is/image/asdagroceries/5010477364678?$ProdList$","Jordans No Added Sugar Apple & Berry Granola Breakfast Cereal 425g",,"false","3.58","https://groceries.asda.com/groceries/product/granola-crisp/jordans-no-added-sugar-apple-berry-granola-breakfast-cereal-425g/7673411","rice krispies","2026-04-10T19:42:48.590Z","asda","7.06","per kg","425g"
"Kellogg's",,"https://asdagroceries.scene7.com/is/image/asdagroceries/5059319024165?$ProdList$","Kellogg's Rice Krispies Breakfast Cereal 660g",,"false","4","https://groceries.asda.com/groceries/product/family-cereals/kellogg-s-rice-krispies-breakfast-cereal-660g/7673259","rice krispies","2026-04-10T19:42:48.590Z","asda","5.3","per kg","660g"
"ASDA",,"https://asdagroceries.scene7.com/is/image/asdagroceries/5057172220830?$ProdList$","ASDA Rice Snaps 375g",,"false","0.95","https://groceries.asda.com/groceries/product/family-cereals/asda-rice-snaps-375g/6611040","rice krispies","2026-04-10T19:42:48.590Z","asda","2.53","per kg","375g"
"ASDA",,"https://asdagroceries.scene7.com/is/image/asdagroceries/0000027563540?$ProdList$","ASDA Orange Juice with Bits 1Litre",,"false","2","https://groceries.asda.com/groceries/product/orange-citrus-juice/asda-orange-juice-with-bits-1litre/1517582","orange juice","2026-04-10T19:43:17.610Z","asda","2","per lt","1Litre"
"ASDA",,"https://asdagroceries.scene7.com/is/image/asdagroceries/27639863?$ProdList$","ASDA Clementine Juice 1 Litre",,"false","2","https://groceries.asda.com/groceries/product/orange-citrus-juice/asda-clementine-juice-1-litre/1640977","orange juice","2026-04-10T19:43:17.610Z","asda","2","per lt","1 Litre"
"ASDA",,"https://asdagroceries.scene7.com/is/image/asdagroceries/27640074?$ProdList$","ASDA Smooth Orange Juice 1Litre",,"false","2","https://groceries.asda.com/groceries/product/orange-citrus-juice/asda-smooth-orange-juice-1litre/1644699","orange juice","2026-04-10T19:43:17.610Z","asda","2","per lt","1Litre"
"Innocent",,"https://asdagroceries.scene7.com/is/image/asdagroceries/5038862100502?$ProdList$","Innocent innocent pure Orange Juice with Bits 900ml",,"false","3.18","https://groceries.asda.com/groceries/product/orange-citrus-juice/innocent-innocent-pure-orange-juice-with-bits-900ml/7648399","orange juice","2026-04-10T19:43:17.610Z","asda","3.53","per lt","900ml"
"Innocent",,"https://asdagroceries.scene7.com/is/image/asdagroceries/5038862102506_T1?$ProdList$","Innocent innocent pure Orange Juice Smooth 900ml",,"false","3.18","https://groceries.asda.com/groceries/product/orange-citrus-juice/innocent-innocent-pure-orange-juice-smooth-900ml/7648401","orange juice","2026-04-10T19:43:17.610Z","asda","3.53","per lt","900ml"
"ASDA",,"https://asdagroceries.scene7.com/is/image/asdagroceries/27563557?$ProdList$","ASDA Apple Juice 1 Litre",,"false","2","https://groceries.asda.com/groceries/product/apple-juice/asda-apple-juice-1-litre/1517552","apple juice","2026-04-10T19:43:38.484Z","asda","2","per lt","1 Litre"
"Innocent",,"https://asdagroceries.scene7.com/is/image/asdagroceries/5038862104708?$ProdList$","Innocent Apple Juice Family Size 1.35L",,"false","4.08","https://groceries.asda.com/groceries/product/apple-juice/innocent-apple-juice-family-size-1-35l/6525477","apple juice","2026-04-10T19:43:38.484Z","asda","2.57","per lt","1.35L"
"Tropicana",,"https://asdagroceries.scene7.com/is/image/asdagroceries/1210002010405?$ProdList$","Tropicana Orchard Apple Fruit Juice 1.5L",,"false","4.28","https://groceries.asda.com/groceries/product/bigger-pack-juice/tropicana-orchard-apple-fruit-juice-1-5l/9086932","apple juice","2026-04-10T19:43:38.484Z","asda","2.85","per lt","1.5L"
"ASDA",,"https://asdagroceries.scene7.com/is/image/asdagroceries/5051413288191?$ProdList$","ASDA Apple Juice from Concentrate 1 Litre",,"false","1.57","https://groceries.asda.com/groceries/product/long-life-apple-juice/asda-apple-juice-from-concentrate-1-litre/2618","apple juice","2026-04-10T19:43:38.484Z","asda","1.57","per lt","1 Litre"
"ASDA",,"https://asdagroceries.scene7.com/is/image/asdagroceries/5057172102242?$ProdList$","ASDA Apple Juice from Concentrate 150ml",,"false","1.02","https://groceries.asda.com/groceries/product/long-life-apple-juice/asda-apple-juice-from-concentrate-150ml/6757877","apple juice","2026-04-10T19:43:38.484Z","asda","2.27","per lt","150ml"
"Tetley",,"https://asdagroceries.scene7.com/is/image/asdagroceries/5000208046089?$ProdList$","Tetley Original Tea Bags 1.25kg",,"false","8.75","https://groceries.asda.com/groceries/product/everyday-tea/tetley-original-tea-bags-1-25kg/7325699","tea bags","2026-04-10T19:44:05.316Z","asda","7","per kg","1.25kg"
"Taylors",,"https://asdagroceries.scene7.com/is/image/asdagroceries/5010357112085?$ProdList$","Taylors of Harrogate Yorkshire Tea 160 Tea Bags 500g",,"false","6.17","https://groceries.asda.com/groceries/product/everyday-tea/taylors-of-harrogate-yorkshire-tea-160-tea-bags-500g/45529","tea bags","2026-04-10T19:44:05.316Z","asda","12.34","per kg","500g"
"ASDA",,"https://asdagroceries.scene7.com/is/image/asdagroceries/5057172733262?$ProdList$","ASDA Extra Strong 80 Tea Bags 232g",,"false","2.14","https://groceries.asda.com/groceries/product/everyday-tea/asda-extra-strong-80-tea-bags-232g/7171228","tea bags","2026-04-10T19:44:05.316Z","asda","9.22","per kg","232g"
"Taylors",,"https://asdagroceries.scene7.com/is/image/asdagroceries/5010357112061?$ProdList$","Taylors of Harrogate Yorkshire Tea 80 Tea Bags 250g",,"false","3.74","https://groceries.asda.com/groceries/product/everyday-tea/taylors-of-harrogate-yorkshire-tea-80-tea-bags-250g/45528","tea bags","2026-04-10T19:44:05.316Z","asda","12","per kg","250g"
"Taylors",,"https://asdagroceries.scene7.com/is/image/asdagroceries/0615357120747?$ProdList$","Taylors of Harrogate Yorkshire Tea Decaf 160 Tea Bags 500g",,"false","6.28","https://groceries.asda.com/groceries/product/decaf-redbush-tea/taylors-of-harrogate-yorkshire-tea-decaf-160-tea-bags-500g/6064775","tea bags","2026-04-10T19:44:05.316Z","asda","12","per kg","500g"
"ASDA",,"https://asdagroceries.scene7.com/is/image/asdagroceries/0000021178610?$ProdList$","ASDA Gold Roasted Coffee 200g",,"false","2.65","https://groceries.asda.com/groceries/product/premium-instant-coffee/asda-gold-roasted-coffee-200g/847556","instant coffee","2026-04-10T19:44:32.309Z","asda","13.25","per kg","200g"
"ASDA",,"https://asdagroceries.scene7.com/is/image/asdagroceries/5054070281987?$ProdList$","ASDA Extra Special Extra Special Colombian Instant Coffee 100g",,"false","3.32","https://groceries.asda.com/groceries/product/premium-instant-coffee/asda-extra-special-extra-special-colombian-instant-coffee-100g/4922047","instant coffee","2026-04-10T19:44:32.309Z","asda","33.2","per kg","100g"
"Exceptional",,"https://asdagroceries.scene7.com/is/image/asdagroceries/5063089971468?$ProdList$","Exceptional by ASDA Brazilian Instant Coffee 100g",,"false","3.32","https://groceries.asda.com/groceries/product/premium-instant-coffee/exceptional-by-asda-brazilian-instant-coffee-100g/9292015","instant coffee","2026-04-10T19:44:32.309Z","asda","33.2","per kg","100g"
"ASDA",,"https://asdagroceries.scene7.com/is/image/asdagroceries/21178641?$ProdList$","ASDA Rich Roasted Coffee Instant Granules 200g",,"false","2.34","https://groceries.asda.com/groceries/product/regular-instant-coffee/asda-rich-roasted-coffee-instant-granules-200g/847448","instant coffee","2026-04-10T19:44:32.309Z","asda","11.7","per kg","200g"
"Nescafe",,"https://asdagroceries.scene7.com/is/image/asdagroceries/8445291692824?$ProdList$","Nescafe Gold Blend Instant Coffee  95g",,"false","4","https://groceries.asda.com/groceries/product/premium-instant-coffee/nescafe-gold-blend-instant-coffee-95g/9248521","instant coffee","2026-04-10T19:44:32.309Z","asda","40","per kg","95g"
"ASDA",,"https://asdagroceries.scene7.com/is/image/asdagroceries/5054781136767?$ProdList$","ASDA Italian Style Roasted Ground 227g",,"false","3.47","https://groceries.asda.com/groceries/product/ground-coffee/asda-italian-style-roasted-ground-227g/5442684","ground coffee","2026-04-10T19:44:57.987Z","asda","15.29","per kg","227g"
"Exceptional",,"https://asdagroceries.scene7.com/is/image/asdagroceries/5063089971185?$ProdList$","Exceptional by Asda Ground Colombian Roast Coffee 227g",,"false","3.98","https://groceries.asda.com/groceries/product/ground-coffee/exceptional-by-asda-ground-colombian-roast-coffee-227g/9281616","ground coffee","2026-04-10T19:44:57.987Z","asda","17.53","per kg","227g"
"ASDA",,"https://asdagroceries.scene7.com/is/image/asdagroceries/5054781136750?$ProdList$","ASDA French Style Roasted Ground 227g",,"false","3.5","https://groceries.asda.com/groceries/product/ground-coffee/asda-french-style-roasted-ground-227g/5442682","ground coffee","2026-04-10T19:44:57.987Z","asda","15.42","per kg","227g"
"Exceptional",,"https://asdagroceries.scene7.com/is/image/asdagroceries/5063089971192?$ProdList$","Exceptional by Asda Javan Volcanic Island Roast Ground Coffee 227g",,"false","3.98","https://groceries.asda.com/groceries/product/ground-coffee/exceptional-by-asda-javan-volcanic-island-roast-ground-coffee-227g/2290030","ground coffee","2026-04-10T19:44:57.987Z","asda","17.53","per kg","227g"
"Exceptional",,"https://asdagroceries.scene7.com/is/image/asdagroceries/5063089971215?$ProdList$","Exceptional by Asda Ethiopian Mocha Limu Roast Coffee 227g",,"false","3.98","https://groceries.asda.com/groceries/product/ground-coffee/exceptional-by-asda-ethiopian-mocha-limu-roast-coffee-227g/9276988","ground coffee","2026-04-10T19:44:57.987Z","asda","17.53","per kg","227g"
"Galaxy",,"https://asdagroceries.scene7.com/is/image/asdagroceries/5060113912701?$ProdList$","Galaxy Instant Hot Chocolate 25g",,"false","0.4","https://groceries.asda.com/groceries/product/hot-chocolate/galaxy-instant-hot-chocolate-25g/3162754","hot chocolate","2026-04-10T19:45:24.608Z","asda","16","per kg","25g"
"Cadbury",,"https://asdagroceries.scene7.com/is/image/asdagroceries/5034660021582?$ProdList$","Cadbury Drinking Hot Chocolate Cocoa Powder Tin 500g",,"false","4.49","https://groceries.asda.com/groceries/product/hot-chocolate/cadbury-drinking-hot-chocolate-cocoa-powder-tin-500g/5719958","hot chocolate","2026-04-10T19:45:24.608Z","asda","8.98","per kg","500g"
"Galaxy",,"https://asdagroceries.scene7.com/is/image/asdagroceries/5060113912640?$ProdList$","Galaxy Instant Hot Chocolate 370g",,"false","3.98","https://groceries.asda.com/groceries/product/hot-chocolate/galaxy-instant-hot-chocolate-370g/7174848","hot chocolate","2026-04-10T19:45:24.608Z","asda","10.76","per kg","370g"
"ASDA",,"https://asdagroceries.scene7.com/is/image/asdagroceries/5054070282069?$ProdList$","ASDA Instant Hot Chocolate 400g",,"false","1.9","https://groceries.asda.com/groceries/product/hot-chocolate/asda-instant-hot-chocolate-400g/4973102","hot chocolate","2026-04-10T19:45:24.608Z","asda","4.75","per kg","400g"
"ASDA",,"https://asdagroceries.scene7.com/is/image/asdagroceries/5054070785508?$ProdList$","ASDA Light Instant Hot Chocolate 300g",,"false","2.78","https://groceries.asda.com/groceries/product/hot-chocolate/asda-light-instant-hot-chocolate-300g/5117308","hot chocolate","2026-04-10T19:45:24.608Z","asda","9.27","per kg","300g"
"Coca-Cola",,"https://asdagroceries.scene7.com/is/image/asdagroceries/5449000086877?$ProdList$","Coca-Cola Original Taste 24 x 330ml",,"false","14.48","https://groceries.asda.com/groceries/product/regular-cola/coca-cola-original-taste-24-x-330ml/6035632","coca cola","2026-04-10T19:45:53.485Z","asda","1.58","per lt","24 x 330ml"
"Coca-Cola",,"https://asdagroceries.scene7.com/is/image/asdagroceries/5449000009289?$ProdList$","Coca-Cola Original Taste 12 x 330ml",,"false","8.24","https://groceries.asda.com/groceries/product/coca-cola-classic/coca-cola-original-taste-12-x-330ml/7235672","coca cola","2026-04-10T19:45:53.485Z","asda","2.08","per lt","12 x 330ml"
"Coca-Cola",,"https://asdagroceries.scene7.com/is/image/asdagroceries/5449000601971?$ProdList$","Coca-Cola Original Taste 1.75L",,"false","2.58","https://groceries.asda.com/groceries/product/regular-cola/coca-cola-original-taste-1-75l/7387625","coca cola","2026-04-10T19:45:53.485Z","asda","1.47","per lt","1.75L"
"Coca-Cola",,"https://asdagroceries.scene7.com/is/image/asdagroceries/5449000304476?$ProdList$","Coca-Cola Original Taste 6 x 250ml",,"false","3.58","https://groceries.asda.com/groceries/product/regular-cola/coca-cola-original-taste-6-x-250ml/7249873","coca cola","2026-04-10T19:45:53.485Z","asda","2.39","per lt","6 x 250ml"
"Coca-Cola",,"https://asdagroceries.scene7.com/is/image/asdagroceries/5449000058386?$ProdList$","Coca-Cola Original Taste 8 x 330ml",,"false","5.57","https://groceries.asda.com/groceries/product/regular-cola/coca-cola-original-taste-8-x-330ml/2879110","coca cola","2026-04-10T19:45:53.485Z","asda","2.11","per lt","8 x 330ml"
"Pepsi",,"https://asdagroceries.scene7.com/is/image/asdagroceries/4060800134592?$ProdList$","Pepsi Max No Sugar Cola Cans 8 x 330ml",,"false","3.98","https://groceries.asda.com/groceries/product/sugar-free-diet-cola/pepsi-max-no-sugar-cola-cans-8-x-330ml/3111503","pepsi","2026-04-10T19:46:17.107Z","asda","1.51","per lt","8 x 330ml"
"Pepsi",,"https://asdagroceries.scene7.com/is/image/asdagroceries/4062139018741?$ProdList$","Pepsi Cola Zero Sugar Strawberries 'N' Cream Flavour Cans 8 x 330ml",,"false","4.24","https://groceries.asda.com/groceries/product/flavoured-cola/pepsi-cola-zero-sugar-strawberries-n-cream-flavour-cans-8-x-330ml/9235599","pepsi","2026-04-10T19:46:17.107Z","asda","1.61","per lt","8 x 330ml"
"Pepsi",,"https://asdagroceries.scene7.com/is/image/asdagroceries/4062139017539?$ProdList$","Pepsi Cola Cans 8 x 330ml",,"false","4.48","https://groceries.asda.com/groceries/product/regular-cola/pepsi-cola-cans-8-x-330ml/9199995","pepsi","2026-04-10T19:46:17.107Z","asda","1.7","per lt","8 x 330ml"
"Pepsi",,"https://asdagroceries.scene7.com/is/image/asdagroceries/4060800170064?$ProdList$","Pepsi Max Cherry No Sugar Cola Cans 8 x 330ml",,"false","3.5","https://groceries.asda.com/groceries/product/sugar-free-diet-cola/pepsi-max-cherry-no-sugar-cola-cans-8-x-330ml/4660643","pepsi","2026-04-10T19:46:17.107Z","asda","1.33","per lt","8 x 330ml"
"Pepsi",,"https://asdagroceries.scene7.com/is/image/asdagroceries/4062139018598?$ProdList$","Pepsi Cola Zero Sugar Cream Soda Flavour Cans 8 x 330ml",,"false","4.24","https://groceries.asda.com/groceries/product/flavoured-cola/pepsi-cola-zero-sugar-cream-soda-flavour-cans-8-x-330ml/9232517","pepsi","2026-04-10T19:46:17.107Z","asda","1.61","per lt","8 x 330ml"
"ASDA",,"https://asdagroceries.scene7.com/is/image/asdagroceries/5063089501375?$ProdList$","ASDA Diet Lemonade 2 Litres",,"false","0.8","https://groceries.asda.com/groceries/product/sugar-free-diet-lemonade/asda-diet-lemonade-2-litres/9108307","lemonade","2026-04-10T19:46:36.618Z","asda",,,"2 Litres"
"7UP",,"https://asdagroceries.scene7.com/is/image/asdagroceries/4060800310125?$ProdList$","7UP Zero Sugar Free Lemon & Lime Cans 8 x 330ml",,"false","3.38","https://groceries.asda.com/groceries/product/sugar-free-diet-flavoured-fizzy-drinks/7up-zero-sugar-free-lemon-lime-cans-8-x-330ml/7694369","lemonade","2026-04-10T19:46:36.618Z","asda","1.14","per lt","8 x 330ml"
"ASDA",,"https://asdagroceries.scene7.com/is/image/asdagroceries/21105722?$ProdList$","ASDA Classic Lemonade 2 Litres",,"false","0.8","https://groceries.asda.com/groceries/product/regular-lemonade/asda-classic-lemonade-2-litres/2601","lemonade","2026-04-10T19:46:36.618Z","asda",,,"2 Litres"
"Sprite",,"https://asdagroceries.scene7.com/is/image/asdagroceries/5449000151094?$ProdList$","Sprite Zero Sugar 8 x 330ml",,"false","3.98","https://groceries.asda.com/groceries/product/sugar-free-diet-flavoured-fizzy-drinks/sprite-zero-sugar-8-x-330ml/3111497","lemonade","2026-04-10T19:46:36.618Z","asda","1.33","per lt","8 x 330ml"
"Schweppes",,"https://asdagroceries.scene7.com/is/image/asdagroceries/5000193900861?$ProdList$","Schweppes Lemonade 2L Bottle",,"false","1.38","https://groceries.asda.com/groceries/product/regular-lemonade/schweppes-lemonade-2l-bottle/2326","lemonade","2026-04-10T19:46:36.618Z","asda",,,"2L"
"San",,"https://asdagroceries.scene7.com/is/image/asdagroceries/8002270126802?$ProdList$","San Pellegrino Sparkling Natural Mineral Water 6x500ml",,"false","3.95","https://groceries.asda.com/groceries/product/sparkling-water/san-pellegrino-sparkling-natural-mineral-water-6x500ml/9047316","sparkling water","2026-04-10T19:46:57.338Z","asda","1.32","per lt","6x500ml"
"Evian",,"https://asdagroceries.scene7.com/is/image/asdagroceries/3068320128306?$ProdList$","Evian Evian Sparkling Natural Mineral water 1L",,"false","1.43","https://groceries.asda.com/groceries/product/sparkling-water/evian-evian-sparkling-natural-mineral-water-1l/7253753","sparkling water","2026-04-10T19:46:57.338Z","asda","1.43","per lt","1L"
"ASDA",,"https://asdagroceries.scene7.com/is/image/asdagroceries/5057172839438?$ProdList$","ASDA Asda Sparkling Natural Mineral Water 12 x 500ml",,"false","2.92","https://groceries.asda.com/groceries/product/sparkling-water/asda-asda-sparkling-natural-mineral-water-12-x-500ml/7312630","sparkling water","2026-04-10T19:46:57.338Z","asda",,,"12 x 500ml"
"ASDA",,"https://asdagroceries.scene7.com/is/image/asdagroceries/5054781502272?$ProdList$","ASDA Sparkling Natural Mineral Water 4 x 2 Litres",,"false","1.75","https://groceries.asda.com/groceries/product/sparkling-water/asda-sparkling-natural-mineral-water-4-x-2-litres/5814140","sparkling water","2026-04-10T19:46:57.338Z","asda",,,"4 x 2 L"
"ASDA",,"https://asdagroceries.scene7.com/is/image/asdagroceries/5052449098303?$ProdList$","ASDA Sparkling Blueberry & Raspberry Flavour Water 1 Litre",,"false","0.77","https://groceries.asda.com/groceries/product/flavoured-water/asda-sparkling-blueberry-raspberry-flavour-water-1-litre/3476619","sparkling water","2026-04-10T19:46:57.338Z","asda",,,"1 Litre"
"Evian",,"https://asdagroceries.scene7.com/is/image/asdagroceries/3068320040127?$ProdList$","Evian Natural Bottled Mineral Still Water Multipack 6x1.5L",,"false","5.97","https://groceries.asda.com/groceries/product/still-water/evian-natural-bottled-mineral-still-water-multipack-6x1-5l/512731","still water","2026-04-10T19:47:23.790Z","asda",,,"6x1.5L"
"Evian",,"https://asdagroceries.scene7.com/is/image/asdagroceries/3068320055022?$ProdList$","Evian Evian Natural Mineral Water 6 x 50cl",,"false","3.23","https://groceries.asda.com/groceries/product/still-water/evian-evian-natural-mineral-water-6-x-50cl/7524","still water","2026-04-10T19:47:23.790Z","asda","1.08","per lt","6 x 50cl"
"Volvic",,"https://asdagroceries.scene7.com/is/image/asdagroceries/3057640308338?$ProdList$","Volvic Touch of Fruit Strawberry Sugar Free Still Flavoured Water 1.5L",,"false","1.34","https://groceries.asda.com/groceries/product/flavoured-water/volvic-touch-of-fruit-strawberry-sugar-free-still-flavoured-water-1-5l/628399","still water","2026-04-10T19:47:23.790Z","asda",,,"1.5L"
"Evian",,"https://asdagroceries.scene7.com/is/image/asdagroceries/3068320084602?$ProdList$","Evian Evian Natural Bottled Mineral Still Water 1.5L",,"false","1.45","https://groceries.asda.com/groceries/product/still-water/evian-evian-natural-bottled-mineral-still-water-1-5l/5901141","still water","2026-04-10T19:47:23.790Z","asda",,,"1.5L"
"ASDA",,"https://asdagroceries.scene7.com/is/image/asdagroceries/5054781569251?$ProdList$","ASDA Still Natural Mineral Water 12 x 500ml",,"false","2","https://groceries.asda.com/groceries/product/still-water/asda-still-natural-mineral-water-12-x-500ml/5794616","still water","2026-04-10T19:47:23.790Z","asda",,,"12 x 500ml"
"ASDA",,"https://asdagroceries.scene7.com/is/image/asdagroceries/5063089501658?$ProdList$","ASDA Apple & Strawberry Squash 1.5 Litres",,"false","1.14","https://groceries.asda.com/groceries/product/view-all-squash-cordial/asda-apple-strawberry-squash-1-5-litres/9175154","squash cordial","2026-04-10T19:47:48.194Z","asda",,,"1.5 Litres"
"ASDA",,"https://asdagroceries.scene7.com/is/image/asdagroceries/5063089501641?$ProdList$","ASDA Quadruple Strength Apple & Blackcurrant Squash 1.5 Litres",,"false","1.84","https://groceries.asda.com/groceries/product/view-all-squash-cordial/asda-quadruple-strength-apple-blackcurrant-squash-1-5-litres/9173861","squash cordial","2026-04-10T19:47:48.194Z","asda","1.23","per lt","1.5 Litres"
"ASDA",,"https://asdagroceries.scene7.com/is/image/asdagroceries/5063089501665?$ProdList$","ASDA Apple Squash 1.5 Litres",,"false","1.14","https://groceries.asda.com/groceries/product/view-all-squash-cordial/asda-apple-squash-1-5-litres/9175157","squash cordial","2026-04-10T19:47:48.194Z","asda",,,"1.5 Litres"
"ASDA",,"https://asdagroceries.scene7.com/is/image/asdagroceries/5063089501566?$ProdList$","ASDA Fruity Mandarin, Lemon & Lime Squash 1 Litre",,"false","1.3","https://groceries.asda.com/groceries/product/view-all-squash-cordial/asda-fruity-mandarin-lemon-lime-squash-1-litre/9146618","squash cordial","2026-04-10T19:47:48.194Z","asda","1.3","per lt","1 Litre"
"ASDA",,"https://asdagroceries.scene7.com/is/image/asdagroceries/5063089501559?$ProdList$","ASDA Fruity Mango & Raspberry Squash 1 Litre",,"false","1.3","https://groceries.asda.com/groceries/product/view-all-squash-cordial/asda-fruity-mango-raspberry-squash-1-litre/9146615","squash cordial","2026-04-10T19:47:48.194Z","asda","1.3","per lt","1 Litre"
"Young's",,"https://asdagroceries.scene7.com/is/image/asdagroceries/5000205050744?$ProdList$","Young's 2 Chip Shop Succulent Jumbo Fish 480g",,"false","4.97","https://groceries.asda.com/groceries/product/frozen-battered-breaded-fish/young-s-2-chip-shop-succulent-jumbo-fish-480g/9297272","frozen peas","2026-04-10T19:48:10.507Z","asda","7.71","per kg","480g"
"Young's",,"https://asdagroceries.scene7.com/is/image/asdagroceries/5000205047300?$ProdList$","Young's 4 Breaded Haddock Fillets 400g",,"false","6.45","https://groceries.asda.com/groceries/product/frozen-battered-breaded-fish/young-s-4-breaded-haddock-fillets-400g/9353070","frozen peas","2026-04-10T19:48:10.507Z","asda","16.13","per kg","400g"
"ASDA",,"https://asdagroceries.scene7.com/is/image/asdagroceries/5050854264498?$ProdList$","ASDA Garden Peas 1kg",,"false","1.56","https://groceries.asda.com/groceries/product/view-all-frozen-vegetables/asda-garden-peas-1kg/2027521","frozen peas","2026-04-10T19:48:10.507Z","asda","1.56","per kg","1kg"
"ASDA",,"https://asdagroceries.scene7.com/is/image/asdagroceries/5050854264504?$ProdList$","ASDA Petits Pois 1kg",,"false","1.76","https://groceries.asda.com/groceries/product/view-all-frozen-vegetables/asda-petits-pois-1kg/2027523","frozen peas","2026-04-10T19:48:10.507Z","asda","1.76","per kg","1kg"
"Birds",,"https://asdagroceries.scene7.com/is/image/asdagroceries/5000116112074?$ProdList$","Birds Eye Garden Peas 375g",,"false","1.72","https://groceries.asda.com/groceries/product/frozen-peas-sweetcorn-green-beans/birds-eye-garden-peas-375g/5689869","frozen peas","2026-04-10T19:48:10.507Z","asda","4.59","per kg","375g"
"ASDA",,"https://asdagroceries.scene7.com/is/image/asdagroceries/5050854264429?$ProdList$","ASDA Sweetcorn 1kg",,"false","1.68","https://groceries.asda.com/groceries/product/view-all-frozen-vegetables/asda-sweetcorn-1kg/2027119","frozen sweetcorn","2026-04-10T19:48:30.694Z","asda","1.68","per kg","1kg"
"Birds",,"https://asdagroceries.scene7.com/is/image/asdagroceries/5000116112074?$ProdList$","Birds Eye Garden Peas 375g",,"false","1.72","https://groceries.asda.com/groceries/product/frozen-peas-sweetcorn-green-beans/birds-eye-garden-peas-375g/5689869","frozen sweetcorn","2026-04-10T19:48:30.694Z","asda","4.59","per kg","375g"
"ASDA",,"https://asdagroceries.scene7.com/is/image/asdagroceries/5063089067048?$ProdList$","ASDA Steam Bags Carrot, Peas & Sweetcorn 4 x 160g (640g)",,"false","2.12","https://groceries.asda.com/groceries/product/view-all-frozen-vegetables/asda-steam-bags-carrot-peas-sweetcorn-4-x-160g-640g-/7681843","frozen sweetcorn","2026-04-10T19:48:30.694Z","asda","3.31","per kg","4 x 160g"
"Birds",,"https://asdagroceries.scene7.com/is/image/asdagroceries/5000116112104?$ProdList$","Birds Eye Petits Pois 545g",,"false","2.64","https://groceries.asda.com/groceries/product/frozen-peas-sweetcorn-green-beans/birds-eye-petits-pois-545g/5689875","frozen sweetcorn","2026-04-10T19:48:30.694Z","asda","4.84","per kg","545g"
"Birds",,"https://asdagroceries.scene7.com/is/image/asdagroceries/5000116127610?$ProdList$","Birds Eye Garden Peas 800g",,"false","2.74","https://groceries.asda.com/groceries/product/frozen-peas-sweetcorn-green-beans/birds-eye-garden-peas-800g/7631573","frozen sweetcorn","2026-04-10T19:48:30.694Z","asda","3.43","per kg","800g"
"ASDA",,"https://asdagroceries.scene7.com/is/image/asdagroceries/5050854264511?$ProdList$","ASDA Mixed Vegetables 1kg",,"false","1.15","https://groceries.asda.com/groceries/product/view-all-frozen-vegetables/asda-mixed-vegetables-1kg/2027525","frozen mixed vegetables","2026-04-10T19:48:52.284Z","asda","1.15","per kg","1kg"
"ASDA",,"https://asdagroceries.scene7.com/is/image/asdagroceries/5057172726547?$ProdList$","JUST ESSENTIALS by ASDA Just Essentials Mixed Vegetables 1kg",,"false","0.99","https://groceries.asda.com/groceries/product/view-all-frozen-vegetables/just-essentials-by-asda-just-essentials-mixed-vegetables-1kg/7397446","frozen mixed vegetables","2026-04-10T19:48:52.284Z","asda",,,"1kg"
"Birds",,"https://asdagroceries.scene7.com/is/image/asdagroceries/5000116127801?$ProdList$","Birds Eye Country Mixed Vegetables 640g",,"false","2.98","https://groceries.asda.com/groceries/product/view-all-frozen-vegetables/birds-eye-country-mixed-vegetables-640g/7670279","frozen mixed vegetables","2026-04-10T19:48:52.284Z","asda","4.66","per kg","640g"
"ASDA",,"https://asdagroceries.scene7.com/is/image/asdagroceries/5050854989353?$ProdList$","ASDA Shredded Mixed Cabbage 750g",,"false","1.52","https://groceries.asda.com/groceries/product/view-all-frozen-vegetables/asda-shredded-mixed-cabbage-750g/2479459","frozen mixed vegetables","2026-04-10T19:48:52.284Z","asda","2.03","per kg","750g"
"Birds",,"https://asdagroceries.scene7.com/is/image/asdagroceries/5000116127825?$ProdList$","Birds Eye Select Mixed Vegetables 640g",,"false","2.98","https://groceries.asda.com/groceries/product/view-all-frozen-vegetables/birds-eye-select-mixed-vegetables-640g/7670281","frozen mixed vegetables","2026-04-10T19:48:52.284Z","asda","4.66","per kg","640g"
