"brand","gtin","imageUrl","name","offerDescription","onOffer","price","productUrl","query","scrapedAt","store","unitPrice","unitPriceMeasure","unitSize"
"Cravendale",,"https://assets.sainsburys-groceries.co.uk/gol/7797484/image.webp","Cravendale Filtered Fresh Semi Skimmed Milk Fresher for Long...","Nectar Price","true","3","https://www.sainsburys.co.uk/gol-ui/product/cravendale-purefilter-semi-skimmed-3l","semi skimmed milk","2026-04-10T17:56:26.660Z","sainsburys","1.3","per ltr",
"Arla",,"https://assets.sainsburys-groceries.co.uk/gol/7787579/image.webp","Arla Bob Skimmed Milk Tastes like Semi Skimmed 2L","Nectar Price","true","2","https://www.sainsburys.co.uk/gol-ui/product/arla-best-of-both-milk-2l","semi skimmed milk","2026-04-10T17:56:26.660Z","sainsburys","1.43","per ltr","2L"
"Arla",,"https://assets.sainsburys-groceries.co.uk/gol/8158763/image.webp","Arla BOB Semi Skimmed Milk That Tastes Like Whole 2L","Nectar Price","true","2","https://www.sainsburys.co.uk/gol-ui/product/arla-bob-semi-skimmed-whole-milk-2l","semi skimmed milk","2026-04-10T17:56:26.660Z","sainsburys","1.43","per ltr","2L"
"Sainsbury's",,"https://assets.sainsburys-groceries.co.uk/gol/1208450/image.webp","Sainsbury's British Semi Skimmed Milk, SO Organic 2.27L (4 p...",,"false","2.45","https://www.sainsburys.co.uk/gol-ui/product/sainsburys-british-semi-skimmed-milk-so-organic-227l-4-pint-","semi skimmed milk","2026-04-10T17:56:26.660Z","sainsburys","1.08","per ltr","2.27L"
"Sainsbury's",,"https://assets.sainsburys-groceries.co.uk/gol/7657802/image.webp","Sainsbury's British Filtered Semi Skimmed Milk 2L",,"false","2.1","https://www.sainsburys.co.uk/gol-ui/product/sainsburys-filtered-semi-skimmed-milk-2l","semi skimmed milk","2026-04-10T17:56:26.660Z","sainsburys","1.05","per ltr","2L"
"Cravendale",,"https://assets.sainsburys-groceries.co.uk/gol/7862487/image.webp","Cravendale Filtered Fresh Whole Milk Fresher for Longer 3L","Nectar Price","true","3","https://www.sainsburys.co.uk/gol-ui/product/cravendale-whole-milk-3l","whole milk","2026-04-10T17:56:27.575Z","sainsburys","1.3","per ltr","3L"
"Arla",,"https://assets.sainsburys-groceries.co.uk/gol/7078916/image.webp","Arla Lactofree Fresh Whole Milk Drink 1 Litre","Nectar Price","true","1.5","https://www.sainsburys.co.uk/gol-ui/product/lactofree-whole-milk-1l","whole milk","2026-04-10T17:56:27.575Z","sainsburys","1.95","per ltr","1 Litre"
"Cravendale",,"https://assets.sainsburys-groceries.co.uk/gol/7078903/image.webp","Cravendale Filtered Fresh Whole Milk Fresher for Longer 1L","Nectar Price","true","1.4","https://www.sainsburys.co.uk/gol-ui/product/cravendale-purefilter-whole-milk-1l","whole milk","2026-04-10T17:56:27.575Z","sainsburys","1.75","per ltr","1L"
"Sainsbury's",,"https://assets.sainsburys-groceries.co.uk/gol/7657808/image.webp","Sainsbury's British Filtered Whole Milk 2L",,"false","2.1","https://www.sainsburys.co.uk/gol-ui/product/sainsburys-british-filtered-whole-milk-2l","whole milk","2026-04-10T17:56:27.575Z","sainsburys","1.05","per ltr","2L"
"Sainsbury's",,"https://assets.sainsburys-groceries.co.uk/gol/8105537/image.webp","Sainsbury's Jersey Milk, Taste the Difference 1L",,"false","1.85","https://www.sainsburys.co.uk/gol-ui/product/sainsburys-jersey-milk-tate-the-difference-1l","whole milk","2026-04-10T17:56:27.575Z","sainsburys","1.85","per ltr","1L"
"Cravendale",,"https://assets.sainsburys-groceries.co.uk/gol/7723336/image.webp","Cravendale Filtered Fresh Skimmed Milk Fresher for Longer 1L","Nectar Price","true","1.4","https://www.sainsburys.co.uk/gol-ui/product/cravendale-purefilter-semi-skimmed-milk-1l","skimmed milk","2026-04-10T17:56:43.162Z","sainsburys","1.4","per ltr","1L"
"Arla",,"https://assets.sainsburys-groceries.co.uk/gol/7787579/image.webp","Arla Bob Skimmed Milk Tastes like Semi Skimmed 2L","Nectar Price","true","2","https://www.sainsburys.co.uk/gol-ui/product/arla-best-of-both-milk-2l","skimmed milk","2026-04-10T17:56:43.162Z","sainsburys","1","per ltr","2L"
"Arla",,"https://assets.sainsburys-groceries.co.uk/gol/7991824/image.webp","Arla Lactofree Organic Semi Skimmed Milk Drink 1 Litre",,"false","2.1","https://www.sainsburys.co.uk/gol-ui/product/arla-lactofree-organic-semi-skimmed-milk-drink-1-litre","skimmed milk","2026-04-10T17:56:43.162Z","sainsburys","2.1","per ltr","1 Litre"
"Sainsbury's",,"https://assets.sainsburys-groceries.co.uk/gol/357500/image.webp","Sainsbury's British Skimmed Milk 2.27L (4 pint)",,"false","1.6573","https://www.sainsburys.co.uk/gol-ui/product/sainsburys-british-skimmed-milk-227l-4-pint-","skimmed milk","2026-04-10T17:56:43.162Z","sainsburys",,,"2.27L"
"Sainsbury's",,"https://assets.sainsburys-groceries.co.uk/gol/6336299/image.webp","Sainsbury's Skimmed British Milk, SO Organic 1.136L",,"false","2","https://www.sainsburys.co.uk/gol-ui/product/sainsburys-british-skimmed-milk-so-organic-113l-2-pint-","skimmed milk","2026-04-10T17:56:43.162Z","sainsburys","1.76","per ltr","1.136L"
"Alpro",,"https://assets.sainsburys-groceries.co.uk/gol/7938508/image.webp","Alpro Oat Milk No Sugars Chilled Dairy Alternative 1L",,"false","2.1","https://www.sainsburys.co.uk/gol-ui/product/alpro-oat-unsweetened-drink-1l","oat milk","2026-04-10T17:57:03.441Z","sainsburys","2.1","per ltr","1L"
"MOMA",,"https://assets.sainsburys-groceries.co.uk/gol/8235884/image.webp","MOMA Extra Creamy Oat Drink Chilled 750ml",,"false","1.8","https://www.sainsburys.co.uk/gol-ui/product/moma-extra-creamy-oat-750ml","oat milk","2026-04-10T17:57:03.441Z","sainsburys","2.4","per ltr","750ml"
"MOMA",,"https://assets.sainsburys-groceries.co.uk/gol/8235886/image.webp","MOMA Barista Oat Drink Chilled 750ml",,"false","1.8","https://www.sainsburys.co.uk/gol-ui/product/moma-barista-oat-750ml","oat milk","2026-04-10T17:57:03.441Z","sainsburys","2.4","per ltr","750ml"
"Oatly",,"https://assets.sainsburys-groceries.co.uk/gol/7829559/image.webp","Oatly Oat Drink Barista Edition Long Life 1L",,"false","2.2","https://www.sainsburys.co.uk/gol-ui/product/oatly-foamable-1l","oat milk","2026-04-10T17:57:03.441Z","sainsburys","2.2","per ltr","1L"
"Califia",,"https://assets.sainsburys-groceries.co.uk/gol/8005278/image.webp","Califia Farms Oat Drink Barista Blend 1L","Nectar Price","true","1.5","https://www.sainsburys.co.uk/gol-ui/product/califia-farms-oat-barista-blend-1l","oat milk","2026-04-10T17:57:03.441Z","sainsburys","1.5","per ltr","1L"
"Alpro",,"https://assets.sainsburys-groceries.co.uk/gol/7603414/image.webp","Alpro Almond Milk No Sugars Chilled Dairy Alternative 1L",,"false","2.2","https://www.sainsburys.co.uk/gol-ui/product/alpro-fresh-almond-unsweetened-1l","almond milk","2026-04-10T17:57:17.662Z","sainsburys","2.2","per ltr","1L"
"Alpro",,"https://assets.sainsburys-groceries.co.uk/gol/7551206/image.webp","Alpro Almond Milk Chilled Dairy Alternative 1L",,"false","2.2","https://www.sainsburys.co.uk/gol-ui/product/alpro-chilled-almond-milk-1l","almond milk","2026-04-10T17:57:17.662Z","sainsburys","2.2","per ltr","1L"
"Alpro",,"https://assets.sainsburys-groceries.co.uk/gol/7595669/image.webp","Alpro Almond Milk No Sugars Long Life Dairy Alternative 1L",,"false","2.4","https://www.sainsburys.co.uk/gol-ui/product/alpro-almond-milk--unsweetened-uht-1l","almond milk","2026-04-10T17:57:17.662Z","sainsburys","2.4","per ltr","1L"
"Sainsbury's",,"https://assets.sainsburys-groceries.co.uk/gol/7825041/image.webp","Sainsbury's Unsweetened Long Life Almond Drink 1L",,"false","1.25","https://www.sainsburys.co.uk/gol-ui/product/sainsburys-almond-unsweetened-uht-milk-1l","almond milk","2026-04-10T17:57:17.662Z","sainsburys","1.25","per ltr","1L"
"Plenish",,"https://assets.sainsburys-groceries.co.uk/gol/7852285/image.webp","Plenish Organic Almond 1L","Nectar Price","true","1.8","https://www.sainsburys.co.uk/gol-ui/product/plenish-organic-6-almond-dairy-free-drink-1l","almond milk","2026-04-10T17:57:17.662Z","sainsburys","1.8","per ltr","1L"
"New",,"https://assets.sainsburys-groceries.co.uk/gol/7431623/image.webp","New York Bakery Co. Bagels, Plain x5","Nectar Price","true","1.35","https://www.sainsburys.co.uk/gol-ui/product/new-york-bakery-co-plain-bagels-x5","bagels","2026-04-10T17:57:34.524Z","sainsburys",,,
"Warburtons",,"https://assets.sainsburys-groceries.co.uk/gol/7899859/image.webp","Warburtons Protein Thin Bagels x4",,"false","1.8546","https://www.sainsburys.co.uk/gol-ui/product/warburtons-seeded-protein-thin-bagels-x4","bagels","2026-04-10T17:57:34.524Z","sainsburys",,,
"Fitzgeralds",,"https://assets.sainsburys-groceries.co.uk/gol/8156858/image.webp","Fitzgeralds Family Bakery Deli Style Sourdough Bagels Pre-Sl...",,"false","2.1042","https://www.sainsburys.co.uk/gol-ui/product/fitzgeralds-family-bakery-deli-style-sourdough-bagels-pre-sliced-x5-425g-8156858-p-44","bagels","2026-04-10T17:57:34.524Z","sainsburys",,,
"Warburtons",,"https://assets.sainsburys-groceries.co.uk/gol/7749786/image.webp","Warburtons Original Thin Bagels x6","Nectar Price","true","1.4","https://www.sainsburys.co.uk/gol-ui/product/warburtons-plain-bagel-thins-x6","bagels","2026-04-10T17:57:34.524Z","sainsburys",,,
"New",,"https://assets.sainsburys-groceries.co.uk/gol/7432275/image.webp","New York Bakery Co. Bagels, Sesame x5","Nectar Price","true","1.35","https://www.sainsburys.co.uk/gol-ui/product/new-york-bakery-co-sesame-bagels-x5","bagels","2026-04-10T17:57:34.524Z","sainsburys",,,
"Alpro",,"https://assets.sainsburys-groceries.co.uk/gol/7223524/image.webp","Alpro Soya Milk No Sugars Chilled Dairy Alternative 1L",,"false","1.78","https://www.sainsburys.co.uk/gol-ui/product/alpro-unsweetened-chilled-milk-alternative-1l","soy milk","2026-04-10T17:57:54.411Z","sainsburys","1.78","per ltr","1L"
"Alpro",,"https://assets.sainsburys-groceries.co.uk/gol/3979624/image.webp","Alpro Soya Milk Chilled Dairy Alternative 1L",,"false","1.78","https://www.sainsburys.co.uk/gol-ui/product/alpro-original-chilled-milk-alternative-1l","soy milk","2026-04-10T17:57:54.411Z","sainsburys","1.78","per ltr","1L"
"Alpro",,"https://assets.sainsburys-groceries.co.uk/gol/2967684/image.webp","Alpro Soya Milk No Sugars Long Life Dairy Alternative 1L",,"false","1.78","https://www.sainsburys.co.uk/gol-ui/product/alpro-long-life-soya-milk-alternative--unsweetened-1l","soy milk","2026-04-10T17:57:54.411Z","sainsburys","1.78","per ltr","1L"
"Vitasoy",,"https://assets.sainsburys-groceries.co.uk/gol/8241084/image.webp","Vitasoy 6 x 250ml Malt Soy Drink","Nectar Price","true","3.5","https://www.sainsburys.co.uk/gol-ui/product/vitasoy-malted-soya-drink-6-x-250ml","soy milk","2026-04-10T17:57:54.411Z","sainsburys","2.33","per ltr","6 x 250ml"
"Vitasoy",,"https://assets.sainsburys-groceries.co.uk/gol/8241082/image.webp","Vitasoy 6 x 250ml Soy Drink","Nectar Price","true","3.5","https://www.sainsburys.co.uk/gol-ui/product/vitasoy-soya-drink-6-x-250ml","soy milk","2026-04-10T17:57:54.411Z","sainsburys","2.33","per ltr","6 x 250ml"
"Sainsbury's",,"https://assets.sainsburys-groceries.co.uk/gol/7786652/image.webp","Sainsbury's Outdoor Bred British Pork Cutlets, Taste the Dif...","Nectar Price","true","4.16","https://www.sainsburys.co.uk/gol-ui/product/sainsburys-pork-cutlets--taste-the-difference-550g","pork chops","2026-04-10T17:58:09.962Z","sainsburys","7.56","per kg",
"Sainsbury's",,"https://assets.sainsburys-groceries.co.uk/gol/7898930/image.webp","Sainsbury's British Pork Loin Steaks x4 480g",,"false","4.75","https://www.sainsburys.co.uk/gol-ui/product/sainsburys-pork-loin-steaks-x4-480g","pork chops","2026-04-10T17:58:09.962Z","sainsburys","9.9","per kg","480g"
"Sainsbury's",,"https://assets.sainsburys-groceries.co.uk/gol/7889117/image.webp","Sainsbury's British Pork Loin Medallions x4 400g",,"false","4.5","https://www.sainsburys.co.uk/gol-ui/product/sainsburys-pork-loin-medallions-400g","pork chops","2026-04-10T17:58:09.962Z","sainsburys","11.25","per kg","400g"
"Sainsbury's",,"https://assets.sainsburys-groceries.co.uk/gol/7647753/image.webp","Sainsbury's British Pork Loin Steaks x8 800g",,"false","7.5","https://www.sainsburys.co.uk/gol-ui/product/sainsburys-british-8-thin-cut-loin-steaks-800g-p","pork chops","2026-04-10T17:58:09.962Z","sainsburys","9.38","per kg","800g"
"Sainsbury's",,"https://assets.sainsburys-groceries.co.uk/gol/7794602/image.webp","Sainsbury's Thick Cut British Pork Chops x2 500g",,"false","5.25","https://www.sainsburys.co.uk/gol-ui/product/sainsburys-pork-chops-x2-500g","pork chops","2026-04-10T17:58:09.962Z","sainsburys","10.5","per kg","500g"
"Sainsbury's",,"https://assets.sainsburys-groceries.co.uk/gol/8169001/image.webp","Sainsbury's Almond Croissant, Taste the Difference x2",,"false","2.5","https://www.sainsburys.co.uk/gol-ui/product/sainsburys-almond-croissant-taste-the-difference-x2","croissants","2026-04-10T17:58:11.473Z","sainsburys","1.25","per ea",
"Sainsbury's",,"https://assets.sainsburys-groceries.co.uk/gol/6542882/image.webp","Sainsburys All Butter Croissants x2",,"false","1.9095","https://www.sainsburys.co.uk/gol-ui/product/sainsburys-large-croissants-x2","croissants","2026-04-10T17:58:11.473Z","sainsburys",,,
"Sainsbury's",,"https://assets.sainsburys-groceries.co.uk/gol/7958255/image.webp","Sainsbury's Pains Au Chocolat x6 270g",,"false","1.5025","https://www.sainsburys.co.uk/gol-ui/product/sainsburys-pains-au-chocolat-x6-270g","croissants","2026-04-10T17:58:11.473Z","sainsburys",,,"270g"
"Sainsbury's",,"https://assets.sainsburys-groceries.co.uk/gol/7908344/image.webp","Sainsbury's Butter Croissants, Taste the Difference x4",,"false","2.406","https://www.sainsburys.co.uk/gol-ui/product/sainsburys-butter-croissants-taste-the-difference-x4","croissants","2026-04-10T17:58:11.473Z","sainsburys",,,
"Sainsbury's",,"https://assets.sainsburys-groceries.co.uk/gol/7958252/image.webp","Sainsbury's Croissants x6 240g",,"false","1.5025","https://www.sainsburys.co.uk/gol-ui/product/sainsburys-croissants-x6-240g","croissants","2026-04-10T17:58:11.473Z","sainsburys",,,"240g"
"Sainsbury's",,"https://assets.sainsburys-groceries.co.uk/gol/8153834/image.webp","Sainsbury's Brioche Burger Buns Rolls x4",,"false","1.0927","https://www.sainsburys.co.uk/gol-ui/product/sainsburys-brioche-burger-buns-x4-8153834-p-44","burger buns","2026-04-10T17:58:25.793Z","sainsburys",,,
"Sainsbury's",,"https://assets.sainsburys-groceries.co.uk/gol/8151561/image.webp","Sainsbury's Brioche Burger Buns Rolls, Taste the Difference ...",,"false","1.5038","https://www.sainsburys.co.uk/gol-ui/product/sainsburys-brioche-burger-buns-taste-the-difference-x4","burger buns","2026-04-10T17:58:25.793Z","sainsburys",,,
"Sainsbury's",,"https://assets.sainsburys-groceries.co.uk/gol/8153840/image.webp","Sainsbury's Sesame Seed Brioche Burger Buns Rolls x4",,"false","1.0927","https://www.sainsburys.co.uk/gol-ui/product/sainsburys-sesame-seed-brioche-burger-buns-x4","burger buns","2026-04-10T17:58:25.793Z","sainsburys",,,
"St.",,"https://assets.sainsburys-groceries.co.uk/gol/8075693/image.webp","St. Pierre Seeded Brioche Burger Buns Pre-Sliced Rolls x4","Nectar Price","true","2","https://www.sainsburys.co.uk/gol-ui/product/st-pierre-seeded-brioche-burger-buns-pre-sliced-x4","burger buns","2026-04-10T17:58:25.793Z","sainsburys",,,
"Sheldon's",,"https://assets.sainsburys-groceries.co.uk/gol/7867340/image.webp","Sheldon's Burger Buns Rolls x6",,"false","1.6027","https://www.sainsburys.co.uk/gol-ui/product/sheldons-burger-buns-x6","burger buns","2026-04-10T17:58:25.793Z","sainsburys",,,
"Sainsbury's",,"https://assets.sainsburys-groceries.co.uk/gol/8092264/image.webp","Sainsbury's Extra Large Brown Onions x2",,"false","1.407","https://www.sainsburys.co.uk/gol-ui/product/sainsburys-brown-xl-onions-x2","brown onions","2026-04-10T17:58:40.285Z","sainsburys",,,
"Sainsbury's",,"https://assets.sainsburys-groceries.co.uk/gol/1318180/image.webp","Sainsbury's Soft Multiseed Farmhouse Thick Sliced Wholemeal ...",,"false","1.6","https://www.sainsburys.co.uk/gol-ui/product/sainsburys-soft-multiseed-farmhouse-thick-sliced-wholemeal-bread-taste-the-difference-800g","brown onions","2026-04-10T17:58:40.285Z","sainsburys","2","per kg",
"Warburtons",,"https://assets.sainsburys-groceries.co.uk/gol/2048178/image.webp","Warburtons Medium Sliced Wholemeal Bread 400g",,"false","2.38","https://www.sainsburys.co.uk/gol-ui/product/warburtons-wholemeal-bread--medium-sliced-400g","brown onions","2026-04-10T17:58:40.285Z","sainsburys","2.38","per kg","400g"
"Hovis",,"https://assets.sainsburys-groceries.co.uk/gol/2300757/image.webp","Hovis Medium Sliced Wholemeal Bread 800g",,"false","1.5","https://www.sainsburys.co.uk/gol-ui/product/hovis-wholemeal-bread--medium-sliced-800g","brown onions","2026-04-10T17:58:40.285Z","sainsburys","1.88","per kg","800g"
"Warburtons",,"https://assets.sainsburys-groceries.co.uk/gol/2046518/image.webp","Warburtons Medium Wholemeal Bread 800g",,"false","1.35","https://www.sainsburys.co.uk/gol-ui/product/warburtons-the-true-taste-of-wholemeal-800g","brown onions","2026-04-10T17:58:40.285Z","sainsburys","1.69","per kg","800g"
"Sainsbury's",,"https://assets.sainsburys-groceries.co.uk/gol/6850577/image.webp","Sainsbury's Smoked Air Dried Wiltshire Cured Back Bacon Rash...","Nectar Price","true","2.5","https://www.sainsburys.co.uk/gol-ui/product/sainsburys-wilthsire-smoked-back-bacon--taste-the-difference-240g","smoked bacon","2026-04-10T17:58:59.011Z","sainsburys","10.42","per kg",
"Sainsbury's",,"https://assets.sainsburys-groceries.co.uk/gol/8123900/image.webp","Sainsbury's Smoked Back Bacon Rashers x10 300g",,"false","1.49","https://www.sainsburys.co.uk/gol-ui/product/sainsburys-smoked-back-bacon-rashers-x10-300g","smoked bacon","2026-04-10T17:58:59.011Z","sainsburys","4.97","per kg","300g"
"Sainsbury's",,"https://assets.sainsburys-groceries.co.uk/gol/7474626/image.webp","Sainsbury's Smoked Air Dried Streaky Bacon Rashers, Taste th...","Nectar Price","true","2.5","https://www.sainsburys.co.uk/gol-ui/product/sainsburys-ultimate-smoked-streaky-bacon--taste-the-difference-220g","smoked bacon","2026-04-10T17:58:59.011Z","sainsburys","11.37","per kg",
"Sainsbury's",,"https://assets.sainsburys-groceries.co.uk/gol/7640099/image.webp","Sainsbury's Smoked Thick Cut Back Bacon Rashers X6 300g",,"false","1.49","https://www.sainsburys.co.uk/gol-ui/product/sainsburys-thick-smoked-bacon-rashers-x6-300g","smoked bacon","2026-04-10T17:58:59.011Z","sainsburys","4.97","per kg","300g"
"Sainsbury's",,"https://assets.sainsburys-groceries.co.uk/gol/7915705/image.webp","Sainsbury's Smoked 16 Back Bacon Rashers 2x250g",,"false","2.39","https://www.sainsburys.co.uk/gol-ui/product/sainsburys-smoked-back-bacon-rashers-x16-500g","smoked bacon","2026-04-10T17:58:59.011Z","sainsburys","4.78","per kg","2x250g"
"Alpro",,"https://assets.sainsburys-groceries.co.uk/gol/7938508/image.webp","Alpro Oat Milk No Sugars Chilled Dairy Alternative 1L",,"false","2.1","https://www.sainsburys.co.uk/gol-ui/product/alpro-oat-unsweetened-drink-1l","lactose free milk","2026-04-10T17:59:15.890Z","sainsburys","2.1","per ltr","1L"
"Arla",,"https://assets.sainsburys-groceries.co.uk/gol/7078916/image.webp","Arla Lactofree Fresh Whole Milk Drink 1 Litre","Nectar Price","true","1.5","https://www.sainsburys.co.uk/gol-ui/product/lactofree-whole-milk-1l","lactose free milk","2026-04-10T17:59:15.890Z","sainsburys","1.5","per ltr","1 Litre"
"Sainsbury's",,"https://assets.sainsburys-groceries.co.uk/gol/7943123/image.webp","Sainsbury's Everyday Lactose Free Semi Skimmed Dairy Drink 1...",,"false","1.35","https://www.sainsburys.co.uk/gol-ui/product/sainsburys-everyday-lactose-free-semi-skimmed-dairy-drink-1l","lactose free milk","2026-04-10T17:59:15.890Z","sainsburys","1.35","per ltr",
"Sainsbury's",,"https://assets.sainsburys-groceries.co.uk/gol/7945515/image.webp","Sainsbury's Everyday Lactose Free Skimmed Dairy Drink 1L",,"false","1.35","https://www.sainsburys.co.uk/gol-ui/product/sainsburys-everyday-lactose-free-skimmed-dairy-drink-1l","lactose free milk","2026-04-10T17:59:15.890Z","sainsburys","1.35","per ltr","1L"
"Arla",,"https://assets.sainsburys-groceries.co.uk/gol/6372891/image.webp","Arla Lactofree Semi Skimmed Milk Drink 1L","Nectar Price","true","1.5","https://www.sainsburys.co.uk/gol-ui/product/arla-lactofree-fresh-semi-skimmed-dairy-drink-1l","lactose free milk","2026-04-10T17:59:15.890Z","sainsburys","1.5","per ltr","1L"
"Anchor",,"https://assets.sainsburys-groceries.co.uk/gol/8156799/image.webp","Anchor Salted Butter 200g","Nectar Price","true","1.7","https://www.sainsburys.co.uk/gol-ui/product/anchor-butter-200g","salted butter","2026-04-10T17:59:30.564Z","sainsburys","8.5","per kg","200g"
"Lurpak",,"https://assets.sainsburys-groceries.co.uk/gol/8161416/image.webp","Lurpak Slightly Salted Spreadable Blend of Butter & Rapeseed...","Nectar Price","true","3","https://www.sainsburys.co.uk/gol-ui/product/lurpak-slightly-salted-spreadable-400g","salted butter","2026-04-10T17:59:30.564Z","sainsburys","7.5","per kg",
"Sainsbury's",,"https://assets.sainsburys-groceries.co.uk/gol/8219280/image.webp","Sainsbury's Salted Spreadable, Taste the Difference 250g",,"false","2.8","https://www.sainsburys.co.uk/gol-ui/product/sainsburys-salted-spreadable-taste-the-difference-250g","salted butter","2026-04-10T17:59:30.564Z","sainsburys","11.2","per kg","250g"
"Sainsbury's",,"https://assets.sainsburys-groceries.co.uk/gol/6494596/image.webp","Sainsbury's Buttersoft Spreadable 500g",,"false","2.35","https://www.sainsburys.co.uk/gol-ui/product/sainsburys-buttersoft-500g","salted butter","2026-04-10T17:59:30.564Z","sainsburys","4.7","per kg","500g"
"Sainsbury's",,"https://assets.sainsburys-groceries.co.uk/gol/1304/image.webp","Sainsbury's British Butter, Salted 250g",,"false","1.99","https://www.sainsburys.co.uk/gol-ui/product/sainsburys-english-butter--salted-250g","salted butter","2026-04-10T17:59:30.564Z","sainsburys","7.96","per kg","250g"
"Sainsbury's",,"https://assets.sainsburys-groceries.co.uk/gol/8153834/image.webp","Sainsbury's Brioche Burger Buns Rolls x4",,"false","1.0927","https://www.sainsburys.co.uk/gol-ui/product/sainsburys-brioche-burger-buns-x4-8153834-p-44","brioche","2026-04-10T17:59:48.126Z","sainsburys",,,
"Sainsbury's",,"https://assets.sainsburys-groceries.co.uk/gol/8151561/image.webp","Sainsbury's Brioche Burger Buns Rolls, Taste the Difference ...",,"false","1.5038","https://www.sainsburys.co.uk/gol-ui/product/sainsburys-brioche-burger-buns-taste-the-difference-x4","brioche","2026-04-10T17:59:48.126Z","sainsburys",,,
"Sainsbury's",,"https://assets.sainsburys-groceries.co.uk/gol/1389463/image.webp","Sainsbury's Milk Chocolate Chip Brioche Roll x8",,"false","1.7021","https://www.sainsburys.co.uk/gol-ui/product/sainsburys-milk-chocolate-chip-brioche-roll-x8","brioche","2026-04-10T17:59:48.126Z","sainsburys",,,
"Sainsbury's",,"https://assets.sainsburys-groceries.co.uk/gol/8153840/image.webp","Sainsbury's Sesame Seed Brioche Burger Buns Rolls x4",,"false","1.0927","https://www.sainsburys.co.uk/gol-ui/product/sainsburys-sesame-seed-brioche-burger-buns-x4","brioche","2026-04-10T17:59:48.126Z","sainsburys",,,
"Sainsbury's",,"https://assets.sainsburys-groceries.co.uk/gol/1389470/image.webp","Sainsbury's Butter Brioche Roll x8",,"false","1.7021","https://www.sainsburys.co.uk/gol-ui/product/sainsburys-butter-brioche-roll-x8","brioche","2026-04-10T17:59:48.126Z","sainsburys",,,
"Sainsbury's",,"https://assets.sainsburys-groceries.co.uk/gol/6850887/image.webp","Sainsbury's Unsmoked Air Dried Wiltshire Cured Back Bacon Ra...","Nectar Price","true","2.5","https://www.sainsburys.co.uk/gol-ui/product/sainsburys-wiltshire-unsmoked-back-bacon--taste-the-difference-240g","unsmoked bacon","2026-04-10T18:00:00.988Z","sainsburys","10.42","per kg",
"Sainsbury's",,"https://assets.sainsburys-groceries.co.uk/gol/8123902/image.webp","Sainsbury's Unsmoked Back Bacon Rashers x10 300g",,"false","1.49","https://www.sainsburys.co.uk/gol-ui/product/sainsburys-unsmoked-back-bacon-rashers-x10-300g","unsmoked bacon","2026-04-10T18:00:00.988Z","sainsburys","4.97","per kg","300g"
"Sainsbury's",,"https://assets.sainsburys-groceries.co.uk/gol/7640075/image.webp","Sainsbury's Unsmoked Thick Cut Back Bacon Rashers x6 300g",,"false","1.49","https://www.sainsburys.co.uk/gol-ui/product/sainsburys-thick-unsmoked-bacon-rasher-x6-300g","unsmoked bacon","2026-04-10T18:00:00.988Z","sainsburys","4.97","per kg","300g"
"Sainsbury's",,"https://assets.sainsburys-groceries.co.uk/gol/7552390/image.webp","Sainsbury's Reduced Fat Unsmoked Bacon Medallions x8 200g",,"false","1.59","https://www.sainsburys.co.uk/gol-ui/product/sainsburys-unsmoked-bacon-medallions--be-good-to-yourself-200g","unsmoked bacon","2026-04-10T18:00:00.988Z","sainsburys","7.95","per kg","200g"
"Sainsbury's",,"https://assets.sainsburys-groceries.co.uk/gol/7915710/image.webp","Sainsbury's Unsmoked 16 Back Bacon Rashers 2x250g",,"false","2.39","https://www.sainsburys.co.uk/gol-ui/product/sainsburys-unsmoked-back-bacon-rashers-x16-500g","unsmoked bacon","2026-04-10T18:00:00.988Z","sainsburys","4.78","per kg","2x250g"
"Sainsbury's",,"https://assets.sainsburys-groceries.co.uk/gol/8026619/image.webp","Sainsbury's Sliced Red Onions, Inspired to Cook 150g","Buy 3 get cheapest 1 free with NectarArrow right","true","5","https://www.sainsburys.co.uk/gol-ui/product/sainsburys-sliced-red-onions-150g","red onions","2026-04-10T18:00:13.826Z","sainsburys","5","per kg","150g"
"Sainsbury's",,"https://assets.sainsburys-groceries.co.uk/gol/1158250/image.webp","Sainsbury's Red Onions, SO Organic 500g",,"false","1.45","https://www.sainsburys.co.uk/gol-ui/product/sainsburys-red-onions--so-organic-500g","red onions","2026-04-10T18:00:13.826Z","sainsburys","2.9","per kg","500g"
"Sainsbury's",,"https://assets.sainsburys-groceries.co.uk/gol/7820508/image.webp","Sainsbury's Sliced Red Onions 500g",,"false","1.5","https://www.sainsburys.co.uk/gol-ui/product/sainsburys-sliced-red-onions-500g","red onions","2026-04-10T18:00:13.826Z","sainsburys","3","per kg","500g"
"Sainsbury's",,"https://assets.sainsburys-groceries.co.uk/gol/6455182/image.webp","Sainsbury's British Pork and Red Onion Sausages, Taste the D...",,"false","3.25","https://www.sainsburys.co.uk/gol-ui/product/sainsburys-pork---red-onion-sausage--taste-the-difference-400g","red onions","2026-04-10T18:00:13.826Z","sainsburys","8.13","per kg",
"Sainsbury's",,"https://assets.sainsburys-groceries.co.uk/gol/8068466/image.webp","Sainsbury's Wood-Fired Four Cheese & Caramelised Red Onion, ...","Nectar Price","true","4","https://www.sainsburys.co.uk/gol-ui/product/sainsburys-wood-fired-four-cheese-caramelised-red-onion-taste-the-difference-475g","red onions","2026-04-10T18:00:13.826Z","sainsburys","8.42","per kg",
"Sainsbury's",,"https://assets.sainsburys-groceries.co.uk/gol/1136463/image.webp","Sainsbury's Spring Onion Bunch, SO Organic 100g",,"false","1.05","https://www.sainsburys.co.uk/gol-ui/product/sainsburys-salad-spring-onion-bunch--so-organic-100g","spring onions","2026-04-10T18:00:32.650Z","sainsburys","1.05","per ea","100g"
"Sainsbury's",,"https://assets.sainsburys-groceries.co.uk/gol/6327939/image.webp","Sainsbury's Cheddar & Spring Onion Crisps, Taste the Differe...",,"false","1.5","https://www.sainsburys.co.uk/gol-ui/product/sainsburys-cheddar---spring-onion-crisps--taste-the-difference-150g","spring onions","2026-04-10T18:00:32.650Z","sainsburys","10","per kg",
"Higgidy",,"https://assets.sainsburys-groceries.co.uk/gol/8227647/image.webp","Higgidy Hoisin Pulled Mushroom & Spring Onion Rolls 160g",,"false","3.5","https://www.sainsburys.co.uk/gol-ui/product/higgidy-hoisin-pulled-mushroom-spring-onion-rolls-160g","spring onions","2026-04-10T18:00:32.650Z","sainsburys","21.88","per kg","160g"
"Blue",,"https://assets.sainsburys-groceries.co.uk/gol/3735084/image.webp","Blue Dragon Oyster & Spring Onion Stir Fry Sauce 120g",,"false","7.92","https://www.sainsburys.co.uk/gol-ui/product/blue-dragon-oyster---spring-onion-stir-fry-sauce-120g","spring onions","2026-04-10T18:00:32.650Z","sainsburys","7.92","per kg","120g"
"itsu",,"https://assets.sainsburys-groceries.co.uk/gol/8221221/image.webp","itsu Chicken & Spring Onion 8 Gyoza Dumplings 150g","Nectar Price","true","3","https://www.sainsburys.co.uk/gol-ui/product/itsu-chicken-gyoza-tray-8-pack","spring onions","2026-04-10T18:00:32.650Z","sainsburys","20","per kg","150g"
"Sainsbury's",,"https://assets.sainsburys-groceries.co.uk/gol/343510/image.webp","Sainsbury's Small Bananas, Fairtrade x8",,"false","1.0513","https://www.sainsburys.co.uk/gol-ui/product/sainsburys-eric---friends-small-bananas--fairtrade-x8","bananas","2026-04-10T18:00:40.593Z","sainsburys",,,
"Sainsbury's",,"https://assets.sainsburys-groceries.co.uk/gol/7553276/image.webp","Sainsbury's Fairtrade Bananas x8",,"false","1.3917","https://www.sainsburys.co.uk/gol-ui/product/sainsburys-fairtrade-bananas-x8","bananas","2026-04-10T18:00:40.593Z","sainsburys",,,
"Sainsbury's",,"https://assets.sainsburys-groceries.co.uk/gol/1129441/image.webp","Sainsbury's Fairtrade Bananas, SO Organic x6",,"false","1.9032","https://www.sainsburys.co.uk/gol-ui/product/sainsburys-fairtrade-bananas--so-organic-x5","bananas","2026-04-10T18:00:40.593Z","sainsburys",,,
"Müller",,"https://assets.sainsburys-groceries.co.uk/gol/7553576/image.webp","Müller Corner Vanilla Chocolate Balls & Banana Chocolate Fla...",,"false","4","https://www.sainsburys.co.uk/gol-ui/product/muller-corner-vanilla---banana-yogurts-with-chocolate-balls-6-x-130g-7553576-p","bananas","2026-04-10T18:00:40.593Z","sainsburys","5.38","per kg",
"Soreen",,"https://assets.sainsburys-groceries.co.uk/gol/7560960/image.webp","Soreen Banana Lunchbox Loaf Bars x5",,"false","1.8036","https://www.sainsburys.co.uk/gol-ui/product/soreen-banana-lunchbox-loaves-x5","bananas","2026-04-10T18:00:40.593Z","sainsburys",,,
"Anchor",,"https://assets.sainsburys-groceries.co.uk/gol/8156813/image.webp","Anchor Unsalted Butter 200g","Nectar Price","true","1.7","https://www.sainsburys.co.uk/gol-ui/product/anchor-unsalted-butter-200g","unsalted butter","2026-04-10T18:01:00.040Z","sainsburys","8.5","per kg","200g"
"Lurpak",,"https://assets.sainsburys-groceries.co.uk/gol/8161447/image.webp","Lurpak Unsalted Spreadable Blend of Butter & Rapeseed Oil 40...","Nectar Price","true","3","https://www.sainsburys.co.uk/gol-ui/product/lurpak-unsalted-spreadable-400g","unsalted butter","2026-04-10T18:01:00.040Z","sainsburys","7.5","per kg",
"Sainsbury's",,"https://assets.sainsburys-groceries.co.uk/gol/1117011/image.webp","Sainsbury's British Butter, Unsalted 250g",,"false","1.99","https://www.sainsburys.co.uk/gol-ui/product/sainsburys-english-butter--unsalted-250g","unsalted butter","2026-04-10T18:01:00.040Z","sainsburys","7.96","per kg","250g"
"Lurpak",,"https://assets.sainsburys-groceries.co.uk/gol/8156815/image.webp","Lurpak Unsalted Butter 200g",,"false","2.8","https://www.sainsburys.co.uk/gol-ui/product/lurpak-butter-unsalted-200g","unsalted butter","2026-04-10T18:01:00.040Z","sainsburys","14","per kg","200g"
"Sainsbury's",,"https://assets.sainsburys-groceries.co.uk/gol/1357295/image.webp","Sainsbury's British Butter Unsalted, SO Organic 250g",,"false","3.2","https://www.sainsburys.co.uk/gol-ui/product/sainsburys-organic-unsalted-british-butter-250g","unsalted butter","2026-04-10T18:01:00.040Z","sainsburys","12.8","per kg","250g"
"Sainsbury's",,"https://assets.sainsburys-groceries.co.uk/gol/7474626/image.webp","Sainsbury's Smoked Air Dried Streaky Bacon Rashers, Taste th...","Nectar Price","true","2.5","https://www.sainsburys.co.uk/gol-ui/product/sainsburys-ultimate-smoked-streaky-bacon--taste-the-difference-220g","streaky bacon","2026-04-10T18:01:18.729Z","sainsburys","11.37","per kg",
"Sainsbury's",,"https://assets.sainsburys-groceries.co.uk/gol/7207643/image.webp","Sainsbury's Smoked Streaky Bacon Rashers x14 300g",,"false","2.29","https://www.sainsburys.co.uk/gol-ui/product/sainsburys-smoked-streaky-bacon-rashers-300g","streaky bacon","2026-04-10T18:01:18.730Z","sainsburys","7.63","per kg","300g"
"Sainsbury's",,"https://assets.sainsburys-groceries.co.uk/gol/7474620/image.webp","Sainsbury's Unsmoked Air Dried Streaky Bacon Rashers, Taste ...","Nectar Price","true","2.5","https://www.sainsburys.co.uk/gol-ui/product/sainsburys-ultimate-unsmoked-streaky-bacon--taste-the-difference-220g","streaky bacon","2026-04-10T18:01:18.730Z","sainsburys","11.37","per kg",
"Sainsbury's",,"https://assets.sainsburys-groceries.co.uk/gol/7207653/image.webp","Sainsbury's Unsmoked Streaky Bacon Rashers x14 300g",,"false","2.29","https://www.sainsburys.co.uk/gol-ui/product/sainsburys-unsmoked-streaky-bacon-rashers-300g","streaky bacon","2026-04-10T18:01:18.730Z","sainsburys","7.63","per kg","300g"
"Finnebrogue",,"https://assets.sainsburys-groceries.co.uk/gol/7935201/image.webp","Finnebrogue Naked Smoked Streaky Bacon Rashers x12 200g","Nectar Price","true","2.5","https://www.sainsburys.co.uk/gol-ui/product/finnebrogue-naked-smoked-streaky-bacon-x12-200g","streaky bacon","2026-04-10T18:01:18.730Z","sainsburys","12.5","per kg","200g"
"Lurpak",,"https://assets.sainsburys-groceries.co.uk/gol/8161416/image.webp","Lurpak Slightly Salted Spreadable Blend of Butter & Rapeseed...","Nectar Price","true","3","https://www.sainsburys.co.uk/gol-ui/product/lurpak-slightly-salted-spreadable-400g","spreadable butter","2026-04-10T18:01:36.719Z","sainsburys","7.5","per kg",
"Anchor",,"https://assets.sainsburys-groceries.co.uk/gol/7974295/image.webp","Anchor Spreadable Blend of Butter & Rapeseed Oil Spread 750g","Nectar Price","true","5","https://www.sainsburys.co.uk/gol-ui/product/anchor-westbury-wiltshire-spreadable-750g","spreadable butter","2026-04-10T18:01:36.719Z","sainsburys","6.67","per kg","750g"
"Lurpak",,"https://assets.sainsburys-groceries.co.uk/gol/8161400/image.webp","Lurpak Lighter Spreadable Blend of Slightly Salted Butter & ...","Nectar Price","true","3","https://www.sainsburys.co.uk/gol-ui/product/lurpak-slightly-salted-spreadable-lighter-400g","spreadable butter","2026-04-10T18:01:36.719Z","sainsburys","7.5","per kg",
"Sainsbury's",,"https://assets.sainsburys-groceries.co.uk/gol/6494596/image.webp","Sainsbury's Buttersoft Spreadable 500g",,"false","2.35","https://www.sainsburys.co.uk/gol-ui/product/sainsburys-buttersoft-500g","spreadable butter","2026-04-10T18:01:36.719Z","sainsburys","4.7","per kg","500g"
"Sainsbury's",,"https://assets.sainsburys-groceries.co.uk/gol/8219280/image.webp","Sainsbury's Salted Spreadable, Taste the Difference 250g",,"false","2.8","https://www.sainsburys.co.uk/gol-ui/product/sainsburys-salted-spreadable-taste-the-difference-250g","spreadable butter","2026-04-10T18:01:36.719Z","sainsburys","11.2","per kg","250g"
"Actimel",,"https://assets.sainsburys-groceries.co.uk/gol/4135692/image.webp","Actimel Strawberry Cultured Yogurt Drink 8x100g",,"false","3.75","https://www.sainsburys.co.uk/gol-ui/product/actimel-yogurt-drink-strawberry-8x100g","strawberries","2026-04-10T18:01:51.279Z","sainsburys","4.69","per kg","8x100g"
"Onken",,"https://assets.sainsburys-groceries.co.uk/gol/7223399/image.webp","Onken Fat Free Strawberry Yogurt 450g","Nectar Price","true","1.25","https://www.sainsburys.co.uk/gol-ui/product/onken-fat-free-strawberry-yogurt-450g","strawberries","2026-04-10T18:01:51.279Z","sainsburys","2.78","per kg","450g"
"The",,"https://assets.sainsburys-groceries.co.uk/gol/7697791/image.webp","The Collective Suckies Strawberry Kids Yoghurt Pouch 90g","Nectar Price","true","10.56","https://www.sainsburys.co.uk/gol-ui/product/the-collective-suckies-strawberry-100g","strawberries","2026-04-10T18:01:51.279Z","sainsburys","8.34","per kg","90g"
"Sainsbury's",,"https://assets.sainsburys-groceries.co.uk/gol/8109372/image.webp","Sainsbury's Strawberries 400g",,"false","3.6","https://www.sainsburys.co.uk/gol-ui/product/sainsburys-british-strawberries-400g-8109372-p-44","strawberries","2026-04-10T18:01:51.279Z","sainsburys","9","per kg","400g"
"Sainsbury's",,"https://assets.sainsburys-groceries.co.uk/gol/7994916/image.webp","Sainsbury's Strawberries, SO Organic",,"false","3.5","https://www.sainsburys.co.uk/gol-ui/product/sainsburys-strawberries-so-organic","strawberries","2026-04-10T18:01:51.279Z","sainsburys","14","per kg",
"Sainsbury's",,"https://assets.sainsburys-groceries.co.uk/gol/8123910/image.webp","Sainsbury's Pork Sausages, Taste the Difference x10 667g",,"false","4.75","https://www.sainsburys.co.uk/gol-ui/product/sainsburys-pork-sausages-taste-the-difference-x10-667g","pork sausages","2026-04-10T18:02:06.086Z","sainsburys","7.12","per kg","667g"
"Sainsbury's",,"https://assets.sainsburys-groceries.co.uk/gol/1292824/image.webp","Sainsbury's British Pork & Apple Sausages, Taste the Differe...","Nectar Price","true","2.75","https://www.sainsburys.co.uk/gol-ui/product/sainsburys-pork-bramley-apple-sausages-taste-the-difference-x6-400g","pork sausages","2026-04-10T18:02:06.086Z","sainsburys","6.88","per kg",
"Sainsbury's",,"https://assets.sainsburys-groceries.co.uk/gol/7656728/image.webp","Sainsbury's Butcher's Choice British Pork & British Bacon Pi...","Nectar Price","true","3","https://www.sainsburys.co.uk/gol-ui/product/sainsburys-butchers-choice-british-pork-british-bacon-pigs-in-blankets-x12-260g","pork sausages","2026-04-10T18:02:06.086Z","sainsburys","11.54","per kg",
"Sainsbury's",,"https://assets.sainsburys-groceries.co.uk/gol/1167351/image.webp","Sainsbury's British Pork Sausages, Taste the Difference x6 4...","Nectar Price","true","2.75","https://www.sainsburys.co.uk/gol-ui/product/sainsburys-ultimate-pork-saus--taste-the-difference-x6-400g","pork sausages","2026-04-10T18:02:06.086Z","sainsburys","6.88","per kg",
"Sainsbury's",,"https://assets.sainsburys-groceries.co.uk/gol/6023856/image.webp","Sainsbury's British Pork Cumberland Sausages, Taste the Diff...",,"false","3.25","https://www.sainsburys.co.uk/gol-ui/product/sainsburys-pork-cumberland-sausages--taste-the-difference-x6-400g","pork sausages","2026-04-10T18:02:06.086Z","sainsburys","8.13","per kg",
"Very",,"https://assets.sainsburys-groceries.co.uk/gol/7917149/image.webp","Very Lazy Chopped Garlic 200g",,"false","1.95","https://www.sainsburys.co.uk/gol-ui/product/very-lazy-chopped-garlic-200g","garlic","2026-04-10T18:02:25.098Z","sainsburys","9.75","per kg","200g"
"Sainsbury's",,"https://assets.sainsburys-groceries.co.uk/gol/7775029/image.webp","Sainsbury's Garlic Granules 58g",,"false","1.1","https://www.sainsburys.co.uk/gol-ui/product/sainsburys-garlic-granules-56g","garlic","2026-04-10T18:02:25.098Z","sainsburys","18.97","per kg","58g"
"Sainsbury's",,"https://assets.sainsburys-groceries.co.uk/gol/420655/image.webp","Sainsburys Garlic, So Organic Min x3",,"false","1.0033","https://www.sainsburys.co.uk/gol-ui/product/sainsburys-garlic--so-organic-x3","garlic","2026-04-10T18:02:25.098Z","sainsburys",,,
"Sainsbury's",,"https://assets.sainsburys-groceries.co.uk/gol/7877903/image.webp","Sainsbury's Garlic Granules 138g",,"false","1.8","https://www.sainsburys.co.uk/gol-ui/product/sainsburys-garlic-granules-138g","garlic","2026-04-10T18:02:25.098Z","sainsburys","13.04","per kg","138g"
"Sainsbury's",,"https://assets.sainsburys-groceries.co.uk/gol/8243338/image.webp","Sainsbury's Garlic Paste 75g",,"false","1.75","https://www.sainsburys.co.uk/gol-ui/product/sainsburys-garlic-paste-75g-8243338-p-44","garlic","2026-04-10T18:02:25.098Z","sainsburys","23.33","per kg","75g"
"MOJU",,"https://assets.sainsburys-groceries.co.uk/gol/8071101/image.webp","MOJU 420ml 7 x Shots Ginger Dosing Bottle","Nectar Price","true","3.95","https://www.sainsburys.co.uk/gol-ui/product/moju-ginger-shots-dosing-bottle-420ml","ginger root","2026-04-10T18:02:43.424Z","sainsburys","9.41","per ltr","420ml"
"Belvoir",,"https://assets.sainsburys-groceries.co.uk/gol/8253458/image.webp","Belvoir Farm 750ml Ginger Beer Bottle",,"false","3.5","https://www.sainsburys.co.uk/gol-ui/product/belvoir-farm-750ml-ginger-beer-bottle","ginger root","2026-04-10T18:02:43.424Z","sainsburys","4.67","per ltr","750ml"
"Sainsbury's",,"https://assets.sainsburys-groceries.co.uk/gol/1198621/image.webp","Sainsbury's Root Ginger Loose",,"false","5.6","https://www.sainsburys.co.uk/gol-ui/product/sainsburys-root-ginger-loose","ginger root","2026-04-10T18:02:43.424Z","sainsburys","5.6","per kg",
"Clipper",,"https://assets.sainsburys-groceries.co.uk/gol/8101972/image.webp","Clipper Fairtrade Restoring Roots Ginger & Turmeric Organic ...","Nectar Price","true","1.7","https://www.sainsburys.co.uk/gol-ui/product/clipper-fairtrade-restoring-roots-ginger-turmeric-organic-bags-x20-36g","ginger root","2026-04-10T18:02:43.424Z","sainsburys","47.22","per kg",
"Mother",,"https://assets.sainsburys-groceries.co.uk/gol/8242057/image.webp","Mother Root Ginger 0.0% Alcohol Free Aperitif 500ml",,"false","27.95","https://www.sainsburys.co.uk/gol-ui/product/mother-root-ginger-00-alcohol-free-aperitif-500ml","ginger root","2026-04-10T18:02:43.424Z","sainsburys","55.9","per ltr","500ml"
"Sainsbury's",,"https://assets.sainsburys-groceries.co.uk/gol/487641/image.webp","Sainsbury's Olive Spread 500g",,"false","1.5","https://www.sainsburys.co.uk/gol-ui/product/sainsburys-olive-spread-500g","olive spread","2026-04-10T18:03:07.770Z","sainsburys","3","per kg","500g"
"Bertolli",,"https://assets.sainsburys-groceries.co.uk/gol/6779638/image.webp","Bertolli Olive Oil Light Spread Alternative to Spreadable Bu...",,"false","3","https://www.sainsburys.co.uk/gol-ui/product/bertolli-light-500g","olive spread","2026-04-10T18:03:07.770Z","sainsburys","6.67","per kg",
"Lurpak",,"https://assets.sainsburys-groceries.co.uk/gol/8161416/image.webp","Lurpak Slightly Salted Spreadable Blend of Butter & Rapeseed...","Nectar Price","true","3","https://www.sainsburys.co.uk/gol-ui/product/lurpak-slightly-salted-spreadable-400g","olive spread","2026-04-10T18:03:07.770Z","sainsburys","7.5","per kg",
"Lurpak",,"https://assets.sainsburys-groceries.co.uk/gol/8161400/image.webp","Lurpak Lighter Spreadable Blend of Slightly Salted Butter & ...","Nectar Price","true","3","https://www.sainsburys.co.uk/gol-ui/product/lurpak-slightly-salted-spreadable-lighter-400g","olive spread","2026-04-10T18:03:07.770Z","sainsburys","7.5","per kg",
"Lurpak",,"https://assets.sainsburys-groceries.co.uk/gol/7938491/image.webp","Lurpak Slightly Salted Spreadable Blend of Butter & Rapeseed...",,"false","7.5","https://www.sainsburys.co.uk/gol-ui/product/lurpak-spreadable-slightly-salted-750g","olive spread","2026-04-10T18:03:07.770Z","sainsburys","10","per kg",
"Sainsbury's",,"https://assets.sainsburys-groceries.co.uk/gol/7555367/image.webp","Sainsbury's Blueberries 150g",,"false","2.2","https://www.sainsburys.co.uk/gol-ui/product/sainsburys-blueberries-150g","blueberries","2026-04-10T18:03:08.361Z","sainsburys","14.67","per kg","150g"
"Sainsbury's",,"https://assets.sainsburys-groceries.co.uk/gol/8140379/image.webp","Sainsbury's Blueberries, Taste the Difference",,"false","2.7","https://www.sainsburys.co.uk/gol-ui/product/sainsburys-blueberries-taste-the-difference","blueberries","2026-04-10T18:03:08.361Z","sainsburys","18","per kg",
"Sainsbury's",,"https://assets.sainsburys-groceries.co.uk/gol/7965955/image.webp","Sainsbury's Blueberries 300g",,"false","3.3","https://www.sainsburys.co.uk/gol-ui/product/sainsburys-blueberries-300g","blueberries","2026-04-10T18:03:08.361Z","sainsburys","11","per kg","300g"
"Sainsbury's",,"https://assets.sainsburys-groceries.co.uk/gol/7832903/image.webp","Sainsbury's 360g Frozen Blueberries","Buy 3 get cheapest 1 free with NectarArrow right","true","3.3","https://www.sainsburys.co.uk/gol-ui/product/sainsburys-frozen-blueberries-400g","blueberries","2026-04-10T18:03:08.361Z","sainsburys","9.17","per kg","360g"
"Graze",,"https://assets.sainsburys-groceries.co.uk/gol/7896683/image.webp","Graze Lemon & Blueberry Oat Boost Flapjack Superfood Snack B...",,"false","2.75","https://www.sainsburys.co.uk/gol-ui/product/graze-blueberry---lemon-flapjack-120g","blueberries","2026-04-10T18:03:08.361Z","sainsburys","22.92","per kg",
"Heck",,"https://assets.sainsburys-groceries.co.uk/gol/7792825/image.webp","Heck Chicken Italia Gluten Free Chipolata Sausages x10 340g",,"false","3.25","https://www.sainsburys.co.uk/gol-ui/product/heck-chicken-italia-sausages-340g","chicken sausages","2026-04-10T18:03:23.377Z","sainsburys","9.56","per kg","340g"
"Heck",,"https://assets.sainsburys-groceries.co.uk/gol/7937691/image.webp","Heck Simply Chicken Gluten Free Chipolata Sausages x10 340g","Nectar Price","true","2.5","https://www.sainsburys.co.uk/gol-ui/product/heck-simply-chicken-chipolatas-x10-340g","chicken sausages","2026-04-10T18:03:23.377Z","sainsburys","7.35","per kg","340g"
"Najma",,"https://assets.sainsburys-groceries.co.uk/gol/8070143/image.webp","Najma Halal Mini Chicken Sausages Smoked 400g",,"false","2.95","https://www.sainsburys.co.uk/gol-ui/product/najma-halal-mini-chicken-sausages-smoked-400g","chicken sausages","2026-04-10T18:03:23.377Z","sainsburys","7.38","per kg","400g"
"Najma",,"https://assets.sainsburys-groceries.co.uk/gol/8070132/image.webp","Najma Halal Chicken Sausages Smoked 400g",,"false","2.95","https://www.sainsburys.co.uk/gol-ui/product/najma-halal-chicken-sausages-smoked-400g","chicken sausages","2026-04-10T18:03:23.377Z","sainsburys","7.38","per kg","400g"
"Elephant",,"https://assets.sainsburys-groceries.co.uk/gol/4079392/image.webp","Elephant Atta 10kg Medium Chapatti Flour",,"false","12.5","https://www.sainsburys.co.uk/gol-ui/product/elephant-atta-10kg","chicken sausages","2026-04-10T18:03:23.377Z","sainsburys","1.25","per kg","10kg"
"The",,"https://assets.sainsburys-groceries.co.uk/gol/8228160/image.webp","The Collective Gourmet Raspberry Greek Style Yoghurt 425g",,"false","2.95","https://www.sainsburys.co.uk/gol-ui/product/the-collective-gourmet-raspberry-greek-style-yoghurt-425g","raspberries","2026-04-10T18:03:42.616Z","sainsburys","6.94","per kg","425g"
"The",,"https://assets.sainsburys-groceries.co.uk/gol/8000090/image.webp","The Collective Suckies Raspberry Kids Yoghurt Pouch 90g","Nectar Price","true","10.56","https://www.sainsburys.co.uk/gol-ui/product/the-collective-kids-raspberry-suckies-yoghurt-100g","raspberries","2026-04-10T18:03:42.616Z","sainsburys","8.34","per kg","90g"
"Sainsbury's",,"https://assets.sainsburys-groceries.co.uk/gol/7436859/image.webp","Sainsbury's Raspberries 150g",,"false","2.5","https://www.sainsburys.co.uk/gol-ui/product/sainsburys-british-raspberries--150g","raspberries","2026-04-10T18:03:42.616Z","sainsburys","16.67","per kg","150g"
"Sainsbury's",,"https://assets.sainsburys-groceries.co.uk/gol/7555668/image.webp","Sainsbury's Raspberries, Taste the Difference 150g",,"false","3.25","https://www.sainsburys.co.uk/gol-ui/product/sainsburys-raspberries--taste-the-difference-150g","raspberries","2026-04-10T18:03:42.616Z","sainsburys","21.67","per kg","150g"
"Sainsbury's",,"https://assets.sainsburys-groceries.co.uk/gol/7555636/image.webp","Sainsbury's Raspberries 250g",,"false","3.5","https://www.sainsburys.co.uk/gol-ui/product/sainsburys-raspberries-250g","raspberries","2026-04-10T18:03:42.616Z","sainsburys","14","per kg","250g"
"Sainsbury's",,"https://assets.sainsburys-groceries.co.uk/gol/7317686/image.webp","Sainsbury's Spanish Chorizo Ring 225g","Nectar Price","true","2.25","https://www.sainsburys.co.uk/gol-ui/product/sainsburys-spicy-chorizo-ring-225g","chorizo","2026-04-10T18:04:03.801Z","sainsburys","10","per kg","225g"
"Sainsbury's",,"https://assets.sainsburys-groceries.co.uk/gol/8150689/image.webp","Sainsbury's Wafer Thin Brunswick Ham Slices 125g","Nectar Price","true","1.85","https://www.sainsburys.co.uk/gol-ui/product/sainsburys-wafer-thin-brunswick-ham-slices-125g","chorizo","2026-04-10T18:04:03.801Z","sainsburys","14.8","per kg","125g"
"Deli",,"https://assets.sainsburys-groceries.co.uk/gol/8039905/image.webp","Deli Express Roast Cooked British Beef Slices x5 130g",,"false","3.75","https://www.sainsburys.co.uk/gol-ui/product/sainsburys-roast-beef-130g","chorizo","2026-04-10T18:04:03.801Z","sainsburys","28.85","per kg","130g"
"Sainsbury's",,"https://assets.sainsburys-groceries.co.uk/gol/6844353/image.webp","Sainsbury's Italian Milano Salami Slices 86g",,"false","1.6","https://www.sainsburys.co.uk/gol-ui/product/sainsburys-italian-milano-salami-slices-86g","chorizo","2026-04-10T18:04:03.801Z","sainsburys","18.6","per kg","86g"
"Sainsbury's",,"https://assets.sainsburys-groceries.co.uk/gol/8153111/image.webp","Sainsbury's German Pizza Pepperoni Slices x32 100g",,"false","1","https://www.sainsburys.co.uk/gol-ui/product/sainsburys-german-pizza-pepperoni-slices-x32-100g","chorizo","2026-04-10T18:04:03.801Z","sainsburys","10","per kg","100g"
"Sainsbury's",,"https://assets.sainsburys-groceries.co.uk/gol/7362585/image.webp","Sainsbury's British Sweet Spear Carrots, Taste the Differenc...","Nectar Price","true","1.45","https://www.sainsburys.co.uk/gol-ui/product/sainsburys-sweet-spear-carrots--taste-the-difference-450g","carrots","2026-04-10T18:04:05.660Z","sainsburys","3.22","per kg",
"Sainsbury's",,"https://assets.sainsburys-groceries.co.uk/gol/7910943/image.webp","Sainsbury's Carrots 500g",,"false","1.1","https://www.sainsburys.co.uk/gol-ui/product/sainsburys-carrots-500g","carrots","2026-04-10T18:04:05.660Z","sainsburys","1.1","per kg","500g"
"Sainsbury's",,"https://assets.sainsburys-groceries.co.uk/gol/1344943/image.webp","Sainsbury's Carrots, SO Organic 700g",,"false","1.35","https://www.sainsburys.co.uk/gol-ui/product/sainsburys-carrots--so-organic-750g","carrots","2026-04-10T18:04:05.660Z","sainsburys","1.93","per kg","700g"
"Sainsbury's",,"https://assets.sainsburys-groceries.co.uk/gol/6860386/image.webp","Sainsbury's Carrot Batons 400g","Buy 3 get cheapest 1 free with NectarArrow right","true","1.1","https://www.sainsburys.co.uk/gol-ui/product/sainsburys-carrot-batons-400g","carrots","2026-04-10T18:04:05.660Z","sainsburys","2.75","per kg","400g"
"Sainsbury's",,"https://assets.sainsburys-groceries.co.uk/gol/7997497/image.webp","Sainsbury's Chantenay Carrots 400g",,"false","1.05","https://www.sainsburys.co.uk/gol-ui/product/sainsburys-chantenay-carrots-400g","carrots","2026-04-10T18:04:05.660Z","sainsburys","2.63","per kg","400g"
"Pilgrims",,"https://assets.sainsburys-groceries.co.uk/gol/7542206/image.webp","Pilgrims Choice Extra Mature Cheddar Cheese 350g",,"false","4.25","https://www.sainsburys.co.uk/gol-ui/product/pilgrims-choice-extra-mature-350g","mature cheddar","2026-04-10T18:04:25.202Z","sainsburys","12.14","per kg","350g"
"Pilgrims",,"https://assets.sainsburys-groceries.co.uk/gol/7535054/image.webp","Pilgrims Choice Mature Cheddar Cheese 350g",,"false","4.25","https://www.sainsburys.co.uk/gol-ui/product/pilgrims-choice-mature-cheddar-350g","mature cheddar","2026-04-10T18:04:25.202Z","sainsburys","12.14","per kg","350g"
"Sainsbury's",,"https://assets.sainsburys-groceries.co.uk/gol/7178868/image.webp","Sainsbury's British Mature Cheddar Cheese 400g",,"false","3.35","https://www.sainsburys.co.uk/gol-ui/product/sainsburys-british-mature-cheddar-400g","mature cheddar","2026-04-10T18:04:25.202Z","sainsburys","8.38","per kg","400g"
"Sainsbury's",,"https://assets.sainsburys-groceries.co.uk/gol/8161937/image.webp","Sainsbury's Barber's Truffle Cheddar, Taste the Difference 2...","Nectar Price","true","2.4","https://www.sainsburys.co.uk/gol-ui/product/sainsburys-barbers-truffle-cheddar-taste-the-difference-200g","mature cheddar","2026-04-10T18:04:25.202Z","sainsburys","12","per kg",
"Cathedral",,"https://assets.sainsburys-groceries.co.uk/gol/7511786/image.webp","Cathedral City Mature Cheddar Cheese 350g","Nectar Price","true","3.35","https://www.sainsburys.co.uk/gol-ui/product/cathedral-city-mature-350g","mature cheddar","2026-04-10T18:04:25.202Z","sainsburys","9.57","per kg","350g"
"Quorn",,"https://assets.sainsburys-groceries.co.uk/gol/8034170/image.webp","Quorn Vegan Pepperoni 100g","Nectar Price","true","1.85","https://www.sainsburys.co.uk/gol-ui/product/quorn-vegan-pepperoni-100g","pepperoni","2026-04-10T18:04:47.968Z","sainsburys","18.5","per kg","100g"
"Sainsbury's",,"https://assets.sainsburys-groceries.co.uk/gol/8153111/image.webp","Sainsbury's German Pizza Pepperoni Slices x32 100g",,"false","1","https://www.sainsburys.co.uk/gol-ui/product/sainsburys-german-pizza-pepperoni-slices-x32-100g","pepperoni","2026-04-10T18:04:47.968Z","sainsburys","10","per kg","100g"
"Sainsbury's",,"https://assets.sainsburys-groceries.co.uk/gol/7896632/image.webp","Sainsbury's Double Pepperoni Thin Pizza 339g",,"false","1.85","https://www.sainsburys.co.uk/gol-ui/product/sainsburys-double-pepperoni-thin-pizza-362g","pepperoni","2026-04-10T18:04:47.968Z","sainsburys","5.46","per kg","339g"
"Sainsbury's",,"https://assets.sainsburys-groceries.co.uk/gol/7714684/image.webp","Sainsbury's Stonebaked Pepperoni Pizza 270g",,"false","3.8","https://www.sainsburys.co.uk/gol-ui/product/sainsburys-stonebaked-pepperoni-10-pizza","pepperoni","2026-04-10T18:04:47.968Z","sainsburys","14.07","per kg","270g"
"Goodfella's",,"https://assets.sainsburys-groceries.co.uk/gol/7226946/image.webp","Goodfella's Stonebaked Thin Pepperoni Pizza 332g",,"false","3","https://www.sainsburys.co.uk/gol-ui/product/goodfellas-stonebaked-thin-pepperoni-pizza-340g","pepperoni","2026-04-10T18:04:47.968Z","sainsburys","9.04","per kg","332g"
"Sainsbury's",,"https://assets.sainsburys-groceries.co.uk/gol/1002782/image.webp","Sainsbury's British Parsnips 500g",,"false","1.48","https://www.sainsburys.co.uk/gol-ui/product/sainsburys-parsnips-500g","parsnips","2026-04-10T18:04:48.079Z","sainsburys","1.48","per kg","500g"
"Sainsbury's",,"https://assets.sainsburys-groceries.co.uk/gol/1197099/image.webp","Sainsbury's Parsnips Loose",,"false","1.48","https://www.sainsburys.co.uk/gol-ui/product/sainsburys-parsnips-loose","parsnips","2026-04-10T18:04:48.079Z","sainsburys","1.48","per kg",
"Sainsbury's",,"https://assets.sainsburys-groceries.co.uk/gol/526937/image.webp","Sainsbury's British Heritage Baby Parsnips, Taste the Differ...",,"false","1.7","https://www.sainsburys.co.uk/gol-ui/product/sainsburys-heritage-baby-parsnips--taste-the-difference-230g-526937-p-44","parsnips","2026-04-10T18:04:48.079Z","sainsburys","7.39","per kg",
"Sainsbury's",,"https://assets.sainsburys-groceries.co.uk/gol/332286/image.webp","Sainsbury's Braeburn Apples x6","Nectar Price","true","1.2","https://www.sainsburys.co.uk/gol-ui/product/sainsburys-braeburn-apples-x6","braeburn apples","2026-04-10T18:05:08.059Z","sainsburys",,,
"Sainsbury's",,"https://assets.sainsburys-groceries.co.uk/gol/6617773/image.webp","Sainsbury's Braeburn Apple Single",,"false","5.5","https://www.sainsburys.co.uk/gol-ui/product/sainsburys-braeburn-apple-single","braeburn apples","2026-04-10T18:05:08.059Z","sainsburys",,,
"Sainsbury's",,"https://assets.sainsburys-groceries.co.uk/gol/323628/image.webp","Sainsbury's Royal Gala Apples x6",,"false","1.803","https://www.sainsburys.co.uk/gol-ui/product/sainsburys-royal-gala-apples-x6","braeburn apples","2026-04-10T18:05:08.059Z","sainsburys",,,
"Sainsbury's",,"https://assets.sainsburys-groceries.co.uk/gol/1244885/image.webp","Sainsbury's Pink Lady Apples x6",,"false","2.9048","https://www.sainsburys.co.uk/gol-ui/product/sainsburys-pink-lady-apples-x6","braeburn apples","2026-04-10T18:05:08.059Z","sainsburys",,,
"Sainsbury's",,"https://assets.sainsburys-groceries.co.uk/gol/1333114/image.webp","Sainsbury's Pink Lady Apples x4",,"false","2.5063","https://www.sainsburys.co.uk/gol-ui/product/sainsburys-pink-lady-apples-x4","braeburn apples","2026-04-10T18:05:08.059Z","sainsburys",,,
"Sainsbury's",,"https://assets.sainsburys-groceries.co.uk/gol/7178847/image.webp","Sainsbury's British Mild Cheddar Cheese 400g",,"false","3.35","https://www.sainsburys.co.uk/gol-ui/product/sainsburys-british-mild-cheese-400g","mild cheddar","2026-04-10T18:05:26.310Z","sainsburys","8.38","per kg","400g"
"Stamford",,"https://assets.sainsburys-groceries.co.uk/gol/8085907/image.webp","Stamford Street Co. Mild Cheddar Slices x10 200g",,"false","1.39","https://www.sainsburys.co.uk/gol-ui/product/sainsburys-mary-ann-dairy-mild-cheddar-slices-200g","mild cheddar","2026-04-10T18:05:26.310Z","sainsburys","6.95","per kg","200g"
"Stamford",,"https://assets.sainsburys-groceries.co.uk/gol/7646860/image.webp","Stamford Street Co. Mild Cheddar 600g",,"false","3.74","https://www.sainsburys.co.uk/gol-ui/product/sainsburys-mild-white--basics-625g","mild cheddar","2026-04-10T18:05:26.310Z","sainsburys","6.23","per kg","600g"
"Sainsbury's",,"https://assets.sainsburys-groceries.co.uk/gol/1225976/image.webp","Sainsbury's British Mild Cheddar Cheese Slices 240g",,"false","2.9","https://www.sainsburys.co.uk/gol-ui/product/sainsburys-british-mild-cheddar-slices-240g","mild cheddar","2026-04-10T18:05:26.310Z","sainsburys","12.08","per kg","240g"
"Cathedral",,"https://assets.sainsburys-groceries.co.uk/gol/7946424/image.webp","Cathedral City Kids Snack Nibbles Mild Lighter Cheddar Chees...",,"false","2","https://www.sainsburys.co.uk/gol-ui/product/cathedral-city-kids-snack-nibbles-mild-lighter-cheese-5x16g","mild cheddar","2026-04-10T18:05:26.310Z","sainsburys","25","per kg",
"Quorn",,"https://assets.sainsburys-groceries.co.uk/gol/7898419/image.webp","Quorn Vegan Smoky Ham Free Slices 100g",,"false","2.7","https://www.sainsburys.co.uk/gol-ui/product/quorn-vegan-smoky-ham-free-slices-100g","ham sliced","2026-04-10T18:05:43.909Z","sainsburys","27","per kg","100g"
"Quorn",,"https://assets.sainsburys-groceries.co.uk/gol/7980026/image.webp","Quorn Vegetarian Ham Slices 170g",,"false","3.1","https://www.sainsburys.co.uk/gol-ui/product/quorn-vegetarian-ham-slices-170g","ham sliced","2026-04-10T18:05:43.909Z","sainsburys","18.24","per kg","170g"
"Sainsbury's",,"https://assets.sainsburys-groceries.co.uk/gol/7103166/image.webp","Sainsbury's 6 Honey Roast Ham Slices 120g","Nectar Price","true","1.33","https://www.sainsburys.co.uk/gol-ui/product/sainsburys-british-honey-roast-ham-120g","ham sliced","2026-04-10T18:05:43.909Z","sainsburys","11.09","per kg","120g"
"Deli",,"https://assets.sainsburys-groceries.co.uk/gol/7815051/image.webp","Deli Express British Drury Lane Cooked Ham Slices x4 150g",,"false","2.95","https://www.sainsburys.co.uk/gol-ui/product/sainsburys-drury-lane-ham-150g","ham sliced","2026-04-10T18:05:43.909Z","sainsburys","19.67","per kg","150g"
"Sainsbury's",,"https://assets.sainsburys-groceries.co.uk/gol/8150689/image.webp","Sainsbury's Wafer Thin Brunswick Ham Slices 125g","Nectar Price","true","1.85","https://www.sainsburys.co.uk/gol-ui/product/sainsburys-wafer-thin-brunswick-ham-slices-125g","ham sliced","2026-04-10T18:05:43.909Z","sainsburys","14.8","per kg","125g"
"Sainsbury's",,"https://assets.sainsburys-groceries.co.uk/gol/1257090/image.webp","Sainsbury's Tenderstem Broccoli 200g",,"false","1.6","https://www.sainsburys.co.uk/gol-ui/product/sainsburys-tenderstem-broccoli-200g","broccoli","2026-04-10T18:06:06.164Z","sainsburys","8","per kg","200g"
"Sainsbury's",,"https://assets.sainsburys-groceries.co.uk/gol/7575577/image.webp","Sainsbury's Broccoli, SO Organic 300g",,"false","1.34","https://www.sainsburys.co.uk/gol-ui/product/sainsburys-broccoli--so-organic-300g","broccoli","2026-04-10T18:06:06.164Z","sainsburys","4.47","per kg","300g"
"Sainsbury's",,"https://assets.sainsburys-groceries.co.uk/gol/512947/image.webp","Sainsbury's Broccoli Florets 900g",,"false","1.07","https://www.sainsburys.co.uk/gol-ui/product/sainsburys-british-broccoli-florets-1kg","broccoli","2026-04-10T18:06:06.164Z","sainsburys","1.19","per kg","900g"
"Sainsbury's",,"https://assets.sainsburys-groceries.co.uk/gol/1066562/image.webp","Sainsbury's Purple Sprouting Broccoli Spears 200g",,"false","2.25","https://www.sainsburys.co.uk/gol-ui/product/sainsburys-purple-sprouting-broccoli-spears--taste-the-difference-200g","broccoli","2026-04-10T18:06:06.164Z","sainsburys","11.25","per kg","200g"
"Sainsbury's",,"https://assets.sainsburys-groceries.co.uk/gol/6345544/image.webp","Sainsbury's Broccoli & Cauliflower Florets 900g",,"false","1.5","https://www.sainsburys.co.uk/gol-ui/product/sainsburys-british-cauliflower---broccoli-floret-mix-1kg","broccoli","2026-04-10T18:06:06.164Z","sainsburys","1.67","per kg","900g"
"Sainsbury's",,"https://assets.sainsburys-groceries.co.uk/gol/323628/image.webp","Sainsbury's Royal Gala Apples x6",,"false","1.803","https://www.sainsburys.co.uk/gol-ui/product/sainsburys-royal-gala-apples-x6","gala apples","2026-04-10T18:06:09.025Z","sainsburys",,,
"Sainsbury's",,"https://assets.sainsburys-groceries.co.uk/gol/455664/image.webp","Sainsbury's Royal Gala Apples, SO Organic x6",,"false","2.3539","https://www.sainsburys.co.uk/gol-ui/product/sainsburys-royal-gala-apples--so-organic-x5","gala apples","2026-04-10T18:06:09.025Z","sainsburys",,,
"Sainsbury's",,"https://assets.sainsburys-groceries.co.uk/gol/6617755/image.webp","Sainsbury's Royal Gala Apple Single",,"false","3.95","https://www.sainsburys.co.uk/gol-ui/product/sainsburys-british-royal-gala-apple-single-c","gala apples","2026-04-10T18:06:09.025Z","sainsburys",,,
"Sainsbury's",,"https://assets.sainsburys-groceries.co.uk/gol/1244885/image.webp","Sainsbury's Pink Lady Apples x6",,"false","2.9048","https://www.sainsburys.co.uk/gol-ui/product/sainsburys-pink-lady-apples-x6","gala apples","2026-04-10T18:06:09.025Z","sainsburys",,,
"Sainsbury's",,"https://assets.sainsburys-groceries.co.uk/gol/332286/image.webp","Sainsbury's Braeburn Apples x6","Nectar Price","true","1.2","https://www.sainsburys.co.uk/gol-ui/product/sainsburys-braeburn-apples-x6","gala apples","2026-04-10T18:06:09.025Z","sainsburys",,,
"Pilgrims",,"https://assets.sainsburys-groceries.co.uk/gol/7542206/image.webp","Pilgrims Choice Extra Mature Cheddar Cheese 350g",,"false","4.25","https://www.sainsburys.co.uk/gol-ui/product/pilgrims-choice-extra-mature-350g","extra mature cheddar","2026-04-10T18:06:25.518Z","sainsburys","12.14","per kg","350g"
"Pilgrims",,"https://assets.sainsburys-groceries.co.uk/gol/7907995/image.webp","Pilgrims Choice Lighter Extra Mature Cheese 350g",,"false","4.25","https://www.sainsburys.co.uk/gol-ui/product/pilgrims-choice-lighter-extra-mature-cheese-350g","extra mature cheddar","2026-04-10T18:06:25.518Z","sainsburys","12.14","per kg","350g"
"Sainsbury's",,"https://assets.sainsburys-groceries.co.uk/gol/7178941/image.webp","Sainsbury's British Extra Mature Cheddar Cheese 400g",,"false","3.35","https://www.sainsburys.co.uk/gol-ui/product/sainsburys-british-extra-mature-cheddar-400g","extra mature cheddar","2026-04-10T18:06:25.518Z","sainsburys","8.38","per kg","400g"
"Pilgrims",,"https://assets.sainsburys-groceries.co.uk/gol/7855039/image.webp","Pilgrims Choice Extra Mature Cheddar Cheese 550g","Nectar Price","true","4","https://www.sainsburys.co.uk/gol-ui/product/pilgrims-choice-grated-mature-cheddar-200g","extra mature cheddar","2026-04-10T18:06:25.518Z","sainsburys","7.27","per kg","550g"
"Cathedral",,"https://assets.sainsburys-groceries.co.uk/gol/7752452/image.webp","Cathedral City Extra Mature Cheddar Cheese 550g",,"false","5.5","https://www.sainsburys.co.uk/gol-ui/product/cathedral-city-extra-mature-cheddar-550g-7752452-p-44","extra mature cheddar","2026-04-10T18:06:25.518Z","sainsburys","10","per kg","550g"
"Sainsbury's",,"https://assets.sainsburys-groceries.co.uk/gol/7299624/image.webp","Sainsbury's Red Leicester Cheese 250g",,"false","2.85","https://www.sainsburys.co.uk/gol-ui/product/sainsburys-red-leicester-250g","red leicester","2026-04-10T18:06:38.971Z","sainsburys","11.4","per kg","250g"
"Sainsbury's",,"https://assets.sainsburys-groceries.co.uk/gol/7145365/image.webp","Sainsbury's Red Leicester, SO Organic 270g",,"false","3.5","https://www.sainsburys.co.uk/gol-ui/product/sainsburys-red-leicester--so-organic-270g","red leicester","2026-04-10T18:06:38.971Z","sainsburys","12.96","per kg","270g"
"Jacob's",,"https://assets.sainsburys-groceries.co.uk/gol/8006391/image.webp","Jacob's Mini Cheddars Red Leicester Baked Snacks Multipack 1...",,"false","3.5","https://www.sainsburys.co.uk/gol-ui/product/mini-cheddars-red-leicester-12pk","red leicester","2026-04-10T18:06:38.971Z","sainsburys","12.68","per kg",
"Jacob's",,"https://assets.sainsburys-groceries.co.uk/gol/7866951/image.webp","Jacob's Mini Cheddars Red Leicester Multipack Snacks 6x23g","Nectar Price","true","1.25","https://www.sainsburys.co.uk/gol-ui/product/jacobs-mini-cheddars-red-leicester-x7-175g","red leicester","2026-04-10T18:06:38.971Z","sainsburys","9.06","per kg","6x23g"
"Stamford",,"https://assets.sainsburys-groceries.co.uk/gol/7646896/image.webp","Stamford Street Co. Red Leicester 600g",,"false","3.74","https://www.sainsburys.co.uk/gol-ui/product/mary-anns-dairy-red-leicester-600g","red leicester","2026-04-10T18:06:38.971Z","sainsburys","6.23","per kg","600g"
"Mowi",,"https://assets.sainsburys-groceries.co.uk/gol/8058661/image.webp","Mowi Scottish Salmon Fillets 230g","Nectar Price","true","4.95","https://www.sainsburys.co.uk/gol-ui/product/mowi-scottish-salmon-fillets-230g","salmon fillets","2026-04-10T18:06:55.423Z","sainsburys","21.52","per kg","230g"
"Sainsbury's",,"https://assets.sainsburys-groceries.co.uk/gol/8165185/image.webp","Sainsbury's 2 Skinless Scottish Salmon Fillets 220g","Nectar Price","true","4.95","https://www.sainsburys.co.uk/gol-ui/product/sainsburys-skinless-asc-scottish-salmon-fillets-x2-220g","salmon fillets","2026-04-10T18:06:55.423Z","sainsburys","22.5","per kg","220g"
"Sainsbury's",,"https://assets.sainsburys-groceries.co.uk/gol/6447344/image.webp","Sainsbury's Skin on ASC Scottish Salmon Fillets x2 240g",,"false","4.75","https://www.sainsburys.co.uk/gol-ui/product/sainsburys-responsibly-sourced-scottish-salmon-fillet-x2-240g","salmon fillets","2026-04-10T18:06:55.423Z","sainsburys","19.79","per kg","240g"
"Sainsbury's",,"https://assets.sainsburys-groceries.co.uk/gol/7536100/image.webp","Sainsbury's Skin on ASC Scottish Salmon Fillets x4 480g",,"false","9.45","https://www.sainsburys.co.uk/gol-ui/product/sainsburys-salmon-fillets-480g","salmon fillets","2026-04-10T18:06:55.423Z","sainsburys","19.69","per kg","480g"
"Sainsbury's",,"https://assets.sainsburys-groceries.co.uk/gol/7629539/image.webp","Sainsbury's Sweet Chilli ASC Scottish Salmon Portions x2 180...","Nectar Price","true","4.95","https://www.sainsburys.co.uk/gol-ui/product/sainsburys-hot-smoked-sweet-chilli-salmon-180g","salmon fillets","2026-04-10T18:06:55.423Z","sainsburys","27.5","per kg",
"Sainsbury's",,"https://assets.sainsburys-groceries.co.uk/gol/758/image.webp","Sainsbury's Cauliflower",,"false","1.19","https://www.sainsburys.co.uk/gol-ui/product/sainsburys-cauliflower","cauliflower","2026-04-10T18:07:12.196Z","sainsburys","1.19","per ea",
"Sainsbury's",,"https://assets.sainsburys-groceries.co.uk/gol/512701/image.webp","Sainsbury's Cauliflower Florets 900g",,"false","1.5","https://www.sainsburys.co.uk/gol-ui/product/sainsburys-british-cauliflower-florets-1kg","cauliflower","2026-04-10T18:07:12.196Z","sainsburys","1.67","per kg","900g"
"Sainsbury's",,"https://assets.sainsburys-groceries.co.uk/gol/6345544/image.webp","Sainsbury's Broccoli & Cauliflower Florets 900g",,"false","1.5","https://www.sainsburys.co.uk/gol-ui/product/sainsburys-british-cauliflower---broccoli-floret-mix-1kg","cauliflower","2026-04-10T18:07:12.196Z","sainsburys","1.67","per kg","900g"
"Sainsbury's",,"https://assets.sainsburys-groceries.co.uk/gol/332545/image.webp","Sainsbury's Cauliflower, Extra Large",,"false","2","https://www.sainsburys.co.uk/gol-ui/product/sainsburys-extra-large-cauliflower-332545-p-44","cauliflower","2026-04-10T18:07:12.196Z","sainsburys","2","per ea",
"Sainsbury's",,"https://assets.sainsburys-groceries.co.uk/gol/1085846/image.webp","Sainsbury's Cauliflower, SO Organic",,"false","2","https://www.sainsburys.co.uk/gol-ui/product/sainsburys-cauliflower--so-organic","cauliflower","2026-04-10T18:07:12.196Z","sainsburys","2","per ea",
"Sainsbury's",,"https://assets.sainsburys-groceries.co.uk/gol/343992/image.webp","Sainsbury's Oranges x5","Nectar Price","true","1.1","https://www.sainsburys.co.uk/gol-ui/product/sainsburys-oranges-x5","oranges","2026-04-10T18:07:29.626Z","sainsburys",,,
"Sainsbury's",,"https://assets.sainsburys-groceries.co.uk/gol/1174281/image.webp","Sainsbury's Easy Peelers, Taste the Difference 600g",,"false","2.5","https://www.sainsburys.co.uk/gol-ui/product/sainsburys-easy-peelers-taste-the-difference-600g","oranges","2026-04-10T18:07:29.626Z","sainsburys","4.17","per kg","600g"
"Sainsbury's",,"https://assets.sainsburys-groceries.co.uk/gol/1246377/image.webp","Sainsbury's Easy Peelers 600g","Nectar Price","true","1.1","https://www.sainsburys.co.uk/gol-ui/product/sainsburys-easy-peelers-600g","oranges","2026-04-10T18:07:29.626Z","sainsburys","1.83","per kg","600g"
"Sainsbury's",,"https://assets.sainsburys-groceries.co.uk/gol/6310579/image.webp","Sainsbury's Oranges, Taste the Difference x4",,"false","2.2556","https://www.sainsburys.co.uk/gol-ui/product/sainsburys-seedless-navel-oranges--taste-the-difference-x4","oranges","2026-04-10T18:07:29.626Z","sainsburys",,,
"Sainsbury's",,"https://assets.sainsburys-groceries.co.uk/gol/498005/image.webp","Sainsbury's Oranges Large x4",,"false","2.005","https://www.sainsburys.co.uk/gol-ui/product/sainsburys-oranges-large-x4","oranges","2026-04-10T18:07:29.626Z","sainsburys",,,
"Galbani",,"https://assets.sainsburys-groceries.co.uk/gol/8168731/image.webp","Galbani Mozzarella Panini Slices x6 120g","Nectar Price","true","1.5","https://www.sainsburys.co.uk/gol-ui/product/galbani-mozzarella-panini-slices-x6-120g","mozzarella","2026-04-10T18:07:48.098Z","sainsburys","12.5","per kg","120g"
"Sainsbury's",,"https://assets.sainsburys-groceries.co.uk/gol/1274189/image.webp","Sainsbury's Buffalo Mozzarella, Taste the Difference 125g",,"false","2.35","https://www.sainsburys.co.uk/gol-ui/product/sainsburys-buffalo-mozzarella--taste-the-difference-125g","mozzarella","2026-04-10T18:07:48.098Z","sainsburys","18.8","per kg","125g"
"Sainsbury's",,"https://assets.sainsburys-groceries.co.uk/gol/8164355/image.webp","Sainsbury's Italian Burrata, Taste the Difference 150g",,"false","3.2","https://www.sainsburys.co.uk/gol-ui/product/sainsburys-italian-burrata-taste-the-difference-150g","mozzarella","2026-04-10T18:07:48.098Z","sainsburys","21.33","per kg","150g"
"Stamford",,"https://assets.sainsburys-groceries.co.uk/gol/6542617/image.webp","Stamford Street Co. Mozzarella Cheese Ball 125g",,"false","5.52","https://www.sainsburys.co.uk/gol-ui/product/sainsburys-mozzarella--basics-125g","mozzarella","2026-04-10T18:07:48.098Z","sainsburys","5.52","per kg","125g"
"Sainsbury's",,"https://assets.sainsburys-groceries.co.uk/gol/6032646/image.webp","Sainsbury's Grated Mozzarella Cheese 250g",,"false","2.7","https://www.sainsburys.co.uk/gol-ui/product/sainsburys-grated-mozzarella-250g","mozzarella","2026-04-10T18:07:48.098Z","sainsburys","10.8","per kg","250g"
"Sainsbury's",,"https://assets.sainsburys-groceries.co.uk/gol/1174281/image.webp","Sainsbury's Easy Peelers, Taste the Difference 600g",,"false","2.5","https://www.sainsburys.co.uk/gol-ui/product/sainsburys-easy-peelers-taste-the-difference-600g","satsumas","2026-04-10T18:08:02.282Z","sainsburys","4.17","per kg","600g"
"Sainsbury's",,"https://assets.sainsburys-groceries.co.uk/gol/1246377/image.webp","Sainsbury's Easy Peelers 600g","Nectar Price","true","1.1","https://www.sainsburys.co.uk/gol-ui/product/sainsburys-easy-peelers-600g","satsumas","2026-04-10T18:08:02.282Z","sainsburys","1.83","per kg","600g"
"Sainsbury's",,"https://assets.sainsburys-groceries.co.uk/gol/6310579/image.webp","Sainsbury's Oranges, Taste the Difference x4",,"false","2.2556","https://www.sainsburys.co.uk/gol-ui/product/sainsburys-seedless-navel-oranges--taste-the-difference-x4","satsumas","2026-04-10T18:08:02.282Z","sainsburys",,,
"Sainsbury's",,"https://assets.sainsburys-groceries.co.uk/gol/498005/image.webp","Sainsbury's Oranges Large x4",,"false","2.005","https://www.sainsburys.co.uk/gol-ui/product/sainsburys-oranges-large-x4","satsumas","2026-04-10T18:08:02.282Z","sainsburys",,,
"Stamford",,"https://assets.sainsburys-groceries.co.uk/gol/8054075/image.webp","Stamford Street Co. Easy Peelers",,"false","1.19","https://www.sainsburys.co.uk/gol-ui/product/stamford-street-co.-easy-peelers","satsumas","2026-04-10T18:08:02.282Z","sainsburys","1.98","per kg",
"Fish",,"https://assets.sainsburys-groceries.co.uk/gol/8088664/image.webp","Fish Said Fred 2 Big Cod Fillets 300g",,"false","7.95","https://www.sainsburys.co.uk/gol-ui/product/fish-said-fred-big-cod-fillets-x2-320g","cod fillets","2026-04-10T18:08:15.068Z","sainsburys","26.5","per kg","300g"
"Sainsbury's",,"https://assets.sainsburys-groceries.co.uk/gol/7560130/image.webp","Sainsbury's Skinless & Boneless Cod Fillets 360g",,"false","5.5","https://www.sainsburys.co.uk/gol-ui/product/sainsburys-cod-fillet-portion-380g","cod fillets","2026-04-10T18:08:15.068Z","sainsburys","15.28","per kg","360g"
"Sainsbury's",,"https://assets.sainsburys-groceries.co.uk/gol/8104254/image.webp","Sainsbury's Breaded Cod Fillet Fish Fingers x10 300g",,"false","2.25","https://www.sainsburys.co.uk/gol-ui/product/sainsburys-breaded-cod-fillet-fish-fingers-x10-300g","cod fillets","2026-04-10T18:08:15.068Z","sainsburys","7.5","per kg","300g"
"Sainsbury's",,"https://assets.sainsburys-groceries.co.uk/gol/7932001/image.webp","Sainsbury's Lightly Dusted MSC Cod Fillets x2 255g","Nectar Price","true","3.95","https://www.sainsburys.co.uk/gol-ui/product/sainsburys-lightly-dusted-cod-fillets-x2-255g","cod fillets","2026-04-10T18:08:15.068Z","sainsburys","15.49","per kg","255g"
"Birds",,"https://assets.sainsburys-groceries.co.uk/gol/8225106/image.webp","Birds Eye Breaded Cod Fillets x4 400g","Nectar Price","true","4.5","https://www.sainsburys.co.uk/gol-ui/product/birds-eye-breaded-cod-fillets-x4-400g","cod fillets","2026-04-10T18:08:15.068Z","sainsburys","11.25","per kg","400g"
"Sainsbury's",,"https://assets.sainsburys-groceries.co.uk/gol/8121264/image.webp","Sainsbury's Small Whole Cucumber","Nectar Price","true","3.89","https://www.sainsburys.co.uk/gol-ui/product/sainsburys-midi-cucumber","cucumber","2026-04-10T18:08:28.905Z","sainsburys","3.33","per kg",
"Sainsbury's",,"https://assets.sainsburys-groceries.co.uk/gol/680646/image.webp","Sainsbury's Large Whole Cucumber",,"false","1.15","https://www.sainsburys.co.uk/gol-ui/product/sainsburys-cucumber--large","cucumber","2026-04-10T18:08:28.906Z","sainsburys","1.15","per ea",
"Sainsbury's",,"https://assets.sainsburys-groceries.co.uk/gol/1050110/image.webp","Sainsbury's Whole Cucumber, SO Organic",,"false","1.3","https://www.sainsburys.co.uk/gol-ui/product/sainsburys-cucumber-whole--so-organic","cucumber","2026-04-10T18:08:28.906Z","sainsburys","1.3","per ea",
"Sainsbury's",,"https://assets.sainsburys-groceries.co.uk/gol/8042588/image.webp","Sainsbury's Baby Cucumbers 200g",,"false","1.1","https://www.sainsburys.co.uk/gol-ui/product/sainsburys-baby-cucumbers-200g","cucumber","2026-04-10T18:08:28.906Z","sainsburys","5.5","per kg","200g"
"Sainsbury's",,"https://assets.sainsburys-groceries.co.uk/gol/1080605/image.webp","Sainsbury's Lemons Unwaxed, SO Organic x3",,"false","1.9063","https://www.sainsburys.co.uk/gol-ui/product/sainsburys-unwaxed-lemons--so-organic-x4","lemons","2026-04-10T18:08:42.737Z","sainsburys",,,
"Sainsbury's",,"https://assets.sainsburys-groceries.co.uk/gol/8256955/image.webp","Sainsbury's 4 x Unwaxed Lemons",,"false","1.4035","https://www.sainsburys.co.uk/gol-ui/product/sainsburys-unwaxed-lemons-min-x4","lemons","2026-04-10T18:08:42.737Z","sainsburys",,,
"Sainsbury's",,"https://assets.sainsburys-groceries.co.uk/gol/8190472/image.webp","Sainsbury's Lemon Washing Up Liquid 500ml",,"false","1.4","https://www.sainsburys.co.uk/gol-ui/product/sainsburys-lemon-washing-up-liquid-500ml","lemons","2026-04-10T18:08:42.737Z","sainsburys","1.4","per ltr","500ml"
"Sainsbury's",,"https://assets.sainsburys-groceries.co.uk/gol/7811335/image.webp","Sainsbury's Dishwasher Rinse Aid Lemon 400ml",,"false","2.15","https://www.sainsburys.co.uk/gol-ui/product/sainsburys-rinse-aid-lemon-400ml","lemons","2026-04-10T18:08:42.737Z","sainsburys","5.38","per ltr","400ml"
"Young's",,"https://assets.sainsburys-groceries.co.uk/gol/8105742/image.webp","Young's Gastro Signature Breaded Lemon & Pepper Fish Fillets...","Nectar Price","true","2.62","https://www.sainsburys.co.uk/gol-ui/product/youngs-gastro-signature-breaded-lemon-pepper-fish-fillets-x2-270g","lemons","2026-04-10T18:08:42.737Z","sainsburys","9.7","per kg",
"Sainsbury's",,"https://assets.sainsburys-groceries.co.uk/gol/7280609/image.webp","Sainsbury's Lighter Cypriot Cheese 225g",,"false","1.99","https://www.sainsburys.co.uk/gol-ui/product/sainsburys-light-cypriot-halloumi-225g","halloumi","2026-04-10T18:10:42.670Z","sainsburys","8.84","per kg","225g"
"Sainsbury's",,"https://assets.sainsburys-groceries.co.uk/gol/7907704/image.webp","Sainsbury's Cypriot Halloumi, Taste the Difference 250g",,"false","4","https://www.sainsburys.co.uk/gol-ui/product/sainsburys-cypriot-halloumi-taste-the-difference-250g","halloumi","2026-04-10T18:10:42.670Z","sainsburys","16","per kg","250g"
"Sainsbury's",,"https://assets.sainsburys-groceries.co.uk/gol/6305456/image.webp","Sainsbury's Greek Feta Cheese 200g",,"false","2.15","https://www.sainsburys.co.uk/gol-ui/product/sainsburys-greek-feta-200g","halloumi","2026-04-10T18:10:42.670Z","sainsburys","10.75","per kg","200g"
"Sainsbury's",,"https://assets.sainsburys-groceries.co.uk/gol/7280625/image.webp","Sainsbury's Cypriot Halloumi Cheese 225g",,"false","1.99","https://www.sainsburys.co.uk/gol-ui/product/sainsburys-cypriot-halloumi-250g","halloumi","2026-04-10T18:10:42.670Z","sainsburys","8.84","per kg","225g"
"Midas",,"https://assets.sainsburys-groceries.co.uk/gol/7975178/image.webp","Midas Grilling Cheese 200g",,"false","1.95","https://www.sainsburys.co.uk/gol-ui/product/midas-grilling-cheese-200g","halloumi","2026-04-10T18:10:42.670Z","sainsburys","9.75","per kg","200g"
"Sainsbury's",,"https://assets.sainsburys-groceries.co.uk/gol/6012710/image.webp","Sainsbury's Red Seedless Grapes 500g","Nectar Price","true","1.6","https://www.sainsburys.co.uk/gol-ui/product/sainsburys-red-seedless-grapes-500g","grapes","2026-04-10T18:11:38.491Z","sainsburys","3.2","per kg","500g"
"Sainsbury's",,"https://assets.sainsburys-groceries.co.uk/gol/1111323/image.webp","Sainsbury's White Seedless Grapes 500g",,"false","2","https://www.sainsburys.co.uk/gol-ui/product/sainsburys-white-seedless-grapes-500g","grapes","2026-04-10T18:11:38.491Z","sainsburys","4","per kg","500g"
"Sainsbury's",,"https://assets.sainsburys-groceries.co.uk/gol/1092547/image.webp","Sainsbury's Red & White Seedless Grapes 500g",,"false","2","https://www.sainsburys.co.uk/gol-ui/product/sainsburys-red---white-seedless-grapes-500g","grapes","2026-04-10T18:11:38.491Z","sainsburys","4","per kg","500g"
"Sainsbury's",,"https://assets.sainsburys-groceries.co.uk/gol/7989270/image.webp","Sainsbury's Mixed Grapes 900g",,"false","3.95","https://www.sainsburys.co.uk/gol-ui/product/sainsburys-mixed-grapes-900g","grapes","2026-04-10T18:11:38.491Z","sainsburys","4.39","per kg","900g"
"Sainsbury's",,"https://assets.sainsburys-groceries.co.uk/gol/6339528/image.webp","Sainsbury's Black Sable Seedless Grapes, Taste the Differenc...","Nectar Price","true","1.75","https://www.sainsburys.co.uk/gol-ui/product/sainsburys-sabel-black-grapes--taste-the-difference-400g","grapes","2026-04-10T18:11:38.491Z","sainsburys","4.38","per kg",
"Sainsbury's",,"https://assets.sainsburys-groceries.co.uk/gol/6832257/image.webp","Sainsbury's Gouda Cheese 265g",,"false","2.65","https://www.sainsburys.co.uk/gol-ui/product/sainsburys-gouda-265g","gouda","2026-04-10T18:11:52.302Z","sainsburys","10","per kg","265g"
"Mlekovita",,"https://assets.sainsburys-groceries.co.uk/gol/7580252/image.webp","Mlekovita Gouda Slices 150g",,"false","1.85","https://www.sainsburys.co.uk/gol-ui/product/gouda-slices-150g","gouda","2026-04-10T18:11:52.302Z","sainsburys","12.33","per kg","150g"
"Sainsbury's",,"https://assets.sainsburys-groceries.co.uk/gol/8057229/image.webp","Sainsbury's Chorizo & Gouda Rollitos x8 80g",,"false","3","https://www.sainsburys.co.uk/gol-ui/product/sainsburys-summer-edition-chorizo-gouda-rollitos-x8-80g","gouda","2026-04-10T18:11:52.302Z","sainsburys","37.5","per kg","80g"
"Sainsbury's",,"https://assets.sainsburys-groceries.co.uk/gol/8206158/image.webp","Sainsbury's Vintage Gouda, Taste the Difference 180g",,"false","4.2","https://www.sainsburys.co.uk/gol-ui/product/sainsburys-vintage-gouda-taste-the-difference-180g","gouda","2026-04-10T18:11:52.302Z","sainsburys","23.33","per kg","180g"
"Sainsbury's",,"https://assets.sainsburys-groceries.co.uk/gol/8163042/image.webp","Sainsbury's Truffle Gouda, Taste the Difference 180g",,"false","4.5","https://www.sainsburys.co.uk/gol-ui/product/sainsburys-truffle-gouda-taste-the-difference-180g","gouda","2026-04-10T18:11:52.302Z","sainsburys","25","per kg","180g"
"Sainsbury's",,"https://assets.sainsburys-groceries.co.uk/gol/8230999/image.webp","Sainsbury's Yellowfin Tuna, Taste the Difference 240g","Nectar Price","true","6.95","https://www.sainsburys.co.uk/gol-ui/product/sainsburys-yellow-fin-tuna-taste-the-difference-240g","tuna steaks","2026-04-10T18:12:08.094Z","sainsburys","28.96","per kg","240g"
"Sainsbury's",,"https://assets.sainsburys-groceries.co.uk/gol/7837958/image.webp","Sainsbury's Tuna Steak in Spring Water 3x120g",,"false","3.9","https://www.sainsburys.co.uk/gol-ui/product/sainsburys-tuna-steak-in-spring-water-d-rte-3pk","tuna steaks","2026-04-10T18:12:08.094Z","sainsburys","10.83","per kg","3x120g"
"Sainsbury's",,"https://assets.sainsburys-groceries.co.uk/gol/8239364/image.webp","Sainsbury's Skinless & Boneless Yellowfin Tuna Steaks x2 220...",,"false","5.49","https://www.sainsburys.co.uk/gol-ui/product/sainsburys-yellowfin-tuna-220g","tuna steaks","2026-04-10T18:12:08.094Z","sainsburys","24.95","per kg",
"John",,"https://assets.sainsburys-groceries.co.uk/gol/7691658/image.webp","John West Tuna Steak with Spring Water 3x60g","Nectar Price","true","2.5","https://www.sainsburys.co.uk/gol-ui/product/john-west-tuna-steak-with-spring-water-3x60g","tuna steaks","2026-04-10T18:12:08.094Z","sainsburys","13.89","per kg","3x60g"
"John",,"https://assets.sainsburys-groceries.co.uk/gol/7923487/image.webp","John West No Drain Fridge Pot Tuna Steak with a Little Sprin...",,"false","2.05","https://www.sainsburys.co.uk/gol-ui/product/john-west-no-drain-fridge-pot-tuna-steak-with-a-little-spring-water-110g","tuna steaks","2026-04-10T18:12:08.095Z","sainsburys","18.64","per kg",
"Sainsbury's",,"https://assets.sainsburys-groceries.co.uk/gol/8176887/image.webp","Sainsbury's Crownless Pineapple",,"false","1","https://www.sainsburys.co.uk/gol-ui/product/sainsburys-crownless-pineapple","pineapple","2026-04-10T18:12:27.125Z","sainsburys","1","per ea",
"Sainsbury's",,"https://assets.sainsburys-groceries.co.uk/gol/7742144/image.webp","Sainsbury's Pineapple 160g","Buy any 2 for £2.20 with NectarArrow right","true","1.5","https://www.sainsburys.co.uk/gol-ui/product/sainsburys-pineapple-160g","pineapple","2026-04-10T18:12:27.125Z","sainsburys","9.38","per kg","160g"
"Sainsbury's",,"https://assets.sainsburys-groceries.co.uk/gol/807722/image.webp","Sainsbury's Large Pineapple",,"false","1.75","https://www.sainsburys.co.uk/gol-ui/product/sainsburys-large-pineapple","pineapple","2026-04-10T18:12:27.125Z","sainsburys","1.75","per ea",
"Sainsbury's",,"https://assets.sainsburys-groceries.co.uk/gol/7742209/image.webp","Sainsbury's Apple, Pineapple & Grape 160g","Buy any 2 for £2.20 with NectarArrow right","true","1.5","https://www.sainsburys.co.uk/gol-ui/product/sainsburys-apple--pineapple---grape-160g","pineapple","2026-04-10T18:12:27.125Z","sainsburys","9.38","per kg","160g"
"Sainsbury's",,"https://assets.sainsburys-groceries.co.uk/gol/8222940/image.webp","Sainsbury's Mango, Watermelon & Pineapple 260g",,"false","2.8","https://www.sainsburys.co.uk/gol-ui/product/sainsburys-mango-watermelon-pineapple-260g","pineapple","2026-04-10T18:12:27.125Z","sainsburys","10.77","per kg","260g"
"Sainsbury's",,"https://assets.sainsburys-groceries.co.uk/gol/1129649/image.webp","Sainsbury's Romaine Lettuce Hearts, Twin Pack x2",,"false","1.206","https://www.sainsburys.co.uk/gol-ui/product/sainsburys-romaine-lettuce-hearts--twin-pack-x2-340g","romaine lettuce","2026-04-10T18:12:42.952Z","sainsburys",,,
"Sainsbury's",,"https://assets.sainsburys-groceries.co.uk/gol/1334067/image.webp","Sainsbury's Sweet Gem Lettuce x2",,"false","1.005","https://www.sainsburys.co.uk/gol-ui/product/sainsburys-sweet-gem-lettuce-x2","romaine lettuce","2026-04-10T18:12:42.952Z","sainsburys",,,
"Sainsbury's",,"https://assets.sainsburys-groceries.co.uk/gol/7282600/image.webp","Sainsbury's Iceberg Lettuce 200g",,"false","3.2","https://www.sainsburys.co.uk/gol-ui/product/sainsburys-iceberg-lettuce-200g","romaine lettuce","2026-04-10T18:12:42.952Z","sainsburys","3.2","per kg","200g"
"Sainsbury's",,"https://assets.sainsburys-groceries.co.uk/gol/8222686/image.webp","Sainsbury's Shredded Iceberg 130g",,"false","4.62","https://www.sainsburys.co.uk/gol-ui/product/sainsburys-shredded-iceberg-130g","romaine lettuce","2026-04-10T18:12:42.952Z","sainsburys","4.62","per kg","130g"
"Sainsbury's",,"https://assets.sainsburys-groceries.co.uk/gol/7792721/image.webp","Sainsbury's Lambs Lettuce 60g",,"false","1","https://www.sainsburys.co.uk/gol-ui/product/sainsburys-lambs-lettuce-60g","romaine lettuce","2026-04-10T18:12:42.952Z","sainsburys","16.67","per kg","60g"
"Sainsbury's",,"https://assets.sainsburys-groceries.co.uk/gol/6338089/image.webp","Sainsbury's Edam Cheese Slices 250g","Nectar Price","true","2.5","https://www.sainsburys.co.uk/gol-ui/product/sainsburys-edam-slices-250g","edam","2026-04-10T18:12:54.506Z","sainsburys","10","per kg","250g"
"Sainsbury's",,"https://assets.sainsburys-groceries.co.uk/gol/7703403/image.webp","Sainsbury's Mild & Buttery Edam 300g",,"false","3.3","https://www.sainsburys.co.uk/gol-ui/product/sainsburys-mild-buttery-edam-300g","edam","2026-04-10T18:12:54.506Z","sainsburys","10.65","per kg","300g"
"Sainsbury's",,"https://assets.sainsburys-groceries.co.uk/gol/7281183/image.webp","Sainsbury's Edam Cheese Slices 400g",,"false","3.95","https://www.sainsburys.co.uk/gol-ui/product/sainsburys-edam-slices-400g","edam","2026-04-10T18:12:54.506Z","sainsburys","9.88","per kg","400g"
"Mlekovita",,"https://assets.sainsburys-groceries.co.uk/gol/7580250/image.webp","Mlekovita Edam Slices 150g",,"false","1.85","https://www.sainsburys.co.uk/gol-ui/product/edam-slices-150g","edam","2026-04-10T18:12:54.506Z","sainsburys","12.33","per kg","150g"
"Boursin",,"https://assets.sainsburys-groceries.co.uk/gol/3034071/image.webp","Boursin Garlic & Herb Soft French Cream Cheese 150g",,"false","2.95","https://www.sainsburys.co.uk/gol-ui/product/boursin-garlic---herb-150g","edam","2026-04-10T18:12:54.506Z","sainsburys","19.67","per kg","150g"
"Sainsbury's",,"https://assets.sainsburys-groceries.co.uk/gol/3476/image.webp","Sainsbury's Galia Melon","Nectar Price","true","1.7","https://www.sainsburys.co.uk/gol-ui/product/sainsburys-galia-melon","melon","2026-04-10T18:13:10.884Z","sainsburys","1.7","per ea",
"Sainsbury's",,"https://assets.sainsburys-groceries.co.uk/gol/7559/image.webp","Sainsbury's Honeydew Melon",,"false","1.87","https://www.sainsburys.co.uk/gol-ui/product/sainsburys-honeydew-melon","melon","2026-04-10T18:13:10.884Z","sainsburys","1.87","per ea",
"Sainsbury's",,"https://assets.sainsburys-groceries.co.uk/gol/5494/image.webp","Sainsbury's Cantaloupe Melon",,"false","2","https://www.sainsburys.co.uk/gol-ui/product/sainsburys-cantaloupe-melon","melon","2026-04-10T18:13:10.884Z","sainsburys","2","per ea",
"Sainsbury's",,"https://assets.sainsburys-groceries.co.uk/gol/6411148/image.webp","Sainsbury's Baby Watermelon, Taste the Difference",,"false","2.4","https://www.sainsburys.co.uk/gol-ui/product/sainsburys-baby-watermelon","melon","2026-04-10T18:13:10.884Z","sainsburys","2.4","per ea",
"Sainsbury's",,"https://assets.sainsburys-groceries.co.uk/gol/209632/image.webp","Sainsbury's Watermelon",,"false","3.55","https://www.sainsburys.co.uk/gol-ui/product/sainsburys-watermelon","melon","2026-04-10T18:13:10.884Z","sainsburys","3.55","per ea",
"Warburtons",,"https://assets.sainsburys-groceries.co.uk/gol/3236048/image.webp","Warburtons Soft Farmhouse Thick Sliced White Bread 800g",,"false","1.65","https://www.sainsburys.co.uk/gol-ui/product/warburtons-farmhouse-bread--original-soft-800g","white sliced bread","2026-04-10T18:13:24.277Z","sainsburys","2.06","per kg","800g"
"Hovis",,"https://assets.sainsburys-groceries.co.uk/gol/3067161/image.webp","Hovis Soft Medium Sliced White Bread 800g",,"false","1.39","https://www.sainsburys.co.uk/gol-ui/product/hovis-soft-white-bread--medium-sliced-800g","white sliced bread","2026-04-10T18:13:24.277Z","sainsburys","1.74","per kg","800g"
"Kingsmill",,"https://assets.sainsburys-groceries.co.uk/gol/6528180/image.webp","Kingsmill Medium Sliced 50/50 Bread 800g",,"false","1.3","https://www.sainsburys.co.uk/gol-ui/product/kingsmill-50-50-bread--medium-800g","white sliced bread","2026-04-10T18:13:24.277Z","sainsburys","1.63","per kg","800g"
"Warburtons",,"https://assets.sainsburys-groceries.co.uk/gol/2256481/image.webp","Warburtons Toastie Thick Sliced White Bread 800g",,"false","1.4","https://www.sainsburys.co.uk/gol-ui/product/warburtons-white-sliced-bread--toastie-800g","white sliced bread","2026-04-10T18:13:24.277Z","sainsburys","1.75","per kg","800g"
"Sainsbury's",,"https://assets.sainsburys-groceries.co.uk/gol/7820324/image.webp","Sainsbury's Sourdough Medium Sliced White Bread, Taste the D...",,"false","2","https://www.sainsburys.co.uk/gol-ui/product/sainsburys-sourdough-bread--taste-the-difference-400g","white sliced bread","2026-04-10T18:13:24.277Z","sainsburys","5","per kg",
"Sainsbury's",,"https://assets.sainsburys-groceries.co.uk/gol/8144836/image.webp","Sainsbury's 300g Closed Cup Chestnut Mushrooms","Nectar Price","true","1.05","https://www.sainsburys.co.uk/gol-ui/product/sainsburys-closed-cup-chestnut-mushrooms-300g-8144836-p-44","mushrooms","2026-04-10T18:13:39.679Z","sainsburys","3.5","per kg","300g"
"Sainsbury's",,"https://assets.sainsburys-groceries.co.uk/gol/8227703/image.webp","Sainsbury's Closed Cup Mushrooms Vitamin D 400g",,"false","1.29","https://www.sainsburys.co.uk/gol-ui/product/sainsburys-closed-cup-mushrooms-vitamin-d-400g","mushrooms","2026-04-10T18:13:39.679Z","sainsburys","3.23","per kg","400g"
"Sainsbury's",,"https://assets.sainsburys-groceries.co.uk/gol/8190149/image.webp","Sainsbury's White Baby Button Vitamin D Mushrooms 200g",,"false","1.2","https://www.sainsburys.co.uk/gol-ui/product/sainsburys-baby-button-vitamin-d-mushrooms-200g","mushrooms","2026-04-10T18:13:39.679Z","sainsburys","6","per kg","200g"
"Sainsbury's",,"https://assets.sainsburys-groceries.co.uk/gol/8190151/image.webp","Sainsbury's White Large Flat Vitamin D Mushrooms 250g",,"false","1.25","https://www.sainsburys.co.uk/gol-ui/product/sainsburys-large-flat-vitamin-d-white-mushrooms-250g","mushrooms","2026-04-10T18:13:39.679Z","sainsburys","5","per kg","250g"
"Sainsbury's",,"https://assets.sainsburys-groceries.co.uk/gol/7997579/image.webp","Sainsbury's Chestnut Super Mushrooms 300g",,"false","1.65","https://www.sainsburys.co.uk/gol-ui/product/sainsburys-chestnut-super-mushrooms-300g","mushrooms","2026-04-10T18:13:39.679Z","sainsburys","5.5","per kg","300g"
"Warburtons",,"https://assets.sainsburys-groceries.co.uk/gol/2046518/image.webp","Warburtons Medium Wholemeal Bread 800g",,"false","1.35","https://www.sainsburys.co.uk/gol-ui/product/warburtons-the-true-taste-of-wholemeal-800g","wholemeal bread","2026-04-10T18:13:55.524Z","sainsburys","1.69","per kg","800g"
"Sainsbury's",,"https://assets.sainsburys-groceries.co.uk/gol/1318180/image.webp","Sainsbury's Soft Multiseed Farmhouse Thick Sliced Wholemeal ...",,"false","1.6","https://www.sainsburys.co.uk/gol-ui/product/sainsburys-soft-multiseed-farmhouse-thick-sliced-wholemeal-bread-taste-the-difference-800g","wholemeal bread","2026-04-10T18:13:55.524Z","sainsburys","2","per kg",
"Warburtons",,"https://assets.sainsburys-groceries.co.uk/gol/2048178/image.webp","Warburtons Medium Sliced Wholemeal Bread 400g",,"false","2.38","https://www.sainsburys.co.uk/gol-ui/product/warburtons-wholemeal-bread--medium-sliced-400g","wholemeal bread","2026-04-10T18:13:55.524Z","sainsburys","2.38","per kg","400g"
"Hovis",,"https://assets.sainsburys-groceries.co.uk/gol/2300757/image.webp","Hovis Medium Sliced Wholemeal Bread 800g",,"false","1.5","https://www.sainsburys.co.uk/gol-ui/product/hovis-wholemeal-bread--medium-sliced-800g","wholemeal bread","2026-04-10T18:13:55.524Z","sainsburys","1.88","per kg","800g"
"Allinson's",,"https://assets.sainsburys-groceries.co.uk/gol/7957313/image.webp","Allinson's Batch Baked Scandalous Seeds Wholemeal Bread 650g",,"false","2","https://www.sainsburys.co.uk/gol-ui/product/allinsons-batch-baked-scandalous-seeds-wholemeal-650g","wholemeal bread","2026-04-10T18:13:55.524Z","sainsburys","3.08","per kg","650g"
"Sainsbury's",,"https://assets.sainsburys-groceries.co.uk/gol/8107918/image.webp","Sainsbury's Sliced Mixed Peppers 500g",,"false","1.98","https://www.sainsburys.co.uk/gol-ui/product/sainsburys-sliced-mixed-peppers-500g","peppers mixed","2026-04-10T18:14:13.801Z","sainsburys","1.98","per kg","500g"
"Sainsbury's",,"https://assets.sainsburys-groceries.co.uk/gol/1301748/image.webp","Sainsbury's Mixed Peppers, SO Organic x3 (Colours may vary)",,"false","2.6588","https://www.sainsburys.co.uk/gol-ui/product/sainsburys-mixed-peppers-so-organic-x3-colours-may-vary-","peppers mixed","2026-04-10T18:14:13.801Z","sainsburys",,,
"Sainsbury's",,"https://assets.sainsburys-groceries.co.uk/gol/7515593/image.webp","Sainsbury's Chargrilled Mediterranean Vegetables (Aubergine,...",,"false","2.75","https://www.sainsburys.co.uk/gol-ui/product/sainsburys-chargrilled-mediterranean-vegetables-aubergine-courgette-red-yellow-peppers-500g","peppers mixed","2026-04-10T18:14:13.801Z","sainsburys","5.5","per kg",
"Sainsbury's",,"https://assets.sainsburys-groceries.co.uk/gol/7550428/image.webp","Sainsbury's Chargrilled Mixed Peppers, Inspired to Cook 280g...",,"false","2.95","https://www.sainsburys.co.uk/gol-ui/product/sainsburys-chargrilled-peppers-antipasto-280g","peppers mixed","2026-04-10T18:14:13.801Z","sainsburys","10.54","per kg","280g"
"Sainsbury's",,"https://assets.sainsburys-groceries.co.uk/gol/7282427/image.webp","Sainsbury's Inspired to Cook Mixed Pepper Stir Fry 300g","Meal Deal for £3.00 with NectarArrow right","true","1.8","https://www.sainsburys.co.uk/gol-ui/product/sainsburys-mixed-pepper-stir-fry-300g","peppers mixed","2026-04-10T18:14:13.801Z","sainsburys","6","per kg","300g"
"Sainsbury's",,"https://assets.sainsburys-groceries.co.uk/gol/7499464/image.webp","Sainsbury's Kiwi Fruit x6",,"false","1.192","https://www.sainsburys.co.uk/gol-ui/product/sainsburys-kiwi-fruit-x6-7499464-p-44","kiwi","2026-04-10T18:14:28.876Z","sainsburys",,,
"Sainsbury's",,"https://assets.sainsburys-groceries.co.uk/gol/1116748/image.webp","Sainsbury's Ripe & Ready Kiwi x4",,"false","1.604","https://www.sainsburys.co.uk/gol-ui/product/sainsburys-ripe-ready-kiwi-x4","kiwi","2026-04-10T18:14:28.876Z","sainsburys",,,
"Sainsbury's",,"https://assets.sainsburys-groceries.co.uk/gol/8161569/image.webp","Sainsbury's Gold Kiwi, Taste the Difference",,"false","2.7569","https://www.sainsburys.co.uk/gol-ui/product/sainsburys-gold-kiwi-taste-the-difference","kiwi","2026-04-10T18:14:28.876Z","sainsburys",,,
"Sainsbury's",,"https://assets.sainsburys-groceries.co.uk/gol/420631/image.webp","Sainsbury's 4 x So Organic Kiwi",,"false","1.8045","https://www.sainsburys.co.uk/gol-ui/product/so-kiwi-organic-x4","kiwi","2026-04-10T18:14:28.876Z","sainsburys",,,
"Sainsbury's",,"https://assets.sainsburys-groceries.co.uk/gol/24/image.webp","Sainsbury's Large Kiwi Fruit Single",,"false","3.95","https://www.sainsburys.co.uk/gol-ui/product/sainsburys-large-kiwi-fruit-single","kiwi","2026-04-10T18:14:28.876Z","sainsburys",,,
"Pilgrims",,"https://assets.sainsburys-groceries.co.uk/gol/8025057/image.webp","Pilgrims Choice Grated Extra Mature Cheddar 180g",,"false","2.55","https://www.sainsburys.co.uk/gol-ui/product/pilgrims-choice-grated-extra-mature-180g","grated cheddar","2026-04-10T18:14:45.485Z","sainsburys","14.17","per kg","180g"
"Stamford",,"https://assets.sainsburys-groceries.co.uk/gol/7985404/image.webp","Stamford Street Co. Grated Cheddar 500g",,"false","2.99","https://www.sainsburys.co.uk/gol-ui/product/mary-anns-dairy-grated-cheddar-cheese-500g","grated cheddar","2026-04-10T18:14:45.485Z","sainsburys","5.98","per kg","500g"
"Sainsbury's",,"https://assets.sainsburys-groceries.co.uk/gol/1408713/image.webp","Sainsbury's British Mature Grated Cheddar Cheese 250g",,"false","2.7","https://www.sainsburys.co.uk/gol-ui/product/sainsburys-british-mature-grated-cheddar-250g","grated cheddar","2026-04-10T18:14:45.485Z","sainsburys","10.8","per kg","250g"
"Sainsbury's",,"https://assets.sainsburys-groceries.co.uk/gol/1225990/image.webp","Sainsbury's British Mature Cheddar Cheese Slices 240g",,"false","2.9","https://www.sainsburys.co.uk/gol-ui/product/sainsburys-british-mature-cheddar-slices-240g","grated cheddar","2026-04-10T18:14:45.485Z","sainsburys","12.08","per kg","240g"
"Sainsbury's",,"https://assets.sainsburys-groceries.co.uk/gol/7980929/image.webp","Sainsbury's Grated Four Cheese Mix 250g",,"false","2.7","https://www.sainsburys.co.uk/gol-ui/product/sainsburys-grated-four-cheese-mix-250g","grated cheddar","2026-04-10T18:14:45.485Z","sainsburys","10.8","per kg","250g"
"Jason's",,"https://assets.sainsburys-groceries.co.uk/gol/8127552/image.webp","Jason's Sourdough The Great White Bread 450g",,"false","2.2","https://www.sainsburys.co.uk/gol-ui/product/jasons-sourdough-the-great-white-450g","sourdough bread","2026-04-10T18:15:01.644Z","sainsburys","4.89","per kg","450g"
"Sainsbury's",,"https://assets.sainsburys-groceries.co.uk/gol/7972372/image.webp","Sainsbury's Seeded Sourdough Loaf Bread, Taste the Differenc...",,"false","2","https://www.sainsburys.co.uk/gol-ui/product/sainsburys-seeded-sourdough-loaf-taste-the-difference-400g","sourdough bread","2026-04-10T18:15:01.644Z","sainsburys","5","per kg",
"Jason's",,"https://assets.sainsburys-groceries.co.uk/gol/8127556/image.webp","Jason's Sourdough White Ciabattin Bread 580g",,"false","2.2","https://www.sainsburys.co.uk/gol-ui/product/jasons-sourdough-white-ciabattin-580g","sourdough bread","2026-04-10T18:15:01.644Z","sainsburys","3.79","per kg","580g"
"Sainsbury's",,"https://assets.sainsburys-groceries.co.uk/gol/7820324/image.webp","Sainsbury's Sourdough Medium Sliced White Bread, Taste the D...",,"false","2","https://www.sainsburys.co.uk/gol-ui/product/sainsburys-sourdough-bread--taste-the-difference-400g","sourdough bread","2026-04-10T18:15:01.644Z","sainsburys","5","per kg",
"Jason's",,"https://assets.sainsburys-groceries.co.uk/gol/8127550/image.webp","Jason's Sourdough Grains & Seeds Ciabatt Bread",,"false","2.2","https://www.sainsburys.co.uk/gol-ui/product/jasons-sourdough-grains-seeds-ciabatt","sourdough bread","2026-04-10T18:15:01.644Z","sainsburys","3.79","per kg",
"Pilgrims",,"https://assets.sainsburys-groceries.co.uk/gol/8024609/image.webp","Pilgrims Choice Extra Mature Cheddar Sliced 150g",,"false","2.55","https://www.sainsburys.co.uk/gol-ui/product/pilgrims-choice-extra-mature-slices-150g","cheese slices","2026-04-10T18:15:19.724Z","sainsburys","17","per kg","150g"
"Sainsbury's",,"https://assets.sainsburys-groceries.co.uk/gol/6338182/image.webp","Sainsbury's Gouda Cheese Slices 250g","Nectar Price","true","2.5","https://www.sainsburys.co.uk/gol-ui/product/sainsburys-gouda-slices-250g","cheese slices","2026-04-10T18:15:19.724Z","sainsburys","10","per kg","250g"
"Sainsbury's",,"https://assets.sainsburys-groceries.co.uk/gol/6338089/image.webp","Sainsbury's Edam Cheese Slices 250g","Nectar Price","true","2.5","https://www.sainsburys.co.uk/gol-ui/product/sainsburys-edam-slices-250g","cheese slices","2026-04-10T18:15:19.724Z","sainsburys","10","per kg","250g"
"Stamford",,"https://assets.sainsburys-groceries.co.uk/gol/7985404/image.webp","Stamford Street Co. Grated Cheddar 500g",,"false","2.99","https://www.sainsburys.co.uk/gol-ui/product/mary-anns-dairy-grated-cheddar-cheese-500g","cheese slices","2026-04-10T18:15:19.724Z","sainsburys","5.98","per kg","500g"
"Sainsbury's",,"https://assets.sainsburys-groceries.co.uk/gol/6032646/image.webp","Sainsbury's Grated Mozzarella Cheese 250g",,"false","2.7","https://www.sainsburys.co.uk/gol-ui/product/sainsburys-grated-mozzarella-250g","cheese slices","2026-04-10T18:15:19.724Z","sainsburys","10.8","per kg","250g"
"Rajah",,"https://assets.sainsburys-groceries.co.uk/gol/8098815/image.webp","Rajah 1kg Ground Spices Chilli Powder",,"false","5","https://www.sainsburys.co.uk/gol-ui/product/rajah-chilli-powder-1kg","red chillies","2026-04-10T18:15:37.202Z","sainsburys","5","per kg","1kg"
"Sainsbury's",,"https://assets.sainsburys-groceries.co.uk/gol/6516404/image.webp","Sainsbury's Red Chillies 65g",,"false","8.46","https://www.sainsburys.co.uk/gol-ui/product/sainsburys-red-chillies-65g","red chillies","2026-04-10T18:15:37.202Z","sainsburys","8.46","per kg","65g"
"Sainsbury's",,"https://assets.sainsburys-groceries.co.uk/gol/171915/image.webp","Sainsbury's Red Kidney Beans in Chilli Sauce 400g",,"false","1.1","https://www.sainsburys.co.uk/gol-ui/product/sainsburys-red-kidney-beans-in-chilli-sauce-420g","red chillies","2026-04-10T18:15:37.202Z","sainsburys","2.75","per kg","400g"
"Sainsbury's",,"https://assets.sainsburys-groceries.co.uk/gol/1038958/image.webp","Sainsbury's Bird Eye Chillies (Red or Green) 20g",,"false","35","https://www.sainsburys.co.uk/gol-ui/product/sainsburys-bird-eye-chillies-red-or-green-20g","red chillies","2026-04-10T18:15:37.202Z","sainsburys","35","per kg","20g"
"Tyrrells",,"https://assets.sainsburys-groceries.co.uk/gol/6655149/image.webp","Tyrrells Sweet Chilli & Red Pepper Sharing Crisps 150g",,"false","2.75","https://www.sainsburys.co.uk/gol-ui/product/tyrrells-sweet-chilli---red-pepper-crisps-150g","red chillies","2026-04-10T18:15:37.202Z","sainsburys","18.33","per kg","150g"
"Sainsbury's",,"https://assets.sainsburys-groceries.co.uk/gol/6621757/image.webp","Sainsbury's Conference Pears, Ripe & Ready x4","Nectar Price","true","1.95","https://www.sainsburys.co.uk/gol-ui/product/sainsburys-conference-pears-ripe-ready-x4","pears","2026-04-10T18:15:55.021Z","sainsburys",,,
"Sainsbury's",,"https://assets.sainsburys-groceries.co.uk/gol/117975/image.webp","Sainsbury's Conference Pears x4",,"false","1.604","https://www.sainsburys.co.uk/gol-ui/product/sainsburys-conference-pears-x4","pears","2026-04-10T18:15:55.021Z","sainsburys",,,
"Stamford",,"https://assets.sainsburys-groceries.co.uk/gol/7982664/image.webp","Stamford Street Co. Mini Pears 550g",,"false","1.8","https://www.sainsburys.co.uk/gol-ui/product/sainsburys-mini-pears","pears","2026-04-10T18:15:55.021Z","sainsburys","1.8","per kg","550g"
"Sainsbury's",,"https://assets.sainsburys-groceries.co.uk/gol/6620654/image.webp","Sainsbury's Conference Pear Single",,"false","3.95","https://www.sainsburys.co.uk/gol-ui/product/sainsburys-conference-pear-single","pears","2026-04-10T18:15:55.021Z","sainsburys",,,
"Sainsbury's",,"https://assets.sainsburys-groceries.co.uk/gol/7955226/image.webp","Sainsbury's Ripe & Ready Pears, So Organic",,"false","2.7569","https://www.sainsburys.co.uk/gol-ui/product/sainsburys-ripe-ready-pears-so-organic","pears","2026-04-10T18:15:55.021Z","sainsburys",,,
"Sainsbury's",,"https://assets.sainsburys-groceries.co.uk/gol/6027262/image.webp","Sainsbury's Ripe & Ready Plums x5","Nectar Price","true","2","https://www.sainsburys.co.uk/gol-ui/product/sainsburys-ripe-ready-plums-x5","plums","2026-04-10T18:16:12.698Z","sainsburys",,,
"Sainsbury's",,"https://assets.sainsburys-groceries.co.uk/gol/1035025/image.webp","Sainsbury's Plum Punnet 400g",,"false","1.4","https://www.sainsburys.co.uk/gol-ui/product/sainsburys-plum-punnet-400g","plums","2026-04-10T18:16:12.698Z","sainsburys","3.5","per kg","400g"
"Sainsbury's",,"https://assets.sainsburys-groceries.co.uk/gol/7488510/image.webp","Sainsbury's Family Plum Punnet 1kg",,"false","2.4","https://www.sainsburys.co.uk/gol-ui/product/sainsburys-family-plum-punnet-1kg","plums","2026-04-10T18:16:12.698Z","sainsburys","2.4","per kg","1kg"
"Sainsbury's",,"https://assets.sainsburys-groceries.co.uk/gol/8088466/image.webp","Sainsbury's Baby Plum Tomatoes 325g",,"false","1","https://www.sainsburys.co.uk/gol-ui/product/sainsburys-baby-plum-tomatoes-325g","plums","2026-04-10T18:16:12.698Z","sainsburys","3.08","per kg","325g"
"Sainsbury's",,"https://assets.sainsburys-groceries.co.uk/gol/1060782/image.webp","Sainsbury's Pomodorino Baby Plum Tomatoes, Taste the Differe...",,"false","1.9","https://www.sainsburys.co.uk/gol-ui/product/sainsburys-pomodorino-tomatoes--taste-the-difference-250g","plums","2026-04-10T18:16:12.698Z","sainsburys","7.6","per kg",
"Sainsbury's",,"https://assets.sainsburys-groceries.co.uk/gol/1192056/image.webp","Sainsbury's Courgettes Loose",,"false","2.78","https://www.sainsburys.co.uk/gol-ui/product/sainsburys-courgettes-loose","courgettes","2026-04-10T18:16:27.186Z","sainsburys","2.78","per kg",
"Sainsbury's",,"https://assets.sainsburys-groceries.co.uk/gol/1253665/image.webp","Sainsbury's Courgettes 500g",,"false","1.45","https://www.sainsburys.co.uk/gol-ui/product/sainsburys-courgettes-500g","courgettes","2026-04-10T18:16:27.186Z","sainsburys","2.9","per kg","500g"
"Sainsbury's",,"https://assets.sainsburys-groceries.co.uk/gol/1091922/image.webp","Sainsbury's Courgettes, SO Organic 300g",,"false","2.45","https://www.sainsburys.co.uk/gol-ui/product/sainsburys-courgettes--so-organic","courgettes","2026-04-10T18:16:27.186Z","sainsburys","8.17","per kg","300g"
"Sainsbury's",,"https://assets.sainsburys-groceries.co.uk/gol/1184648/image.webp","Sainsbury's Baby Courgettes 200g",,"false","1.9","https://www.sainsburys.co.uk/gol-ui/product/sainsburys-baby-courgettes-200g","courgettes","2026-04-10T18:16:27.186Z","sainsburys","9.5","per kg","200g"
"Sainsbury's",,"https://assets.sainsburys-groceries.co.uk/gol/7515593/image.webp","Sainsbury's Chargrilled Mediterranean Vegetables (Aubergine,...",,"false","2.75","https://www.sainsburys.co.uk/gol-ui/product/sainsburys-chargrilled-mediterranean-vegetables-aubergine-courgette-red-yellow-peppers-500g","courgettes","2026-04-10T18:16:27.186Z","sainsburys","5.5","per kg",
"Warburtons",,"https://assets.sainsburys-groceries.co.uk/gol/8259435/image.webp","Warburtons 800g Seven Seeds","Nectar Price","true","1.7","https://www.sainsburys.co.uk/gol-ui/product/warburtons-800g-seven-seeds","seeded bread","2026-04-10T18:16:44.327Z","sainsburys","2.13","per kg","800g"
"Hovis",,"https://assets.sainsburys-groceries.co.uk/gol/7583476/image.webp","Hovis Seed Sensations Seven Seeds Medium Sliced Seeded Bread...",,"false","2","https://www.sainsburys.co.uk/gol-ui/product/hovis-seed-sensations-7-seeds-bread-800g","seeded bread","2026-04-10T18:16:44.327Z","sainsburys","2.5","per kg",
"Sainsbury's",,"https://assets.sainsburys-groceries.co.uk/gol/1318180/image.webp","Sainsbury's Soft Multiseed Farmhouse Thick Sliced Wholemeal ...",,"false","1.6","https://www.sainsburys.co.uk/gol-ui/product/sainsburys-soft-multiseed-farmhouse-thick-sliced-wholemeal-bread-taste-the-difference-800g","seeded bread","2026-04-10T18:16:44.327Z","sainsburys","2","per kg",
"Warburtons",,"https://assets.sainsburys-groceries.co.uk/gol/3463505/image.webp","Warburtons Thick Sliced Seeded Bread 800g","Nectar Price","true","1.7","https://www.sainsburys.co.uk/gol-ui/product/warburtons-batch-bread--seeded--large-800g","seeded bread","2026-04-10T18:16:44.327Z","sainsburys","2.13","per kg","800g"
"Hovis",,"https://assets.sainsburys-groceries.co.uk/gol/7585546/image.webp","Hovis Seed Sensations Seven Seeds Medium Sliced Seeded Bread...",,"false","1.2","https://www.sainsburys.co.uk/gol-ui/product/hovis-seed-sensations-7-seeds-bread-400g","seeded bread","2026-04-10T18:16:44.327Z","sainsburys","3","per kg",
"Albert",,"https://assets.sainsburys-groceries.co.uk/gol/8257848/image.webp","Albert Bartlett 1.5kg White Rooster Potatoes, Limited Editio...",,"false","2","https://www.sainsburys.co.uk/gol-ui/product/albert-bartlett-white-rooster-pots-15kg","potatoes","2026-04-10T18:17:02.831Z","sainsburys","1.33","per kg","1.5kg"
"Sainsbury's",,"https://assets.sainsburys-groceries.co.uk/gol/1308228/image.webp","Sainsbury's Maris Piper Potatoes 2kg",,"false","1.809","https://www.sainsburys.co.uk/gol-ui/product/sainsburys-maris-piper-potatoes-25kg-1308228-p-44","potatoes","2026-04-10T18:17:02.831Z","sainsburys",,,"2kg"
"Sainsbury's",,"https://assets.sainsburys-groceries.co.uk/gol/6001313/image.webp","Sainsbury's White Potatoes 2kg",,"false","1.3266","https://www.sainsburys.co.uk/gol-ui/product/sainsburys-white-potatoes-25kg-6001313-p-44","potatoes","2026-04-10T18:17:02.831Z","sainsburys",,,"2kg"
"Sainsbury's",,"https://assets.sainsburys-groceries.co.uk/gol/536608/image.webp","Sainsbury's Baby Potatoes 1kg",,"false","1.05","https://www.sainsburys.co.uk/gol-ui/product/sainsburys-baby-potatoes-1kg","potatoes","2026-04-10T18:17:02.831Z","sainsburys","1.05","per kg","1kg"
"Sainsbury's",,"https://assets.sainsburys-groceries.co.uk/gol/8232096/image.webp","Sainsbury's Sweet Potatoes Loose",,"false","1.19","https://www.sainsburys.co.uk/gol-ui/product/sainsburys-sweet-potatoes-loose-8232096-p-44","potatoes","2026-04-10T18:17:02.831Z","sainsburys","1.19","per kg",
"Sainsbury's",,"https://assets.sainsburys-groceries.co.uk/gol/1127317/image.webp","Sainsbury's Baby Aubergines 200g",,"false","1.4","https://www.sainsburys.co.uk/gol-ui/product/sainsburys-baby-aubergines-200g","aubergine","2026-04-10T18:17:15.965Z","sainsburys","7","per kg","200g"
"Sainsbury's",,"https://assets.sainsburys-groceries.co.uk/gol/7515593/image.webp","Sainsbury's Chargrilled Mediterranean Vegetables (Aubergine,...",,"false","2.75","https://www.sainsburys.co.uk/gol-ui/product/sainsburys-chargrilled-mediterranean-vegetables-aubergine-courgette-red-yellow-peppers-500g","aubergine","2026-04-10T18:17:15.965Z","sainsburys","5.5","per kg",
"Sacla'",,"https://assets.sainsburys-groceries.co.uk/gol/8108467/image.webp","Sacla' Char-Grilled Aubergine Pesto 190g",,"false","3.35","https://www.sainsburys.co.uk/gol-ui/product/sacla-char-grilled-aubergine-roasted-garlic-pesto-190g","aubergine","2026-04-10T18:17:15.965Z","sainsburys","17.63","per kg","190g"
"Sainsbury's",,"https://assets.sainsburys-groceries.co.uk/gol/8165534/image.webp","Sainsbury's Aubergine Parmigiana Sauce, Taste the Difference...",,"false","3.25","https://www.sainsburys.co.uk/gol-ui/product/sainsburys-aubergine-parmigiana-sauce-taste-the-difference-350g","aubergine","2026-04-10T18:17:15.965Z","sainsburys","9.29","per kg",
"White",,"https://assets.sainsburys-groceries.co.uk/gol/8236135/image.webp","White Rabbit 250g Gluten Free Filled Aubergine Parmigiana Gi...","Nectar Price","true","3","https://www.sainsburys.co.uk/gol-ui/product/white-rabbit-filled-aubergine-parmigiana-girasoli-250g","aubergine","2026-04-10T18:17:15.965Z","sainsburys","12","per kg","250g"
"Warburtons",,"https://assets.sainsburys-groceries.co.uk/gol/8197410/image.webp","Warburtons Protein Soft Pittas x4","Nectar Price","true","1.4","https://www.sainsburys.co.uk/gol-ui/product/warburtons-protein-soft-pittas-x4","pitta bread","2026-04-10T18:17:30.892Z","sainsburys",,,
"Warburtons",,"https://assets.sainsburys-groceries.co.uk/gol/8148793/image.webp","Warburtons Wholemeal Soft Pittas x4","Nectar Price","true","1","https://www.sainsburys.co.uk/gol-ui/product/warburtons-wholemeal-soft-pittas-x4","pitta bread","2026-04-10T18:17:30.892Z","sainsburys",,,
"Crosta",,"https://assets.sainsburys-groceries.co.uk/gol/7910257/image.webp","Crosta & Mollica Piadina Golden Durum Wheat Italian Flatbrea...",,"false","2.1053","https://www.sainsburys.co.uk/gol-ui/product/crosta-mollica-piadina-golden-durum-wheat-italian-flatbreads-x4-300g","pitta bread","2026-04-10T18:17:30.892Z","sainsburys",,,
"Deli",,"https://assets.sainsburys-groceries.co.uk/gol/7966017/image.webp","Deli Kitchen Greek Style Flatbread x4 320g",,"false","1.9048","https://www.sainsburys.co.uk/gol-ui/product/deli-kitchen-greek-style-flatbread-x4-320g","pitta bread","2026-04-10T18:17:30.892Z","sainsburys",,,"320g"
"Warburtons",,"https://assets.sainsburys-groceries.co.uk/gol/8148790/image.webp","Warburtons White Soft Pittas x4",,"false","1.203","https://www.sainsburys.co.uk/gol-ui/product/warburtons-white-soft-pittas-x4","pitta bread","2026-04-10T18:17:30.892Z","sainsburys",,,
"Sainsbury's",,"https://assets.sainsburys-groceries.co.uk/gol/8232096/image.webp","Sainsbury's Sweet Potatoes Loose",,"false","1.19","https://www.sainsburys.co.uk/gol-ui/product/sainsburys-sweet-potatoes-loose-8232096-p-44","sweet potatoes","2026-04-10T18:17:46.273Z","sainsburys","1.19","per kg",
"Sainsbury's",,"https://assets.sainsburys-groceries.co.uk/gol/1191417/image.webp","Sainsbury's Sweet Potato 1.25kg",,"false","1.49","https://www.sainsburys.co.uk/gol-ui/product/sainsburys-sweet-potatoes-125kg","sweet potatoes","2026-04-10T18:17:46.273Z","sainsburys","1.19","per kg","1.25kg"
"Sainsbury's",,"https://assets.sainsburys-groceries.co.uk/gol/7821835/image.webp","Sainsbury's Sweet Potato Fries 500g",,"false","2.9","https://www.sainsburys.co.uk/gol-ui/product/sainsburys-sweet-potato-fries-500g","sweet potatoes","2026-04-10T18:17:46.273Z","sainsburys","5.8","per kg","500g"
"Sainsbury's",,"https://assets.sainsburys-groceries.co.uk/gol/1214383/image.webp","Sainsbury's Sweet Potato, SO Organic 750g",,"false","2.7","https://www.sainsburys.co.uk/gol-ui/product/sainsburys-sweet-potatoes--so-organic-750g","sweet potatoes","2026-04-10T18:17:46.273Z","sainsburys","3.6","per kg","750g"
"Strong",,"https://assets.sainsburys-groceries.co.uk/gol/7934004/image.webp","Strong Roots Oven Baked Sweet Potato 500g",,"false","3.65","https://www.sainsburys.co.uk/gol-ui/product/strong-roots-oven-baked-sweet-potato-500g","sweet potatoes","2026-04-10T18:17:46.273Z","sainsburys","7.3","per kg","500g"
"Sainsbury's",,"https://assets.sainsburys-groceries.co.uk/gol/1039382/image.webp","Sainsbury's Fine Green Beans 200g","Nectar Price","true","1.1","https://www.sainsburys.co.uk/gol-ui/product/sainsburys-fine-beans-200g","green beans","2026-04-10T18:18:00.260Z","sainsburys","5.5","per kg","200g"
"Sainsbury's",,"https://assets.sainsburys-groceries.co.uk/gol/312134/image.webp","Sainsbury's 200g Extra Fine Green Beans,Taste the Difference",,"false","1.55","https://www.sainsburys.co.uk/gol-ui/product/sainsburys-extra-fine-beans-200g","green beans","2026-04-10T18:18:00.260Z","sainsburys","7.75","per kg","200g"
"Sainsbury's",,"https://assets.sainsburys-groceries.co.uk/gol/1043396/image.webp","Sainsbury's Green Beans 300g",,"false","1.16","https://www.sainsburys.co.uk/gol-ui/product/sainsburys-dwarf-beans-300g","green beans","2026-04-10T18:18:00.260Z","sainsburys","3.87","per kg","300g"
"Sainsbury's",,"https://assets.sainsburys-groceries.co.uk/gol/8064106/image.webp","Sainsbury's Whole Green Beans 900g",,"false","1.07","https://www.sainsburys.co.uk/gol-ui/product/sainsburys-whole-green-beans-900g","green beans","2026-04-10T18:18:00.260Z","sainsburys","1.19","per kg","900g"
"Sainsbury's",,"https://assets.sainsburys-groceries.co.uk/gol/1043365/image.webp","Sainsbury's Runner Beans 225g",,"false","1.8","https://www.sainsburys.co.uk/gol-ui/product/sainsburys-runner-beans-225g","green beans","2026-04-10T18:18:00.260Z","sainsburys","8","per kg","225g"
"Sharwood's",,"https://assets.sainsburys-groceries.co.uk/gol/8080189/image.webp","Sharwood's Garlic & Coriander Naan Breads x2","Nectar Price","true","1.65","https://www.sainsburys.co.uk/gol-ui/product/sharwoods-garlic-coriander-naans-x2","naan bread","2026-04-10T18:18:15.980Z","sainsburys","6.35","per kg",
"Sainsbury's",,"https://assets.sainsburys-groceries.co.uk/gol/7684925/image.webp","Sainsbury's Garlic & Coriander Naan x2 260g",,"false","2.65","https://www.sainsburys.co.uk/gol-ui/product/sainsburys-garlic---coriander-naan-x2-260g","naan bread","2026-04-10T18:18:15.980Z","sainsburys","2.65","per kg","260g"
"Sainsbury's",,"https://assets.sainsburys-groceries.co.uk/gol/7684928/image.webp","Sainsbury's Plain Naan x 2 260g",,"false","2.65","https://www.sainsburys.co.uk/gol-ui/product/sainsburys-plain-naan-x-2-260g","naan bread","2026-04-10T18:18:15.980Z","sainsburys","2.65","per kg","260g"
"Sainsbury's",,"https://assets.sainsburys-groceries.co.uk/gol/7684903/image.webp","Sainsbury's Mini Plain Naan x4 188g",,"false","1","https://www.sainsburys.co.uk/gol-ui/product/sainsburys-mini-plain-naan-x4-188g","naan bread","2026-04-10T18:18:15.980Z","sainsburys","5.32","per kg","188g"
"Sainsbury's",,"https://assets.sainsburys-groceries.co.uk/gol/7684923/image.webp","Sainsbury's Garlic & Coriander Mini Naan x4 188g",,"false","1","https://www.sainsburys.co.uk/gol-ui/product/sainsburys-garlic---coriander-mini-naan-x4-188g","naan bread","2026-04-10T18:18:15.980Z","sainsburys","5.32","per kg","188g"
"Sainsbury's",,"https://assets.sainsburys-groceries.co.uk/gol/536608/image.webp","Sainsbury's Baby Potatoes 1kg",,"false","1.05","https://www.sainsburys.co.uk/gol-ui/product/sainsburys-baby-potatoes-1kg","baby potatoes","2026-04-10T18:18:38.368Z","sainsburys","1.05","per kg","1kg"
"Sainsbury's",,"https://assets.sainsburys-groceries.co.uk/gol/1019209/image.webp","Sainsbury's Baby Potatoes with Herbs & Butter 385g","Buy 3 get cheapest 1 free with NectarArrow right","true","1.2","https://www.sainsburys.co.uk/gol-ui/product/sainsburys-ready-prepared-baby-potatoes-with-seasoned-butter-385g","baby potatoes","2026-04-10T18:18:38.369Z","sainsburys","3.12","per kg","385g"
"Root",,"https://assets.sainsburys-groceries.co.uk/gol/8210280/image.webp","Root Zero Baby Potatoes 750g",,"false","1.4","https://www.sainsburys.co.uk/gol-ui/product/root-zero-baby-potatoes-750g","baby potatoes","2026-04-10T18:18:38.369Z","sainsburys","1.87","per kg","750g"
"Sainsbury's",,"https://assets.sainsburys-groceries.co.uk/gol/6461504/image.webp","Sainsbury's Peeled New Potatoes In Water 300g (195g*)",,"false","4.1","https://www.sainsburys.co.uk/gol-ui/product/sainsburys-peeled-new-potatoes-in-water-300g","baby potatoes","2026-04-10T18:18:38.369Z","sainsburys","4.1","per kg","300g"
"Sainsbury's",,"https://assets.sainsburys-groceries.co.uk/gol/76395/image.webp","Sainsbury's Peeled New Potatoes In Water 560g (360g*)",,"false","1.1","https://www.sainsburys.co.uk/gol-ui/product/sainsburys-peeled-new-potatoes-in-water-560g","baby potatoes","2026-04-10T18:18:38.369Z","sainsburys","3.19","per kg","560g"
"Old",,"https://assets.sainsburys-groceries.co.uk/gol/3802854/image.webp","Old El Paso Mexican Regular Soft Flour Tortilla Wraps x8 326...","Nectar Price","true","1.4","https://www.sainsburys.co.uk/gol-ui/product/old-el-paso-flour-tortillas-326g","wraps tortilla","2026-04-10T18:18:54.064Z","sainsburys","4.29","per kg",
"Old",,"https://assets.sainsburys-groceries.co.uk/gol/6373675/image.webp","Old El Paso Mexican Large Soft Flour Tortilla Wraps x6 350g","Nectar Price","true","1.4","https://www.sainsburys.co.uk/gol-ui/product/old-el-paso-tortilla-wraps-350g","wraps tortilla","2026-04-10T18:18:54.064Z","sainsburys","4","per kg","350g"
"Old",,"https://assets.sainsburys-groceries.co.uk/gol/7702685/image.webp","Old El Paso Mexican Regular Soft Whole Wheat Tortilla Wraps ...","Nectar Price","true","1.6","https://www.sainsburys.co.uk/gol-ui/product/old-el-paso-wholewheat-tortillas-360g","wraps tortilla","2026-04-10T18:18:54.064Z","sainsburys","4.91","per kg",
"Sainsbury's",,"https://assets.sainsburys-groceries.co.uk/gol/7522490/image.webp","Sainsbury's Plain Tortilla Wraps x8 496g",,"false","1.4018","https://www.sainsburys.co.uk/gol-ui/product/sainsburys-plain-tortilla-wraps-x8","wraps tortilla","2026-04-10T18:18:54.064Z","sainsburys",,,"496g"
"Sainsbury's",,"https://assets.sainsburys-groceries.co.uk/gol/7520523/image.webp","Sainsbury's Wholemeal Tortilla Wraps x8 512g",,"false","1.4018","https://www.sainsburys.co.uk/gol-ui/product/sainsburys-wholemeal-tortilla-x8-10","wraps tortilla","2026-04-10T18:18:54.064Z","sainsburys",,,"512g"
"Sainsbury's",,"https://assets.sainsburys-groceries.co.uk/gol/172684/image.webp","Sainsbury's Asparagus Spears",,"false","2.25","https://www.sainsburys.co.uk/gol-ui/product/sainsburys-asparagus-spears-250g","asparagus","2026-04-10T18:19:16.553Z","sainsburys","9","per kg",
"Saisbury's",,"https://assets.sainsburys-groceries.co.uk/gol/1048742/image.webp","Saisbury's Asparagus Tips 100g",,"false","1.7","https://www.sainsburys.co.uk/gol-ui/product/sainsburys-asparagus-tips-100g","asparagus","2026-04-10T18:19:16.553Z","sainsburys","17","per kg","100g"
"Sainsbury's",,"https://assets.sainsburys-groceries.co.uk/gol/7665209/image.webp","Sainsbury's Asparagus, Sugar Snaps & Tenderstem Broccoli 200...",,"false","2.4","https://www.sainsburys.co.uk/gol-ui/product/sainsburys-green-vegetable-medley-200g","asparagus","2026-04-10T18:19:16.553Z","sainsburys","12","per kg",
"Sainsbury's",,"https://assets.sainsburys-groceries.co.uk/gol/7689821/image.webp","Sainsbury's Asparagus Fine 100g",,"false","1.75","https://www.sainsburys.co.uk/gol-ui/product/sainsburys-asparagus-fine-100g","asparagus","2026-04-10T18:19:16.553Z","sainsburys","17.5","per kg","100g"
"Sainsbury's",,"https://assets.sainsburys-groceries.co.uk/gol/7779512/image.webp","Sainsbury's Minted Tenderstem Broccoli & Asparagus 260g","Buy 3 get cheapest 1 free with NectarArrow right","true","2.8","https://www.sainsburys.co.uk/gol-ui/product/sainsburys-minted-tenderstem---asparagus-260g","asparagus","2026-04-10T18:19:16.553Z","sainsburys","10.77","per kg","260g"
"Sainsbury's",,"https://assets.sainsburys-groceries.co.uk/gol/1307122/image.webp","Sainsbury's Sweetcorn Cobettes x4",,"false","1.2932","https://www.sainsburys.co.uk/gol-ui/product/sainsburys-sweetcorn-cobettes-x4","sweetcorn","2026-04-10T18:19:17.975Z","sainsburys",,,
"Sainsbury's",,"https://assets.sainsburys-groceries.co.uk/gol/1043433/image.webp","Sainsbury's Babycorn 175g",,"false","2","https://www.sainsburys.co.uk/gol-ui/product/sainsburys-babycorn-175g","sweetcorn","2026-04-10T18:19:17.975Z","sainsburys","11.43","per kg","175g"
"Sainsbury's",,"https://assets.sainsburys-groceries.co.uk/gol/550031/image.webp","Sainsbury's Naturally Sweet Sweetcorn In Water 198g (157g*)",,"false","2.97","https://www.sainsburys.co.uk/gol-ui/product/sainsburys-naturally-sweet-sweetcorn-in-water-198g","sweetcorn","2026-04-10T18:19:17.975Z","sainsburys","2.97","per kg","198g"
"Sainsbury's",,"https://assets.sainsburys-groceries.co.uk/gol/1298741/image.webp","Sainsbury's Sweetcorn 3x198g (157g*)",,"false","1.45","https://www.sainsburys.co.uk/gol-ui/product/sainsburys-sweetcorn-3x198g","sweetcorn","2026-04-10T18:19:17.975Z","sainsburys","2.93","per kg","3x198g"
"Sainsbury's",,"https://assets.sainsburys-groceries.co.uk/gol/519847/image.webp","Sainsbury's Sweetcorn, Super Sweet 1kg",,"false","1.85","https://www.sainsburys.co.uk/gol-ui/product/sainsburys-sweetcorn--super-sweet-1kg","sweetcorn","2026-04-10T18:19:17.975Z","sainsburys","1.85","per kg","1kg"
"Warburtons",,"https://assets.sainsburys-groceries.co.uk/gol/7725760/image.webp","Warburtons Crumpets x9",,"false","1.1513","https://www.sainsburys.co.uk/gol-ui/product/warburtons-crumpets-x9","crumpets","2026-04-10T18:19:32.637Z","sainsburys",,,
"Warburtons",,"https://assets.sainsburys-groceries.co.uk/gol/8162626/image.webp","Warburtons Crumpet Thins x8","Nectar Price","true","1","https://www.sainsburys.co.uk/gol-ui/product/warburtons-crumpet-thins-x8","crumpets","2026-04-10T18:19:32.637Z","sainsburys",,,
"Sainsbury's",,"https://assets.sainsburys-groceries.co.uk/gol/7939343/image.webp","Sainsbury's Luxury Sourdough Crumpets, Taste the Difference ...",,"false","1.3022","https://www.sainsburys.co.uk/gol-ui/product/sainsburys-luxury-sourdough-crumpets-taste-the-difference-x6","crumpets","2026-04-10T18:19:32.637Z","sainsburys",,,
"Genius",,"https://assets.sainsburys-groceries.co.uk/gol/7653122/image.webp","Genius 4 x Gluten Free Crumpets","Nectar Price","true","1.85","https://www.sainsburys.co.uk/gol-ui/product/genius-crumpets-220g","crumpets","2026-04-10T18:19:32.637Z","sainsburys",,,
"Warburtons",,"https://assets.sainsburys-groceries.co.uk/gol/7797241/image.webp","Warburtons Gluten Free Crumpets x4",,"false","2.7569","https://www.sainsburys.co.uk/gol-ui/product/warburtons-newburn-bakehouse-crumpets-280g","crumpets","2026-04-10T18:19:32.637Z","sainsburys",,,
"Sainsbury's",,"https://assets.sainsburys-groceries.co.uk/gol/8117540/image.webp","Sainsbury's Celery Sticks 250g",,"false","3.6","https://www.sainsburys.co.uk/gol-ui/product/sainsburys-celery-sticks-250g","celery","2026-04-10T18:19:44.988Z","sainsburys","3.6","per kg","250g"
"Sainsbury's",,"https://assets.sainsburys-groceries.co.uk/gol/1131963/image.webp","Sainsbury's Celery, SO Organic",,"false","1.3","https://www.sainsburys.co.uk/gol-ui/product/sainsburys-celery--so-organic-400g","celery","2026-04-10T18:19:44.988Z","sainsburys","1.3","per ea",
"All",,"https://assets.sainsburys-groceries.co.uk/gol/8252322/image.webp","All Things 240g Mixed Berries Cottage Cheese","Nectar Price","true","1.75","https://www.sainsburys.co.uk/gol-ui/product/all-things-240g-mixed-berries-cottage-cheese","cottage cheese","2026-04-10T18:20:04.516Z","sainsburys","7.29","per kg","240g"
"All",,"https://assets.sainsburys-groceries.co.uk/gol/8252320/image.webp","All Things 240g Mango Cottage Cheese","Nectar Price","true","1.75","https://www.sainsburys.co.uk/gol-ui/product/all-things-240g-mango-cottage-cheese","cottage cheese","2026-04-10T18:20:04.516Z","sainsburys","7.29","per kg","240g"
"All",,"https://assets.sainsburys-groceries.co.uk/gol/8252324/image.webp","All Things 240g Natural Cottage Cheese",,"false","1.85","https://www.sainsburys.co.uk/gol-ui/product/all-things-240g-natural-cottage-cheese","cottage cheese","2026-04-10T18:20:04.516Z","sainsburys","7.71","per kg","240g"
"Graham's",,"https://assets.sainsburys-groceries.co.uk/gol/8242433/image.webp","Graham's the Family Dairy Low Fat Cottage Cheese 300g",,"false","1.65","https://www.sainsburys.co.uk/gol-ui/product/grahams-the-family-dairy-low-fat-cottage-cheese-300g","cottage cheese","2026-04-10T18:20:04.516Z","sainsburys","5.5","per kg","300g"
"Graham's",,"https://assets.sainsburys-groceries.co.uk/gol/8242435/image.webp","Graham's the Family Dairy Cottage Cheese Natural 300g",,"false","1.65","https://www.sainsburys.co.uk/gol-ui/product/grahams-the-family-dairy-cottage-cheese-natural-300g","cottage cheese","2026-04-10T18:20:04.516Z","sainsburys","5.5","per kg","300g"
"Clarence",,"https://assets.sainsburys-groceries.co.uk/gol/8056425/image.webp","Clarence Court Mabel Pearmans's Burford Brown Medium Free Ra...",,"false","3.2053","https://www.sainsburys.co.uk/gol-ui/product/clarence-court-mabel-pearmanss-burford-brown-medium-free-range-eggs-x6","free range eggs","2026-04-10T18:20:22.300Z","sainsburys",,,
"Clarence",,"https://assets.sainsburys-groceries.co.uk/gol/7984249/image.webp","Clarence Court Mabel Pearmans's Burford Browns Large Free Ra...","Nectar Price","true","3.1","https://www.sainsburys.co.uk/gol-ui/product/clarence-court-mabel-pearmanss-burford-browns-large-free-range-eggs-x6","free range eggs","2026-04-10T18:20:22.300Z","sainsburys",,,
"St.",,"https://assets.sainsburys-groceries.co.uk/gol/8239764/image.webp","St. Ewe Rich Yolk Free Range Eggs x10","Nectar Price","true","3.85","https://www.sainsburys.co.uk/gol-ui/product/st-ewe-rich-yolk-free-range-eggs-x10","free range eggs","2026-04-10T18:20:22.300Z","sainsburys",,,
"Sainsbury's",,"https://assets.sainsburys-groceries.co.uk/gol/8186900/image.webp","Sainsbury's Free Range Golden Yolk Eggs, Taste the Differenc...",,"false","4.7039","https://www.sainsburys.co.uk/gol-ui/product/sainsburys-free-range-golden-yolk-eggs-taste-the-difference-x12","free range eggs","2026-04-10T18:20:22.300Z","sainsburys",,,
"Sainsbury's",,"https://assets.sainsburys-groceries.co.uk/gol/8195428/image.webp","Sainsbury's Golden Yolk Free Range British Eggs, Taste the D...",,"false","2.7546","https://www.sainsburys.co.uk/gol-ui/product/sainsburys-free-range-white-golden-yolk-egg-taste-the-difference-x6","free range eggs","2026-04-10T18:20:22.300Z","sainsburys",,,
"Sainsbury's",,"https://assets.sainsburys-groceries.co.uk/gol/6468901/image.webp","Sainsbury's British Free Range Eggs Medium x12",,"false","2.8524","https://www.sainsburys.co.uk/gol-ui/product/sainsburys-free-range-woodland-medium-eggs-x12","medium eggs","2026-04-10T18:20:38.471Z","sainsburys",,,
"Sainsbury's",,"https://assets.sainsburys-groceries.co.uk/gol/6334096/image.webp","Sainsbury's British Free Range Eggs Medium x6",,"false","1.803","https://www.sainsburys.co.uk/gol-ui/product/sainsburys-free-range-woodland-medium-eggs-x6","medium eggs","2026-04-10T18:20:38.471Z","sainsburys",,,
"Sainsbury's",,"https://assets.sainsburys-groceries.co.uk/gol/8008635/image.webp","Sainsbury's Free Range British Eggs Medium x15",,"false","3.5023","https://www.sainsburys.co.uk/gol-ui/product/sainsburys-free-range-eggs-medium-x15","medium eggs","2026-04-10T18:20:38.471Z","sainsburys",,,
"Clarence",,"https://assets.sainsburys-groceries.co.uk/gol/8056425/image.webp","Clarence Court Mabel Pearmans's Burford Brown Medium Free Ra...",,"false","3.2053","https://www.sainsburys.co.uk/gol-ui/product/clarence-court-mabel-pearmanss-burford-brown-medium-free-range-eggs-x6","medium eggs","2026-04-10T18:20:38.471Z","sainsburys",,,
"Sainsbury's",,"https://assets.sainsburys-groceries.co.uk/gol/6379768/image.webp","Sainsbury's Woodland Free Range Medium Eggs, SO Organic x6",,"false","2.8548","https://www.sainsburys.co.uk/gol-ui/product/sainsburys-free-range-woodland-medium-eggs--so-organic-x6","medium eggs","2026-04-10T18:20:38.471Z","sainsburys",,,
"Sainsbury's",,"https://assets.sainsburys-groceries.co.uk/gol/6918898/image.webp","Sainsbury's Woodland Free Range Mixed Weight Eggs, SO Organi...",,"false","4.854","https://www.sainsburys.co.uk/gol-ui/product/sainsburys-free-range-woodland-mixed-sizes-eggs--so-organic-x12","organic eggs","2026-04-10T18:20:56.684Z","sainsburys",,,
"Sainsbury's",,"https://assets.sainsburys-groceries.co.uk/gol/6379768/image.webp","Sainsbury's Woodland Free Range Medium Eggs, SO Organic x6",,"false","2.8548","https://www.sainsburys.co.uk/gol-ui/product/sainsburys-free-range-woodland-medium-eggs--so-organic-x6","organic eggs","2026-04-10T18:20:56.684Z","sainsburys",,,
"Sainsbury's",,"https://assets.sainsburys-groceries.co.uk/gol/6379763/image.webp","Sainsbury's Woodland Free Range Large Eggs, SO Organic x6",,"false","2.9549","https://www.sainsburys.co.uk/gol-ui/product/sainsburys-free-range-woodland-large-eggs--so-organic-x6","organic eggs","2026-04-10T18:20:56.684Z","sainsburys",,,
"Purely",,"https://assets.sainsburys-groceries.co.uk/gol/8008511/image.webp","Purely Organic Free Range Eggs x10 540g",,"false","5.2052","https://www.sainsburys.co.uk/gol-ui/product/purely-orangic-mixed-weight-eggs-x10","organic eggs","2026-04-10T18:20:56.684Z","sainsburys",,,"540g"
"Stonegate",,"https://assets.sainsburys-groceries.co.uk/gol/8135959/image.webp","Stonegate Estate Organic Eggs Large x6",,"false","4.0067","https://www.sainsburys.co.uk/gol-ui/product/stonegate-estate-fine-organic-eggs-large-x6","organic eggs","2026-04-10T18:20:56.684Z","sainsburys",,,
"Danone",,"https://assets.sainsburys-groceries.co.uk/gol/8225824/image.webp","Danone Natural Skyr Icelandic Style Yoghurt 480g",,"false","2.4","https://www.sainsburys.co.uk/gol-ui/product/danone-natural-skyr-icelandic-style-yoghurt-480g","greek yoghurt","2026-04-10T18:21:13.560Z","sainsburys","5","per kg","480g"
"Danone",,"https://assets.sainsburys-groceries.co.uk/gol/8225822/image.webp","Danone Natural Skyr Icelandic Style Yoghurt 800g","Nectar Price","true","2.75","https://www.sainsburys.co.uk/gol-ui/product/danone-natural-skyr-icelandic-style-yoghurt-800g","greek yoghurt","2026-04-10T18:21:13.560Z","sainsburys","3.44","per kg","800g"
"Sainsbury's",,"https://assets.sainsburys-groceries.co.uk/gol/7858800/image.webp","Sainsbury's Authentic Greek Yogurt, Taste the Difference 500...",,"false","2.35","https://www.sainsburys.co.uk/gol-ui/product/sainsburys-greek-yogurt--taste-the-difference-500g","greek yoghurt","2026-04-10T18:21:13.560Z","sainsburys","4.7","per kg",
"Sainsbury's",,"https://assets.sainsburys-groceries.co.uk/gol/7858768/image.webp","Sainsbury's Authentic Fat Free Greek Yogurt, Taste the Diffe...",,"false","2.35","https://www.sainsburys.co.uk/gol-ui/product/sainsburys-authentic-fat-free-greek-yogurt-taste-the-difference-500g","greek yoghurt","2026-04-10T18:21:13.560Z","sainsburys","4.7","per kg",
"Sainsbury's",,"https://assets.sainsburys-groceries.co.uk/gol/7852995/image.webp","Sainsbury's Greek Style Natural Yogurt 1kg",,"false","1.95","https://www.sainsburys.co.uk/gol-ui/product/sainsburys-greek-style-natural-yogurt-1kg","greek yoghurt","2026-04-10T18:21:13.560Z","sainsburys","1.95","per kg","1kg"
"Biotiful",,"https://assets.sainsburys-groceries.co.uk/gol/8240254/image.webp","Biotiful Gut Health Kefir Natural Yogurt Original 1kg","Nectar Price","true","3.5","https://www.sainsburys.co.uk/gol-ui/product/biotiful-gut-health-kefir-natural-yogurt-original-1kg","natural yoghurt","2026-04-10T18:21:31.782Z","sainsburys","3.5","per kg","1kg"
"Danone",,"https://assets.sainsburys-groceries.co.uk/gol/8225824/image.webp","Danone Natural Skyr Icelandic Style Yoghurt 480g",,"false","2.4","https://www.sainsburys.co.uk/gol-ui/product/danone-natural-skyr-icelandic-style-yoghurt-480g","natural yoghurt","2026-04-10T18:21:31.782Z","sainsburys","5","per kg","480g"
"Danone",,"https://assets.sainsburys-groceries.co.uk/gol/8225822/image.webp","Danone Natural Skyr Icelandic Style Yoghurt 800g","Nectar Price","true","2.75","https://www.sainsburys.co.uk/gol-ui/product/danone-natural-skyr-icelandic-style-yoghurt-800g","natural yoghurt","2026-04-10T18:21:31.782Z","sainsburys","3.44","per kg","800g"
"Sainsbury's",,"https://assets.sainsburys-groceries.co.uk/gol/7858800/image.webp","Sainsbury's Authentic Greek Yogurt, Taste the Difference 500...",,"false","2.35","https://www.sainsburys.co.uk/gol-ui/product/sainsburys-greek-yogurt--taste-the-difference-500g","natural yoghurt","2026-04-10T18:21:31.782Z","sainsburys","4.7","per kg",
"Sainsbury's",,"https://assets.sainsburys-groceries.co.uk/gol/7858768/image.webp","Sainsbury's Authentic Fat Free Greek Yogurt, Taste the Diffe...",,"false","2.35","https://www.sainsburys.co.uk/gol-ui/product/sainsburys-authentic-fat-free-greek-yogurt-taste-the-difference-500g","natural yoghurt","2026-04-10T18:21:31.782Z","sainsburys","4.7","per kg",
"Lindahls",,"https://assets.sainsburys-groceries.co.uk/gol/8081852/image.webp","Lindahls 150g Protein + Immunity Lemon Flavour Yoghurt","Buy any 4 for £3.00 with NectarArrow right","true","1.4","https://www.sainsburys.co.uk/gol-ui/product/lindahls-pro-kvarg-lemon-cheesecake-quark-150g","flavoured yoghurt","2026-04-10T18:21:50.058Z","sainsburys","9.33","per kg","150g"
"Biotiful",,"https://assets.sainsburys-groceries.co.uk/gol/7851171/image.webp","Biotiful Gut Health Kefir Milk Drink Cherry 500ml","Nectar Price","true","1.75","https://www.sainsburys.co.uk/gol-ui/product/bio-tiful-dairy-cherry-kefir-500ml","flavoured yoghurt","2026-04-10T18:21:50.058Z","sainsburys","5.2","per ltr","500ml"
"Biotiful",,"https://assets.sainsburys-groceries.co.uk/gol/8126798/image.webp","Biotiful Gut Health Kefir Milk Drink Strawberry 1L",,"false","3.5","https://www.sainsburys.co.uk/gol-ui/product/biotiful-gut-health-kefir-drink-strawberry-1l","flavoured yoghurt","2026-04-10T18:21:50.058Z","sainsburys","3.5","per ltr","1L"
"Smarties",,"https://assets.sainsburys-groceries.co.uk/gol/7525577/image.webp","Smarties Vanilla Flavour Yogurt with Mini Smarties 4x107g",,"false","2.85","https://www.sainsburys.co.uk/gol-ui/product/smarties-split-pot-vanilla-4x120g","flavoured yoghurt","2026-04-10T18:21:50.058Z","sainsburys","6.66","per kg","4x107g"
"Biotiful",,"https://assets.sainsburys-groceries.co.uk/gol/8047234/image.webp","Biotiful Gut Health Kefir Milk Drink Mango 500ml","Nectar Price","true","1.75","https://www.sainsburys.co.uk/gol-ui/product/biotiful-kefir-mango-500ml","flavoured yoghurt","2026-04-10T18:21:50.058Z","sainsburys","5.2","per ltr","500ml"
"Danone",,"https://assets.sainsburys-groceries.co.uk/gol/8225824/image.webp","Danone Natural Skyr Icelandic Style Yoghurt 480g",,"false","2.4","https://www.sainsburys.co.uk/gol-ui/product/danone-natural-skyr-icelandic-style-yoghurt-480g","skyr yoghurt","2026-04-10T18:22:06.292Z","sainsburys","5","per kg","480g"
"Danone",,"https://assets.sainsburys-groceries.co.uk/gol/8225822/image.webp","Danone Natural Skyr Icelandic Style Yoghurt 800g","Nectar Price","true","2.75","https://www.sainsburys.co.uk/gol-ui/product/danone-natural-skyr-icelandic-style-yoghurt-800g","skyr yoghurt","2026-04-10T18:22:06.292Z","sainsburys","3.44","per kg","800g"
"Danone",,"https://assets.sainsburys-groceries.co.uk/gol/8226014/image.webp","Danone Strawberry Skyr Icelandic Style Yoghurt 270g",,"false","1.5","https://www.sainsburys.co.uk/gol-ui/product/danone-strawberry-skyr-icelandic-style-yoghurt-270g","skyr yoghurt","2026-04-10T18:22:06.292Z","sainsburys","5.56","per ltr","270g"
"Arla",,"https://assets.sainsburys-groceries.co.uk/gol/7749467/image.webp","Arla Skyr Natural Icelandic Style Yogurt 450g",,"false","2.5","https://www.sainsburys.co.uk/gol-ui/product/arla-skyr-natural-450g","skyr yoghurt","2026-04-10T18:22:06.292Z","sainsburys","5.56","per kg","450g"
"Arla",,"https://assets.sainsburys-groceries.co.uk/gol/7749475/image.webp","Arla Skyr Strawberry Icelandic Style Yogurt 450g",,"false","2.5","https://www.sainsburys.co.uk/gol-ui/product/arla-skyr-strawberry-450g","skyr yoghurt","2026-04-10T18:22:06.292Z","sainsburys","5.56","per kg","450g"
"Sainsbury's",,"https://assets.sainsburys-groceries.co.uk/gol/6615192/image.webp","Sainsbury's Double Cream 600ml",,"false","3","https://www.sainsburys.co.uk/gol-ui/product/sainsburys-double-cream-600ml","double cream","2026-04-10T18:22:18.374Z","sainsburys","5","per ltr","600ml"
"Sainsbury's",,"https://assets.sainsburys-groceries.co.uk/gol/6615203/image.webp","Sainsbury's British Extra Thick Double Fresh Cream 300ml",,"false","2","https://www.sainsburys.co.uk/gol-ui/product/sainsburys-extra-thick-double-cream-300ml","double cream","2026-04-10T18:22:18.374Z","sainsburys","6.67","per ltr","300ml"
"Sainsbury's",,"https://assets.sainsburys-groceries.co.uk/gol/6615186/image.webp","Sainsbury's Double Cream 300ml",,"false","1.7","https://www.sainsburys.co.uk/gol-ui/product/sainsburys-double-cream-300ml","double cream","2026-04-10T18:22:18.374Z","sainsburys","5.67","per ltr","300ml"
"Sainsbury's",,"https://assets.sainsburys-groceries.co.uk/gol/6615183/image.webp","Sainsbury's British Double Cream 150ml",,"false","1.2","https://www.sainsburys.co.uk/gol-ui/product/sainsburys-double-cream-150ml","double cream","2026-04-10T18:22:18.374Z","sainsburys","8","per ltr","150ml"
"Elmlea",,"https://assets.sainsburys-groceries.co.uk/gol/2242576/image.webp","Elmlea Double Alternative to Cream 270ml",,"false","1.75","https://www.sainsburys.co.uk/gol-ui/product/elmlea-double-cream-substitute-284ml","double cream","2026-04-10T18:22:18.374Z","sainsburys","6.48","per ltr","270ml"
"Sainsbury's",,"https://assets.sainsburys-groceries.co.uk/gol/6615175/image.webp","Sainsbury's British Single Cream 300ml",,"false","1.35","https://www.sainsburys.co.uk/gol-ui/product/sainsburys-single-cream-300ml","single cream","2026-04-10T18:22:32.195Z","sainsburys","4.5","per ltr","300ml"
"Sainsbury's",,"https://assets.sainsburys-groceries.co.uk/gol/6615172/image.webp","Sainsbury's British Single Cream 150ml",,"false","6.33","https://www.sainsburys.co.uk/gol-ui/product/sainsburys-single-cream-150ml","single cream","2026-04-10T18:22:32.195Z","sainsburys","6.33","per ltr","150ml"
"Elmlea",,"https://assets.sainsburys-groceries.co.uk/gol/2004495/image.webp","Elmlea Single Alternative To Cream 270ml",,"false","1.5","https://www.sainsburys.co.uk/gol-ui/product/elmlea-single-cream-substitute-284ml","single cream","2026-04-10T18:22:32.195Z","sainsburys","5.56","per ltr","270ml"
"Sainsbury's",,"https://assets.sainsburys-groceries.co.uk/gol/6615181/image.webp","Sainsbury's British Single Fresh Cream 600ml",,"false","2.25","https://www.sainsburys.co.uk/gol-ui/product/sainsburys-single-cream-600ml","single cream","2026-04-10T18:22:32.196Z","sainsburys","3.75","per ltr","600ml"
"Oatly",,"https://assets.sainsburys-groceries.co.uk/gol/8056749/image.webp","Oatly Creamy Oat Single Cream Chilled 250ml",,"false","1.25","https://www.sainsburys.co.uk/gol-ui/product/oatly-creamy-oat-single-cream-chilled-250ml","single cream","2026-04-10T18:22:32.196Z","sainsburys","5","per ltr","250ml"
"Sainsbury's",,"https://assets.sainsburys-groceries.co.uk/gol/6615221/image.webp","Sainsbury's Soured Cream 300ml",,"false","3.3","https://www.sainsburys.co.uk/gol-ui/product/sainsburys-soured-cream-300ml","sour cream","2026-04-10T18:22:49.733Z","sainsburys","3.3","per ltr","300ml"
"Sainsbury's",,"https://assets.sainsburys-groceries.co.uk/gol/6615217/image.webp","Sainsbury's Fresh Soured Cream 150ml",,"false","5.67","https://www.sainsburys.co.uk/gol-ui/product/sainsburys-soured-cream-150ml","sour cream","2026-04-10T18:22:49.733Z","sainsburys","5.67","per ltr","150ml"
"Pringles",,"https://assets.sainsburys-groceries.co.uk/gol/8205471/image.webp","Pringles 165g Sour Cream & Onion Sharing Crisps","Nectar Price","true","1.75","https://www.sainsburys.co.uk/gol-ui/product/pringles-165g-sour-cream-onion-sharing-crisps","sour cream","2026-04-10T18:22:49.733Z","sainsburys","10.61","per kg","165g"
"Popchips",,"https://assets.sainsburys-groceries.co.uk/gol/8053104/image.webp","Popchips Sour Cream & Onion Multipack Crisps 5pk",,"false","2.25","https://www.sainsburys.co.uk/gol-ui/product/popchips-sour-cream-onion-multipack-crisps-pack-x5","sour cream","2026-04-10T18:22:49.733Z","sainsburys","26.47","per kg","5pk"
"Penn",,"https://assets.sainsburys-groceries.co.uk/gol/6330619/image.webp","Penn State Sour Cream & Chives Sharing Pretzels 175g",,"false","1.65","https://www.sainsburys.co.uk/gol-ui/product/penn-state-sour-cream---chives-pretzels-175g","sour cream","2026-04-10T18:22:49.733Z","sainsburys","9.43","per kg","175g"
"Sainsbury's",,"https://assets.sainsburys-groceries.co.uk/gol/6820695/image.webp","Sainsbury's British Lighter Crème Fraîche 300ml",,"false","2.83","https://www.sainsburys.co.uk/gol-ui/product/sainsburys-british-half-fat-creme-fraiche-300ml","creme fraiche","2026-04-10T18:23:11.506Z","sainsburys","2.83","per ltr","300ml"
"Sainsbury's",,"https://assets.sainsburys-groceries.co.uk/gol/6820644/image.webp","Sainsbury's British Crème Fraîche 300ml",,"false","1.05","https://www.sainsburys.co.uk/gol-ui/product/sainsburys-british-creme-fraiche-300ml","creme fraiche","2026-04-10T18:23:11.506Z","sainsburys","3.5","per ltr","300ml"
"Yeo",,"https://assets.sainsburys-groceries.co.uk/gol/7623537/image.webp","Yeo Valley Organic Half Fat Crème Fraiche 200g",,"false","1.6","https://www.sainsburys.co.uk/gol-ui/product/yeo-valley-organic-creme-fraiche-200g","creme fraiche","2026-04-10T18:23:11.506Z","sainsburys","8","per kg","200g"
"Sainsbury's",,"https://assets.sainsburys-groceries.co.uk/gol/8176368/image.webp","Sainsbury's Petits Pois & Creme Fraiche Soup, Taste the Diff...",,"false","1.8","https://www.sainsburys.co.uk/gol-ui/product/sainsburys-petits-pois-creme-fraiche-soup-taste-the-difference-400g","creme fraiche","2026-04-10T18:23:11.506Z","sainsburys","4.5","per kg",
"Sainsbury's",,"https://assets.sainsburys-groceries.co.uk/gol/8145548/image.webp","Sainsbury's Hot Smoked Salmon with Lemon & Dill Creme Fraich...",,"false","4.5","https://www.sainsburys.co.uk/gol-ui/product/sainsburys-hot-smoked-salmon-lemon-sandwich-taste-the-difference","creme fraiche","2026-04-10T18:23:11.506Z","sainsburys","4.5","per ea",
"Sainsbury's",,"https://assets.sainsburys-groceries.co.uk/gol/7852451/image.webp","Sainsbury's Just Cook Hunters Chicken Breasts 430g","Nectar Price","true","4.5","https://www.sainsburys.co.uk/gol-ui/product/sainsburys-hunters-style-chicken-breast-435g","chicken breast","2026-04-10T18:23:29.466Z","sainsburys","10.47","per kg","430g"
"Sainsbury's",,"https://assets.sainsburys-groceries.co.uk/gol/8054447/image.webp","Sainsbury's Cajun British Chicken Breast Grills 330g","Nectar Price","true","3.75","https://www.sainsburys.co.uk/gol-ui/product/sainsburys-summer-edition-cajun-chicken-breast-grills-330g","chicken breast","2026-04-10T18:23:29.466Z","sainsburys","11.37","per kg","330g"
"Sainsbury's",,"https://assets.sainsburys-groceries.co.uk/gol/7977681/image.webp","Sainsbury's 320g British Fresh Skinless & Boneless Chicken B...",,"false","2.34","https://www.sainsburys.co.uk/gol-ui/product/sainsburys-chicken-breast-fillets-300g","chicken breast","2026-04-10T18:23:29.466Z","sainsburys","7.31","per kg","320g"
"Sainsbury's",,"https://assets.sainsburys-groceries.co.uk/gol/7870766/image.webp","Sainsbury's 1kg British Fresh Skinless & Boneless Chicken Br...",,"false","6.49","https://www.sainsburys.co.uk/gol-ui/product/sainsburys-chicken-fillets-1kg","chicken breast","2026-04-10T18:23:29.466Z","sainsburys","6.49","per kg","1kg"
"Sainsbury's",,"https://assets.sainsburys-groceries.co.uk/gol/7874927/image.webp","Sainsbury's 640g British Fresh Skinless & Boneless Chicken B...",,"false","4.42","https://www.sainsburys.co.uk/gol-ui/product/sainsburys-whole-chicken-breast-fillets-640g","chicken breast","2026-04-10T18:23:29.466Z","sainsburys","6.91","per kg","640g"
"LEON",,"https://assets.sainsburys-groceries.co.uk/gol/8240860/image.webp","LEON Chicken Thigh Burgers 460g","Nectar Price","true","4.25","https://www.sainsburys.co.uk/gol-ui/product/leon-chicken-thigh-burgers-460g","chicken thighs","2026-04-10T18:23:45.522Z","sainsburys","9.24","per kg","460g"
"Sainsbury's",,"https://assets.sainsburys-groceries.co.uk/gol/8050455/image.webp","Sainsbury's 2kg British Fresh Chicken Skin on Thighs",,"false","5.75","https://www.sainsburys.co.uk/gol-ui/product/sainsburys-british-fresh-chicken-thighs-2kg","chicken thighs","2026-04-10T18:23:45.522Z","sainsburys","2.88","per kg","2kg"
"Sainsbury's",,"https://assets.sainsburys-groceries.co.uk/gol/7906265/image.webp","Sainsbury's Sweet Chilli Chicken Thighs 900g","Nectar Price","true","4","https://www.sainsburys.co.uk/gol-ui/product/sainsburys-summer-edition-sweet-chilli-chicken-thighs-900g","chicken thighs","2026-04-10T18:23:45.522Z","sainsburys","4.44","per kg","900g"
"Sainsbury's",,"https://assets.sainsburys-groceries.co.uk/gol/7874865/image.webp","Sainsbury's 640g British Fresh Skinless & Boneless Chicken T...",,"false","5.95","https://www.sainsburys.co.uk/gol-ui/product/sainsburys-chicken-thigh-fillets-640g","chicken thighs","2026-04-10T18:23:45.522Z","sainsburys","9.3","per kg","640g"
"Sainsbury's",,"https://assets.sainsburys-groceries.co.uk/gol/7877998/image.webp","Sainsbury's 1kg British Fresh Chicken Skin on Thighs",,"false","2.99","https://www.sainsburys.co.uk/gol-ui/product/sainsburys-chicken-thighs-1kg","chicken thighs","2026-04-10T18:23:45.522Z","sainsburys","2.99","per kg","1kg"
"Sainsbury's",,"https://assets.sainsburys-groceries.co.uk/gol/7875193/image.webp","Sainsbury's 1.6kg British Fresh Medium Whole Chicken","Nectar Price","true","3.57","https://www.sainsburys.co.uk/gol-ui/product/sainsburys-whole-chicken-16kg","whole chicken","2026-04-10T18:24:01.277Z","sainsburys","2.23","per kg","1.6kg"
"Sainsbury's",,"https://assets.sainsburys-groceries.co.uk/gol/8206054/image.webp","Sainsbury's 1.45kg Rotisserie Style Whole Chicken",,"false","7","https://www.sainsburys.co.uk/gol-ui/product/sainsburys-roast-in-the-bag-rostisserie-british-whole-fresh-chicken-with-a-sweet-sticky-marinade-14kg","whole chicken","2026-04-10T18:24:01.277Z","sainsburys","4.83","per kg","1.45kg"
"Sainsbury's",,"https://assets.sainsburys-groceries.co.uk/gol/7873697/image.webp","Sainsbury's Roast Whole Cooked British Chicken 894g - 1112g","Nectar Price","true","5.5","https://www.sainsburys.co.uk/gol-ui/product/sainsburys-roast-whole-cooked-chicken-approx-1kg-","whole chicken","2026-04-10T18:24:01.277Z","sainsburys","5.48","per kg","894g"
"Sainsbury's",,"https://assets.sainsburys-groceries.co.uk/gol/558075/image.webp","Sainsbury's 1.45kg Roast in the Bag Pork, Sage & Onion Stuff...","Nectar Price","true","5.5","https://www.sainsburys.co.uk/gol-ui/product/sainsburys-british-whole-chicken-with-sage---onion-stuffing-145kg","whole chicken","2026-04-10T18:24:01.277Z","sainsburys","3.93","per kg","1.45kg"
"Sainsbury's",,"https://assets.sainsburys-groceries.co.uk/gol/8206698/image.webp","Sainsbury's British Small Whole Chicken",,"false","3.29","https://www.sainsburys.co.uk/gol-ui/product/sainsburys-british-fresh-smal-whole-chicken-approx-12kg-","whole chicken","2026-04-10T18:24:01.277Z","sainsburys","2.74","per kg",
"Sainsbury's",,"https://assets.sainsburys-groceries.co.uk/gol/7874865/image.webp","Sainsbury's 640g British Fresh Skinless & Boneless Chicken T...",,"false","5.95","https://www.sainsburys.co.uk/gol-ui/product/sainsburys-chicken-thigh-fillets-640g","chicken drumsticks","2026-04-10T18:24:19.679Z","sainsburys","9.3","per kg","640g"
"Sainsbury's",,"https://assets.sainsburys-groceries.co.uk/gol/7877998/image.webp","Sainsbury's 1kg British Fresh Chicken Skin on Thighs",,"false","2.99","https://www.sainsburys.co.uk/gol-ui/product/sainsburys-chicken-thighs-1kg","chicken drumsticks","2026-04-10T18:24:19.679Z","sainsburys","2.99","per kg","1kg"
"Sainsbury's",,"https://assets.sainsburys-groceries.co.uk/gol/8051628/image.webp","Sainsbury's 1kg British Chicken Thigh Fillets",,"false","6.95","https://www.sainsburys.co.uk/gol-ui/product/sainsburys-british-chicken-thigh-fillet-1kg","chicken drumsticks","2026-04-10T18:24:19.679Z","sainsburys","6.95","per kg","1kg"
"Sainsbury's",,"https://assets.sainsburys-groceries.co.uk/gol/8050455/image.webp","Sainsbury's 2kg British Fresh Chicken Skin on Thighs",,"false","5.75","https://www.sainsburys.co.uk/gol-ui/product/sainsburys-british-fresh-chicken-thighs-2kg","chicken drumsticks","2026-04-10T18:24:19.679Z","sainsburys","2.88","per kg","2kg"
"Sainsbury's",,"https://assets.sainsburys-groceries.co.uk/gol/7977376/image.webp","Sainsbury's 1kg British Fresh Skin on Chicken Legs",,"false","2.25","https://www.sainsburys.co.uk/gol-ui/product/sainsburys-chicken-leg-pack-1kg","chicken drumsticks","2026-04-10T18:24:19.679Z","sainsburys","2.25","per kg","1kg"
"Sainsbury's",,"https://assets.sainsburys-groceries.co.uk/gol/7874865/image.webp","Sainsbury's 640g British Fresh Skinless & Boneless Chicken T...",,"false","5.95","https://www.sainsburys.co.uk/gol-ui/product/sainsburys-chicken-thigh-fillets-640g","chicken wings","2026-04-10T18:24:29.091Z","sainsburys","9.3","per kg","640g"
"Sainsbury's",,"https://assets.sainsburys-groceries.co.uk/gol/7877998/image.webp","Sainsbury's 1kg British Fresh Chicken Skin on Thighs",,"false","2.99","https://www.sainsburys.co.uk/gol-ui/product/sainsburys-chicken-thighs-1kg","chicken wings","2026-04-10T18:24:29.091Z","sainsburys","2.99","per kg","1kg"
"Sainsbury's",,"https://assets.sainsburys-groceries.co.uk/gol/8051628/image.webp","Sainsbury's 1kg British Chicken Thigh Fillets",,"false","6.95","https://www.sainsburys.co.uk/gol-ui/product/sainsburys-british-chicken-thigh-fillet-1kg","chicken wings","2026-04-10T18:24:29.091Z","sainsburys","6.95","per kg","1kg"
"Sainsbury's",,"https://assets.sainsburys-groceries.co.uk/gol/8050455/image.webp","Sainsbury's 2kg British Fresh Chicken Skin on Thighs",,"false","5.75","https://www.sainsburys.co.uk/gol-ui/product/sainsburys-british-fresh-chicken-thighs-2kg","chicken wings","2026-04-10T18:24:29.091Z","sainsburys","2.88","per kg","2kg"
"Sainsbury's",,"https://assets.sainsburys-groceries.co.uk/gol/7977376/image.webp","Sainsbury's 1kg British Fresh Skin on Chicken Legs",,"false","2.25","https://www.sainsburys.co.uk/gol-ui/product/sainsburys-chicken-leg-pack-1kg","chicken wings","2026-04-10T18:24:29.091Z","sainsburys","2.25","per kg","1kg"
"Sainsbury's",,"https://assets.sainsburys-groceries.co.uk/gol/7542971/image.webp","Sainsbury's British or Irish 5% Fat Beef Mince 500g",,"false","5.19","https://www.sainsburys.co.uk/gol-ui/product/sainsburys-beef-mince-5-fat-500g","beef mince","2026-04-10T18:24:46.294Z","sainsburys","10.38","per kg","500g"
"Sainsbury's",,"https://assets.sainsburys-groceries.co.uk/gol/7865288/image.webp","Sainsbury's British or Irish 5% Fat Beef Mince 250g",,"false","2.69","https://www.sainsburys.co.uk/gol-ui/product/sainsburys-beef-mince-5-fat-250g","beef mince","2026-04-10T18:24:46.294Z","sainsburys","10.76","per kg","250g"
"Sainsbury's",,"https://assets.sainsburys-groceries.co.uk/gol/7715235/image.webp","Sainsbury's British or Irish 20% Fat Beef Mince 500g",,"false","3.25","https://www.sainsburys.co.uk/gol-ui/product/sainsburys-beef-mince-20-fat-500g-7715235-p-44","beef mince","2026-04-10T18:24:46.294Z","sainsburys","6.5","per kg","500g"
"Sainsbury's",,"https://assets.sainsburys-groceries.co.uk/gol/7865307/image.webp","Sainsbury's British or Irish 5% Fat Beef Mince 750g",,"false","7.15","https://www.sainsburys.co.uk/gol-ui/product/sainsburys-beef-mince-5-fat-750g","beef mince","2026-04-10T18:24:46.294Z","sainsburys","9.53","per kg","750g"
"Sainsbury's",,"https://assets.sainsburys-groceries.co.uk/gol/8030556/image.webp","Sainsbury's British or Irish Beef Mince 1kg",,"false","9.25","https://www.sainsburys.co.uk/gol-ui/product/sainsburys-british-beef-mince-1kg","beef mince","2026-04-10T18:24:46.294Z","sainsburys","9.25","per kg","1kg"
"Sainsbury's",,"https://assets.sainsburys-groceries.co.uk/gol/7975431/image.webp","Sainsbury's British Beef Mince 5% Fat , Taste the Difference...",,"false","6.25","https://www.sainsburys.co.uk/gol-ui/product/sainsburys-taste-the-difference-british-5-fat-beef-mince","lean beef mince","2026-04-10T18:25:09.167Z","sainsburys","12.5","per kg",
"Sainsbury's",,"https://assets.sainsburys-groceries.co.uk/gol/7865345/image.webp","Sainsbury's Organic British Beef Mince 5% Fat 500g",,"false","9.25","https://www.sainsburys.co.uk/gol-ui/product/sainsburys-5-fat-british-beef-mince-so-organic-500g","lean beef mince","2026-04-10T18:25:09.167Z","sainsburys","18.5","per kg","500g"
"Sainsbury's",,"https://assets.sainsburys-groceries.co.uk/gol/7809846/image.webp","Sainsbury's 30 Days Matured British Beef Sirloin Steak, Tast...","Nectar Price","true","7","https://www.sainsburys.co.uk/gol-ui/product/sainsburys-sirloin-steak--taste-the-difference-225g-7809846-p-44","sirloin steak","2026-04-10T18:25:15.258Z","sainsburys","31.11","per kg",
"Sainsbury's",,"https://assets.sainsburys-groceries.co.uk/gol/7738243/image.webp","Sainsbury's British or Irish 21 Day Matured Sirloin Steak 22...",,"false","6.5","https://www.sainsburys.co.uk/gol-ui/product/sainsburys-sirloin-steak-225g","sirloin steak","2026-04-10T18:25:15.258Z","sainsburys","28.89","per kg",
"Sainsbury's",,"https://assets.sainsburys-groceries.co.uk/gol/7915809/image.webp","Sainsbury's British or Irish 21 Day Matured Thin Cut Sirloin...",,"false","4.75","https://www.sainsburys.co.uk/gol-ui/product/sainsburys-21-day-matured-thin-cut-sirloin-steak-155g","sirloin steak","2026-04-10T18:25:15.258Z","sainsburys","30.65","per kg",
"Sainsbury's",,"https://assets.sainsburys-groceries.co.uk/gol/7915785/image.webp","Sainsbury's 30 Days Matured British Beef Thin Cut Sirloin St...",,"false","5.5","https://www.sainsburys.co.uk/gol-ui/product/sainsburys-30-day-matured-thin-cut-sirloin-steak-taste-the-difference-155g","sirloin steak","2026-04-10T18:25:15.258Z","sainsburys","35.48","per kg",
"Sainsbury's",,"https://assets.sainsburys-groceries.co.uk/gol/8030524/image.webp","Sainsbury's 30 Days Matured British Beef Thick Cut Sirloin S...",,"false","13.25","https://www.sainsburys.co.uk/gol-ui/product/sainsburys-thick-cut-sirloin-taste-the-difference-400g","sirloin steak","2026-04-10T18:25:15.258Z","sainsburys","33.13","per kg",
"Sainsbury's",,"https://assets.sainsburys-groceries.co.uk/gol/7809977/image.webp","Sainsbury's 30 Days Matured British Beef Ribeye Steak, Taste...","Nectar Price","true","9.25","https://www.sainsburys.co.uk/gol-ui/product/sainsburys-taste-the-difference-30-day-ribeye-steak-285g","ribeye steak","2026-04-10T18:25:33.565Z","sainsburys","32.45","per kg",
"Sainsbury's",,"https://assets.sainsburys-groceries.co.uk/gol/7915721/image.webp","Sainsbury's British or Irish 21 Day Matured Ribeye Steak 225...",,"false","6.75","https://www.sainsburys.co.uk/gol-ui/product/sainsburys-21-day-matured-ribeye-steak-225g","ribeye steak","2026-04-10T18:25:33.565Z","sainsburys","30","per kg",
"Sainsbury's",,"https://assets.sainsburys-groceries.co.uk/gol/8008472/image.webp","Sainsbury's 30 Days Matured British Beef Thick Cut Ribeye St...",,"false","14","https://www.sainsburys.co.uk/gol-ui/product/sainsburys-thick-cut-ribeye-taste-the-difference-400g","ribeye steak","2026-04-10T18:25:33.565Z","sainsburys","35","per kg",
"Sainsbury's",,"https://assets.sainsburys-groceries.co.uk/gol/7915774/image.webp","Sainsbury's 30 Days Matured British Beef Ribeye Steak, So Or...",,"false","9.25","https://www.sainsburys.co.uk/gol-ui/product/sainsburys-30-day-matured-ribeye-steak-so-organic-225g","ribeye steak","2026-04-10T18:25:33.565Z","sainsburys","41.11","per kg",
"Sainsbury's",,"https://assets.sainsburys-groceries.co.uk/gol/8235970/image.webp","Sainsbury's Discovery 360g 35 Day Salt Dry Aged Thick Cut Ab...",,"false","15","https://www.sainsburys.co.uk/gol-ui/product/sainsburys-thick-cut-aberdeen-angus-ribeye-taste-the-difference-360g","ribeye steak","2026-04-10T18:25:33.565Z","sainsburys","41.67","per kg","360g"
"Sainsbury's",,"https://assets.sainsburys-groceries.co.uk/gol/8046639/image.webp","Sainsbury's British or Irish Extra Lean Casserole Steak 500g",,"false","6.25","https://www.sainsburys.co.uk/gol-ui/product/sainsburys-british-extra-lean-casserole-steak-500g","beef stewing steak","2026-04-10T18:25:34.465Z","sainsburys","12.5","per kg","500g"
"Sainsbury's",,"https://assets.sainsburys-groceries.co.uk/gol/8029090/image.webp","Sainsbury's Steak Casserole & Dumplings, Taste the Differenc...",,"false","4.85","https://www.sainsburys.co.uk/gol-ui/product/sainsburys-beef-casserole-dumplings-taste-the-difference-400g","beef stewing steak","2026-04-10T18:25:34.465Z","sainsburys","12.13","per kg",
"Sainsbury's",,"https://assets.sainsburys-groceries.co.uk/gol/8029082/image.webp","Sainsbury's Steak Casserole & Dumplings, Taste the Differenc...","Nectar Price","true","6.75","https://www.sainsburys.co.uk/gol-ui/product/sainsburys-beef-chianti-red-wine-stew-taste-the-difference-800g","beef stewing steak","2026-04-10T18:25:34.465Z","sainsburys","8.44","per kg",
"Stamford",,"https://assets.sainsburys-groceries.co.uk/gol/8232750/image.webp","Stamford Street Co. Corned Beef Slices 100g","Nectar Price","true","1.3","https://www.sainsburys.co.uk/gol-ui/product/stamford-street-co-corned-beef-100g","beef stewing steak","2026-04-10T18:25:34.465Z","sainsburys","13","per kg","100g"
"Sainsbury's",,"https://assets.sainsburys-groceries.co.uk/gol/8166220/image.webp","Sainsburys Quick Cook Extra Thin British or Irish Beef 200g","Nectar Price","true","2.75","https://www.sainsburys.co.uk/gol-ui/product/sainsburys-ultra-thin-beef-200g","beef stewing steak","2026-04-10T18:25:34.465Z","sainsburys","13.75","per kg","200g"
"Sainsbury's",,"https://assets.sainsburys-groceries.co.uk/gol/7824675/image.webp","Sainsbury's British or New Zealand 10% Fat Lamb Mince 500g","Nectar Price","true","7.25","https://www.sainsburys.co.uk/gol-ui/product/sainsburys-lamb-mince-10-fat-500g","lamb mince","2026-04-10T18:25:47.984Z","sainsburys","14.5","per kg","500g"
"Sainsbury's",,"https://assets.sainsburys-groceries.co.uk/gol/1308693/image.webp","Sainsbury's British or New Zealand 20% Fat Lamb Mince 500g",,"false","7","https://www.sainsburys.co.uk/gol-ui/product/sainsburys-lamb-mince-500g","lamb mince","2026-04-10T18:25:47.984Z","sainsburys","14","per kg","500g"
"Sainsbury's",,"https://assets.sainsburys-groceries.co.uk/gol/6857778/image.webp","Sainsbury's British or New Zealand 20% Fat Lamb Mince 250g",,"false","4.25","https://www.sainsburys.co.uk/gol-ui/product/sainsburys-lamb-mince-250g","lamb mince","2026-04-10T18:25:47.984Z","sainsburys","17","per kg","250g"
"Sainsbury's",,"https://assets.sainsburys-groceries.co.uk/gol/7916570/image.webp","Sainsbury's 20% Fat British Lamb Mince, SO Organic 400g",,"false","6.25","https://www.sainsburys.co.uk/gol-ui/product/sainsburys-lamb-mince-so-organic-400g","lamb mince","2026-04-10T18:25:47.984Z","sainsburys","15.63","per kg","400g"
"Sainsbury's",,"https://assets.sainsburys-groceries.co.uk/gol/8054469/image.webp","Sainsbury's 6 x Lamb Kofta Shish Kebabs 360g","Nectar Price","true","4.25","https://www.sainsburys.co.uk/gol-ui/product/sainsburys-lamb-kofta-shish-kebabs-x6-360g","lamb mince","2026-04-10T18:25:47.984Z","sainsburys","11.8","per kg","360g"
"Sainsbury's",,"https://assets.sainsburys-groceries.co.uk/gol/7881988/image.webp","Sainsbury's Welsh Hill Lamb Cutlets, Taste the Difference x4...",,"false","7.05","https://www.sainsburys.co.uk/gol-ui/product/sainsburys-welsh-hill-lamb-cutlets--taste-the-difference-x4-265g","lamb chops","2026-04-10T18:26:02.471Z","sainsburys","26.6","per kg",
"Sainsbury's",,"https://assets.sainsburys-groceries.co.uk/gol/7881956/image.webp","Sainsbury's Welsh Hill Lamb Rump Steaks, Taste the Differenc...",,"false","7.35","https://www.sainsburys.co.uk/gol-ui/product/sainsburys-welsh-hill-lamb-rump-steaks--taste-the-difference-x2-300g","lamb chops","2026-04-10T18:26:02.471Z","sainsburys","24.5","per kg",
"Sainsbury's",,"https://assets.sainsburys-groceries.co.uk/gol/7916464/image.webp","Sainsbury's British or New Zealand Lamb Chops 340g",,"false","6.75","https://www.sainsburys.co.uk/gol-ui/product/sainsburys-lamb-chops-340g","lamb chops","2026-04-10T18:26:02.471Z","sainsburys","19.85","per kg","340g"
"Sainsbury's",,"https://assets.sainsburys-groceries.co.uk/gol/7916482/image.webp","Sainsbury's British or New Zealand Lamb Chops 170g",,"false","3.25","https://www.sainsburys.co.uk/gol-ui/product/sainsburys-lamb-chops-170g","lamb chops","2026-04-10T18:26:02.471Z","sainsburys","19.12","per kg","170g"
"Sainsbury's",,"https://assets.sainsburys-groceries.co.uk/gol/7717156/image.webp","Sainsbury's So Organic British Lamb Chops, approx 325g",,"false","7.15","https://www.sainsburys.co.uk/gol-ui/product/sainsburys-lamb-chops-so-organic-approx-340g-","lamb chops","2026-04-10T18:26:02.471Z","sainsburys","22","per kg","325g"
"Sainsbury's",,"https://assets.sainsburys-groceries.co.uk/gol/1011302/image.webp","Sainsbury's British Pork Mince 5% Fat 500g",,"false","2.55","https://www.sainsburys.co.uk/gol-ui/product/sainsburys-extra-lean-british-pork-mince--be-good-to-yourself-500g","pork mince","2026-04-10T18:26:19.975Z","sainsburys","5.1","per kg","500g"
"Sainsbury's",,"https://assets.sainsburys-groceries.co.uk/gol/7586458/image.webp","Sainsbury's British Pork Mince 10% Fat 500g",,"false","2.5","https://www.sainsburys.co.uk/gol-ui/product/sainsburys-british-lean-pork-mince-500g","pork mince","2026-04-10T18:26:19.975Z","sainsburys","5","per kg","500g"
"Sainsbury's",,"https://assets.sainsburys-groceries.co.uk/gol/8103593/image.webp","Sainsbury's British 10% Fat Pork Mince 750g",,"false","3.7","https://www.sainsburys.co.uk/gol-ui/product/sainsburys-british-10-fat-pork-mince-750g","pork mince","2026-04-10T18:26:19.975Z","sainsburys","4.93","per kg","750g"
"Sainsbury's",,"https://assets.sainsburys-groceries.co.uk/gol/7916164/image.webp","Sainsbury's British Pork Mince 20% Fat 500g",,"false","2.45","https://www.sainsburys.co.uk/gol-ui/product/sainsburys-british-pork-mince-20-fat-500g","pork mince","2026-04-10T18:26:19.975Z","sainsburys","4.9","per kg","500g"
"Sainsbury's",,"https://assets.sainsburys-groceries.co.uk/gol/7970839/image.webp","Sainsbury's 5% Fat Outdoor Bred British Pork Mince, Taste th...",,"false","4.5","https://www.sainsburys.co.uk/gol-ui/product/sainsburys-5-fat-outdoor-bred-british-pork-mince-taste-the-difference","pork mince","2026-04-10T18:26:19.975Z","sainsburys","9","per kg",
"Sainsbury's",,"https://assets.sainsburys-groceries.co.uk/gol/550031/image.webp","Sainsbury's Naturally Sweet Sweetcorn In Water 198g (157g*)",,"false","2.97","https://www.sainsburys.co.uk/gol-ui/product/sainsburys-naturally-sweet-sweetcorn-in-water-198g","tinned sweetcorn","2026-04-10T18:26:34.561Z","sainsburys","2.97","per kg","198g"
"Sainsbury's",,"https://assets.sainsburys-groceries.co.uk/gol/1298741/image.webp","Sainsbury's Sweetcorn 3x198g (157g*)",,"false","1.45","https://www.sainsburys.co.uk/gol-ui/product/sainsburys-sweetcorn-3x198g","tinned sweetcorn","2026-04-10T18:26:34.561Z","sainsburys","2.93","per kg","3x198g"
"Sainsbury's",,"https://assets.sainsburys-groceries.co.uk/gol/345576/image.webp","Sainsbury's Naturally Sweet Sweetcorn in Water 325g (260g*)",,"false","2.22","https://www.sainsburys.co.uk/gol-ui/product/sainsburys-naturally-sweet-sweetcorn-in-water-325g","tinned sweetcorn","2026-04-10T18:26:34.561Z","sainsburys","2.22","per kg","325g"
"Sainsbury's",,"https://assets.sainsburys-groceries.co.uk/gol/6388823/image.webp","Sainsbury's Naturally Sweet Sweetcorn, SO Organic 150g (140g...",,"false","5.71","https://www.sainsburys.co.uk/gol-ui/product/sainsburys-naturally-sweet-sweetcorn--so-organic-150g","tinned sweetcorn","2026-04-10T18:26:34.561Z","sainsburys","5.71","per kg","150g"
"Green",,"https://assets.sainsburys-groceries.co.uk/gol/7547152/image.webp","Green Giant Salt Free Sweet Corn 4x198g (4x165g*)","Nectar Price","true","3","https://www.sainsburys.co.uk/gol-ui/product/green-giant-sweetcorn--no-added-salt-4x198g","tinned sweetcorn","2026-04-10T18:26:34.561Z","sainsburys","4.54","per kg","4x198g"
"Heinz",,"https://assets.sainsburys-groceries.co.uk/gol/3277492/image.webp","Heinz Cream of Tomato Soup 400g","Buy any 5 for £5.00 with NectarArrow right","true","1.7","https://www.sainsburys.co.uk/gol-ui/product/heinz-cream-of-tomato-soup-400g","tinned soup","2026-04-10T18:26:53.333Z","sainsburys","4.25","per kg","400g"
"Heinz",,"https://assets.sainsburys-groceries.co.uk/gol/3277942/image.webp","Heinz Chicken & Vegetable Chunky Big Soup 400g","Buy any 3 for £5.00 with NectarArrow right","true","2.2","https://www.sainsburys.co.uk/gol-ui/product/heinz-big-soup--chicken---vegetable-400g","tinned soup","2026-04-10T18:26:53.333Z","sainsburys","5.5","per kg","400g"
"Heinz",,"https://assets.sainsburys-groceries.co.uk/gol/3320471/image.webp","Heinz Cream of Tomato Soup x4 400g",,"false","3.75","https://www.sainsburys.co.uk/gol-ui/product/heinz-cream-of-tomato-soup-x4-400g","tinned soup","2026-04-10T18:26:53.333Z","sainsburys","2.34","per kg","400g"
"Sainsbury's",,"https://assets.sainsburys-groceries.co.uk/gol/7575390/image.webp","Sainsbury's Cream Of Tomato Soup 400g",,"false","1.48","https://www.sainsburys.co.uk/gol-ui/product/sainsburys-cream-of-tomato-soup-400g","tinned soup","2026-04-10T18:26:53.333Z","sainsburys","1.48","per kg","400g"
"Sainsbury's",,"https://assets.sainsburys-groceries.co.uk/gol/7575400/image.webp","Sainsbury's Cream Of Chicken Soup 400g",,"false","1.48","https://www.sainsburys.co.uk/gol-ui/product/sainsburys-cream-of-chicken-soup-400g","tinned soup","2026-04-10T18:26:53.333Z","sainsburys","1.48","per kg","400g"
"St",,"https://assets.sainsburys-groceries.co.uk/gol/2604237/image.webp","St Dalfour Strawberry Jam 284g","Nectar Price","true","2.5","https://www.sainsburys.co.uk/gol-ui/product/st-dalfour-strawberry-fruit-spread-284g","jam strawberry","2026-04-10T18:27:12.948Z","sainsburys","8.8","per kg","284g"
"Sainsbury's",,"https://assets.sainsburys-groceries.co.uk/gol/1135459/image.webp","Sainsbury's Strawberry Jam 454g",,"false","1.96","https://www.sainsburys.co.uk/gol-ui/product/sainsburys-strawberry-jam-454g","jam strawberry","2026-04-10T18:27:12.948Z","sainsburys","1.96","per kg","454g"
"Bonne",,"https://assets.sainsburys-groceries.co.uk/gol/3580851/image.webp","Bonne Maman Strawberry Conserve 370g","Nectar Price","true","3","https://www.sainsburys.co.uk/gol-ui/product/bonne-maman-strawberry-conserve-370g","jam strawberry","2026-04-10T18:27:12.948Z","sainsburys","8.11","per kg","370g"
"Sainsbury's",,"https://assets.sainsburys-groceries.co.uk/gol/30205/image.webp","Sainsbury's Strawberry Conserve, Taste the Difference 340g",,"false","2.55","https://www.sainsburys.co.uk/gol-ui/product/sainsburys-strawberry-conserve--taste-the-difference-340g","jam strawberry","2026-04-10T18:27:12.948Z","sainsburys","7.5","per kg","340g"
"Stamford",,"https://assets.sainsburys-groceries.co.uk/gol/6377123/image.webp","Stamford Street Co. Strawberry Jam 454g",,"false","1.08","https://www.sainsburys.co.uk/gol-ui/product/sainsburys-strawberry-jam--basics-454g","jam strawberry","2026-04-10T18:27:12.948Z","sainsburys","1.08","per kg","454g"
"Sainsbury's",,"https://assets.sainsburys-groceries.co.uk/gol/1197303/image.webp","Sainsbury's Butternut Squash Loose",,"false","1.5","https://www.sainsburys.co.uk/gol-ui/product/sainsburys-butternut-squash-loose","butternut squash","2026-04-10T18:27:37.820Z","sainsburys","1.5","per kg",
"Sainsbury's",,"https://assets.sainsburys-groceries.co.uk/gol/7821945/image.webp","Sainsbury's Butternut Squash Slices, Inspired to Cook 400g","Buy 3 get cheapest 1 free with NectarArrow right","true","1.5","https://www.sainsburys.co.uk/gol-ui/product/sainsburys-butternut-squash-slices-400g","butternut squash","2026-04-10T18:27:37.820Z","sainsburys","3.75","per kg","400g"
"Sainsbury's",,"https://assets.sainsburys-groceries.co.uk/gol/7820478/image.webp","Sainsbury's Butternut Squash Chunks 500g",,"false","1.98","https://www.sainsburys.co.uk/gol-ui/product/sainsburys-butternut-squash-chunks-500g","butternut squash","2026-04-10T18:27:37.820Z","sainsburys","1.98","per kg","500g"
"Sainsbury's",,"https://assets.sainsburys-groceries.co.uk/gol/7821759/image.webp","Sainsbury's Butternut Squash & Spinach Croquettes 225g","Buy 3 get cheapest 1 free with NectarArrow right","true","2.4","https://www.sainsburys.co.uk/gol-ui/product/sainsburys-butternut-squash---spinach-croquettes","butternut squash","2026-04-10T18:27:37.820Z","sainsburys","10.67","per kg","225g"
"Sainsbury's",,"https://assets.sainsburys-groceries.co.uk/gol/1247480/image.webp","Sainsbury's Butternut Squash, Organic (loose)",,"false","1.9","https://www.sainsburys.co.uk/gol-ui/product/sainsburys-butternut-squash-so-organic-loose","butternut squash","2026-04-10T18:27:37.820Z","sainsburys","1.9","per kg",
"Sainsbury's",,"https://assets.sainsburys-groceries.co.uk/gol/1116342/image.webp","Sainsbury's Beetroot Vacuum Pack 250g",,"false","3.2","https://www.sainsburys.co.uk/gol-ui/product/sainsburys-beetroot-vacuum-pack-250g","beetroot","2026-04-10T18:27:40.887Z","sainsburys","3.2","per kg","250g"
"Sainsbury's",,"https://assets.sainsburys-groceries.co.uk/gol/8143273/image.webp","Sainsbury's Cocktail Beetroot, Taste the Difference 200g",,"false","1.5","https://www.sainsburys.co.uk/gol-ui/product/sainsburys-cocktail-beetroot-taste-the-difference-200g","beetroot","2026-04-10T18:27:40.887Z","sainsburys","7.5","per kg","200g"
"Sainsbury's",,"https://assets.sainsburys-groceries.co.uk/gol/408059/image.webp","Sainsbury's Beetroot In Vinegar 300g",,"false","3","https://www.sainsburys.co.uk/gol-ui/product/sainsburys-beetroot-in-vinegar-300g","beetroot","2026-04-10T18:27:40.887Z","sainsburys","3","per kg","300g"
"Sainsbury's",,"https://assets.sainsburys-groceries.co.uk/gol/8143276/image.webp","Sainsbury's Sweet Chilli Beetroot, Taste the Difference 200g",,"false","1.5","https://www.sainsburys.co.uk/gol-ui/product/sainsburys-sweet-chilli-beetroot-taste-the-difference-200g","beetroot","2026-04-10T18:27:40.887Z","sainsburys","7.5","per kg","200g"
"Sainsbury's",,"https://assets.sainsburys-groceries.co.uk/gol/6031981/image.webp","Sainsbury's Bunched Beetroot 500g",,"false","2.3","https://www.sainsburys.co.uk/gol-ui/product/sainsburys-bunched-beetroot-500g","beetroot","2026-04-10T18:27:40.887Z","sainsburys","4.6","per kg","500g"
"Alpro",,"https://assets.sainsburys-groceries.co.uk/gol/8173290/image.webp","Alpro Barista Coconut Milk Chilled Dairy Alternative 750ml",,"false","1.75","https://www.sainsburys.co.uk/gol-ui/product/alpro-barista-coconut-750ml","coconut milk","2026-04-10T18:27:59.182Z","sainsburys","2.33","per ltr","750ml"
"Alpro",,"https://assets.sainsburys-groceries.co.uk/gol/7693771/image.webp","Alpro Coconut Milk Chilled Dairy Alternative 1L",,"false","2.2","https://www.sainsburys.co.uk/gol-ui/product/alpro-fresh-coconut-drink-1l","coconut milk","2026-04-10T18:27:59.183Z","sainsburys","2.2","per ltr","1L"
"Alpro",,"https://assets.sainsburys-groceries.co.uk/gol/8086020/image.webp","Alpro Barista Coconut Milk Long Life Dairy Alternative 1L",,"false","2.3","https://www.sainsburys.co.uk/gol-ui/product/alpro-barista-coconut-long-life-drink-1l","coconut milk","2026-04-10T18:27:59.183Z","sainsburys","2.3","per ltr","1L"
"Laila",,"https://assets.sainsburys-groceries.co.uk/gol/8238636/image.webp","Laila Coconut Milk 400ml",,"false","1.1","https://www.sainsburys.co.uk/gol-ui/product/laila-coconut-milk-400ml","coconut milk","2026-04-10T18:27:59.183Z","sainsburys","2.75","per ltr","400ml"
"KTC",,"https://assets.sainsburys-groceries.co.uk/gol/7569313/image.webp","KTC Coconut Milk 400ml",,"false","1.35","https://www.sainsburys.co.uk/gol-ui/product/ktc-coconut-milk-400ml","coconut milk","2026-04-10T18:27:59.183Z","sainsburys","3.38","per ltr","400ml"
"Pip",,"https://assets.sainsburys-groceries.co.uk/gol/8079492/image.webp","Pip & Nut Smooth Peanut Butter 300g",,"false","3.5","https://www.sainsburys.co.uk/gol-ui/product/pip-nut-smooth-peanut-butter-300g","peanut butter","2026-04-10T18:28:11.866Z","sainsburys","11.67","per kg","300g"
"Pip",,"https://assets.sainsburys-groceries.co.uk/gol/8079953/image.webp","Pip & Nut Crunchy Peanut Butter 300g",,"false","3.5","https://www.sainsburys.co.uk/gol-ui/product/pip-nut-crunchy-peanut-butter-300g","peanut butter","2026-04-10T18:28:11.866Z","sainsburys","11.67","per kg","300g"
"Sainsbury's",,"https://assets.sainsburys-groceries.co.uk/gol/1179101/image.webp","Sainsbury's Peanut Butter Smooth 340g",,"false","1.15","https://www.sainsburys.co.uk/gol-ui/product/sainsburys-peanut-butter--smooth-340g","peanut butter","2026-04-10T18:28:11.866Z","sainsburys","3.38","per kg","340g"
"Stamford",,"https://assets.sainsburys-groceries.co.uk/gol/6377237/image.webp","Stamford Street Co. Crunchy Peanut Butter 340g",,"false","2.91","https://www.sainsburys.co.uk/gol-ui/product/sainsburys-crunchy-peanut-butter--basics-340g","peanut butter","2026-04-10T18:28:11.866Z","sainsburys","2.91","per kg","340g"
"Meridian",,"https://assets.sainsburys-groceries.co.uk/gol/7795766/image.webp","Meridian Crunchy Peanut Butter 1kg",,"false","7","https://www.sainsburys.co.uk/gol-ui/product/meridian-crunchy-peanut-butter-1kg","peanut butter","2026-04-10T18:28:11.866Z","sainsburys","7","per kg","1kg"
"Nutella",,"https://assets.sainsburys-groceries.co.uk/gol/8036733/image.webp","Nutella Hazelnut & Chocolate Spread 350g",,"false","3.2","https://www.sainsburys.co.uk/gol-ui/product/nutella-350g-8036733-p-44","nutella","2026-04-10T18:28:28.055Z","sainsburys","9.14","per kg","350g"
"Nutella",,"https://assets.sainsburys-groceries.co.uk/gol/8213319/image.webp","Nutella Hazelnut Chocolate Spread Jar 630g","Nectar Price","true","4.75","https://www.sainsburys.co.uk/gol-ui/product/nutella-hazelnut-chocolate-spread-jar-630g","nutella","2026-04-10T18:28:28.055Z","sainsburys","7.54","per kg","630g"
"Nutella",,"https://assets.sainsburys-groceries.co.uk/gol/3151839/image.webp","Nutella Hazelnut & Chocolate Spread 200g",,"false","2.35","https://www.sainsburys.co.uk/gol-ui/product/nutella-chocolate-spread-200g","nutella","2026-04-10T18:28:28.055Z","sainsburys","11.75","per kg","200g"
"Nutella",,"https://assets.sainsburys-groceries.co.uk/gol/8110422/image.webp","Nutella Hazelnut & Chocolate Spread 1kg",,"false","6.9","https://www.sainsburys.co.uk/gol-ui/product/nutella-hazelnut-spread-with-cocoa-950g","nutella","2026-04-10T18:28:28.055Z","sainsburys","6.9","per kg","1kg"
"Nutella",,"https://assets.sainsburys-groceries.co.uk/gol/8229845/image.webp","Nutella Plant Based Hazelnut & Chocolate Spread 350g",,"false","4","https://www.sainsburys.co.uk/gol-ui/product/nutella-plant-based-hazelnut-chocolate-spread-350g","nutella","2026-04-10T18:28:28.055Z","sainsburys","11.43","per kg","350g"
"Sainsbury's",,"https://assets.sainsburys-groceries.co.uk/gol/1291476/image.webp","Sainsbury's Fresh Packed Basil 30g",,"false","18.33","https://www.sainsburys.co.uk/gol-ui/product/sainsburys-fresh-basil-28g","fresh basil","2026-04-10T18:28:42.559Z","sainsburys","18.33","per kg","30g"
"Sainsbury's",,"https://assets.sainsburys-groceries.co.uk/gol/7077056/image.webp","Sainsbury's Tomato & Basil Sauce 350g (Serves 2)","Nectar Price","true","1.75","https://www.sainsburys.co.uk/gol-ui/product/sainsburys-tomato---basil-sauce-350g-7077056-p-44","fresh basil","2026-04-10T18:28:42.559Z","sainsburys","5","per kg","350g"
"Sainsbury's",,"https://assets.sainsburys-groceries.co.uk/gol/6033047/image.webp","Sainsbury's Fresh Living Basil Pot",,"false","1.6","https://www.sainsburys.co.uk/gol-ui/product/sainsburys-fresh-living-basil-pot","fresh basil","2026-04-10T18:28:42.559Z","sainsburys","1.6","per ea",
"Sainsbury's",,"https://assets.sainsburys-groceries.co.uk/gol/7896567/image.webp","Sainsbury's Thai Basil 20g",,"false","45","https://www.sainsburys.co.uk/gol-ui/product/sainsburys-thai-basil-20g","fresh basil","2026-04-10T18:28:42.559Z","sainsburys","45","per kg","20g"
"Sainsbury's",,"https://assets.sainsburys-groceries.co.uk/gol/8160209/image.webp","Sainsbury's Basil Pesto, Taste the Difference 150g",,"false","3","https://www.sainsburys.co.uk/gol-ui/product/sainsburys-basil-pesto-taste-the-difference-150g","fresh basil","2026-04-10T18:28:42.559Z","sainsburys","20","per kg","150g"
"Heinz",,"https://assets.sainsburys-groceries.co.uk/gol/8250889/image.webp","Heinz 490g Tomato & Garlic Marinara Pasta Sauce","Nectar Price","true","1.75","https://www.sainsburys.co.uk/gol-ui/product/heinz-490g-tomato-garlic-marinara-pasta-sauce","pasta sauce tomato","2026-04-10T18:29:02.443Z","sainsburys","3.57","per kg","490g"
"Heinz",,"https://assets.sainsburys-groceries.co.uk/gol/8164544/image.webp","Heinz 490g Tomato & Basil Margherita Pasta Sauce","Nectar Price","true","1.75","https://www.sainsburys.co.uk/gol-ui/product/heinz-sundried-cherry-tomato-basil-pasta-sauce-490g","pasta sauce tomato","2026-04-10T18:29:02.443Z","sainsburys","3.57","per kg","490g"
"Heinz",,"https://assets.sainsburys-groceries.co.uk/gol/8250893/image.webp","Heinz 490g Tomato & Cheese Creamy Pasta Sauce","Nectar Price","true","1.75","https://www.sainsburys.co.uk/gol-ui/product/heinz-490g-tomato-cheese-creamy-pasta-sauce","pasta sauce tomato","2026-04-10T18:29:02.443Z","sainsburys","3.57","per kg","490g"
"Sainsbury's",,"https://assets.sainsburys-groceries.co.uk/gol/6217/image.webp","Sainsbury's Tomato Puree, Double Concentrate 200g",,"false","3.25","https://www.sainsburys.co.uk/gol-ui/product/sainsburys-tomato-puree--double-concentrate-200g","pasta sauce tomato","2026-04-10T18:29:02.443Z","sainsburys","3.25","per kg","200g"
"Sainsbury's",,"https://assets.sainsburys-groceries.co.uk/gol/7568037/image.webp","Sainsbury's Creamy Tomato Pasta Bake Sauce 480g",,"false","1.44","https://www.sainsburys.co.uk/gol-ui/product/sainsburys-oven-baked--creamy-tomato-480g","pasta sauce tomato","2026-04-10T18:29:02.443Z","sainsburys","1.44","per kg","480g"
"Sainsbury's",,"https://assets.sainsburys-groceries.co.uk/gol/1291537/image.webp","Sainsbury's Fresh Packed Bunch Coriander 30g",,"false","18.33","https://www.sainsburys.co.uk/gol-ui/product/sainsburys-fresh-packed-bunch-coriander-30g","fresh coriander","2026-04-10T18:29:20.709Z","sainsburys","18.33","per kg","30g"
"Sainsbury's",,"https://assets.sainsburys-groceries.co.uk/gol/7549369/image.webp","Sainsbury's Fresh Packed Coriander 100g",,"false","1.25","https://www.sainsburys.co.uk/gol-ui/product/sainsburys-fresh-coriander-100g","fresh coriander","2026-04-10T18:29:20.709Z","sainsburys","12.5","per kg","100g"
"Sainsbury's",,"https://assets.sainsburys-groceries.co.uk/gol/7684925/image.webp","Sainsbury's Garlic & Coriander Naan x2 260g",,"false","2.65","https://www.sainsburys.co.uk/gol-ui/product/sainsburys-garlic---coriander-naan-x2-260g","fresh coriander","2026-04-10T18:29:20.709Z","sainsburys","2.65","per kg","260g"
"Sainsbury's",,"https://assets.sainsburys-groceries.co.uk/gol/7684923/image.webp","Sainsbury's Garlic & Coriander Mini Naan x4 188g",,"false","1","https://www.sainsburys.co.uk/gol-ui/product/sainsburys-garlic---coriander-mini-naan-x4-188g","fresh coriander","2026-04-10T18:29:20.709Z","sainsburys","5.32","per kg","188g"
"Sainsbury's",,"https://assets.sainsburys-groceries.co.uk/gol/7885433/image.webp","Sainsbury's Mini Garlic & Coriander Naans x4",,"false","1.1529","https://www.sainsburys.co.uk/gol-ui/product/sainsburys-mini-garlic---coriander-naans-x4","fresh coriander","2026-04-10T18:29:20.709Z","sainsburys",,,
"Sainsbury's",,"https://assets.sainsburys-groceries.co.uk/gol/1187489/image.webp","Sainsbury's Fresh Fruit Bitter Orange Marmalade, Taste the D...",,"false","1.8","https://www.sainsburys.co.uk/gol-ui/product/sainsburys-fresh-fruit-bitter-orange-marmalade--taste-the-difference-340g","marmalade","2026-04-10T18:29:36.153Z","sainsburys","5.29","per kg",
"Sainsbury's",,"https://assets.sainsburys-groceries.co.uk/gol/1188905/image.webp","Sainsbury's Orange Marmalade, Fine Cut 454g",,"false","1.1","https://www.sainsburys.co.uk/gol-ui/product/sainsburys-orange-marmalade--fine-cut-454g","marmalade","2026-04-10T18:29:36.153Z","sainsburys","2.42","per kg","454g"
"Sainsbury's",,"https://assets.sainsburys-groceries.co.uk/gol/6930248/image.webp","Sainsbury's Reduced Sugar Fine Cut Orange Marmalade 415g",,"false","1.1","https://www.sainsburys.co.uk/gol-ui/product/sainsburys-reduced-sugar-fine-cut-orange-marmalade-415g","marmalade","2026-04-10T18:29:36.153Z","sainsburys","2.65","per kg","415g"
"Stamford",,"https://assets.sainsburys-groceries.co.uk/gol/6377127/image.webp","Stamford Street Co. Medium Cut Orange Marmalade 454g",,"false","1.87","https://www.sainsburys.co.uk/gol-ui/product/sainsburys-marmalade-medium-cut--basics-454g","marmalade","2026-04-10T18:29:36.153Z","sainsburys","1.87","per kg","454g"
"Frank",,"https://assets.sainsburys-groceries.co.uk/gol/2154831/image.webp","Frank Cooper's Fine Cut Oxford Marmalade, Seville Orange 454...","Nectar Price","true","2.5","https://www.sainsburys.co.uk/gol-ui/product/frank-coopers-fine-cut-oxford-marmalade--seville-orange-454g","marmalade","2026-04-10T18:29:36.153Z","sainsburys","5.51","per kg",
"Sainsbury's",,"https://assets.sainsburys-groceries.co.uk/gol/408950/image.webp","Sainsbury's Green Pesto 190g",,"false","4.68","https://www.sainsburys.co.uk/gol-ui/product/sainsburys-classic-italian-pesto-sauce-190g","pesto green","2026-04-10T18:29:53.131Z","sainsburys","4.68","per kg","190g"
"Sainsbury's",,"https://assets.sainsburys-groceries.co.uk/gol/7169175/image.webp","Sainsbury's Green Pesto, Light 190g",,"false","4.68","https://www.sainsburys.co.uk/gol-ui/product/sainsburys-green-pesto--be-good-to-yourself-190g","pesto green","2026-04-10T18:29:53.131Z","sainsburys","4.68","per kg","190g"
"Sainsbury's",,"https://assets.sainsburys-groceries.co.uk/gol/433228/image.webp","Sainsbury's Pesto, Red 190g",,"false","4.68","https://www.sainsburys.co.uk/gol-ui/product/sainsburys-pesto--red-190g","pesto green","2026-04-10T18:29:53.131Z","sainsburys","4.68","per kg","190g"
"Sacla",,"https://assets.sainsburys-groceries.co.uk/gol/2008776/image.webp","Sacla Basil Pesto 190g","Nectar Price","true","2.5","https://www.sainsburys.co.uk/gol-ui/product/sacla-classic-pesto-190g","pesto green","2026-04-10T18:29:53.131Z","sainsburys","13.16","per kg","190g"
"Sacla'",,"https://assets.sainsburys-groceries.co.uk/gol/7863091/image.webp","Sacla' Pesto Pots No. 1 Classic Basil 2x45g",,"false","2","https://www.sainsburys.co.uk/gol-ui/product/sacla-pesto-pots-no-1-classic-basil-2x45g","pesto green","2026-04-10T18:29:53.131Z","sainsburys","22.22","per kg","2x45g"
"Quaker",,"https://assets.sainsburys-groceries.co.uk/gol/3311127/image.webp","Quaker Porridge Oats 1kg","Nectar Price","true","2.25","https://www.sainsburys.co.uk/gol-ui/product/quaker-porridge-oats-1kg","porridge oats","2026-04-10T18:30:15.618Z","sainsburys","2.25","per kg","1kg"
"Quaker",,"https://assets.sainsburys-groceries.co.uk/gol/6747509/image.webp","Quaker Oat So Simple 12 x 27g Original Porridge Sachets",,"false","3.75","https://www.sainsburys.co.uk/gol-ui/product/quaker-oat-so-simple-original-porridge-x12-27g","porridge oats","2026-04-10T18:30:15.618Z","sainsburys","13.89","per kg","12 x 27g"
"Scott's",,"https://assets.sainsburys-groceries.co.uk/gol/3311097/image.webp","Scott's Porage Original Porridge Oats 1kg",,"false","2.95","https://www.sainsburys.co.uk/gol-ui/product/scotts-porridge-oats-1kg","porridge oats","2026-04-10T18:30:15.618Z","sainsburys","2.95","per kg","1kg"
"Sainsbury's",,"https://assets.sainsburys-groceries.co.uk/gol/6439/image.webp","Sainsbury's Scottish Porridge Oats 1kg",,"false","1.35","https://www.sainsburys.co.uk/gol-ui/product/sainsburys-scottish-porridge-oats-1kg","porridge oats","2026-04-10T18:30:15.618Z","sainsburys","1.35","per kg","1kg"
"Sainsbury's",,"https://assets.sainsburys-groceries.co.uk/gol/553179/image.webp","Sainsbury's Scottish Porridge Oats 1.5kg",,"false","1.95","https://www.sainsburys.co.uk/gol-ui/product/sainsburys-scottish-porridge-oats-15kg","porridge oats","2026-04-10T18:30:15.618Z","sainsburys","1.3","per kg","1.5kg"
"Sainsbury's",,"https://assets.sainsburys-groceries.co.uk/gol/1291926/image.webp","Sainsbury's Fresh Packed Mint 30g",,"false","18.33","https://www.sainsburys.co.uk/gol-ui/product/sainsburys-fresh-packed-mint-28g","fresh mint","2026-04-10T18:30:35.469Z","sainsburys","18.33","per kg","30g"
"Sainsbury's",,"https://assets.sainsburys-groceries.co.uk/gol/6034585/image.webp","Sainsbury's Fresh Living Mint Pot",,"false","1.6","https://www.sainsburys.co.uk/gol-ui/product/sainsburys-fresh-living-mint-pot","fresh mint","2026-04-10T18:30:35.469Z","sainsburys","1.6","per ea",
"Sainsbury's",,"https://assets.sainsburys-groceries.co.uk/gol/8224611/image.webp","Sainsbury's 100g Mint",,"false","1.25","https://www.sainsburys.co.uk/gol-ui/product/sainsburys-mint-100g","fresh mint","2026-04-10T18:30:35.469Z","sainsburys","12.5","per kg","100g"
"blu",,"https://assets.sainsburys-groceries.co.uk/gol/8133350/image.webp","blu 2.0 Pods Fresh Mint 9mg/ml",,"false","7","https://www.sainsburys.co.uk/gol-ui/product/blu-fresh-mint-pods-2x19ml-8133350-p-44","fresh mint","2026-04-10T18:30:35.469Z","sainsburys","7","per ea",
"Sainsbury's",,"https://assets.sainsburys-groceries.co.uk/gol/7878123/image.webp","Sainsbury's Slow Cook Lamb Shanks with Mint 680g (Serves 2)","Nectar Price","true","6.5","https://www.sainsburys.co.uk/gol-ui/product/sainsburys-slow-cook-lamb-shanks-with-mint-680g","fresh mint","2026-04-10T18:30:35.469Z","sainsburys","9.56","per kg","680g"
"Patak's",,"https://assets.sainsburys-groceries.co.uk/gol/2913568/image.webp","Patak's Tikka Masala Spice Paste 283g","Nectar Price","true","2.75","https://www.sainsburys.co.uk/gol-ui/product/pataks-tikka-masala-spice-paste-283g-2913568-p","curry paste tikka","2026-04-10T18:30:41.733Z","sainsburys","9.71","per kg","283g"
"Patak's",,"https://assets.sainsburys-groceries.co.uk/gol/7864443/image.webp","Patak's Tikka Masala Paste Pots 2 x 70g",,"false","1.85","https://www.sainsburys.co.uk/gol-ui/product/pataks-the-original-tikka-masala-curry-paste-pots-2x70g","curry paste tikka","2026-04-10T18:30:41.733Z","sainsburys","13.21","per kg","2 x 70g"
"Sharwood's",,"https://assets.sainsburys-groceries.co.uk/gol/8200435/image.webp","Sharwood's Tikka Masala Indian Curry Sauce Kit 280g",,"false","2.8","https://www.sainsburys.co.uk/gol-ui/product/sharwoods-tikka-masala-indian-curry-sauce-kit-280g","curry paste tikka","2026-04-10T18:30:41.733Z","sainsburys","10","per kg","280g"
"The",,"https://assets.sainsburys-groceries.co.uk/gol/8214907/image.webp","The Spice Tailor Tikka Masala Indian Curry Paste Kit 120g","Nectar Price","true","2","https://www.sainsburys.co.uk/gol-ui/product/the-spice-tailor-tikka-masala-indian-curry-paste-kit-120g","curry paste tikka","2026-04-10T18:30:41.733Z","sainsburys","16.67","per kg","120g"
"Sainsbury's",,"https://assets.sainsburys-groceries.co.uk/gol/7853563/image.webp","Sainsbury's Fragrant Tikka Curry Paste, Inspired to Cook 200...",,"false","2.1","https://www.sainsburys.co.uk/gol-ui/product/sainsburys-fragrant-tikka-curry-paste-200g","curry paste tikka","2026-04-10T18:30:41.733Z","sainsburys","10.5","per kg",
"Blue",,"https://assets.sainsburys-groceries.co.uk/gol/8149084/image.webp","Blue Dragon Thai Green Curry Paste 170g",,"false","2.3","https://www.sainsburys.co.uk/gol-ui/product/blue-dragon-thai-green-curry-paste-170g","curry paste korma","2026-04-10T18:30:59.828Z","sainsburys","13.53","per kg","170g"
"Blue",,"https://assets.sainsburys-groceries.co.uk/gol/8149078/image.webp","Blue Dragon Thai Red Curry Paste 170g",,"false","2.3","https://www.sainsburys.co.uk/gol-ui/product/blue-dragon-thai-red-curry-paste-170g","curry paste korma","2026-04-10T18:30:59.828Z","sainsburys","13.53","per kg","170g"
"Patak's",,"https://assets.sainsburys-groceries.co.uk/gol/2913568/image.webp","Patak's Tikka Masala Spice Paste 283g","Nectar Price","true","2.75","https://www.sainsburys.co.uk/gol-ui/product/pataks-tikka-masala-spice-paste-283g-2913568-p","curry paste korma","2026-04-10T18:30:59.828Z","sainsburys","9.71","per kg","283g"
"Patak's",,"https://assets.sainsburys-groceries.co.uk/gol/7864436/image.webp","Patak's Korma Paste Pots 2 x 70g",,"false","1.85","https://www.sainsburys.co.uk/gol-ui/product/pataks-the-original-korma-curry-paste-pots-2x70g","curry paste korma","2026-04-10T18:30:59.828Z","sainsburys","13.21","per kg","2 x 70g"
"Patak's",,"https://assets.sainsburys-groceries.co.uk/gol/7864443/image.webp","Patak's Tikka Masala Paste Pots 2 x 70g",,"false","1.85","https://www.sainsburys.co.uk/gol-ui/product/pataks-the-original-tikka-masala-curry-paste-pots-2x70g","curry paste korma","2026-04-10T18:30:59.828Z","sainsburys","13.21","per kg","2 x 70g"
"Sainsbury's",,"https://assets.sainsburys-groceries.co.uk/gol/445887/image.webp","Sainsbury's Fresh Packed Flat Leaf Parsley 30g",,"false","18.33","https://www.sainsburys.co.uk/gol-ui/product/sainsburys-fresh-flat-leaf-parsley-28g","fresh parsley","2026-04-10T18:31:18.745Z","sainsburys","18.33","per kg","30g"
"Sainsbury's",,"https://assets.sainsburys-groceries.co.uk/gol/7549365/image.webp","Sainsbury's Fresh Packed Flat Leaf Parsley 100g",,"false","1.25","https://www.sainsburys.co.uk/gol-ui/product/sainsburys-fresh-flat-leaf-parsley-100g","fresh parsley","2026-04-10T18:31:18.745Z","sainsburys","12.5","per kg","100g"
"Sainsbury's",,"https://assets.sainsburys-groceries.co.uk/gol/7896570/image.webp","Sainsbury's Fresh Curly Parsley 30g",,"false","18.33","https://www.sainsburys.co.uk/gol-ui/product/sainsburys-fresh-curly-parsley-30g","fresh parsley","2026-04-10T18:31:18.745Z","sainsburys","18.33","per kg","30g"
"Sainsbury's",,"https://assets.sainsburys-groceries.co.uk/gol/6034575/image.webp","Sainsbury's Fresh Living Curly Parsley Pot",,"false","1.6","https://www.sainsburys.co.uk/gol-ui/product/sainsburys-fresh-living-curly-parsley-pot","fresh parsley","2026-04-10T18:31:18.745Z","sainsburys","1.6","per ea",
"Sainsbury's",,"https://assets.sainsburys-groceries.co.uk/gol/6034606/image.webp","Sainsbury's Fresh Living Flat Leaf Parsley Pot",,"false","1.6","https://www.sainsburys.co.uk/gol-ui/product/sainsburys-fresh-living-flat-leaf-parsley-pot-240g","fresh parsley","2026-04-10T18:31:18.745Z","sainsburys","1.6","per ea",
"Sainsbury's",,"https://assets.sainsburys-groceries.co.uk/gol/2097/image.webp","Sainsbury's Cornflakes Cereal 500g",,"false","1.9","https://www.sainsburys.co.uk/gol-ui/product/sainsburys-cornflakes-500g","cornflakes","2026-04-10T18:31:35.006Z","sainsburys","1.9","per kg","500g"
"Sainsbury's",,"https://assets.sainsburys-groceries.co.uk/gol/284714/image.webp","Sainsbury's Honey Nut Cornflakes 500g",,"false","1.1","https://www.sainsburys.co.uk/gol-ui/product/sainsburys-honey-nut-cornflakes-500g","cornflakes","2026-04-10T18:31:35.006Z","sainsburys","2.2","per kg","500g"
"Kellogg's",,"https://assets.sainsburys-groceries.co.uk/gol/7975950/image.webp","Kellogg's Corn Flakes Breakfast Cereal 450g",,"false","2.5","https://www.sainsburys.co.uk/gol-ui/product/kelloggs-corn-flakes-550g","cornflakes","2026-04-10T18:31:35.006Z","sainsburys","5.56","per kg","450g"
"Kellogg's",,"https://assets.sainsburys-groceries.co.uk/gol/2820422/image.webp","Kellogg's Corn Flakes Breakfast Cereal 1kg",,"false","4.2","https://www.sainsburys.co.uk/gol-ui/product/kelloggs-corn-flakes-1kg","cornflakes","2026-04-10T18:31:35.006Z","sainsburys","4.2","per kg","1kg"
"Kellogg's",,"https://assets.sainsburys-groceries.co.uk/gol/8232873/image.webp","Kellogg's Corn Flakes 670g",,"false","3.5","https://www.sainsburys.co.uk/gol-ui/product/kelloggs-corn-flakes-670g","cornflakes","2026-04-10T18:31:35.006Z","sainsburys","5.22","per kg","670g"
"Sainsbury's",,"https://assets.sainsburys-groceries.co.uk/gol/6345021/image.webp","Sainsbury's Chinese Sauce 175g","Meal Deal for £3.00 with NectarArrow right","true","1.3","https://www.sainsburys.co.uk/gol-ui/product/sainsburys-chinese-sauce-175ml","stir fry sauce","2026-04-10T18:32:00.861Z","sainsburys","7.43","per kg","175g"
"Sainsbury's",,"https://assets.sainsburys-groceries.co.uk/gol/7213977/image.webp","Sainsbury's Teriyaki Stir Fry Sauce 175g","Meal Deal for £3.00 with NectarArrow right","true","1.3","https://www.sainsburys.co.uk/gol-ui/product/sainsburys-teriyaki---ginger-stir-fry-sauce-175ml","stir fry sauce","2026-04-10T18:32:00.861Z","sainsburys","7.43","per kg","175g"
"Sainsbury's",,"https://assets.sainsburys-groceries.co.uk/gol/7213980/image.webp","Sainsbury's Inspired to Cook Sweet Chilli Stir Fry Sauce 175...","Meal Deal for £3.00 with NectarArrow right","true","1.3","https://www.sainsburys.co.uk/gol-ui/product/sainsburys-sweet-chilli-stir-fry-sauce-175ml","stir fry sauce","2026-04-10T18:32:00.861Z","sainsburys","7.43","per kg",
"Sainsbury's",,"https://assets.sainsburys-groceries.co.uk/gol/7671873/image.webp","Sainsbury's Plum & Hoisin Stir Fry Sauce 175g","Meal Deal for £3.00 with NectarArrow right","true","1.3","https://www.sainsburys.co.uk/gol-ui/product/sainsburys-hoisin-stir-fry-sauce-175ml","stir fry sauce","2026-04-10T18:32:00.861Z","sainsburys","7.43","per kg","175g"
"Sainsbury's",,"https://assets.sainsburys-groceries.co.uk/gol/8173309/image.webp","Sainsbury's Soy Ginger & Garlic Stir Fry Sauce, Inspired to ...","Meal Deal for £3.00 with NectarArrow right","true","1.3","https://www.sainsburys.co.uk/gol-ui/product/sainsburys-soy-ginger-garlic-stir-fry-sauce-inspired-to-cook-175g","stir fry sauce","2026-04-10T18:32:00.861Z","sainsburys","7.43","per kg",
"Dorset",,"https://assets.sainsburys-groceries.co.uk/gol/7865436/image.webp","Dorset Cereals Nutty Granola Breakfast Cereal 450g","Nectar Price","true","2.95","https://www.sainsburys.co.uk/gol-ui/product/dorset-cereals-nutty-granola-500g","granola","2026-04-10T18:32:01.582Z","sainsburys","8","per kg","450g"
"Dorset",,"https://assets.sainsburys-groceries.co.uk/gol/7698734/image.webp","Dorset Cereals Oat Granola Breakfast Cereal 500g","Nectar Price","true","2.95","https://www.sainsburys.co.uk/gol-ui/product/dorset-cereals-oat-granola-550g","granola","2026-04-10T18:32:01.582Z","sainsburys","8","per kg","500g"
"Dorset",,"https://assets.sainsburys-groceries.co.uk/gol/7555432/image.webp","Dorset Cereals Honey Granola Breakfast Cereal 450g","Nectar Price","true","2.95","https://www.sainsburys.co.uk/gol-ui/product/dorset-honey-granola-550g","granola","2026-04-10T18:32:01.582Z","sainsburys","8.89","per kg","450g"
"Sainsbury's",,"https://assets.sainsburys-groceries.co.uk/gol/1155198/image.webp","Sainsbury's Granola, Raisin, Nut & Honey 1kg",,"false","2.5","https://www.sainsburys.co.uk/gol-ui/product/sainsburys-raisin--nut---honey-granola-1kg","granola","2026-04-10T18:32:01.582Z","sainsburys","2.5","per kg","1kg"
"FUEL10K",,"https://assets.sainsburys-groceries.co.uk/gol/8228162/image.webp","FUEL10K Chocolate Chunks Protein Granola Breakfast Cereal 40...",,"false","3.75","https://www.sainsburys.co.uk/gol-ui/product/fuel10k-chocolate-chunks-protein-granola-breakfast-cereal-400g","granola","2026-04-10T18:32:01.582Z","sainsburys","9.38","per kg",
"Heinz",,"https://assets.sainsburys-groceries.co.uk/gol/6310606/image.webp","Heinz Top Down Ketchup 460g","Nectar Price","true","2.5","https://www.sainsburys.co.uk/gol-ui/product/heinz-top-down-ketchup-460g","tomato ketchup","2026-04-10T18:32:21.163Z","sainsburys","5.43","per kg","460g"
"Heinz",,"https://assets.sainsburys-groceries.co.uk/gol/7861026/image.webp","Heinz Tomato Ketchup 910g","Nectar Price","true","4","https://www.sainsburys.co.uk/gol-ui/product/heinz-tomato-ketchup-800ml","tomato ketchup","2026-04-10T18:32:21.163Z","sainsburys","4.4","per kg","910g"
"Heinz",,"https://assets.sainsburys-groceries.co.uk/gol/8098145/image.webp","Heinz Tomato Ketchup 700g",,"false","3.9","https://www.sainsburys.co.uk/gol-ui/product/heinz-tomato-ketchup-700g","tomato ketchup","2026-04-10T18:32:21.163Z","sainsburys","5.57","per kg","700g"
"Sainsbury's",,"https://assets.sainsburys-groceries.co.uk/gol/7452483/image.webp","Sainsbury's Tomato Ketchup Sauce 460g",,"false","2.07","https://www.sainsburys.co.uk/gol-ui/product/sainsburys-tomato-ketchup-460g","tomato ketchup","2026-04-10T18:32:21.163Z","sainsburys","2.07","per kg","460g"
"Sainsbury's",,"https://assets.sainsburys-groceries.co.uk/gol/7452488/image.webp","Sainsbury's Tomato Ketchup Sauce 680g",,"false","1.1","https://www.sainsburys.co.uk/gol-ui/product/sainsburys-tomato-ketchup-680g","tomato ketchup","2026-04-10T18:32:21.163Z","sainsburys","1.62","per kg","680g"
"Barilla",,"https://assets.sainsburys-groceries.co.uk/gol/8143597/image.webp","Barilla Spaghetti Pasta 500g",,"false","1.5","https://www.sainsburys.co.uk/gol-ui/product/barilla-spaghetti-pasta-500g","spaghetti","2026-04-10T18:32:21.173Z","sainsburys","3","per kg","500g"
"Sainsbury's",,"https://assets.sainsburys-groceries.co.uk/gol/32056/image.webp","Sainsbury's Spaghetti Pasta 500g",,"false","1.5","https://www.sainsburys.co.uk/gol-ui/product/sainsburys-spaghetti-500g","spaghetti","2026-04-10T18:32:21.173Z","sainsburys","1.5","per kg","500g"
"Sainsbury's",,"https://assets.sainsburys-groceries.co.uk/gol/33312/image.webp","Sainsbury's Spaghetti Wholewheat Pasta 500g",,"false","1.5","https://www.sainsburys.co.uk/gol-ui/product/sainsburys-spaghetti--wholewheat-500g","spaghetti","2026-04-10T18:32:21.173Z","sainsburys","1.5","per kg","500g"
"Sainsbury's",,"https://assets.sainsburys-groceries.co.uk/gol/32155/image.webp","Sainsbury's Spaghetti Pasta 1kg",,"false","1.5","https://www.sainsburys.co.uk/gol-ui/product/sainsburys-spaghetti-1kg","spaghetti","2026-04-10T18:32:21.173Z","sainsburys","1.5","per kg","1kg"
"De",,"https://assets.sainsburys-groceries.co.uk/gol/2564852/image.webp","De Cecco Spaghetti Pasta 500g",,"false","2","https://www.sainsburys.co.uk/gol-ui/product/de-cecco-spaghetti-500g","spaghetti","2026-04-10T18:32:21.173Z","sainsburys","4","per kg","500g"
"Weetabix",,"https://assets.sainsburys-groceries.co.uk/gol/2060859/image.webp","Weetabix 24 Original Cereal Pack","Nectar Price","true","3","https://www.sainsburys.co.uk/gol-ui/product/weetabix-cereal-x24","weetabix","2026-04-10T18:32:33.759Z","sainsburys",,,
"Weetabix",,"https://assets.sainsburys-groceries.co.uk/gol/2060835/image.webp","Weetabix 48 Original Cereal Pack",,"false","5.5011","https://www.sainsburys.co.uk/gol-ui/product/weetabix-cereal-x48","weetabix","2026-04-10T18:32:33.759Z","sainsburys",,,
"Weetabix",,"https://assets.sainsburys-groceries.co.uk/gol/8151053/image.webp","Weetabix 500g Crispy Minis Chocolate Chip Breakfast Cereal","Nectar Price","true","2.75","https://www.sainsburys.co.uk/gol-ui/product/weetabix-crispy-minis-chocolate-chip-500g","weetabix","2026-04-10T18:32:33.759Z","sainsburys","5.5","per kg","500g"
"Weetabix",,"https://assets.sainsburys-groceries.co.uk/gol/2060880/image.webp","Weetabix 12 Original Cereal Pack",,"false","2.0017","https://www.sainsburys.co.uk/gol-ui/product/weetabix-cereal-x12","weetabix","2026-04-10T18:32:33.759Z","sainsburys",,,
"Weetabix",,"https://assets.sainsburys-groceries.co.uk/gol/6440021/image.webp","Weetabix 24 Oatibix Cereal",,"false","3.8016","https://www.sainsburys.co.uk/gol-ui/product/weetabix-oatibix-x24","weetabix","2026-04-10T18:32:33.759Z","sainsburys",,,
"Sainsbury's",,"https://assets.sainsburys-groceries.co.uk/gol/536257/image.webp","Sainsbury's Penne Pasta 1kg",,"false","1.38","https://www.sainsburys.co.uk/gol-ui/product/sainsburys-penne-rigate--italian-1kg","penne pasta","2026-04-10T18:32:46.962Z","sainsburys","1.38","per kg","1kg"
"Sainsbury's",,"https://assets.sainsburys-groceries.co.uk/gol/321587/image.webp","Sainsbury's Penne Rigate Pasta 500g",,"false","1.38","https://www.sainsburys.co.uk/gol-ui/product/sainsburys-penne-rigate--italian-500g","penne pasta","2026-04-10T18:32:46.962Z","sainsburys","1.38","per kg","500g"
"Sainsbury's",,"https://assets.sainsburys-groceries.co.uk/gol/6372340/image.webp","Sainsbury's Wholewheat Penne Pasta 500g",,"false","1.38","https://www.sainsburys.co.uk/gol-ui/product/sainsburys-wholewheat-penne-500g","penne pasta","2026-04-10T18:32:46.962Z","sainsburys","1.38","per kg","500g"
"Sainsbury's",,"https://assets.sainsburys-groceries.co.uk/gol/7782809/image.webp","Sainsbury's Free from Penne Pasta 500g",,"false","1.5","https://www.sainsburys.co.uk/gol-ui/product/sainsburys-deliciously-freefrom-penne-500g","penne pasta","2026-04-10T18:32:46.962Z","sainsburys","1.5","per kg","500g"
"De",,"https://assets.sainsburys-groceries.co.uk/gol/6505834/image.webp","De Cecco Penne Rigate Pasta 500g",,"false","2","https://www.sainsburys.co.uk/gol-ui/product/de-cecco-penne-rigate-500g","penne pasta","2026-04-10T18:32:46.962Z","sainsburys","4","per kg","500g"
"Sainsbury's",,"https://assets.sainsburys-groceries.co.uk/gol/1226270/image.webp","Sainsbury's Fusilli Pasta 1kg",,"false","1.19","https://www.sainsburys.co.uk/gol-ui/product/sainsburys-fusilli-1kg","fusilli pasta","2026-04-10T18:32:59.311Z","sainsburys","1.19","per kg","1kg"
"Sainsbury's",,"https://assets.sainsburys-groceries.co.uk/gol/321518/image.webp","Sainsbury's Fusilli Pasta 500g",,"false","1.2","https://www.sainsburys.co.uk/gol-ui/product/sainsburys-fusilli--italian-500g","fusilli pasta","2026-04-10T18:32:59.311Z","sainsburys","1.2","per kg","500g"
"Sainsbury's",,"https://assets.sainsburys-groceries.co.uk/gol/369695/image.webp","Sainsbury's Wholewheat Fusilli Pasta 500g",,"false","1.5","https://www.sainsburys.co.uk/gol-ui/product/sainsburys-wholewheat-fusilli-500g","fusilli pasta","2026-04-10T18:32:59.311Z","sainsburys","1.5","per kg","500g"
"Sainsbury's",,"https://assets.sainsburys-groceries.co.uk/gol/491112/image.webp","Sainsbury's Spirali Pasta 500g",,"false","1.5","https://www.sainsburys.co.uk/gol-ui/product/sainsburys-spirali-500g","fusilli pasta","2026-04-10T18:32:59.311Z","sainsburys","1.5","per kg","500g"
"Sainsbury's",,"https://assets.sainsburys-groceries.co.uk/gol/7782881/image.webp","Sainsbury's Free from Fusilli Pasta 500g",,"false","1.5","https://www.sainsburys.co.uk/gol-ui/product/sainsburys-deliciously-freefrom-fusilli-500g","fusilli pasta","2026-04-10T18:32:59.311Z","sainsburys","1.5","per kg","500g"
"Hellmann's",,"https://assets.sainsburys-groceries.co.uk/gol/7245898/image.webp","Hellmann's Real Squeezy Mayonnaise 750ml",,"false","3.9","https://www.sainsburys.co.uk/gol-ui/product/hellmanns-real-squeezy-mayonnaise-750ml","mayonnaise","2026-04-10T18:33:11.793Z","sainsburys","5.2","per ltr","750ml"
"Hellmanns",,"https://assets.sainsburys-groceries.co.uk/gol/8162232/image.webp","Hellmanns Real Squeezy Mayonnaise 580ml","Nectar Price","true","2.8","https://www.sainsburys.co.uk/gol-ui/product/hellmann-real-mayonnaise-580ml","mayonnaise","2026-04-10T18:33:11.793Z","sainsburys","4.82","per ltr","580ml"
"Heinz",,"https://assets.sainsburys-groceries.co.uk/gol/7837303/image.webp","Heinz Seriously Good Mayonnaise 775g","Nectar Price","true","3.5","https://www.sainsburys.co.uk/gol-ui/product/heinz-squeezy-mayonnaise-775g","mayonnaise","2026-04-10T18:33:11.793Z","sainsburys","4.52","per kg","775g"
"Sainsbury's",,"https://assets.sainsburys-groceries.co.uk/gol/1219098/image.webp","Sainsbury's Mayonnaise, Thick & Creamy 500ml",,"false","1.78","https://www.sainsburys.co.uk/gol-ui/product/sainsburys-mayonnaise--thick---creamy-500ml","mayonnaise","2026-04-10T18:33:11.793Z","sainsburys","1.78","per ltr","500ml"
"Sainsbury's",,"https://assets.sainsburys-groceries.co.uk/gol/7467228/image.webp","Sainsbury's Mayonnaise Squeezy 500ml",,"false","1","https://www.sainsburys.co.uk/gol-ui/product/sainsburys-mayonnaise-squeezy-430ml","mayonnaise","2026-04-10T18:33:11.793Z","sainsburys","2","per ltr","500ml"
"Sainsbury's",,"https://assets.sainsburys-groceries.co.uk/gol/7815580/image.webp","Sainsbury's Rice Pops 375g",,"false","2.53","https://www.sainsburys.co.uk/gol-ui/product/sainsburys-rice-pops-375g","rice krispies","2026-04-10T18:33:42.206Z","sainsburys","2.53","per kg","375g"
"Kellogg's",,"https://assets.sainsburys-groceries.co.uk/gol/6998915/image.webp","Kellogg's Rice Krispies Squares Delightfully Chocolatey Snac...",,"false","2.25","https://www.sainsburys.co.uk/gol-ui/product/kelloggs-rice-krispies-squares--totally-chocolate-x4","rice krispies","2026-04-10T18:33:42.206Z","sainsburys","15.63","per kg",
"Sainsbury's",,"https://assets.sainsburys-groceries.co.uk/gol/7975334/image.webp","Sainsbury's Choco Rice Pops 375g",,"false","2.53","https://www.sainsburys.co.uk/gol-ui/product/sainsburys-choco-rice-pops-375g","rice krispies","2026-04-10T18:33:42.206Z","sainsburys","2.53","per kg","375g"
"Kellogg's",,"https://assets.sainsburys-groceries.co.uk/gol/7427688/image.webp","Kellogg's Rice Krispies Breakfast Cereal 660g",,"false","4.35","https://www.sainsburys.co.uk/gol-ui/product/kelloggs-rice-krispies-700g","rice krispies","2026-04-10T18:33:42.206Z","sainsburys","6.59","per kg","660g"
"Kellogg's",,"https://assets.sainsburys-groceries.co.uk/gol/7427673/image.webp","Kellogg's Coco Pops Chocolate Breakfast Cereal 650g",,"false","4.35","https://www.sainsburys.co.uk/gol-ui/product/kelloggs-coco-pops-800g","rice krispies","2026-04-10T18:33:42.206Z","sainsburys","6.69","per kg","650g"
"HP",,"https://assets.sainsburys-groceries.co.uk/gol/2981024/image.webp","HP Squeezy Brown Sauce 425g",,"false","3.4","https://www.sainsburys.co.uk/gol-ui/product/hp-squeezy-brown-sauce-425g","brown sauce","2026-04-10T18:34:09.858Z","sainsburys","7.56","per kg","425g"
"Sainsbury's",,"https://assets.sainsburys-groceries.co.uk/gol/7455216/image.webp","Sainsbury's Brown Sauce 450g",,"false","1.1","https://www.sainsburys.co.uk/gol-ui/product/sainsburys-brown-sauce-450g","brown sauce","2026-04-10T18:34:09.858Z","sainsburys","2.44","per kg","450g"
"HP",,"https://assets.sainsburys-groceries.co.uk/gol/8207971/image.webp","HP Brown Sauce 285g","Nectar Price","true","2","https://www.sainsburys.co.uk/gol-ui/product/hp-brown-sauce-285g","brown sauce","2026-04-10T18:34:09.858Z","sainsburys","7.02","per kg","285g"
"HP",,"https://assets.sainsburys-groceries.co.uk/gol/7685195/image.webp","HP The Original Brown Sauce 600g","Nectar Price","true","3.5","https://www.sainsburys.co.uk/gol-ui/product/hp-the-original-brown-sauce-600g","brown sauce","2026-04-10T18:34:09.858Z","sainsburys","5.83","per kg","600g"
"Daddies",,"https://assets.sainsburys-groceries.co.uk/gol/6907128/image.webp","Daddies Brown Sauce 400g",,"false","2","https://www.sainsburys.co.uk/gol-ui/product/daddies-brown-sauce-400g","brown sauce","2026-04-10T18:34:09.858Z","sainsburys","5","per kg","400g"
"Sainsbury's",,"https://assets.sainsburys-groceries.co.uk/gol/579124/image.webp","Sainsbury's Linguine Pasta 500g",,"false","1.5","https://www.sainsburys.co.uk/gol-ui/product/sainsburys-linguine-500g","tagliatelle","2026-04-10T18:34:10.958Z","sainsburys","1.5","per kg","500g"
"Sainsbury's",,"https://assets.sainsburys-groceries.co.uk/gol/636056/image.webp","Sainsbury's Fresh Egg Tagliatelle 500g",,"false","2.5","https://www.sainsburys.co.uk/gol-ui/product/sainsburys-fresh-tagliatelle-500g","tagliatelle","2026-04-10T18:34:10.958Z","sainsburys","5","per kg","500g"
"Sainsbury's",,"https://assets.sainsburys-groceries.co.uk/gol/482387/image.webp","Sainsbury's Tagliatelle Pasta 500g",,"false","1.5","https://www.sainsburys.co.uk/gol-ui/product/sainsburys-tagliatelle-500g","tagliatelle","2026-04-10T18:34:10.958Z","sainsburys","1.5","per kg","500g"
"Sainsbury's",,"https://assets.sainsburys-groceries.co.uk/gol/7856165/image.webp","Sainsbury's Ham & Mushroom Tagliatelle Ready Meal For 1 400g","Buy any 2 for £6.00 with NectarArrow right","true","3.75","https://www.sainsburys.co.uk/gol-ui/product/sainsburys-ham-mushroom-tagliatelle-400g-serves-1-","tagliatelle","2026-04-10T18:34:10.958Z","sainsburys","9.38","per kg","400g"
"De",,"https://assets.sainsburys-groceries.co.uk/gol/3539057/image.webp","De Cecco Linguine Pasta 500g",,"false","2","https://www.sainsburys.co.uk/gol-ui/product/de-cecco-linguine-500g","tagliatelle","2026-04-10T18:34:10.958Z","sainsburys","4","per kg","500g"
"Sainsbury's",,"https://assets.sainsburys-groceries.co.uk/gol/579124/image.webp","Sainsbury's Linguine Pasta 500g",,"false","1.5","https://www.sainsburys.co.uk/gol-ui/product/sainsburys-linguine-500g","linguine","2026-04-10T18:34:11.958Z","sainsburys","1.5","per kg","500g"
"Sainsbury's",,"https://assets.sainsburys-groceries.co.uk/gol/482387/image.webp","Sainsbury's Tagliatelle Pasta 500g",,"false","1.5","https://www.sainsburys.co.uk/gol-ui/product/sainsburys-tagliatelle-500g","linguine","2026-04-10T18:34:11.958Z","sainsburys","1.5","per kg","500g"
"De",,"https://assets.sainsburys-groceries.co.uk/gol/3539057/image.webp","De Cecco Linguine Pasta 500g",,"false","2","https://www.sainsburys.co.uk/gol-ui/product/de-cecco-linguine-500g","linguine","2026-04-10T18:34:11.958Z","sainsburys","4","per kg","500g"
"Sainsbury's",,"https://assets.sainsburys-groceries.co.uk/gol/7795260/image.webp","Sainsbury's Pappardelle Pasta, Taste the Difference 500g",,"false","2.15","https://www.sainsburys.co.uk/gol-ui/product/sainsburys-pappardelle--taste-the-difference-500g-7795260-p-44","linguine","2026-04-10T18:34:11.958Z","sainsburys","4.3","per kg","500g"
"Barilla",,"https://assets.sainsburys-groceries.co.uk/gol/8143609/image.webp","Barilla Linguine Pasta 500g",,"false","1.5","https://www.sainsburys.co.uk/gol-ui/product/barilla-classic-linguine-pasta-500g","linguine","2026-04-10T18:34:11.958Z","sainsburys","3","per kg","500g"
"Tropicana",,"https://assets.sainsburys-groceries.co.uk/gol/7553216/image.webp","Tropicana Smooth Orange Fruit Juice 1.5L","Nectar Price","true","3","https://www.sainsburys.co.uk/gol-ui/product/tropicana-smooth-orange-juice-175l","orange juice","2026-04-10T18:34:33.977Z","sainsburys","2","per ltr","1.5L"
"Tropicana",,"https://assets.sainsburys-groceries.co.uk/gol/7553211/image.webp","Tropicana Original Orange with Bits Fruit Juice 1.5L","Nectar Price","true","3","https://www.sainsburys.co.uk/gol-ui/product/tropicana-original-orange-juice-175l","orange juice","2026-04-10T18:34:33.977Z","sainsburys","2","per ltr","1.5L"
"Capri-Sun",,"https://assets.sainsburys-groceries.co.uk/gol/7987553/image.webp","Capri-Sun Orange 8 x 200ml","Nectar Price","true","2.5","https://www.sainsburys.co.uk/gol-ui/product/capri-sun-orange-8-x-200ml","orange juice","2026-04-10T18:34:33.977Z","sainsburys","1.57","per ltr","8 x 200ml"
"Sainsbury's",,"https://assets.sainsburys-groceries.co.uk/gol/1305326/image.webp","Sainsbury's 100% Pure Squeezed Orange Juice with Bits, Not F...",,"false","2","https://www.sainsburys.co.uk/gol-ui/product/sainsburys-orange-juice--squeezed-with-juicy-bits-1l","orange juice","2026-04-10T18:34:33.977Z","sainsburys","2","per ltr",
"Sainsbury's",,"https://assets.sainsburys-groceries.co.uk/gol/447331/image.webp","Sainsbury's Freshly Squeezed Orange Juice with Bits, Taste t...",,"false","4.3","https://www.sainsburys.co.uk/gol-ui/product/sainsburys-orange-juice--freshly-squeezed--taste-the-difference-15l","orange juice","2026-04-10T18:34:33.977Z","sainsburys","2.87","per ltr",
"Dolmio",,"https://assets.sainsburys-groceries.co.uk/gol/3732458/image.webp","Dolmio Lasagne Creamy White Pasta Sauce 440g",,"false","2.6","https://www.sainsburys.co.uk/gol-ui/product/dolmio-lasagne-creamy-white-sauce-470g","lasagne sheets","2026-04-10T18:34:37.905Z","sainsburys","5.91","per kg","440g"
"Dolmio",,"https://assets.sainsburys-groceries.co.uk/gol/6004504/image.webp","Dolmio Lasagne Red Tomato Pasta Sauce 450g",,"false","2.6","https://www.sainsburys.co.uk/gol-ui/product/dolmio-lasagne-tomato-sauce-500g","lasagne sheets","2026-04-10T18:34:37.905Z","sainsburys","5.78","per kg","450g"
"Sainsbury's",,"https://assets.sainsburys-groceries.co.uk/gol/1066005/image.webp","Sainsbury's Lasagne Sheets Pasta 500g",,"false","1.5","https://www.sainsburys.co.uk/gol-ui/product/sainsburys-lasagne-sheets-500g","lasagne sheets","2026-04-10T18:34:37.905Z","sainsburys","1.5","per kg","500g"
"Sainsbury's",,"https://assets.sainsburys-groceries.co.uk/gol/636162/image.webp","Sainsbury's Fresh Egg Lasagne Sheets 250g",,"false","2","https://www.sainsburys.co.uk/gol-ui/product/sainsburys-fresh-egg-lasagne-sheets-250g","lasagne sheets","2026-04-10T18:34:37.905Z","sainsburys","8","per kg","250g"
"Sainsbury's",,"https://assets.sainsburys-groceries.co.uk/gol/7789953/image.webp","Sainsbury's Free From Lasagne Sheets 250g",,"false","3","https://www.sainsburys.co.uk/gol-ui/product/sainsburys-deliciously-freefrom-lasagne-sheets-250g","lasagne sheets","2026-04-10T18:34:37.905Z","sainsburys","3","per kg","250g"
"Copella",,"https://assets.sainsburys-groceries.co.uk/gol/7744908/image.webp","Copella Cloudy Apple Fruit Juice 900ml","Nectar Price","true","2","https://www.sainsburys.co.uk/gol-ui/product/copella-apple-900ml","apple juice","2026-04-10T18:34:50.757Z","sainsburys","2.23","per ltr","900ml"
"Copella",,"https://assets.sainsburys-groceries.co.uk/gol/7744931/image.webp","Copella Apple & Elderflower Fruit Juice 900ml","Nectar Price","true","2","https://www.sainsburys.co.uk/gol-ui/product/copella-apple---elderflower-900ml","apple juice","2026-04-10T18:34:50.758Z","sainsburys","2.23","per ltr","900ml"
"Sainsbury's",,"https://assets.sainsburys-groceries.co.uk/gol/283960/image.webp","Sainsbury's 100% Pressed Apple Juice, Not From Concentrate 1...",,"false","2","https://www.sainsburys.co.uk/gol-ui/product/sainsburys-100-pressed-apple-juice-not-from-concentrate-1l","apple juice","2026-04-10T18:34:50.758Z","sainsburys","2","per ltr",
"Sainsbury's",,"https://assets.sainsburys-groceries.co.uk/gol/6778795/image.webp","Sainsbury's Apple & Pear Juice, Not From Concentrate 1L",,"false","2","https://www.sainsburys.co.uk/gol-ui/product/sainsburys-english-apple---william-pear-1l","apple juice","2026-04-10T18:34:50.758Z","sainsburys","2","per ltr","1L"
"Sainsbury's",,"https://assets.sainsburys-groceries.co.uk/gol/100861/image.webp","Sainsbury's Pure Apple Juice 1L","Buy any 4 for £5.00 with NectarArrow right","true","1.6","https://www.sainsburys.co.uk/gol-ui/product/sainsburys-pure-apple-juice-1l","apple juice","2026-04-10T18:34:50.758Z","sainsburys","1.6","per ltr","1L"
"Sainsbury's",,"https://assets.sainsburys-groceries.co.uk/gol/7472589/image.webp","Sainsbury's Worcester Sauce 150ml",,"false","1.25","https://www.sainsburys.co.uk/gol-ui/product/sainsburys-worcestershire-sauce-150ml","worcestershire sauce","2026-04-10T18:35:03.009Z","sainsburys","8.33","per ltr","150ml"
"Lea",,"https://assets.sainsburys-groceries.co.uk/gol/3513460/image.webp","Lea & Perrins Worcester Sauce 150ml","Nectar Price","true","2","https://www.sainsburys.co.uk/gol-ui/product/lea---perrins-worcestershire-sauce-150ml","worcestershire sauce","2026-04-10T18:35:03.009Z","sainsburys","13.33","per ltr","150ml"
"Walkers",,"https://assets.sainsburys-groceries.co.uk/gol/8226600/image.webp","Walkers Worcester Sauce Lea & Perrins Multipack Crisps 6 x 2...",,"false","2.2","https://www.sainsburys.co.uk/gol-ui/product/walkers-worcester-sauce-lea-perrins-multipack-crisps-6-x-25g","worcestershire sauce","2026-04-10T18:35:03.009Z","sainsburys","14.67","per kg",
"Walkers",,"https://assets.sainsburys-groceries.co.uk/gol/8220767/image.webp","Walkers Worcester Sauce Lea & Perrins Grab Bag Crisps 45g",,"false","1.2","https://www.sainsburys.co.uk/gol-ui/product/walkers-worcester-sauce-lea-perrins-grab-bag-crisps-45g","worcestershire sauce","2026-04-10T18:35:03.009Z","sainsburys","26.67","per kg","45g"
"Cholula",,"https://assets.sainsburys-groceries.co.uk/gol/7712820/image.webp","Cholula Original Hot Sauce 150ml",,"false","2.5","https://www.sainsburys.co.uk/gol-ui/product/cholula-chipotle-hot-sauce-150ml","hot sauce","2026-04-10T18:35:16.359Z","sainsburys","16.67","per ltr","150ml"
"Frank's",,"https://assets.sainsburys-groceries.co.uk/gol/6867383/image.webp","Frank's Redhot Original Pepper Sauce 148ml",,"false","2.5","https://www.sainsburys.co.uk/gol-ui/product/franks-redhot-original-pepper-sauce-148ml","hot sauce","2026-04-10T18:35:16.359Z","sainsburys","16.89","per ltr","148ml"
"Tabasco",,"https://assets.sainsburys-groceries.co.uk/gol/8086698/image.webp","Tabasco Sriracha Hot Chilli Sauce 256ml",,"false","3.15","https://www.sainsburys.co.uk/gol-ui/product/tabasco-sriracha-hot-chilli-sauce-256ml","hot sauce","2026-04-10T18:35:16.359Z","sainsburys","12.3","per ltr","256ml"
"Sainsbury's",,"https://assets.sainsburys-groceries.co.uk/gol/8001760/image.webp","Sainsbury's Sriracha Hot Sauce 300g",,"false","1.9","https://www.sainsburys.co.uk/gol-ui/product/sainsburys-sriracha-hot-sauce-300g","hot sauce","2026-04-10T18:35:16.359Z","sainsburys","6.33","per kg","300g"
"Blue",,"https://assets.sainsburys-groceries.co.uk/gol/6529621/image.webp","Blue Dragon Original Thai Sweet Chilli Sauce 315g",,"false","2.7","https://www.sainsburys.co.uk/gol-ui/product/blue-dragon-sqz-sweet-chilli-sauce-380g","hot sauce","2026-04-10T18:35:16.359Z","sainsburys","8.57","per kg","315g"
"Ben's",,"https://assets.sainsburys-groceries.co.uk/gol/8143174/image.webp","Ben's Original Classic Basmati Microwave Rice 220g",,"false","1","https://www.sainsburys.co.uk/gol-ui/product/bens-original-classic-basmati-220g","basmati rice","2026-04-10T18:35:34.205Z","sainsburys","4.55","per kg","220g"
"Sainsbury's",,"https://assets.sainsburys-groceries.co.uk/gol/7497424/image.webp","Sainsbury's Microwave Rice Basmati 250g",,"false","1.96","https://www.sainsburys.co.uk/gol-ui/product/sainsburys-microwave-basmati-rice","basmati rice","2026-04-10T18:35:34.205Z","sainsburys","1.96","per kg","250g"
"Sainsbury's",,"https://assets.sainsburys-groceries.co.uk/gol/344890/image.webp","Sainsbury's Basmati Rice 1kg",,"false","1.79","https://www.sainsburys.co.uk/gol-ui/product/sainsburys-basmati-rice-1kg","basmati rice","2026-04-10T18:35:34.205Z","sainsburys","1.79","per kg","1kg"
"Tilda",,"https://assets.sainsburys-groceries.co.uk/gol/6567504/image.webp","Tilda Microwave Rice Pure Basmati 250g",,"false","1","https://www.sainsburys.co.uk/gol-ui/product/tilda-steamed-basmati-plain-rice-250g","basmati rice","2026-04-10T18:35:34.205Z","sainsburys","4","per kg","250g"
"Sainsbury's",,"https://assets.sainsburys-groceries.co.uk/gol/344883/image.webp","Sainsbury's Basmati Rice 500g",,"false","1.78","https://www.sainsburys.co.uk/gol-ui/product/sainsburys-basmati-rice-500g","basmati rice","2026-04-10T18:35:34.205Z","sainsburys","1.78","per kg","500g"
"Clipper",,"https://assets.sainsburys-groceries.co.uk/gol/8124995/image.webp","Clipper Organic Everyday Tea Bags x80",,"false","4.25","https://www.sainsburys.co.uk/gol-ui/product/clipper-organic-everyday-tea-bags-x80","tea bags","2026-04-10T18:35:46.007Z","sainsburys","18.32","per kg",
"Twinings",,"https://assets.sainsburys-groceries.co.uk/gol/8237520/image.webp","Twinings Superblends Feel Good Collection Tea Bags x20 38.4g",,"false","3.8","https://www.sainsburys.co.uk/gol-ui/product/twinings-superblends-feel-good-collection-tea-bags-x20-384g","tea bags","2026-04-10T18:35:46.007Z","sainsburys","100","per kg","38.4g"
"Clipper",,"https://assets.sainsburys-groceries.co.uk/gol/8123143/image.webp","Clipper Fairtrade Everyday Tea Bags x80 23g","Nectar Price","true","2.75","https://www.sainsburys.co.uk/gol-ui/product/clipper-fairtrade-everyday-tea-bags-x80","tea bags","2026-04-10T18:35:46.007Z","sainsburys","11","per kg","23g"
"Yorkshire",,"https://assets.sainsburys-groceries.co.uk/gol/2668789/image.webp","Yorkshire Tea Bags x240",,"false","8.5","https://www.sainsburys.co.uk/gol-ui/product/yorkshire-everyday-tea-bags-x240","tea bags","2026-04-10T18:35:46.007Z","sainsburys","11.33","per kg",
"Sainsbury's",,"https://assets.sainsburys-groceries.co.uk/gol/7852970/image.webp","Sainsburys Red Label Fairtrade Decaf Tea Bags x80 250g",,"false","1.75","https://www.sainsburys.co.uk/gol-ui/product/sainsburys-fairly-traded-decaffeinated-red-label-x80-tea-bags-250g","tea bags","2026-04-10T18:35:46.007Z","sainsburys","7","per kg","250g"
"French's",,"https://assets.sainsburys-groceries.co.uk/gol/7971173/image.webp","French's Classic Yellow Mustard 226g",,"false","2.5","https://www.sainsburys.co.uk/gol-ui/product/frenchs-classic-yellow-mustard-226g-7971173-p","mustard","2026-04-10T18:36:04.552Z","sainsburys","11.06","per kg","226g"
"Sainsbury's",,"https://assets.sainsburys-groceries.co.uk/gol/1304343/image.webp","Sainsbury's Dijon Mustard 185g",,"false","2.43","https://www.sainsburys.co.uk/gol-ui/product/sainsburys-dijon-mustard-210g","mustard","2026-04-10T18:36:04.552Z","sainsburys","2.43","per kg","185g"
"Colman's",,"https://assets.sainsburys-groceries.co.uk/gol/2019857/image.webp","Colman's Original English Mustard 100g",,"false","2","https://www.sainsburys.co.uk/gol-ui/product/colmans-english-mustard-100g","mustard","2026-04-10T18:36:04.552Z","sainsburys","20","per kg","100g"
"Colman's",,"https://assets.sainsburys-groceries.co.uk/gol/2019918/image.webp","Colman's Original English Mustard 170g",,"false","2.25","https://www.sainsburys.co.uk/gol-ui/product/colmans-english-mustard-170g","mustard","2026-04-10T18:36:04.552Z","sainsburys","13.24","per kg","170g"
"Maille",,"https://assets.sainsburys-groceries.co.uk/gol/3556610/image.webp","Maille Dijon Original Mustard 215g",,"false","3.2","https://www.sainsburys.co.uk/gol-ui/product/maille-dijon-mustard-215g","mustard","2026-04-10T18:36:04.552Z","sainsburys","14.88","per kg","215g"
"Ben's",,"https://assets.sainsburys-groceries.co.uk/gol/8143170/image.webp","Ben's Original Classic Long Grain Microwave Rice 220g",,"false","1","https://www.sainsburys.co.uk/gol-ui/product/bens-original-classic-long-grain-220g","long grain rice","2026-04-10T18:36:21.356Z","sainsburys","4.55","per kg","220g"
"Sainsbury's",,"https://assets.sainsburys-groceries.co.uk/gol/7497434/image.webp","Sainsbury's Microwave Rice Long Grain White 250g",,"false","1.96","https://www.sainsburys.co.uk/gol-ui/product/sainsburys-microwaveable-long-grain-rice-250g","long grain rice","2026-04-10T18:36:21.356Z","sainsburys","1.96","per kg","250g"
"Sainsbury's",,"https://assets.sainsburys-groceries.co.uk/gol/1072693/image.webp","Sainsbury's Easy Cook Long Grain White Rice 1kg",,"false","1.25","https://www.sainsburys.co.uk/gol-ui/product/sainsburys-easy-cook-rice-1kg","long grain rice","2026-04-10T18:36:21.356Z","sainsburys","1.25","per kg","1kg"
"Ben's",,"https://assets.sainsburys-groceries.co.uk/gol/8157707/image.webp","Ben's Original Golden Vegetable Microwave Rice 220g","Nectar Price","true","1","https://www.sainsburys.co.uk/gol-ui/product/bens-original-golden-vegetable-220g","long grain rice","2026-04-10T18:36:21.356Z","sainsburys","4.54","per kg","220g"
"Ben's",,"https://assets.sainsburys-groceries.co.uk/gol/8157694/image.webp","Ben's Original Mexican Style Microwave Rice 220g","Nectar Price","true","1","https://www.sainsburys.co.uk/gol-ui/product/bens-original-mexican-style-220g","long grain rice","2026-04-10T18:36:21.356Z","sainsburys","4.54","per kg","220g"
"L'OR",,"https://assets.sainsburys-groceries.co.uk/gol/7948423/image.webp","L'OR Intense Instant Coffee 150g","Nectar Price","true","6.95","https://www.sainsburys.co.uk/gol-ui/product/lor-intense-instant-coffee-165g","instant coffee","2026-04-10T18:36:34.774Z","sainsburys","46.34","per kg","150g"
"Nescafe",,"https://assets.sainsburys-groceries.co.uk/gol/7585204/image.webp","Nescafe Gold Blend Smooth Instant Coffee 190g","Nectar Price","true","5.2","https://www.sainsburys.co.uk/gol-ui/product/nescaf%C3%A9-gold-smooth-instant-coffee-200g","instant coffee","2026-04-10T18:36:34.775Z","sainsburys","27.37","per kg","190g"
"Nescafe",,"https://assets.sainsburys-groceries.co.uk/gol/8053005/image.webp","Nescafe Azera Americano Instant Coffee 140g","Nectar Price","true","5.5","https://www.sainsburys.co.uk/gol-ui/product/nescafe-azera-americano-instant-coffee-150g","instant coffee","2026-04-10T18:36:34.775Z","sainsburys","39.29","per kg","140g"
"Nescafé",,"https://assets.sainsburys-groceries.co.uk/gol/7620344/image.webp","Nescafé Azera Americano Instant Coffee 90g",,"false","7.25","https://www.sainsburys.co.uk/gol-ui/product/nescaf%C3%A9-azera-americano-instant-coffee-100g","instant coffee","2026-04-10T18:36:34.775Z","sainsburys","80.56","per kg","90g"
"Nescafe",,"https://assets.sainsburys-groceries.co.uk/gol/8053015/image.webp","Nescafe Cappuccino Instant Coffee Sachets 12x15.5g",,"false","2.5","https://www.sainsburys.co.uk/gol-ui/product/nescafe-gold-cappuccino-instant-coffee-sachets-x12-155g","instant coffee","2026-04-10T18:36:34.775Z","sainsburys","13.44","per kg","12x15.5g"
"Gallo",,"https://assets.sainsburys-groceries.co.uk/gol/7259285/image.webp","Gallo My Risotto Perfetto Porcini Mushroom 175g",,"false","2.85","https://www.sainsburys.co.uk/gol-ui/product/riso-gallo-risotto-pronto-porcini-mushroom-175g","risotto rice","2026-04-10T18:37:19.977Z","sainsburys","16.29","per kg","175g"
"Gallo",,"https://assets.sainsburys-groceries.co.uk/gol/3509074/image.webp","Gallo Traditional Risotto Rice 500g",,"false","3","https://www.sainsburys.co.uk/gol-ui/product/gallo-arborio-rice-500g","risotto rice","2026-04-10T18:37:19.977Z","sainsburys","6","per kg","500g"
"Gallo",,"https://assets.sainsburys-groceries.co.uk/gol/8230186/image.webp","Gallo Easy Cook Risotto 500g",,"false","2.65","https://www.sainsburys.co.uk/gol-ui/product/gallo-easy-cook-risotto-500g","risotto rice","2026-04-10T18:37:19.977Z","sainsburys","5.3","per kg","500g"
"Sainsbury's",,"https://assets.sainsburys-groceries.co.uk/gol/459068/image.webp","Sainsbury's Arborio Risotto Rice 500g",,"false","2","https://www.sainsburys.co.uk/gol-ui/product/sainsburys-arborio-risotto-rice-500g","risotto rice","2026-04-10T18:37:19.977Z","sainsburys","4","per kg","500g"
"Yutaka",,"https://assets.sainsburys-groceries.co.uk/gol/7638761/image.webp","Yutaka Sushi Rice 500g",,"false","2.2","https://www.sainsburys.co.uk/gol-ui/product/yutaka-sushi-rice-500g","risotto rice","2026-04-10T18:37:19.977Z","sainsburys","4.4","per kg","500g"
"Sainsbury's",,"https://assets.sainsburys-groceries.co.uk/gol/6347/image.webp","Sainsbury's Vegetable Oil 1L",,"false","1.65","https://www.sainsburys.co.uk/gol-ui/product/sainsburys-vegetable-oil-1l","vegetable oil","2026-04-10T18:37:36.222Z","sainsburys","1.65","per ltr","1L"
"Crisp",,"https://assets.sainsburys-groceries.co.uk/gol/2007946/image.webp","Crisp 'N Dry Vegetable Oil 100% Rapeseed 1L",,"false","2.95","https://www.sainsburys.co.uk/gol-ui/product/crisp-n-dry-vegetable-oil-1l","vegetable oil","2026-04-10T18:37:36.222Z","sainsburys","2.95","per ltr","1L"
"Sainsbury's",,"https://assets.sainsburys-groceries.co.uk/gol/178266/image.webp","Sainsbury's Vegetable Oil 3L",,"false","4.75","https://www.sainsburys.co.uk/gol-ui/product/sainsburys-vegetable-oil-3l","vegetable oil","2026-04-10T18:37:36.222Z","sainsburys","1.58","per ltr","3L"
"Sainsbury's",,"https://assets.sainsburys-groceries.co.uk/gol/8193242/image.webp","Sainsbury's Pure Vegetable Oil 5L",,"false","7.5","https://www.sainsburys.co.uk/gol-ui/product/sainsburys-pure-vegetable-oil-5l","vegetable oil","2026-04-10T18:37:36.222Z","sainsburys","1.5","per ltr","5L"
"Sainsbury's",,"https://assets.sainsburys-groceries.co.uk/gol/8213357/image.webp","Sainsbury's Vegetable Oil Spray 200ml",,"false","1.95","https://www.sainsburys.co.uk/gol-ui/product/sainsburys-vegetable-oil-spray-200ml-8213357-p-44","vegetable oil","2026-04-10T18:37:36.222Z","sainsburys","9.75","per ltr","200ml"
"JS",,"https://assets.sainsburys-groceries.co.uk/gol/64491/image.webp","JS Sunflower Oil 1L",,"false","1.65","https://www.sainsburys.co.uk/gol-ui/product/sainsburys-sunflower-oil-1l","sunflower oil","2026-04-10T18:37:51.467Z","sainsburys","1.65","per ltr","1L"
"Frylight",,"https://assets.sainsburys-groceries.co.uk/gol/7578562/image.webp","Frylight 1 Cal Golden Sunflower Oil Cooking Spray 190ml","Nectar Price","true","1.75","https://www.sainsburys.co.uk/gol-ui/product/frylight-sunflower-oil-spray-190ml","sunflower oil","2026-04-10T18:37:51.467Z","sainsburys","9.21","per ltr","190ml"
"Sainsbury's",,"https://assets.sainsburys-groceries.co.uk/gol/8193240/image.webp","Sainsbury's Pure Sunflower Oil 5L",,"false","7.5","https://www.sainsburys.co.uk/gol-ui/product/sainsburys-pure-sunflower-oil-5l","sunflower oil","2026-04-10T18:37:51.467Z","sainsburys","1.5","per ltr","5L"
"Flora",,"https://assets.sainsburys-groceries.co.uk/gol/2007861/image.webp","Flora Pure Sunflower Oil with Vitamin E 1L","Nectar Price","true","2.5","https://www.sainsburys.co.uk/gol-ui/product/flora-sunflower-oil-1l","sunflower oil","2026-04-10T18:37:51.467Z","sainsburys","2.5","per ltr","1L"
"Sainsbury's",,"https://assets.sainsburys-groceries.co.uk/gol/182317/image.webp","Sainsbury's Sunflower Oil 3L",,"false","4.75","https://www.sainsburys.co.uk/gol-ui/product/sainsburys-sunflower-oil-3l","sunflower oil","2026-04-10T18:37:51.467Z","sainsburys","1.58","per ltr","3L"
"Coca-Cola",,"https://assets.sainsburys-groceries.co.uk/gol/8255191/image.webp","Coca-Cola 1.75L Cherry Float Bottle",,"false","2.75","https://www.sainsburys.co.uk/gol-ui/product/coca-cola-175l-cherry-float-bottle","coca cola","2026-04-10T18:37:59.701Z","sainsburys","1.57","per ltr","1.75L"
"Coca-Cola",,"https://assets.sainsburys-groceries.co.uk/gol/8257636/image.webp","Coca-Cola 8 x 330ml Cherry Float Cans","Nectar Price","true","5","https://www.sainsburys.co.uk/gol-ui/product/coca-cola-8-x-330ml-cherry-float-cans","coca cola","2026-04-10T18:37:59.701Z","sainsburys","1.9","per ltr","8 x 330ml"
"Coca-Cola",,"https://assets.sainsburys-groceries.co.uk/gol/8024622/image.webp","Coca-Cola Original Taste 24x330ml",,"false","15.25","https://www.sainsburys.co.uk/gol-ui/product/coca-cola-original-taste-24x330ml","coca cola","2026-04-10T18:37:59.701Z","sainsburys","1.93","per ltr","24x330ml"
"Coca-Cola",,"https://assets.sainsburys-groceries.co.uk/gol/7517134/image.webp","Coca-Cola Original Taste 8x330ml","Nectar Price","true","5","https://www.sainsburys.co.uk/gol-ui/product/coca-cola-original-taste-8x330ml","coca cola","2026-04-10T18:37:59.701Z","sainsburys","1.9","per ltr","8x330ml"
"Coca-Cola",,"https://assets.sainsburys-groceries.co.uk/gol/2000923/image.webp","Coca-Cola Original Taste 1.75L",,"false","2.75","https://www.sainsburys.co.uk/gol-ui/product/coca-cola-original-taste-175l","coca cola","2026-04-10T18:37:59.701Z","sainsburys","1.57","per ltr","1.75L"
"Pepsi",,"https://assets.sainsburys-groceries.co.uk/gol/8096054/image.webp","Pepsi Max Lime No Sugar Cola Cans 8 x 330ml","Buy any 2 for £7.00 with NectarArrow right","true","4.95","https://www.sainsburys.co.uk/gol-ui/product/pepsi-max-lime-no-sugar-cola-cans-8-x-330ml","pepsi","2026-04-10T18:38:27.756Z","sainsburys","1.88","per ltr","8 x 330ml"
"Pepsi",,"https://assets.sainsburys-groceries.co.uk/gol/7516963/image.webp","Pepsi Max No Sugar Cola Cans 8x330ml","Buy any 2 for £7.00 with NectarArrow right","true","4.95","https://www.sainsburys.co.uk/gol-ui/product/pepsi-max-8x330ml","pepsi","2026-04-10T18:38:27.756Z","sainsburys","1.88","per ltr","8x330ml"
"Pepsi",,"https://assets.sainsburys-groceries.co.uk/gol/8070960/image.webp","Pepsi Max No Caffeine 8x330ml","Buy any 2 for £7.00 with NectarArrow right","true","4.95","https://www.sainsburys.co.uk/gol-ui/product/pepsi-max-no-caffeine-8x330ml","pepsi","2026-04-10T18:38:27.756Z","sainsburys","1.88","per ltr","8x330ml"
"Pepsi",,"https://assets.sainsburys-groceries.co.uk/gol/7934330/image.webp","Pepsi Max No Sugar Cola Cans 12x330ml","Nectar Price","true","5","https://www.sainsburys.co.uk/gol-ui/product/pepsi-max-cans-12x330ml","pepsi","2026-04-10T18:38:27.756Z","sainsburys","1.26","per ltr","12x330ml"
"Pepsi",,"https://assets.sainsburys-groceries.co.uk/gol/7730215/image.webp","Pepsi Max No Sugar Cola Cans 24x330ml",,"false","12","https://www.sainsburys.co.uk/gol-ui/product/pepsi-max-24x330ml","pepsi","2026-04-10T18:38:27.756Z","sainsburys","1.52","per ltr","24x330ml"
"Sainsbury's",,"https://assets.sainsburys-groceries.co.uk/gol/7911291/image.webp","Sainsbury's Rice Noodles 250g",,"false","1","https://www.sainsburys.co.uk/gol-ui/product/sainsburys-rice-noodles-250g","rice noodles","2026-04-10T18:38:30.355Z","sainsburys","4","per kg","250g"
"Naked",,"https://assets.sainsburys-groceries.co.uk/gol/7947595/image.webp","Naked Rice Long Grain Rice Japanese Katsu Curry 78g",,"false","1.25","https://www.sainsburys.co.uk/gol-ui/product/naked-rice-long-grain-rice-japanese-katsu-curry-78g","rice noodles","2026-04-10T18:38:30.355Z","sainsburys","16.03","per kg","78g"
"itsu",,"https://assets.sainsburys-groceries.co.uk/gol/8127494/image.webp","itsu Chick-n Ramen Rice Noodle Pot 64g",,"false","2","https://www.sainsburys.co.uk/gol-ui/product/itsu-chickn-ramen-rice-noodles-64g","rice noodles","2026-04-10T18:38:30.355Z","sainsburys","31.25","per kg","64g"
"itsu",,"https://assets.sainsburys-groceries.co.uk/gol/7900651/image.webp","itsu Satay Rice Noodle Pot 64g",,"false","2","https://www.sainsburys.co.uk/gol-ui/product/itsu-satay-ricenoodles-64g","rice noodles","2026-04-10T18:38:30.355Z","sainsburys","31.25","per kg","64g"
"Ko-lee",,"https://assets.sainsburys-groceries.co.uk/gol/6907805/image.webp","Ko-lee Rice Vermicelli Noodles",,"false","1.5","https://www.sainsburys.co.uk/gol-ui/product/ko-lee-rice-vermicelli-noodles","rice noodles","2026-04-10T18:38:30.355Z","sainsburys","7.5","per kg",
"McDougalls",,"https://assets.sainsburys-groceries.co.uk/gol/7935697/image.webp","McDougalls Plain Flour 1.1kg",,"false","1.85","https://www.sainsburys.co.uk/gol-ui/product/mcdougalls-plain-flour-11kg","plain flour","2026-04-10T18:38:43.174Z","sainsburys","1.68","per kg","1.1kg"
"Freee",,"https://assets.sainsburys-groceries.co.uk/gol/3272176/image.webp","Freee Gluten Free Plain White Flour 1kg",,"false","1.95","https://www.sainsburys.co.uk/gol-ui/product/doves-farm-gluten-free-plain-flour-1kg","plain flour","2026-04-10T18:38:43.174Z","sainsburys","1.95","per kg","1kg"
"Carrs",,"https://assets.sainsburys-groceries.co.uk/gol/3931042/image.webp","Carrs Breadmaker Strong White Flour 1.5kg",,"false","1.65","https://www.sainsburys.co.uk/gol-ui/product/carrs-breadmaker-flour-strong-white-15kg","plain flour","2026-04-10T18:38:43.174Z","sainsburys","1.1","per kg","1.5kg"
"Homepride",,"https://assets.sainsburys-groceries.co.uk/gol/8187600/image.webp","Homepride Plain Pre Sieved Flour 1.5kg",,"false","1.5","https://www.sainsburys.co.uk/gol-ui/product/homepride-plain-pre-sieved-flour-15kg","plain flour","2026-04-10T18:38:43.174Z","sainsburys","1","per kg","1.5kg"
"Doves",,"https://assets.sainsburys-groceries.co.uk/gol/2377988/image.webp","Doves Farm Organic White Flour 1kg","Nectar Price","true","2","https://www.sainsburys.co.uk/gol-ui/product/doves-farm-organic-white-flour--farm-1kg","plain flour","2026-04-10T18:38:43.174Z","sainsburys","2","per kg","1kg"
"Heinz",,"https://assets.sainsburys-groceries.co.uk/gol/8166234/image.webp","Heinz Baked Beans in a Rich Tomato Sauce 6x200g","Nectar Price","true","3.6","https://www.sainsburys.co.uk/gol-ui/product/heinz-beanz-in-a-rich-tomato-sauce-big-value-pack-6-x-200g","baked beans","2026-04-10T18:38:55.289Z","sainsburys","3","per kg","6x200g"
"Heinz",,"https://assets.sainsburys-groceries.co.uk/gol/7346958/image.webp","Heinz Baked Beans in a Rich Tomato Sauce 6 x 415g","Nectar Price","true","4.5","https://www.sainsburys.co.uk/gol-ui/product/heinz-beanz-6x415g","baked beans","2026-04-10T18:38:55.289Z","sainsburys","1.81","per kg","6 x 415g"
"Heinz",,"https://assets.sainsburys-groceries.co.uk/gol/3300763/image.webp","Heinz Baked Beans in a Rich Tomato Sauce 415g","Nectar Price","true","1.1","https://www.sainsburys.co.uk/gol-ui/product/heinz-baked-beans-in-tomato-sauce-415g","baked beans","2026-04-10T18:38:55.289Z","sainsburys","2.65","per kg","415g"
"Sainsbury's",,"https://assets.sainsburys-groceries.co.uk/gol/6040/image.webp","Sainsbury's Baked Beans In Tomato Sauce 200g",,"false","1.75","https://www.sainsburys.co.uk/gol-ui/product/sainsburys-baked-beans-in-tomato-sauce-220g","baked beans","2026-04-10T18:38:55.289Z","sainsburys","1.75","per kg","200g"
"Heinz",,"https://assets.sainsburys-groceries.co.uk/gol/3300787/image.webp","Heinz Baked Beans in a Rich Tomato Sauce 4 x 415g",,"false","3.9","https://www.sainsburys.co.uk/gol-ui/product/heinz-baked-beans-4x415g","baked beans","2026-04-10T18:38:55.289Z","sainsburys","2.35","per kg","4 x 415g"
"Schweppes",,"https://assets.sainsburys-groceries.co.uk/gol/3266014/image.webp","Schweppes Lemonade 2L","Nectar Price","true","1.4","https://www.sainsburys.co.uk/gol-ui/product/schweppes-lemonade-2l","lemonade","2026-04-10T18:39:15.807Z","sainsburys",,,"2L"
"Schweppes",,"https://assets.sainsburys-groceries.co.uk/gol/8242429/image.webp","Schweppes Lemonade Cans 8 x 330ml",,"false","4.6","https://www.sainsburys.co.uk/gol-ui/product/schweppes-lemonade-cans-8-x-330ml","lemonade","2026-04-10T18:39:15.807Z","sainsburys","1.74","per ltr","8 x 330ml"
"Sprite",,"https://assets.sainsburys-groceries.co.uk/gol/2331331/image.webp","Sprite 2L","Nectar Price","true","1.5","https://www.sainsburys.co.uk/gol-ui/product/sprite-sparkling-lemon---lime-drink-2l","lemonade","2026-04-10T18:39:15.807Z","sainsburys",,,"2L"
"Schweppes",,"https://assets.sainsburys-groceries.co.uk/gol/6676948/image.webp","Schweppes Original Lemonade 12x150ml",,"false","6.35","https://www.sainsburys.co.uk/gol-ui/product/schweppes-lemonade-12x150ml","lemonade","2026-04-10T18:39:15.807Z","sainsburys","3.53","per ltr","12x150ml"
"7UP",,"https://assets.sainsburys-groceries.co.uk/gol/8166180/image.webp","7UP Zero Sugar Lemon & Lime Cans 8x330ml","Nectar Price","true","3","https://www.sainsburys.co.uk/gol-ui/product/7up-zero-sugar-cans-8x330ml","lemonade","2026-04-10T18:39:15.807Z","sainsburys","1.13","per ltr","8x330ml"
"Freee",,"https://assets.sainsburys-groceries.co.uk/gol/6812865/image.webp","Freee Gluten Free Self Raising White Flour 1kg",,"false","1.95","https://www.sainsburys.co.uk/gol-ui/product/doves-farm-gluten-free-self-raising-flour-1kg","self raising flour","2026-04-10T18:39:17.514Z","sainsburys","1.95","per kg","1kg"
"McDougalls",,"https://assets.sainsburys-groceries.co.uk/gol/7935748/image.webp","McDougalls Self Raising Flour 1.1kg",,"false","1.85","https://www.sainsburys.co.uk/gol-ui/product/mcdougalls-self-raising-flour-11kg","self raising flour","2026-04-10T18:39:17.514Z","sainsburys","1.68","per kg","1.1kg"
"Homepride",,"https://assets.sainsburys-groceries.co.uk/gol/8187591/image.webp","Homepride Self Raising Pre Sieved Flour 1.5kg",,"false","1.5","https://www.sainsburys.co.uk/gol-ui/product/homepride-self-raising-pre-sieved-flour-15kg","self raising flour","2026-04-10T18:39:17.514Z","sainsburys","1","per kg","1.5kg"
"McDougalls",,"https://assets.sainsburys-groceries.co.uk/gol/2045580/image.webp","McDougalls Speciality Supreme Sponge Self Raising Flour 1kg",,"false","2.5","https://www.sainsburys.co.uk/gol-ui/product/mcdougalls-supreme-self-raising-sponge-flour-1kg","self raising flour","2026-04-10T18:39:17.514Z","sainsburys","2.5","per kg","1kg"
"Doves",,"https://assets.sainsburys-groceries.co.uk/gol/4002536/image.webp","Doves Farm Organic White Self Raising Flour 1kg","Nectar Price","true","2.15","https://www.sainsburys.co.uk/gol-ui/product/doves-farm-white-self-raising-flour--organic-1kg","self raising flour","2026-04-10T18:39:17.514Z","sainsburys","2.15","per kg","1kg"
"Highland",,"https://assets.sainsburys-groceries.co.uk/gol/7916815/image.webp","Highland Spring Sparkling Spring Water 8x500ml",,"false","3.2581","https://www.sainsburys.co.uk/gol-ui/product/highland-spring-sparkling-spring-water-8x500ml","sparkling water","2026-04-10T18:39:31.261Z","sainsburys",,,"8x500ml"
"San",,"https://assets.sainsburys-groceries.co.uk/gol/3495926/image.webp","San Pellegrino Sparkling Natural Mineral Water 6x1L",,"false","7","https://www.sainsburys.co.uk/gol-ui/product/san-pellegrino-sparkling-mineral-water-6x1l","sparkling water","2026-04-10T18:39:31.261Z","sainsburys","1.17","per ltr","6x1L"
"Highland",,"https://assets.sainsburys-groceries.co.uk/gol/7842533/image.webp","Highland Spring Sparkling Spring Water 6x1L","Nectar Price","true","3.75","https://www.sainsburys.co.uk/gol-ui/product/highland-spring-sparkling-spring-water-6x1l","sparkling water","2026-04-10T18:39:31.261Z","sainsburys",,,"6x1L"
"Sainsbury's",,"https://assets.sainsburys-groceries.co.uk/gol/6319530/image.webp","Sainsburys British Bottled Sparkling Spring water 4x2L",,"false","2.2528","https://www.sainsburys.co.uk/gol-ui/product/sainsburys-caledonian-sparkling-water-4x2l","sparkling water","2026-04-10T18:39:31.261Z","sainsburys",,,"4x2L"
"Sainsbury's",,"https://assets.sainsburys-groceries.co.uk/gol/8125311/image.webp","Sainsbury's British Bottled Sparkling Spring Water 12x500ml",,"false","3.005","https://www.sainsburys.co.uk/gol-ui/product/sainsburys-british-spring-water-12x500ml","sparkling water","2026-04-10T18:39:31.261Z","sainsburys",,,"12x500ml"
"Mutti",,"https://assets.sainsburys-groceries.co.uk/gol/7935252/image.webp","Mutti Finely Chopped Tomatoes 4 x 400g","Nectar Price","true","4","https://www.sainsburys.co.uk/gol-ui/product/mutti-finely-chopped-tomatoes-4x400g","chopped tomatoes","2026-04-10T18:39:43.963Z","sainsburys","2.5","per kg","4 x 400g"
"Mutti",,"https://assets.sainsburys-groceries.co.uk/gol/7931400/image.webp","Mutti Finely Chopped Tomatoes 400g",,"false","1.6","https://www.sainsburys.co.uk/gol-ui/product/mutti-finely-chopped-tomatoes-400g","chopped tomatoes","2026-04-10T18:39:43.963Z","sainsburys","4","per kg","400g"
"Sainsbury's",,"https://assets.sainsburys-groceries.co.uk/gol/6365335/image.webp","Sainsbury's Chopped Tomatoes Can 400g",,"false","1.18","https://www.sainsburys.co.uk/gol-ui/product/sainsburys-chopped-tomatoes-carton-390g","chopped tomatoes","2026-04-10T18:39:43.963Z","sainsburys","1.18","per kg","400g"
"Sainsbury's",,"https://assets.sainsburys-groceries.co.uk/gol/6365337/image.webp","Sainsbury's Italian Chopped Tomatoes 4×400g",,"false","1.88","https://www.sainsburys.co.uk/gol-ui/product/sainsburys-italian-chopped-tomatoes-4%C3%97400g","chopped tomatoes","2026-04-10T18:39:43.963Z","sainsburys","1.18","per kg","400g"
"Stamford",,"https://assets.sainsburys-groceries.co.uk/gol/1163575/image.webp","Stamford Street Co. Chopped Tomatoes in Tomato Juice 400g",,"false","1.08","https://www.sainsburys.co.uk/gol-ui/product/hubbard%E2%80%99s-foodstore-chopped-tomatoes-400g","chopped tomatoes","2026-04-10T18:39:43.963Z","sainsburys","1.08","per kg","400g"
"Sainsbury's",,"https://assets.sainsburys-groceries.co.uk/gol/61575/image.webp","Sainsbury's Strong White Unbleached Bread Flour 1.5kg",,"false","1.4093","https://www.sainsburys.co.uk/gol-ui/product/sainsburys-strong-white-bread-flour--unbleached-15kg","bread flour","2026-04-10T18:39:56.600Z","sainsburys",,,"1.5kg"
"Sainsbury's",,"https://assets.sainsburys-groceries.co.uk/gol/113595/image.webp","Sainsbury's Crumble Mix 225g",,"false","2.89","https://www.sainsburys.co.uk/gol-ui/product/sainsburys-crumble-mix-225g","bread flour","2026-04-10T18:39:56.600Z","sainsburys","2.89","per kg","225g"
"Sainsbury's",,"https://assets.sainsburys-groceries.co.uk/gol/7610868/image.webp","Sainsbury's Golden Multiseed Bread Mix, Taste the Difference...",,"false","1.5","https://www.sainsburys.co.uk/gol-ui/product/sainsburys-golden-multiseed-bread-mix--taste-the-difference-500g","bread flour","2026-04-10T18:39:56.600Z","sainsburys","3","per kg",
"Sainsbury's",,"https://assets.sainsburys-groceries.co.uk/gol/7279959/image.webp","Sainsbury's Wholegrain Seeded Flour, Taste the Difference 1k...",,"false","2","https://www.sainsburys.co.uk/gol-ui/product/sainsburys-wholegrain-seeded-flour--taste-the-difference-1kg","bread flour","2026-04-10T18:39:56.600Z","sainsburys","2","per kg",
"Allinson's",,"https://assets.sainsburys-groceries.co.uk/gol/8156391/image.webp","Allinson's Strong White Bread Flour 1kg",,"false","1.75","https://www.sainsburys.co.uk/gol-ui/product/allinsons-strong-white-bread-flour-1kg","bread flour","2026-04-10T18:39:56.600Z","sainsburys","1.75","per kg","1kg"
"Bold",,"https://assets.sainsburys-groceries.co.uk/gol/8170533/image.webp","Bold Bean Co Queen Chickpeas 570g","Nectar Price","true","2.6","https://www.sainsburys.co.uk/gol-ui/product/bold-bean-co-queen-chickpeas-570g","chickpeas tinned","2026-04-10T18:40:15.322Z","sainsburys","6.5","per kg","570g"
"Merchant",,"https://assets.sainsburys-groceries.co.uk/gol/8200792/image.webp","Merchant Gourmet Lentil & Chickpea Tagine 280g","Nectar Price","true","1.75","https://www.sainsburys.co.uk/gol-ui/product/merchant-gourmet-lentil-chickpea-tagine-280g","chickpeas tinned","2026-04-10T18:40:15.322Z","sainsburys","6.25","per kg","280g"
"Laila",,"https://assets.sainsburys-groceries.co.uk/gol/8161921/image.webp","Laila Chickpeas 1kg",,"false","2.25","https://www.sainsburys.co.uk/gol-ui/product/laila-chickpeas-1kg","chickpeas tinned","2026-04-10T18:40:15.322Z","sainsburys","2.25","per kg","1kg"
"Merchant",,"https://assets.sainsburys-groceries.co.uk/gol/8209477/image.webp","Merchant Gourmet Jumbo Chickpeas 240g","Nectar Price","true","1.75","https://www.sainsburys.co.uk/gol-ui/product/merchant-gourmet-jumbo-chickpeas-240g","chickpeas tinned","2026-04-10T18:40:15.322Z","sainsburys","7.3","per kg","240g"
"Village",,"https://assets.sainsburys-groceries.co.uk/gol/8215305/image.webp","Village Quality Products Chickpeas in Brine 540g",,"false","1","https://www.sainsburys.co.uk/gol-ui/product/village-quality-products-chickpeas-in-brine-540g","chickpeas tinned","2026-04-10T18:40:15.322Z","sainsburys","2.5","per kg","540g"
"Sainsbury's",,"https://assets.sainsburys-groceries.co.uk/gol/7713290/image.webp","Sainsbury's White Caster Sugar 1kg",,"false","1.75","https://www.sainsburys.co.uk/gol-ui/product/sainsburys-british-caster-sugar-1kg","caster sugar","2026-04-10T18:40:30.292Z","sainsburys","1.75","per kg","1kg"
"Sainsbury's",,"https://assets.sainsburys-groceries.co.uk/gol/7713286/image.webp","Sainsbury's White Caster Sugar 500g",,"false","1.3","https://www.sainsburys.co.uk/gol-ui/product/sainsburys-british-caster-sugar-500g","caster sugar","2026-04-10T18:40:30.292Z","sainsburys","2.6","per kg","500g"
"Sainsbury's",,"https://assets.sainsburys-groceries.co.uk/gol/363037/image.webp","Sainsbury's Fairtrade Golden Caster Sugar 1kg",,"false","2.85","https://www.sainsburys.co.uk/gol-ui/product/sainsburys-fairtrade-golden-caster-sugar-1kg","caster sugar","2026-04-10T18:40:30.292Z","sainsburys","2.85","per kg","1kg"
"Sainsbury's",,"https://assets.sainsburys-groceries.co.uk/gol/7713049/image.webp","Sainsbury's Fairtrade White Caster Sugar 1kg",,"false","1.9","https://www.sainsburys.co.uk/gol-ui/product/sainsburys-fairtrade-caster-sugar-1kg-7713049-p-44","caster sugar","2026-04-10T18:40:30.292Z","sainsburys","1.9","per kg","1kg"
"Billington's",,"https://assets.sainsburys-groceries.co.uk/gol/7427147/image.webp","Billington's Natural Golden Caster, Unrefined Cane Sugar 1kg",,"false","2.85","https://www.sainsburys.co.uk/gol-ui/product/billingtons-natural-golden-caster--unrefined-cane-sugar-1kg","caster sugar","2026-04-10T18:40:30.292Z","sainsburys","2.85","per kg","1kg"
"Highland",,"https://assets.sainsburys-groceries.co.uk/gol/2954950/image.webp","Highland Spring Still Water 6x1.5L",,"false","4.4549","https://www.sainsburys.co.uk/gol-ui/product/highland-spring-water-6x15l","still water","2026-04-10T18:40:43.956Z","sainsburys",,,"6x1.5L"
"Evian",,"https://assets.sainsburys-groceries.co.uk/gol/2421070/image.webp","Evian Natural Bottled Mineral Still Water 6x1.5L",,"false","6.0067","https://www.sainsburys.co.uk/gol-ui/product/evian-mineral-water-6x15l","still water","2026-04-10T18:40:43.956Z","sainsburys",,,"6x1.5L"
"Highland",,"https://assets.sainsburys-groceries.co.uk/gol/6468080/image.webp","Highland Spring Still Water 12x500ml","Nectar Price","true","3","https://www.sainsburys.co.uk/gol-ui/product/highland-spring-water-12x500ml","still water","2026-04-10T18:40:43.956Z","sainsburys",,,"12x500ml"
"Sainsbury's",,"https://assets.sainsburys-groceries.co.uk/gol/7862433/image.webp","Sainsbury's British Bottled Spring Water 12x500ml",,"false","2.3539","https://www.sainsburys.co.uk/gol-ui/product/sainsburys-caledonian-water-12x500ml","still water","2026-04-10T18:40:43.956Z","sainsburys",,,"12x500ml"
"Sainsbury's",,"https://assets.sainsburys-groceries.co.uk/gol/6731645/image.webp","Sainsbury's British Bottled Still Spring Water 5L",,"false","1.6533","https://www.sainsburys.co.uk/gol-ui/product/sainsburys-caledonian-still-water-5l-6731645-p-44","still water","2026-04-10T18:40:43.956Z","sainsburys",,,"5L"
"Sainsbury's",,"https://assets.sainsburys-groceries.co.uk/gol/87193/image.webp","Sainsbury's Fairtrade Demerara Cane Sugar 500g",,"false","1.7","https://www.sainsburys.co.uk/gol-ui/product/sainsburys-fairtrade-demerara-cane-sugar-500g","brown sugar","2026-04-10T18:41:19.354Z","sainsburys","3.4","per kg","500g"
"Sainsbury's",,"https://assets.sainsburys-groceries.co.uk/gol/681384/image.webp","Sainsbury's Fairtrade Light Soft Brown Sugar 500g",,"false","2","https://www.sainsburys.co.uk/gol-ui/product/sainsburys-fairtrade-light-soft-brown-sugar-500g","brown sugar","2026-04-10T18:41:19.354Z","sainsburys","4","per kg","500g"
"Sainsbury's",,"https://assets.sainsburys-groceries.co.uk/gol/87186/image.webp","Sainsbury's Fairtrade Demerara Cane Sugar 1kg",,"false","2.6","https://www.sainsburys.co.uk/gol-ui/product/sainsburys-fairtrade-demerara-cane-sugar-1kg","brown sugar","2026-04-10T18:41:19.354Z","sainsburys","2.6","per kg","1kg"
"Sainsbury's",,"https://assets.sainsburys-groceries.co.uk/gol/173377/image.webp","Sainsbury's Fairtrade Golden Granulated Sugar 1kg",,"false","2.6","https://www.sainsburys.co.uk/gol-ui/product/sainsburys-fairtrade-golden-granulated-sugar-1kg","brown sugar","2026-04-10T18:41:19.354Z","sainsburys","2.6","per kg","1kg"
"Sainsbury's",,"https://assets.sainsburys-groceries.co.uk/gol/681360/image.webp","Sainsbury's Fairtrade Dark Soft Brown Sugar 500g",,"false","2","https://www.sainsburys.co.uk/gol-ui/product/sainsburys-fairtrade-dark-soft-brown-sugar-500g","brown sugar","2026-04-10T18:41:19.354Z","sainsburys","4","per kg","500g"
"Birds",,"https://assets.sainsburys-groceries.co.uk/gol/7840809/image.webp","Birds Eye Petits Pois 960g","Nectar Price","true","3","https://www.sainsburys.co.uk/gol-ui/product/birds-eye-petits-pois-105kg","frozen peas","2026-04-10T18:41:37.944Z","sainsburys","3.12","per kg","960g"
"Sainsbury's",,"https://assets.sainsburys-groceries.co.uk/gol/31080/image.webp","Sainsbury's Garden Peas 910g",,"false","1.55","https://www.sainsburys.co.uk/gol-ui/product/sainsburys-british-garden-peas-910g","frozen peas","2026-04-10T18:41:37.944Z","sainsburys","1.7","per kg","910g"
"Sainsbury's",,"https://assets.sainsburys-groceries.co.uk/gol/113168/image.webp","Sainsbury's Petits Pois 910g",,"false","1.85","https://www.sainsburys.co.uk/gol-ui/product/sainsburys-british-petits-pois-907g","frozen peas","2026-04-10T18:41:37.944Z","sainsburys","2.03","per kg","910g"
"Birds",,"https://assets.sainsburys-groceries.co.uk/gol/7603015/image.webp","Birds Eye Garden Peas 375g","Nectar Price","true","1.5","https://www.sainsburys.co.uk/gol-ui/product/birds-eye-garden-peas-375g","frozen peas","2026-04-10T18:41:37.944Z","sainsburys","4","per kg","375g"
"Stamford",,"https://assets.sainsburys-groceries.co.uk/gol/7991084/image.webp","Stamford Street Co. Peas 850g",,"false","1.09","https://www.sainsburys.co.uk/gol-ui/product/the-greengrocer-garden-peas-850g","frozen peas","2026-04-10T18:41:37.944Z","sainsburys","1.28","per kg","850g"
"Sainsbury's",,"https://assets.sainsburys-groceries.co.uk/gol/7713310/image.webp","Sainsbury's Icing Sugar 1kg",,"false","2.65","https://www.sainsburys.co.uk/gol-ui/product/sainsburys-british-icing-sugar-1kg","icing sugar","2026-04-10T18:41:55.564Z","sainsburys","2.65","per kg","1kg"
"Sainsbury's",,"https://assets.sainsburys-groceries.co.uk/gol/7713302/image.webp","Sainsbury's Icing Sugar 500g",,"false","1.4","https://www.sainsburys.co.uk/gol-ui/product/sainsburys-british-icing-sugar-500g","icing sugar","2026-04-10T18:41:55.564Z","sainsburys","2.8","per kg","500g"
"Silver",,"https://assets.sainsburys-groceries.co.uk/gol/8236393/image.webp","Silver Spoon Icing Sugar 500g",,"false","1.7","https://www.sainsburys.co.uk/gol-ui/product/silver-spoon-icing-sugar-500g","icing sugar","2026-04-10T18:41:55.564Z","sainsburys","3.4","per kg","500g"
"Betty",,"https://assets.sainsburys-groceries.co.uk/gol/6828740/image.webp","Betty Crocker Vanilla Buttercream Style Icing 400g",,"false","3.2","https://www.sainsburys.co.uk/gol-ui/product/betty-crocker-vanilla-butter-cream-icing-450g","icing sugar","2026-04-10T18:41:55.564Z","sainsburys","8","per kg","400g"
"Betty",,"https://assets.sainsburys-groceries.co.uk/gol/2798417/image.webp","Betty Crocker Chocolate Fudge Icing 400g",,"false","3.2","https://www.sainsburys.co.uk/gol-ui/product/betty-crocker-frosting-mix--chocolate-fudge-450g","icing sugar","2026-04-10T18:41:55.564Z","sainsburys","8","per kg","400g"
"Bold",,"https://assets.sainsburys-groceries.co.uk/gol/8170683/image.webp","Bold Bean Co Queen Butter Beans 570g","Nectar Price","true","2.6","https://www.sainsburys.co.uk/gol-ui/product/bold-bean-co-queen-butter-beans-570g","butter beans tinned","2026-04-10T18:42:01.492Z","sainsburys","6.5","per kg","570g"
"Baxters",,"https://assets.sainsburys-groceries.co.uk/gol/7491005/image.webp","Baxters Carrot & Butterbean Soup 400g",,"false","2.15","https://www.sainsburys.co.uk/gol-ui/product/baxters-carrot---butterbean-soup-400g","butter beans tinned","2026-04-10T18:42:01.492Z","sainsburys","5.38","per kg","400g"
"Heinz",,"https://assets.sainsburys-groceries.co.uk/gol/8204610/image.webp","Heinz Baked Beans & Richmond Pork Sausages 200g","Nectar Price","true","1.2","https://www.sainsburys.co.uk/gol-ui/product/heinz-baked-beans-richmond-pork-sausages-200g","butter beans tinned","2026-04-10T18:42:01.492Z","sainsburys","6","per kg","200g"
"Soreen",,"https://assets.sainsburys-groceries.co.uk/gol/7560933/image.webp","Soreen the Original Malt Loaf 260g","Nectar Price","true","1","https://www.sainsburys.co.uk/gol-ui/product/soreen-large-fruit-loaf-260g","butter beans tinned","2026-04-10T18:42:01.492Z","sainsburys","3.84","per kg","260g"
"Weetabix",,"https://assets.sainsburys-groceries.co.uk/gol/8246579/image.webp","Weetabix 84 Original Cereal Pack",,"false","8.001","https://www.sainsburys.co.uk/gol-ui/product/weetabix-84-original-cereal-pack","butter beans tinned","2026-04-10T18:42:01.492Z","sainsburys",,,
"Sainsbury's",,"https://assets.sainsburys-groceries.co.uk/gol/8107918/image.webp","Sainsbury's Sliced Mixed Peppers 500g",,"false","1.98","https://www.sainsburys.co.uk/gol-ui/product/sainsburys-sliced-mixed-peppers-500g","frozen mixed vegetables","2026-04-10T18:42:34.576Z","sainsburys","1.98","per kg","500g"
"Sainsbury's",,"https://assets.sainsburys-groceries.co.uk/gol/1368420/image.webp","Sainsbury's Mixed Vegetables 1kg",,"false","1.65","https://www.sainsburys.co.uk/gol-ui/product/sainsburys-mixed-vegetables-1kg","frozen mixed vegetables","2026-04-10T18:42:34.576Z","sainsburys","1.65","per kg","1kg"
"Sainsbury's",,"https://assets.sainsburys-groceries.co.uk/gol/512770/image.webp","Sainsbury's Chopped Spinach 900g",,"false","1.6","https://www.sainsburys.co.uk/gol-ui/product/sainsburys-chopped-spinach-1kg","frozen mixed vegetables","2026-04-10T18:42:34.576Z","sainsburys","1.78","per kg","900g"
"Sainsbury's",,"https://assets.sainsburys-groceries.co.uk/gol/7820478/image.webp","Sainsbury's Butternut Squash Chunks 500g",,"false","1.98","https://www.sainsburys.co.uk/gol-ui/product/sainsburys-butternut-squash-chunks-500g","frozen mixed vegetables","2026-04-10T18:42:34.576Z","sainsburys","1.98","per kg","500g"
"Sainsbury's",,"https://assets.sainsburys-groceries.co.uk/gol/1372670/image.webp","Sainsbury's Vegetable Medley 1kg",,"false","1.65","https://www.sainsburys.co.uk/gol-ui/product/sainsburys-special-mixed-vegetables-1kg","frozen mixed vegetables","2026-04-10T18:42:34.576Z","sainsburys","1.65","per kg","1kg"
"Sainsbury's",,"https://assets.sainsburys-groceries.co.uk/gol/7728545/image.webp","Sainsbury's Tuna Chunks in Spring Water 4x145g",,"false","2.49","https://www.sainsburys.co.uk/gol-ui/product/sainsburys-tuna-chunks-in-spring-water-4x160g","tinned tuna","2026-04-10T18:42:53.365Z","sainsburys","6.1","per kg","4x145g"
"Sainsbury's",,"https://assets.sainsburys-groceries.co.uk/gol/1010138/image.webp","Sainsbury's Tuna Chunks in Brine 4x145g",,"false","2.49","https://www.sainsburys.co.uk/gol-ui/product/sainsburys-skipjack-tuna-chunks-in-brine-4x185g","tinned tuna","2026-04-10T18:42:53.365Z","sainsburys","6.1","per kg","4x145g"
"Princes",,"https://assets.sainsburys-groceries.co.uk/gol/4169963/image.webp","Princes Tuna Chunks in Spring Water 4x145g",,"false","4.25","https://www.sainsburys.co.uk/gol-ui/product/princes-tuna-chunks-in-spring-water-4x145g-112g*-","tinned tuna","2026-04-10T18:42:53.365Z","sainsburys","7.33","per kg","4x145g"
"Sainsbury's",,"https://assets.sainsburys-groceries.co.uk/gol/7739195/image.webp","Sainsbury's Tuna Chunks in Spring Water 145g",,"false","6.37","https://www.sainsburys.co.uk/gol-ui/product/sainsburys-tuna-chunks-in-water-160g","tinned tuna","2026-04-10T18:42:53.365Z","sainsburys","6.37","per kg","145g"
"Sainsbury's",,"https://assets.sainsburys-groceries.co.uk/gol/1035643/image.webp","Sainsbury's Tuna Chunks in Sunflower Oil 4x145g",,"false","2.49","https://www.sainsburys.co.uk/gol-ui/product/sainsburys-skipjack-tuna-chunks-in-oil-4x185g","tinned tuna","2026-04-10T18:42:53.365Z","sainsburys","4.29","per kg","4x145g"
"Strong",,"https://assets.sainsburys-groceries.co.uk/gol/7934004/image.webp","Strong Roots Oven Baked Sweet Potato 500g",,"false","3.65","https://www.sainsburys.co.uk/gol-ui/product/strong-roots-oven-baked-sweet-potato-500g","frozen chips oven","2026-04-10T18:43:09.589Z","sainsburys","7.3","per kg","500g"
"Mccain",,"https://assets.sainsburys-groceries.co.uk/gol/8014536/image.webp","Mccain Naked Oven Chips Straight 900g",,"false","2","https://www.sainsburys.co.uk/gol-ui/product/mccain-naked-oven-chips-sc-900g","frozen chips oven","2026-04-10T18:43:09.589Z","sainsburys","2.22","per kg","900g"
"Mccain",,"https://assets.sainsburys-groceries.co.uk/gol/8014541/image.webp","Mccain Naked Oven Chips Straight 1.7kg",,"false","3.7","https://www.sainsburys.co.uk/gol-ui/product/mccain-naked-oven-chips-sc-17kg","frozen chips oven","2026-04-10T18:43:09.589Z","sainsburys","2.18","per kg","1.7kg"
"Soreen",,"https://assets.sainsburys-groceries.co.uk/gol/7560933/image.webp","Soreen the Original Malt Loaf 260g","Nectar Price","true","1","https://www.sainsburys.co.uk/gol-ui/product/soreen-large-fruit-loaf-260g","frozen chips oven","2026-04-10T18:43:09.589Z","sainsburys","3.84","per kg","260g"
"Weetabix",,"https://assets.sainsburys-groceries.co.uk/gol/8246579/image.webp","Weetabix 84 Original Cereal Pack",,"false","8.001","https://www.sainsburys.co.uk/gol-ui/product/weetabix-84-original-cereal-pack","frozen chips oven","2026-04-10T18:43:09.589Z","sainsburys",,,
"Sainsbury's",,"https://assets.sainsburys-groceries.co.uk/gol/7760130/image.webp","Sainsbury's Garlic Slices x10 260g",,"false","1.05","https://www.sainsburys.co.uk/gol-ui/product/sainsburys-garlic-slices-x10-260g","frozen garlic bread","2026-04-10T18:43:38.991Z","sainsburys","4.04","per kg","260g"
"Sainsbury's",,"https://assets.sainsburys-groceries.co.uk/gol/7760084/image.webp","Sainsbury's Garlic Baguette x2 338g",,"false","2.51","https://www.sainsburys.co.uk/gol-ui/product/sainsburys-garlic-baguette-x2-310g","frozen garlic bread","2026-04-10T18:43:38.991Z","sainsburys","2.51","per kg","338g"
"Sainsbury's",,"https://assets.sainsburys-groceries.co.uk/gol/7898623/image.webp","Sainsbury's Cheese & Garlic Pizza Bread 281g",,"false","1.75","https://www.sainsburys.co.uk/gol-ui/product/sainsburys-cheese-garlic-pizza-bread-281g","frozen garlic bread","2026-04-10T18:43:38.991Z","sainsburys","6.23","per kg","281g"
"Wholecreations",,"https://assets.sainsburys-groceries.co.uk/gol/7882836/image.webp","Wholecreations Dairy & Gluten Free Garlic Bread Baguette 190...",,"false","2","https://www.sainsburys.co.uk/gol-ui/product/wholecreations-dairy-gluten-free-garlic-bread-baguette-190g","frozen garlic bread","2026-04-10T18:43:38.991Z","sainsburys","10.53","per kg",
"White",,"https://assets.sainsburys-groceries.co.uk/gol/8050114/image.webp","White Rabbit 2 x Gluten Free Sourdough Roasted Garlic Focacc...",,"false","3.5","https://www.sainsburys.co.uk/gol-ui/product/white-rabbit-gluten-free-garlicky-focaccine-pack-2x125g","frozen garlic bread","2026-04-10T18:43:38.991Z","sainsburys","12.96","per kg",
"Goodfella's",,"https://assets.sainsburys-groceries.co.uk/gol/7701269/image.webp","Goodfella's 532g New York Style Fully Loaded Pepperoni Pizza","Nectar Price","true","3","https://www.sainsburys.co.uk/gol-ui/product/goodfellas-takeaway-pepperoni-553g","frozen pizza","2026-04-10T18:43:39.391Z","sainsburys","5.72","per kg","532g"
"Goodfella's",,"https://assets.sainsburys-groceries.co.uk/gol/7701265/image.webp","Goodfella's 534g New York Style Ultimate Four Cheese Pizza","Nectar Price","true","3","https://www.sainsburys.co.uk/gol-ui/product/goodfellas-takeaway-big-cheese-555g","frozen pizza","2026-04-10T18:43:39.391Z","sainsburys","5.41","per kg","534g"
"Crosta",,"https://assets.sainsburys-groceries.co.uk/gol/8221323/image.webp","Crosta Mollica Regina Sourdough Pizza 448g",,"false","6","https://www.sainsburys.co.uk/gol-ui/product/crosta-mollica-regina-sourdough-pizza-448g","frozen pizza","2026-04-10T18:43:39.391Z","sainsburys","11.39","per kg","448g"
"Sainsbury's",,"https://assets.sainsburys-groceries.co.uk/gol/7896623/image.webp","Sainsbury's Thin & Crispy Four Cheese Pizza 354g",,"false","1.85","https://www.sainsburys.co.uk/gol-ui/product/sainsburys-thin-crispy-four-cheese-pizza-377g","frozen pizza","2026-04-10T18:43:39.391Z","sainsburys","5.23","per kg","354g"
"Sainsbury's",,"https://assets.sainsburys-groceries.co.uk/gol/7896632/image.webp","Sainsbury's Double Pepperoni Thin Pizza 339g",,"false","1.85","https://www.sainsburys.co.uk/gol-ui/product/sainsburys-double-pepperoni-thin-pizza-362g","frozen pizza","2026-04-10T18:43:39.391Z","sainsburys","5.46","per kg","339g"
"Sainsbury's",,"https://assets.sainsburys-groceries.co.uk/gol/8048938/image.webp","Sainsbury's Strawberry & Vanilla Cones 4x110ml",,"false","1.35","https://www.sainsburys.co.uk/gol-ui/product/sainsburys-strawberry-vanilla-cones-4x110ml","vanilla ice cream","2026-04-10T18:43:57.058Z","sainsburys","3.07","per ltr","4x110ml"
"Viennetta",,"https://assets.sainsburys-groceries.co.uk/gol/2018614/image.webp","Viennetta Vanilla Ice Cream Dessert 650ml","Nectar Price","true","1.5","https://www.sainsburys.co.uk/gol-ui/product/viennetta-ice-cream-dessert-vanilla-650ml","vanilla ice cream","2026-04-10T18:43:57.058Z","sainsburys","2.31","per ltr","650ml"
"Sainsbury's",,"https://assets.sainsburys-groceries.co.uk/gol/8048959/image.webp","Sainsbury's Toffee & Vanilla Cones 4x110ml",,"false","1.35","https://www.sainsburys.co.uk/gol-ui/product/sainsburys-toffee-vanilla-cones-4x110ml","vanilla ice cream","2026-04-10T18:43:57.058Z","sainsburys","3.07","per ltr","4x110ml"
"Wall's",,"https://assets.sainsburys-groceries.co.uk/gol/7548719/image.webp","Wall's 1.8L Soft Scoop Vanilla Ice Cream Tub","Nectar Price","true","2.4","https://www.sainsburys.co.uk/gol-ui/product/walls-soft-scoop-vanilla-soft-scoop-18l","vanilla ice cream","2026-04-10T18:43:57.058Z","sainsburys","1.33","per ltr","1.8L"
"Ben",,"https://assets.sainsburys-groceries.co.uk/gol/3449370/image.webp","Ben & Jerry's Cookie Dough Vanilla Ice Cream Tub 465ml","Nectar Price","true","2.77","https://www.sainsburys.co.uk/gol-ui/product/ben---jerrys-ice-cream-cookie-dough-500ml","vanilla ice cream","2026-04-10T18:43:57.058Z","sainsburys","5.96","per ltr","465ml"
"Little",,"https://assets.sainsburys-groceries.co.uk/gol/8080129/image.webp","Little Moons Vegan Passionfruit & Mango Mochi Ice Cream Froz...",,"false","5","https://www.sainsburys.co.uk/gol-ui/product/little-moons-mochi-ice-cream-passionfruit-mango-6x32g","ice lollies","2026-04-10T18:44:20.955Z","sainsburys","24.15","per ltr",
"Sainsbury's",,"https://assets.sainsburys-groceries.co.uk/gol/8179328/image.webp","Sainsbury's Valencia Orange Lollies, Taste the Difference x4",,"false","2.75","https://www.sainsburys.co.uk/gol-ui/product/sainsburys-valencia-orange-lollies-taste-the-difference-x4","ice lollies","2026-04-10T18:44:20.955Z","sainsburys","9.42","per ltr",
"Sainsbury's",,"https://assets.sainsburys-groceries.co.uk/gol/8181348/image.webp","Sainsbury's Raspberry & Yoghurt Ice Lollies x4 70ml",,"false","2.75","https://www.sainsburys.co.uk/gol-ui/product/sainsburys-raspberry-yoghurt-ice-lollies-x4-70ml","ice lollies","2026-04-10T18:44:20.955Z","sainsburys","9.82","per ltr","70ml"
"Sainsbury's",,"https://assets.sainsburys-groceries.co.uk/gol/8048938/image.webp","Sainsbury's Strawberry & Vanilla Cones 4x110ml",,"false","1.35","https://www.sainsburys.co.uk/gol-ui/product/sainsburys-strawberry-vanilla-cones-4x110ml","ice lollies","2026-04-10T18:44:20.955Z","sainsburys","3.07","per ltr","4x110ml"
"Sainsbury's",,"https://assets.sainsburys-groceries.co.uk/gol/8048959/image.webp","Sainsbury's Toffee & Vanilla Cones 4x110ml",,"false","1.35","https://www.sainsburys.co.uk/gol-ui/product/sainsburys-toffee-vanilla-cones-4x110ml","ice lollies","2026-04-10T18:44:20.955Z","sainsburys","3.07","per ltr","4x110ml"
"Sainsbury's",,"https://assets.sainsburys-groceries.co.uk/gol/8048967/image.webp","Sainsbury's Mint & Chocolate Cones 4x110ml",,"false","1.35","https://www.sainsburys.co.uk/gol-ui/product/sainsburys-mint-chocolate-cones-4x110ml","chocolate ice cream","2026-04-10T18:44:24.501Z","sainsburys","3.07","per ltr","4x110ml"
"Sainsbury's",,"https://assets.sainsburys-groceries.co.uk/gol/8048964/image.webp","Sainsbury's Chocolate & Nut Cones 4x110ml",,"false","1.35","https://www.sainsburys.co.uk/gol-ui/product/sainsburys-chocolate-nut-cones-4x110ml","chocolate ice cream","2026-04-10T18:44:24.501Z","sainsburys","3.07","per ltr","4x110ml"
"Sainsbury's",,"https://assets.sainsburys-groceries.co.uk/gol/7423978/image.webp","Sainsbury's Milk Chocolate Ice Creams 4 X 110ml",,"false","2.19","https://www.sainsburys.co.uk/gol-ui/product/sainsburys-milk-chocolate-indulgence-x4-480ml","chocolate ice cream","2026-04-10T18:44:24.501Z","sainsburys","4.98","per ltr","4 X 110ml"
"Ben",,"https://assets.sainsburys-groceries.co.uk/gol/3449387/image.webp","Ben & Jerry's Chocolate Fudge Brownie Ice Cream Tub 465ml","Nectar Price","true","2.77","https://www.sainsburys.co.uk/gol-ui/product/ben---jerrys-ice-cream-chocolate-fudge-brownie-500ml","chocolate ice cream","2026-04-10T18:44:24.501Z","sainsburys","5.96","per ltr","465ml"
"Sainsbury's",,"https://assets.sainsburys-groceries.co.uk/gol/7423984/image.webp","Sainsbury's Milk Chocolate & Almonds Ice Creams 4 X 110ml",,"false","2.19","https://www.sainsburys.co.uk/gol-ui/product/sainsburys-almond-chocolate-indulgence-x4-480ml","chocolate ice cream","2026-04-10T18:44:24.501Z","sainsburys","4.98","per ltr","4 X 110ml"
"LEON",,"https://assets.sainsburys-groceries.co.uk/gol/8222708/image.webp","LEON Chunky Fish Fingers Lightly Battered x6 390g",,"false","5.5","https://www.sainsburys.co.uk/gol-ui/product/leon-chunky-fish-fingers-lightly-battered-x6-390g","frozen fish fingers","2026-04-10T18:44:38.404Z","sainsburys","14.1","per kg","390g"
"Birds",,"https://assets.sainsburys-groceries.co.uk/gol/7840805/image.webp","Birds Eye Omega 3 Fish Fingers x10 280g","Nectar Price","true","1.5","https://www.sainsburys.co.uk/gol-ui/product/birds-eye-omega-3-fish-fingers-x10-280g","frozen fish fingers","2026-04-10T18:44:38.404Z","sainsburys","5.36","per kg","280g"
"Sainsbury's",,"https://assets.sainsburys-groceries.co.uk/gol/8104254/image.webp","Sainsbury's Breaded Cod Fillet Fish Fingers x10 300g",,"false","2.25","https://www.sainsburys.co.uk/gol-ui/product/sainsburys-breaded-cod-fillet-fish-fingers-x10-300g","frozen fish fingers","2026-04-10T18:44:38.404Z","sainsburys","7.5","per kg","300g"
"Sainsbury's",,"https://assets.sainsburys-groceries.co.uk/gol/7427810/image.webp","Sainsbury's Chunky Cod Fish Fingers, Taste the Difference x8...",,"false","5.25","https://www.sainsburys.co.uk/gol-ui/product/sainsburys-chunky-cod-fish-fingers--taste-the-difference-x8-480g","frozen fish fingers","2026-04-10T18:44:38.404Z","sainsburys","10.94","per kg",
"Sainsbury's",,"https://assets.sainsburys-groceries.co.uk/gol/7708735/image.webp","Sainsbury's Omega 3 Fish Fingers x30 900g",,"false","2.78","https://www.sainsburys.co.uk/gol-ui/product/sainsburys-pollock-fish-fingers-x30-900g","frozen fish fingers","2026-04-10T18:44:38.404Z","sainsburys","3.09","per kg","900g"
"Walkers",,"https://assets.sainsburys-groceries.co.uk/gol/2188027/image.webp","Walkers Ready Salted Multipack Crisps 6x25g",,"false","2.2","https://www.sainsburys.co.uk/gol-ui/product/walkers-ready-salted-crisps-6x25g","ready salted crisps","2026-04-10T18:44:56.660Z","sainsburys","14.67","per kg","6x25g"
"Sainsbury's",,"https://assets.sainsburys-groceries.co.uk/gol/1061345/image.webp","Sainsbury's Ready Salted Multipack Crisps 6x25g",,"false","1.1","https://www.sainsburys.co.uk/gol-ui/product/sainsburys-ready-salted-crisps-6x25g","ready salted crisps","2026-04-10T18:44:56.660Z","sainsburys","7.33","per kg","6x25g"
"Walkers",,"https://assets.sainsburys-groceries.co.uk/gol/8143539/image.webp","Walkers Baked Ready Salted Multipack Crisps Snacks 6x22g","Nectar Price","true","1.75","https://www.sainsburys.co.uk/gol-ui/product/walkers-baked-sea-salt-6x22g","ready salted crisps","2026-04-10T18:44:56.660Z","sainsburys","13.26","per kg","6x22g"
"Walkers",,"https://assets.sainsburys-groceries.co.uk/gol/7991979/image.webp","Walkers Ready Salted Multipack Crisps 12x25g",,"false","3.19","https://www.sainsburys.co.uk/gol-ui/product/walkers-ready-salted-crisps-12x25g-7991979-p-44","ready salted crisps","2026-04-10T18:44:56.660Z","sainsburys","10.63","per kg","12x25g"
"Walkers",,"https://assets.sainsburys-groceries.co.uk/gol/7899726/image.webp","Walkers French Fries Ready Salted Multipack Crisps Snacks 6x...","Nectar Price","true","1.5","https://www.sainsburys.co.uk/gol-ui/product/walkers-french-fries-ready-salted-crisps-6x18g","ready salted crisps","2026-04-10T18:44:56.660Z","sainsburys","13.89","per kg",
"Walkers",,"https://assets.sainsburys-groceries.co.uk/gol/2347462/image.webp","Walkers Cheese & Onion Multipack Crisps 6x25g",,"false","2.2","https://www.sainsburys.co.uk/gol-ui/product/walkers-cheese---onion-crisps-6x25g","cheese onion crisps","2026-04-10T18:45:06.707Z","sainsburys","14.67","per kg","6x25g"
"Sainsbury's",,"https://assets.sainsburys-groceries.co.uk/gol/1061376/image.webp","Sainsbury's Cheese & Onion Multipack Crisps 6x25g",,"false","1.1","https://www.sainsburys.co.uk/gol-ui/product/sainsburys-cheese---onion-crisps-6x25g","cheese onion crisps","2026-04-10T18:45:06.707Z","sainsburys","7.33","per kg","6x25g"
"Walkers",,"https://assets.sainsburys-groceries.co.uk/gol/8143541/image.webp","Walkers Baked Cheese & Onion Multipack Crisps Snacks 6x22g","Nectar Price","true","1.75","https://www.sainsburys.co.uk/gol-ui/product/walkers-baked-cheese-onion-flavour-6x22g","cheese onion crisps","2026-04-10T18:45:06.707Z","sainsburys","13.26","per kg","6x22g"
"Walkers",,"https://assets.sainsburys-groceries.co.uk/gol/7991987/image.webp","Walkers Cheese & Onion Multipack Crisps 12x25g",,"false","3.19","https://www.sainsburys.co.uk/gol-ui/product/walkers-cheese-onion-crisps-12x25g","cheese onion crisps","2026-04-10T18:45:06.707Z","sainsburys","10.63","per kg","12x25g"
"Jacobs",,"https://assets.sainsburys-groceries.co.uk/gol/8163416/image.webp","Jacobs Crinklys Cheese & Onion 30% Less Fat Multipack Snack...",,"false","1.8","https://www.sainsburys.co.uk/gol-ui/product/jacobs-crinklys-cheese-onion-flavour-6x138g","cheese onion crisps","2026-04-10T18:45:06.707Z","sainsburys","13.04","per kg",
"Walkers",,"https://assets.sainsburys-groceries.co.uk/gol/8237642/image.webp","Walkers Salt & Vinegar Multipack Crisps 6 x 25g",,"false","2.2","https://www.sainsburys.co.uk/gol-ui/product/walkers-salt-vinegar-multipack-crisps-6-x-25g","salt vinegar crisps","2026-04-10T18:45:22.598Z","sainsburys","14.67","per kg","6 x 25g"
"Sainsbury's",,"https://assets.sainsburys-groceries.co.uk/gol/6328534/image.webp","Sainsbury's Sea Salt & Cider Vinegar Crisps, Taste the Diffe...",,"false","1.5","https://www.sainsburys.co.uk/gol-ui/product/sainsburys-sea-salt-cider-vinegar-crisps-taste-the-difference-150g","salt vinegar crisps","2026-04-10T18:45:22.598Z","sainsburys","10","per kg",
"Walkers",,"https://assets.sainsburys-groceries.co.uk/gol/3679449/image.webp","Walkers Squares Salt & Vinegar Multipack CrispsSnacks 6x22g","Nectar Price","true","1.5","https://www.sainsburys.co.uk/gol-ui/product/squares-salt---vinegar-6x22g","salt vinegar crisps","2026-04-10T18:45:22.598Z","sainsburys","11.37","per kg","6x22g"
"Hula",,"https://assets.sainsburys-groceries.co.uk/gol/8220289/image.webp","Hula Hoops Salt & Vinegar Multipack Crisps x6",,"false","2.35","https://www.sainsburys.co.uk/gol-ui/product/hula-hoops-salt-vinegar-multipack-crisps-x6","salt vinegar crisps","2026-04-10T18:45:22.598Z","sainsburys","16.32","per kg",
"Tyrrells",,"https://assets.sainsburys-groceries.co.uk/gol/6625982/image.webp","Tyrrells Cider Vinegar & Salt Sharing Crisps 150g",,"false","2.75","https://www.sainsburys.co.uk/gol-ui/product/tyrrells-cider-vinegar---salt-crisps-150g","salt vinegar crisps","2026-04-10T18:45:22.598Z","sainsburys","18.33","per kg","150g"
"Sanex",,"https://assets.sainsburys-groceries.co.uk/gol/7982539/image.webp","Sanex Zero% Sensitive Skin Shower Gel Body Wash 450ml","Nectar Price","true","2.5","https://www.sainsburys.co.uk/gol-ui/product/sanex-zero-sensitive-skin-shower-gel-500ml","shower gel","2026-04-10T18:45:36.279Z","sainsburys","5.55","per ltr","450ml"
"Sanex",,"https://assets.sainsburys-groceries.co.uk/gol/8020157/image.webp","Sanex Expert Skin Health Moisturising Shower Gel Body Wash 4...","Nectar Price","true","2.5","https://www.sainsburys.co.uk/gol-ui/product/sanex-derm-moisturising-shower-gel-450ml","shower gel","2026-04-10T18:45:36.279Z","sainsburys","5.55","per ltr",
"Aveeno",,"https://assets.sainsburys-groceries.co.uk/gol/7812000/image.webp","Aveeno Body Wash for Dry & Sensitive Skin 500ml",,"false","10.3","https://www.sainsburys.co.uk/gol-ui/product/aveeno-body-wash-for-dry---sensitive-skin-500ml","shower gel","2026-04-10T18:45:36.279Z","sainsburys","20.6","per ltr","500ml"
"Radox",,"https://assets.sainsburys-groceries.co.uk/gol/6307573/image.webp","Radox Feel Awake Sea Minerals 2in1 Shower Gel Body Wash Sham...",,"false","1","https://www.sainsburys.co.uk/gol-ui/product/radox-for-men-shower-therapy-250ml","shower gel","2026-04-10T18:45:36.279Z","sainsburys","4.44","per ltr",
"Radox",,"https://assets.sainsburys-groceries.co.uk/gol/7632723/image.webp","Radox Feel Radiant Shower Gel Strawberry & Raspberry Body Wa...",,"false","1","https://www.sainsburys.co.uk/gol-ui/product/radox-shower-gel--revive-mandarin-250ml","shower gel","2026-04-10T18:45:36.279Z","sainsburys","4.44","per ltr",
"Colgate",,"https://assets.sainsburys-groceries.co.uk/gol/7962506/image.webp","Colgate Total Active Prevention + Enamel Strength Toothpaste...","Nectar Price","true","3","https://www.sainsburys.co.uk/gol-ui/product/colgate-total-advanced-enamel-health-toothpaste-75ml","toothpaste","2026-04-10T18:45:54.430Z","sainsburys","40","per ltr",
"Colgate",,"https://assets.sainsburys-groceries.co.uk/gol/8159522/image.webp","Colgate Total Active Prevention + Advanced Teeth Whitening T...","Nectar Price","true","3","https://www.sainsburys.co.uk/gol-ui/product/colgate-total-advanced-whitening-toothpaste-75ml-8159522-p-44","toothpaste","2026-04-10T18:45:54.430Z","sainsburys","40","per ltr",
"Corsodyl",,"https://assets.sainsburys-groceries.co.uk/gol/8099987/image.webp","Corsodyl Gum+ Breath & Sensitivity Whitening Toothpaste 75ml","Nectar Price","true","3.5","https://www.sainsburys.co.uk/gol-ui/product/corsodyl-gum-breath-sensitivity-whitening","toothpaste","2026-04-10T18:45:54.430Z","sainsburys","46.66","per ltr","75ml"
"Colgate",,"https://assets.sainsburys-groceries.co.uk/gol/8148203/image.webp","Colgate Triple Action Toothpaste 75ml",,"false","1.25","https://www.sainsburys.co.uk/gol-ui/product/colgate-triple-action-toothpaste-75ml","toothpaste","2026-04-10T18:45:54.430Z","sainsburys","16.67","per ltr","75ml"
"Aquafresh",,"https://assets.sainsburys-groceries.co.uk/gol/2616681/image.webp","Aquafresh Fresh & Minty Toothpaste 75ml",,"false","12.67","https://www.sainsburys.co.uk/gol-ui/product/aquafresh-fresh-minty-toothpaste-75ml","toothpaste","2026-04-10T18:45:54.430Z","sainsburys","12.67","per ltr","75ml"
"Doritos",,"https://assets.sainsburys-groceries.co.uk/gol/8206291/image.webp","Doritos Chilli Heatwave Tortilla Chips Sharing Bag Crisps 18...",,"false","2.5","https://www.sainsburys.co.uk/gol-ui/product/doritos-chilli-heatwave-tortilla-chips-sharing-bag-crisps-180g","tortilla chips","2026-04-10T18:46:10.804Z","sainsburys","13.89","per kg",
"Doritos",,"https://assets.sainsburys-groceries.co.uk/gol/8206287/image.webp","Doritos Cool Original Tortilla Chips Sharing Bag Crisps 180g",,"false","2.5","https://www.sainsburys.co.uk/gol-ui/product/doritos-cool-original-tortilla-chips-sharing-bag-crisps-180g","tortilla chips","2026-04-10T18:46:10.804Z","sainsburys","13.89","per kg","180g"
"Blanco",,"https://assets.sainsburys-groceries.co.uk/gol/8206734/image.webp","Blanco Nino Smoky Chipotle Tortilla Chips 170g",,"false","3","https://www.sainsburys.co.uk/gol-ui/product/blanco-nino-smoky-chipotle-170g","tortilla chips","2026-04-10T18:46:10.804Z","sainsburys","17.65","per kg","170g"
"Sainsbury's",,"https://assets.sainsburys-groceries.co.uk/gol/1294231/image.webp","Sainsbury's Tortilla Chips Salted 200g",,"false","4.45","https://www.sainsburys.co.uk/gol-ui/product/sainsburys-tortilla-chips--cool-salted-200g","tortilla chips","2026-04-10T18:46:10.804Z","sainsburys","4.45","per kg","200g"
"Stamford",,"https://assets.sainsburys-groceries.co.uk/gol/7220800/image.webp","Stamford Street Co. Tortilla Chips 200g",,"false","2.85","https://www.sainsburys.co.uk/gol-ui/product/sainsburys-tortilla-chips--basics-200g","tortilla chips","2026-04-10T18:46:10.804Z","sainsburys","2.85","per kg","200g"
"OGX",,"https://assets.sainsburys-groceries.co.uk/gol/7857629/image.webp","OGX Biotin & Collagen Hair Thickening Shampoo 385ml","Buy 3 get cheapest 1 free with NectarArrow right","true","8.5","https://www.sainsburys.co.uk/gol-ui/product/ogx-thick---full--biotin---collagen-shampoo-385ml","shampoo","2026-04-10T18:46:24.563Z","sainsburys","22.08","per ltr","385ml"
"L'Oréal",,"https://assets.sainsburys-groceries.co.uk/gol/8177427/image.webp","L'Oréal Paris Elvive Glycolic Gloss Sulphate Free Shampoo fo...","Nectar Price","true","6.5","https://www.sainsburys.co.uk/gol-ui/product/lor%C3%A9al-paris-elvive-glycolic-gloss-sulphate-free-shampoo-for-dull-hair-200ml","shampoo","2026-04-10T18:46:24.563Z","sainsburys","32.5","per ltr",
"L'Oreal",,"https://assets.sainsburys-groceries.co.uk/gol/8219768/image.webp","L'Oreal Paris Elvive Growth Booster Shampoo Anti Hair Loss f...","Nectar Price","true","6.5","https://www.sainsburys.co.uk/gol-ui/product/loreal-paris-elvive-growth-booster-shampoo-anti-hair-loss-for-men-women-200ml","shampoo","2026-04-10T18:46:24.563Z","sainsburys","32.5","per ltr",
"Head",,"https://assets.sainsburys-groceries.co.uk/gol/7287889/image.webp","Head & Shoulders Classic Clean Anti-Dandruff Shampoo 400ml","Nectar Price","true","3.5","https://www.sainsburys.co.uk/gol-ui/product/head---shoulders-classic-clean-anti-dandruff-shampoo-500ml","shampoo","2026-04-10T18:46:24.563Z","sainsburys","8.75","per ltr","400ml"
"Alberto",,"https://assets.sainsburys-groceries.co.uk/gol/8217667/image.webp","Alberto Balsam Sunkissed Raspberry Shampoo 300ml",,"false","3.17","https://www.sainsburys.co.uk/gol-ui/product/alberto-balsam-sunkissed-raspberry-shampoo-300ml","shampoo","2026-04-10T18:46:24.563Z","sainsburys","3.17","per ltr","300ml"
"Sainsbury's",,"https://assets.sainsburys-groceries.co.uk/gol/7612108/image.webp","Sainsbury's Mixed Nuts 300g",,"false","4.5","https://www.sainsburys.co.uk/gol-ui/product/sainsburys-mixed-nuts-300g","mixed nuts","2026-04-10T18:46:41.707Z","sainsburys","15","per kg","300g"
"Sainsbury's",,"https://assets.sainsburys-groceries.co.uk/gol/411370/image.webp","Sainsbury's Unsalted Mixed Nuts & Raisins 200g",,"false","1.7","https://www.sainsburys.co.uk/gol-ui/product/sainsburys-unsalted-mixed-nuts---raisins-200g","mixed nuts","2026-04-10T18:46:41.707Z","sainsburys","8.5","per kg","200g"
"Sainsbury's",,"https://assets.sainsburys-groceries.co.uk/gol/411394/image.webp","Sainsbury's Roasted & Salted Mixed Nuts 200g",,"false","3","https://www.sainsburys.co.uk/gol-ui/product/sainsburys-salted-nut-selection-200g","mixed nuts","2026-04-10T18:46:41.707Z","sainsburys","15","per kg","200g"
"Sainsbury's",,"https://assets.sainsburys-groceries.co.uk/gol/1247817/image.webp","Sainsbury's Unsalted Mixed Nuts 200g",,"false","3","https://www.sainsburys.co.uk/gol-ui/product/sainsburys-nut-selection--unsalted-200g","mixed nuts","2026-04-10T18:46:41.707Z","sainsburys","15","per kg","200g"
"Sainsbury's",,"https://assets.sainsburys-groceries.co.uk/gol/6792427/image.webp","Sainsbury's Mixed Nuts, SO Organic 300g",,"false","5.5","https://www.sainsburys.co.uk/gol-ui/product/sainsburys-mixed-nuts-so-organic-300g","mixed nuts","2026-04-10T18:46:41.707Z","sainsburys","18.33","per kg","300g"
"Propercorn",,"https://assets.sainsburys-groceries.co.uk/gol/7973161/image.webp","Propercorn Sweet & Salty Popcorn Multipack 6 x 14g",,"false","2.1","https://www.sainsburys.co.uk/gol-ui/product/propercorn-sweet-salty-popcorn-multipack-6-x-14g","popcorn","2026-04-10T18:46:53.499Z","sainsburys","25","per kg","6 x 14g"
"Sainsbury's",,"https://assets.sainsburys-groceries.co.uk/gol/8003699/image.webp","Sainsbury's Sweet & Salty Butterfly Popcorn 110g",,"false","9","https://www.sainsburys.co.uk/gol-ui/product/sainsburys-sweet-salt-popcorn-110g","popcorn","2026-04-10T18:46:53.499Z","sainsburys","9","per kg","110g"
"Sainsbury's",,"https://assets.sainsburys-groceries.co.uk/gol/8003715/image.webp","Sainsbury's Simply Salty Butterfly Popcorn 90g",,"false","11","https://www.sainsburys.co.uk/gol-ui/product/sainsburys-simply-salty-butterfly-popcorn-90g","popcorn","2026-04-10T18:46:53.499Z","sainsburys","11","per kg","90g"
"Sainsbury's",,"https://assets.sainsburys-groceries.co.uk/gol/8003706/image.webp","Sainsbury's Simply Sweet Butterfly Popcorn 110g",,"false","9","https://www.sainsburys.co.uk/gol-ui/product/sainsburys-sweet-popcorn-110g","popcorn","2026-04-10T18:46:53.499Z","sainsburys","9","per kg","110g"
"Sainsbury's",,"https://assets.sainsburys-groceries.co.uk/gol/8003721/image.webp","Sainsbury's Sweet & Salty Butterfly Popcorn 6x14g",,"false","1.65","https://www.sainsburys.co.uk/gol-ui/product/sainsburys-sweet-salt-popcorn-mtp-6x14g","popcorn","2026-04-10T18:46:53.499Z","sainsburys","19.64","per kg","6x14g"
"Dove",,"https://assets.sainsburys-groceries.co.uk/gol/8249629/image.webp","Dove 400ml Scalp + Hair Therapy Soothing Hydration Condition...","Buy 3 get cheapest 1 free with NectarArrow right","true","6","https://www.sainsburys.co.uk/gol-ui/product/dove-400ml-scalp-hair-therapy-soothing-hydration-conditioner","conditioner hair","2026-04-10T18:47:11.906Z","sainsburys","15","per ltr","400ml"
"L'Oréal",,"https://assets.sainsburys-groceries.co.uk/gol/8217959/image.webp","L'Oréal Paris Elvive Dream Lengths Antisplit Ends Conditione...","Nectar Price","true","3.5","https://www.sainsburys.co.uk/gol-ui/product/lor%C3%A9al-paris-elvive-dream-lengths-antisplit-ends-conditioner-for-long-hair-300ml","conditioner hair","2026-04-10T18:47:11.906Z","sainsburys","11.66","per ltr",
"L'Oréal",,"https://assets.sainsburys-groceries.co.uk/gol/8218479/image.webp","L'Oréal Paris Elvive Hydra Hyaluronic Moisture Locking Condi...","Buy 3 get cheapest 1 free with NectarArrow right","true","6","https://www.sainsburys.co.uk/gol-ui/product/l%E2%80%99or%C3%A9al-paris-elvive-hydra-hyaluronic-moisture-locking-conditioner-for-dry-dehydrated-hair-300ml","conditioner hair","2026-04-10T18:47:11.906Z","sainsburys","20","per ltr",
"Herbal",,"https://assets.sainsburys-groceries.co.uk/gol/8199460/image.webp","Herbal Essences Hello Hydration Conditioner Moisturises Dry ...",,"false","2","https://www.sainsburys.co.uk/gol-ui/product/herbal-essences-hello-hydration-conditioner-moisturises-dry-damaged-hair-275ml","conditioner hair","2026-04-10T18:47:11.906Z","sainsburys","7.27","per ltr",
"Aussie",,"https://assets.sainsburys-groceries.co.uk/gol/8066535/image.webp","Aussie Miracle Moist Hair Conditioner, Moisturising Hair Con...","Nectar Price","true","3.3","https://www.sainsburys.co.uk/gol-ui/product/aussie-miracle-moist-hair-conditioner-moisturising-hair-conditioner-200ml","conditioner hair","2026-04-10T18:47:11.906Z","sainsburys","16.5","per ltr",
"Palmolive",,"https://assets.sainsburys-groceries.co.uk/gol/8210628/image.webp","Palmolive Hygiene Plus Sensitive Antibacterial hand wash soa...","Nectar Price","true","2.5","https://www.sainsburys.co.uk/gol-ui/product/palmolive-hygiene-plus-sensitive-antibacterial-hand-wash-soap-refill-1l","hand soap","2026-04-10T18:47:30.106Z","sainsburys","2.5","per ltr",
"Palmolive",,"https://assets.sainsburys-groceries.co.uk/gol/8154194/image.webp","Palmolive Naturals Milk & Honey Handwash Soap Refill 1000ml","Nectar Price","true","2.5","https://www.sainsburys.co.uk/gol-ui/product/palmolive-naturals-milk-honey-handwash-refill-1000ml","hand soap","2026-04-10T18:47:30.106Z","sainsburys","2.5","per ltr","1000ml"
"Carex",,"https://assets.sainsburys-groceries.co.uk/gol/6526575/image.webp","Carex 250ml Moisture Antibacterial Handwash","Nectar Price","true","1.65","https://www.sainsburys.co.uk/gol-ui/product/carex-moisture-plus-antibacterial-handwash-250ml","hand soap","2026-04-10T18:47:30.106Z","sainsburys","3.8","per ltr","250ml"
"Carex",,"https://assets.sainsburys-groceries.co.uk/gol/2477503/image.webp","Carex 250ml Original Antibacterial Handwash","Nectar Price","true","1.65","https://www.sainsburys.co.uk/gol-ui/product/carex-antibacterial-handwash-250ml","hand soap","2026-04-10T18:47:30.106Z","sainsburys","3.8","per ltr","250ml"
"Stamford",,"https://assets.sainsburys-groceries.co.uk/gol/8099527/image.webp","Stamford Street Co. Handwash Antibacterial with Silk Extract...",,"false","1.1","https://www.sainsburys.co.uk/gol-ui/product/sainsburys-novon-epp-handwash-500ml","hand soap","2026-04-10T18:47:30.106Z","sainsburys","1.1","per ltr",
"Kind",,"https://assets.sainsburys-groceries.co.uk/gol/8182620/image.webp","Kind Chocolate Chip Cashew Cereal Bars Multipack 3x30g",,"false","3","https://www.sainsburys.co.uk/gol-ui/product/kind-chocolate-chip-cashew-bars-3x30g","chocolate bar","2026-04-10T18:47:48.171Z","sainsburys","33.33","per kg","3x30g"
"Kind",,"https://assets.sainsburys-groceries.co.uk/gol/8211416/image.webp","Kind Caramel Chocolate Peanut Bars 3 x 30g",,"false","3","https://www.sainsburys.co.uk/gol-ui/product/kind-caramel-chocolate-peanut-bars-3-x-30g","chocolate bar","2026-04-10T18:47:48.171Z","sainsburys","33.33","per kg","3 x 30g"
"KitKat",,"https://assets.sainsburys-groceries.co.uk/gol/8230856/image.webp","KitKat 2 Finger Milk Chocolate Biscuit Bar Multipack 8 x 20....","Nectar Price","true","1.75","https://www.sainsburys.co.uk/gol-ui/product/kitkat-2-finger-milk-chocolate-biscuit-bar-multipack-8-x-207g","chocolate bar","2026-04-10T18:47:48.171Z","sainsburys","10.57","per kg",
"Cadbury",,"https://assets.sainsburys-groceries.co.uk/gol/8221558/image.webp","Cadbury Twirl 9 x Milk Chocolate 193.5g","Nectar Price","true","2.5","https://www.sainsburys.co.uk/gol-ui/product/cadbury-twirl-chocolate-bar-1935g","chocolate bar","2026-04-10T18:47:48.171Z","sainsburys","12.88","per kg","193.5g"
"Cadbury",,"https://assets.sainsburys-groceries.co.uk/gol/7276453/image.webp","Cadbury Dairy Milk 4 x 33.5g Multipack Chocolate Bar",,"false","2.25","https://www.sainsburys.co.uk/gol-ui/product/cadbury-dairy-milk-chocolate-bar-4-pack-144g","chocolate bar","2026-04-10T18:47:48.171Z","sainsburys","16.79","per kg","4 x 33.5g"
"Sainsbury's",,"https://assets.sainsburys-groceries.co.uk/gol/8083345/image.webp","Sainsbury's Milk Chocolate Digestives 300g",,"false","1.25","https://www.sainsburys.co.uk/gol-ui/product/sainsburys-milk-chocolate-digestives-300g","biscuits digestive","2026-04-10T18:47:59.576Z","sainsburys","4.17","per kg","300g"
"Sainsbury's",,"https://assets.sainsburys-groceries.co.uk/gol/8202499/image.webp","Sainsbury's Digestives 400g",,"false","1.48","https://www.sainsburys.co.uk/gol-ui/product/sainsburys-digestives-400g","biscuits digestive","2026-04-10T18:47:59.576Z","sainsburys","1.48","per kg","400g"
"McVitie's",,"https://assets.sainsburys-groceries.co.uk/gol/6321646/image.webp","McVitie's Digestives The Original Biscuits Twin Pack 2x360g",,"false","3.2","https://www.sainsburys.co.uk/gol-ui/product/mcvities-digestive-500g-x2","biscuits digestive","2026-04-10T18:47:59.576Z","sainsburys","4.44","per kg","2x360g"
"McVitie's",,"https://assets.sainsburys-groceries.co.uk/gol/7970207/image.webp","McVitie's Milk Chocolate Digestives Biscuits Twin Pack 2x316...",,"false","4","https://www.sainsburys.co.uk/gol-ui/product/mcvities-digestives-milk-chocolate-x2-316g","biscuits digestive","2026-04-10T18:47:59.576Z","sainsburys","6.33","per kg",
"McVitie's",,"https://assets.sainsburys-groceries.co.uk/gol/2196848/image.webp","McVitie's Digestives The Original Biscuits 360g",,"false","1.9","https://www.sainsburys.co.uk/gol-ui/product/mcvities-digestive-biscuits-360g","biscuits digestive","2026-04-10T18:47:59.576Z","sainsburys","5.28","per kg","360g"
"Sure",,"https://assets.sainsburys-groceries.co.uk/gol/8112655/image.webp","Sure Men Quantum Dry 72h Nonstop Protection Antiperspirant D...","Nectar Price","true","2.1","https://www.sainsburys.co.uk/gol-ui/product/sure-quantum-dry-nonstop-protection-anti-perspirant-deodorant-aerosol-150ml","deodorant","2026-04-10T18:48:11.994Z","sainsburys","14","per ltr",
"Dove",,"https://assets.sainsburys-groceries.co.uk/gol/8147851/image.webp","Dove Women Original 72h Advanced Care Antiperspirant Deodora...","Nectar Price","true","3.5","https://www.sainsburys.co.uk/gol-ui/product/dove-advanced-care-original-anti-perspirant-deodorant-spray-200ml","deodorant","2026-04-10T18:48:11.994Z","sainsburys","17.5","per ltr",
"Dove",,"https://assets.sainsburys-groceries.co.uk/gol/8147838/image.webp","Dove Women Pomegranate 72h Advanced Care Antiperspirant Deod...","Nectar Price","true","3.5","https://www.sainsburys.co.uk/gol-ui/product/dove-advanced-care-go-fresh-pomegranate-lemon-verbena-scent-anti-perspirant-deodorant-spray-200ml","deodorant","2026-04-10T18:48:11.994Z","sainsburys","17.5","per ltr",
"Sure",,"https://assets.sainsburys-groceries.co.uk/gol/7456894/image.webp","Sure Women Anti-Perspirant Deodorant Roll On, Bright Bouquet...",,"false","1.4","https://www.sainsburys.co.uk/gol-ui/product/sure-women-collection-bright-antiperspirant-roll-on-50ml","deodorant","2026-04-10T18:48:11.994Z","sainsburys","28","per ltr",
"Sure",,"https://assets.sainsburys-groceries.co.uk/gol/8148022/image.webp","Sure Men Invisible Ice 48h Antiperspirant Deodorant 200ml",,"false","2.25","https://www.sainsburys.co.uk/gol-ui/product/sure-men-anti-perspirant-aerosol-invisible-ice-fresh-200ml","deodorant","2026-04-10T18:48:11.994Z","sainsburys","11.25","per ltr","200ml"
"Gillette",,"https://assets.sainsburys-groceries.co.uk/gol/8050247/image.webp","Gillette Fusion 5 Men's Razor Blades x11","Nectar Price","true","22","https://www.sainsburys.co.uk/gol-ui/product/gillette-fusion-5-mens-razor-blades-x12","razor blades","2026-04-10T18:48:28.462Z","sainsburys","2","per ea",
"Gillette",,"https://assets.sainsburys-groceries.co.uk/gol/8050249/image.webp","Gillette Mach 3 Men's Razor Blades x12","Nectar Price","true","17","https://www.sainsburys.co.uk/gol-ui/product/gillette-mach-3-mens-razor-blades-x12","razor blades","2026-04-10T18:48:28.462Z","sainsburys","1.41","per ea",
"Gillette",,"https://assets.sainsburys-groceries.co.uk/gol/6449657/image.webp","Gillette Fusion Razor Blades x4",,"false","13","https://www.sainsburys.co.uk/gol-ui/product/gillette-fusion-blades-x4","razor blades","2026-04-10T18:48:28.462Z","sainsburys","3.25","per ea",
"Gillette",,"https://assets.sainsburys-groceries.co.uk/gol/7696740/image.webp","Gillette Mach3 Men's Razor",,"false","5","https://www.sainsburys.co.uk/gol-ui/product/gillette-mach-3-manual-razor--1-blade","razor blades","2026-04-10T18:48:28.462Z","sainsburys","5","per ea",
"Harry's",,"https://assets.sainsburys-groceries.co.uk/gol/7994280/image.webp","Harry's Men's Razor Blades 4 Pack",,"false","9","https://www.sainsburys.co.uk/gol-ui/product/harrys-4ct-cartridge-pack-x4","razor blades","2026-04-10T18:48:28.462Z","sainsburys","2.25","per ea","4 Pack"
"Border",,"https://assets.sainsburys-groceries.co.uk/gol/6327553/image.webp","Border Dark Chocolate & Ginger Biscuits 150g",,"false","2.25","https://www.sainsburys.co.uk/gol-ui/product/borders-biscuits-dark-chocolate---ginger-175g","biscuits chocolate","2026-04-10T18:48:44.905Z","sainsburys","15","per kg","150g"
"Border",,"https://assets.sainsburys-groceries.co.uk/gol/6419600/image.webp","Border Milk Chocolate Vienese 150g",,"false","2.25","https://www.sainsburys.co.uk/gol-ui/product/borders-milk-chocolate-vienese-150g","biscuits chocolate","2026-04-10T18:48:44.905Z","sainsburys","15","per kg","150g"
"Border",,"https://assets.sainsburys-groceries.co.uk/gol/8004049/image.webp","Border Dark Chocolate Ginger Chocolate Bars x 6 144g",,"false","2","https://www.sainsburys.co.uk/gol-ui/product/border-dark-chocolate-ginger-bars-144g","biscuits chocolate","2026-04-10T18:48:44.905Z","sainsburys","13.89","per kg","144g"
"Blue",,"https://assets.sainsburys-groceries.co.uk/gol/8189909/image.webp","Blue Riband Original Wafer Biscuit Bar Multipack x6 108g",,"false","1","https://www.sainsburys.co.uk/gol-ui/product/blue-riband-original-milk-chocolate-wafer-biscuit-bar-multipack-x6-18g","biscuits chocolate","2026-04-10T18:48:44.905Z","sainsburys","9.26","per kg","108g"
"KitKat",,"https://assets.sainsburys-groceries.co.uk/gol/8230856/image.webp","KitKat 2 Finger Milk Chocolate Biscuit Bar Multipack 8 x 20....","Nectar Price","true","1.75","https://www.sainsburys.co.uk/gol-ui/product/kitkat-2-finger-milk-chocolate-biscuit-bar-multipack-8-x-207g","biscuits chocolate","2026-04-10T18:48:44.905Z","sainsburys","10.57","per kg",
"Fairy",,"https://assets.sainsburys-groceries.co.uk/gol/8145301/image.webp","Fairy Lemon Washing Up Liquid with Lift Action 1015ml","Nectar Price","true","2.7","https://www.sainsburys.co.uk/gol-ui/product/fairy-lemon-washing-up-liquid-with-liftaction-1015ml","washing up liquid","2026-04-10T18:49:07.389Z","sainsburys","2.66","per ltr","1015ml"
"Fairy",,"https://assets.sainsburys-groceries.co.uk/gol/8099503/image.webp","Fairy Max Power Antibacterial Washing Up Liquid Tea Tree 660...","Nectar Price","true","3","https://www.sainsburys.co.uk/gol-ui/product/fairy-max-power-antibacterial-washing-up-liquid-tea-tree-660-ml","washing up liquid","2026-04-10T18:49:07.389Z","sainsburys","4.54","per ltr",
"Fairy",,"https://assets.sainsburys-groceries.co.uk/gol/8099509/image.webp","Fairy Max Power Washing Up Liquid Original 660ml","Nectar Price","true","3","https://www.sainsburys.co.uk/gol-ui/product/fairy-max-power-washing-up-liquid-660-ml","washing up liquid","2026-04-10T18:49:07.389Z","sainsburys","4.54","per ltr","660ml"
"Fairy",,"https://assets.sainsburys-groceries.co.uk/gol/8145317/image.webp","Fairy Original Green Washing Up Liquid with Lift Action 320m...",,"false","1","https://www.sainsburys.co.uk/gol-ui/product/fairy-original-green-washing-up-liquid-with-lift-action-320ml","washing up liquid","2026-04-10T18:49:07.389Z","sainsburys","3.13","per ltr",
"Sainsbury's",,"https://assets.sainsburys-groceries.co.uk/gol/8190472/image.webp","Sainsbury's Lemon Washing Up Liquid 500ml",,"false","1.4","https://www.sainsburys.co.uk/gol-ui/product/sainsburys-lemon-washing-up-liquid-500ml","washing up liquid","2026-04-10T18:49:07.389Z","sainsburys","1.4","per ltr","500ml"
"Sainsbury's",,"https://assets.sainsburys-groceries.co.uk/gol/7707124/image.webp","Sainsbury's Antibacterial Total Cleaning Surface Wipes x40",,"false","1.003","https://www.sainsburys.co.uk/gol-ui/product/sainsburys-lemon-multi-surface-wipes-x40","surface cleaner antibacterial","2026-04-10T18:49:09.705Z","sainsburys",,,
"Dettol",,"https://assets.sainsburys-groceries.co.uk/gol/4186779/image.webp","Dettol Antibacterial Multi Surface Cleaning Spray 750ml",,"false","2.3","https://www.sainsburys.co.uk/gol-ui/product/dettol-antibacterial-surface-cleaner-spray-750ml","surface cleaner antibacterial","2026-04-10T18:49:09.705Z","sainsburys","3.07","per ltr","750ml"
"Dettol",,"https://assets.sainsburys-groceries.co.uk/gol/7330379/image.webp","Dettol Antibacterial Multi Surface Cleaning Wipes x30",,"false","1.234","https://www.sainsburys.co.uk/gol-ui/product/dettol-antibacterial-multi-surface-cleaning-wipes-x30","surface cleaner antibacterial","2026-04-10T18:49:09.705Z","sainsburys",,,
"Sainsbury's",,"https://assets.sainsburys-groceries.co.uk/gol/8218152/image.webp","Sainsbury's Green Care Home Laurel & Basil Antibacterial Sur...","Nectar Price","true","1.75","https://www.sainsburys.co.uk/gol-ui/product/sainsburys-green-care-home-laurel-basil-antibacterial-surface-cleanser-750ml","surface cleaner antibacterial","2026-04-10T18:49:09.705Z","sainsburys","2.33","per ltr",
"Neat",,"https://assets.sainsburys-groceries.co.uk/gol/8240314/image.webp","Neat Lime & Matcha Antibacterial Multi Surface Cleaner Conce...",,"false","3","https://www.sainsburys.co.uk/gol-ui/product/neat-lime-matcha-antibacterial-multi-surface-cleaner-concentrated-refill-30ml","surface cleaner antibacterial","2026-04-10T18:49:09.705Z","sainsburys","100","per ltr",
"Fairy",,"https://assets.sainsburys-groceries.co.uk/gol/8099483/image.webp","Fairy Non Bio All-in-1 Pods Laundry Detergent Washing Capsul...",,"false","12","https://www.sainsburys.co.uk/gol-ui/product/fairy-non-bio-pods-washing-liquid-capsules-57-washes","washing capsules laundry","2026-04-10T18:49:27.874Z","sainsburys","11.65","per kg",
"Ariel",,"https://assets.sainsburys-groceries.co.uk/gol/8099481/image.webp","Ariel All-in-1 Pods Laundry Detergent Washing Capsules Origi...",,"false","12","https://www.sainsburys.co.uk/gol-ui/product/ariel-all-in-1-pods-washing-liquid-capsules-original-57-washes","washing capsules laundry","2026-04-10T18:49:27.874Z","sainsburys","13.79","per kg",
"Fairy",,"https://assets.sainsburys-groceries.co.uk/gol/8249842/image.webp","Fairy 22 Washes Non Bio Pods",,"false","6.25","https://www.sainsburys.co.uk/gol-ui/product/fairy-22-washes-non-bio-pods","washing capsules laundry","2026-04-10T18:49:27.874Z","sainsburys","13.79","per kg",
"Fairy",,"https://assets.sainsburys-groceries.co.uk/gol/8144144/image.webp","Fairy Non Bio Platinum Pods Laundry Detergent Washing Capsul...",,"false","12.5","https://www.sainsburys.co.uk/gol-ui/product/fairy-non-bio-pods-washing-liquid-capsules-platinum-44-washes","washing capsules laundry","2026-04-10T18:49:27.874Z","sainsburys","11.41","per kg",
"Fairy",,"https://assets.sainsburys-groceries.co.uk/gol/8236632/image.webp","Fairy Non Bio Pods Washing Capsules 70 Washes","Nectar Price","true","13.5","https://www.sainsburys.co.uk/gol-ui/product/fairy-non-bio-pods-washing-capsules-70-washes","washing capsules laundry","2026-04-10T18:49:27.874Z","sainsburys","8.6","per kg",
"Lenor",,"https://assets.sainsburys-groceries.co.uk/gol/8070893/image.webp","Lenor Outdoorable Spring Awakening Fabric Conditioner 60 Was...","Nectar Price","true","4","https://www.sainsburys.co.uk/gol-ui/product/lenor-outdoorable-fabric-conditioner-spring-awakening-60-washes","fabric conditioner","2026-04-10T18:49:46.592Z","sainsburys","4.76","per ltr",
"Fairy",,"https://assets.sainsburys-groceries.co.uk/gol/8249775/image.webp","Fairy 29 Washes Fabric Softener","Nectar Price","true","2.25","https://www.sainsburys.co.uk/gol-ui/product/fairy-29-washes-fabric-softener","fabric conditioner","2026-04-10T18:49:46.592Z","sainsburys","2.51","per kg",
"Comfort",,"https://assets.sainsburys-groceries.co.uk/gol/7752446/image.webp","Comfort Ultra Fresh & Protect Fresh Sky Fabric Conditioner 5...",,"false","5","https://www.sainsburys.co.uk/gol-ui/product/comfort-intense--fresh-sky-960ml","fabric conditioner","2026-04-10T18:49:46.592Z","sainsburys","5.75","per ltr",
"Comfort",,"https://assets.sainsburys-groceries.co.uk/gol/6536708/image.webp","Comfort Pure Sensitive Fabric Conditioner 31 Washes 930ml",,"false","2","https://www.sainsburys.co.uk/gol-ui/product/comfort-fabric-conditioner-pure-126l-36-washes-","fabric conditioner","2026-04-10T18:49:46.592Z","sainsburys","2.15","per ltr","930ml"
"Lenor",,"https://assets.sainsburys-groceries.co.uk/gol/8113300/image.webp","Lenor Outdoorable Spring Awakening Fabric Conditioner 86 Was...",,"false","5.5","https://www.sainsburys.co.uk/gol-ui/product/lenor-outdoorable-fabric-conditioner-spring-awakening-76-washes","fabric conditioner","2026-04-10T18:49:46.592Z","sainsburys","4.57","per ltr",
"Regina",,"https://assets.sainsburys-groceries.co.uk/gol/6648030/image.webp","Regina Blitz Kitchen Towel Rolls x2","Nectar Price","true","3","https://www.sainsburys.co.uk/gol-ui/product/regina-blitz-kitchen-towel-x2","kitchen roll","2026-04-10T18:50:01.912Z","sainsburys","2.14","per 100sht",
"Plenty",,"https://assets.sainsburys-groceries.co.uk/gol/7858710/image.webp","Plenty Original Kitchen Roll 2 Rolls",,"false","5","https://www.sainsburys.co.uk/gol-ui/product/plenty-white-kitchen-towel-2-rolls","kitchen roll","2026-04-10T18:50:01.912Z","sainsburys","2.63","per 100sht","2 Rolls"
"Plenty",,"https://assets.sainsburys-groceries.co.uk/gol/7858725/image.webp","Plenty Original Kitchen Roll 4 Rolls","Nectar Price","true","5","https://www.sainsburys.co.uk/gol-ui/product/plenty-white-kitchen-towel-4-rolls","kitchen roll","2026-04-10T18:50:01.912Z","sainsburys","1.32","per 100sht","4 Rolls"
"Stamford",,"https://assets.sainsburys-groceries.co.uk/gol/8034939/image.webp","Stamford Street Co. Jumbo Kitchen Roll",,"false","1.195","https://www.sainsburys.co.uk/gol-ui/product/house-247-kitchen-towel-x1","kitchen roll","2026-04-10T18:50:01.912Z","sainsburys",,,
"Sainsbury's",,"https://assets.sainsburys-groceries.co.uk/gol/7971919/image.webp","Sainsbury's Super Absorbent Kitchen Towels x2","Nectar Price","true","2","https://www.sainsburys.co.uk/gol-ui/product/sainsburys-super-absorbent-kitchen-towels-x2","kitchen roll","2026-04-10T18:50:01.912Z","sainsburys","1","per 100sht",
"Andrex",,"https://assets.sainsburys-groceries.co.uk/gol/6304463/image.webp","Andrex Ultimate Quilts Toilet Rolls x9","Nectar Price","true","5.5","https://www.sainsburys.co.uk/gol-ui/product/andrex-supreme-quilts-toilet-tissue-9-rolls-6304463-p","toilet roll","2026-04-10T18:50:13.376Z","sainsburys",,,
"Andrex",,"https://assets.sainsburys-groceries.co.uk/gol/8203020/image.webp","Andrex Complete Clean Mega Toilet Rolls x12","Nectar Price","true","8.5","https://www.sainsburys.co.uk/gol-ui/product/andrex-complete-clean-toilet-tissue-big-rolls-50-more-sheets-x12","toilet roll","2026-04-10T18:50:13.376Z","sainsburys",,,
"Sainsbury's",,"https://assets.sainsburys-groceries.co.uk/gol/6337128/image.webp","Sainsbury's Super Soft Toilet Tissue, Quilted x9 Rolls",,"false","4.0026","https://www.sainsburys.co.uk/gol-ui/product/sainsburys-super-soft-quilted-toilet-tissue-x9","toilet roll","2026-04-10T18:50:13.376Z","sainsburys",,,"9 Rolls"
"Andrex",,"https://assets.sainsburys-groceries.co.uk/gol/3794968/image.webp","Andrex Complete Clean Toilet Rolls x9",,"false","5.9535","https://www.sainsburys.co.uk/gol-ui/product/andrex-toilet-tissue-white-9x241-sheets","toilet roll","2026-04-10T18:50:13.376Z","sainsburys",,,
"Stamford",,"https://assets.sainsburys-groceries.co.uk/gol/8113193/image.webp","Stamford Street Co. Toilet Tissue Double Rolls 4 Equals 8 Ro...",,"false","1.519","https://www.sainsburys.co.uk/gol-ui/product/house-247-toilet-tissue-double-rolls-2-ply-tissue-x4","toilet roll","2026-04-10T18:50:13.376Z","sainsburys",,,
"Sainsbury's",,"https://assets.sainsburys-groceries.co.uk/gol/7211769/image.webp","Sainsbury's Non Pvc Cling Film 40m",,"false","1.855","https://www.sainsburys.co.uk/gol-ui/product/sainsburys-non-pvc-cling-film-40m","cling film","2026-04-10T18:50:34.681Z","sainsburys",,,
"Bacofoil",,"https://assets.sainsburys-groceries.co.uk/gol/8037533/image.webp","Bacofoil PVC Free Cling Film with Easy-Cut System 32.5cm x 3...",,"false","3.3011","https://www.sainsburys.co.uk/gol-ui/product/bacofoil-pvc-free-cling-film-with-easy-cut-system-325cm-x-30m","cling film","2026-04-10T18:50:34.681Z","sainsburys",,,
"Sainsbury's",,"https://assets.sainsburys-groceries.co.uk/gol/1378139/image.webp","Sainsbury's Non PVC Cling Film 100m",,"false","3.193","https://www.sainsburys.co.uk/gol-ui/product/sainsburys-non-pvc-cling-film-100m","cling film","2026-04-10T18:50:34.681Z","sainsburys",,,
"Hero",,"https://assets.sainsburys-groceries.co.uk/gol/8081533/image.webp","Hero Cling Film Easy Sliding Cutter Strip 60m",,"false","3.756","https://www.sainsburys.co.uk/gol-ui/product/hero-cling-film-easy-sliding-cutter-strip-60m","cling film","2026-04-10T18:50:34.681Z","sainsburys",,,
"Sainsbury's",,"https://assets.sainsburys-groceries.co.uk/gol/8157611/image.webp","Sainsbury's Healthcare Dual Action Pain Relief Ibuprofen & P...",,"false","2.5016","https://www.sainsburys.co.uk/gol-ui/product/sainsburys-healthcare-dual-action-pain-relief-ibuprofen-paracetamol-film-coated-tablets-x16","cling film","2026-04-10T18:50:34.681Z","sainsburys",,,
"Beast",,"https://assets.sainsburys-groceries.co.uk/gol/8096200/image.webp","Beast Incredibly Tough Drawstring Bin Bags x10 70L",,"false","3.7538","https://www.sainsburys.co.uk/gol-ui/product/beast-incredibly-tough-drawstring-bin-bags-x10-70l","bin bags","2026-04-10T18:50:42.563Z","sainsburys",,,"70L"
"Beast",,"https://assets.sainsburys-groceries.co.uk/gol/8079368/image.webp","Beast Bin Bags Incredibly Tough Tall and Slim Drawstring Ped...",,"false","2.7528","https://www.sainsburys.co.uk/gol-ui/product/beast-bin-bags-incredibly-tough-tall-and-slim-drawstring-pedal-bin-bags-x10-30l","bin bags","2026-04-10T18:50:42.563Z","sainsburys",,,
"Beast",,"https://assets.sainsburys-groceries.co.uk/gol/8215555/image.webp","Beast Bin Bags Incredibly Tough Drawstring Swing Bin Bags x1...",,"false","3.5035","https://www.sainsburys.co.uk/gol-ui/product/beast-bin-bags-incredibly-tough-drawstring-swing-bin-bags-x10-50l","bin bags","2026-04-10T18:50:42.563Z","sainsburys",,,
"Sainsbury's",,"https://assets.sainsburys-groceries.co.uk/gol/8079508/image.webp","Sainsbury's Kitchen Caddy Liners x20 10L",,"false","1.759","https://www.sainsburys.co.uk/gol-ui/product/sainsburys-kitchen-caddy-liners-x20-10l","bin bags","2026-04-10T18:50:42.563Z","sainsburys",,,"10L"
"Sainsbury's",,"https://assets.sainsburys-groceries.co.uk/gol/1296761/image.webp","Sainsbury's Tie Top Refuse Sacks x20",,"false","2.7514","https://www.sainsburys.co.uk/gol-ui/product/sainsburys-recycled-tie-top-refuse-sacks-x20","bin bags","2026-04-10T18:50:42.563Z","sainsburys",,,
"Beast",,"https://assets.sainsburys-groceries.co.uk/gol/8252954/image.webp","Beast 10m Strength Super Strong Kitchen Foil",,"false","3.7538","https://www.sainsburys.co.uk/gol-ui/product/beast-10m-strength-super-strong-kitchen-foil","tin foil","2026-04-10T18:51:06.283Z","sainsburys",,,
"Sainsbury's",,"https://assets.sainsburys-groceries.co.uk/gol/7598535/image.webp","Sainsbury's Kitchen Foil 300mm x10m",,"false","1.5015","https://www.sainsburys.co.uk/gol-ui/product/sainsburys-kitchen-foil-10m-x-300mm","tin foil","2026-04-10T18:51:06.283Z","sainsburys",,,
"Sainsbury's",,"https://assets.sainsburys-groceries.co.uk/gol/7709931/image.webp","Sainsbury's Extra Strong Foil 10mx300mm",,"false","1.7518","https://www.sainsburys.co.uk/gol-ui/product/sainsburys-extra-strong-foil-10mx300mm","tin foil","2026-04-10T18:51:06.283Z","sainsburys",,,
"Stamford",,"https://assets.sainsburys-groceries.co.uk/gol/8005318/image.webp","Stamford Street Co. Wrapping Foil 20m",,"false","1.095","https://www.sainsburys.co.uk/gol-ui/product/house-247-wrapping-foil-290mm-x-20m","tin foil","2026-04-10T18:51:06.283Z","sainsburys",,,
"Sainsbury's",,"https://assets.sainsburys-groceries.co.uk/gol/8075293/image.webp","Sainsbury's Extra Strong Kitchen Foil 300mmx20m",,"false","3.2516","https://www.sainsburys.co.uk/gol-ui/product/sainsburys-extra-strong-kitchen-foil-300mmx20m","tin foil","2026-04-10T18:51:06.283Z","sainsburys",,,
"Sainsbury's",,"https://assets.sainsburys-groceries.co.uk/gol/662789/image.webp","Sainsbury's Vittoria Cherry Vine Tomatoes, Taste the Differe...","Nectar Price","true","1.95","https://www.sainsburys.co.uk/gol-ui/product/sainsburys-vittoria-cherry-vine-tomatoes-taste-the-difference-250g","vine tomatoes","2026-04-10T18:51:15.423Z","sainsburys","7.8","per kg",
"Sainsbury's",,"https://assets.sainsburys-groceries.co.uk/gol/1128291/image.webp","Sainsbury's Jubilee Large Vine Tomatoes, Taste the Differenc...","Nectar Price","true","1.8","https://www.sainsburys.co.uk/gol-ui/product/sainsburys-british-jubilee-large-vine-tomatoes--taste-the-difference","vine tomatoes","2026-04-10T18:51:15.423Z","sainsburys","4","per kg",
"Sainsbury's",,"https://assets.sainsburys-groceries.co.uk/gol/7547978/image.webp","Sainsbury's Majestic Vine Ripened Tomatoes, Taste the Differ...",,"false","2.05","https://www.sainsburys.co.uk/gol-ui/product/sainsburys-medium-vine-tomatoes--taste-the-difference-300g","vine tomatoes","2026-04-10T18:51:15.423Z","sainsburys","6.83","per kg",
"Sainsbury's",,"https://assets.sainsburys-groceries.co.uk/gol/7621163/image.webp","Sainsbury's Vittoria Cherry Vine Tomatoes, Taste the Differe...",,"false","3.3","https://www.sainsburys.co.uk/gol-ui/product/sainsburys-vittoria-tomatoes--taste-the-difference-400g","vine tomatoes","2026-04-10T18:51:15.423Z","sainsburys","8.25","per kg",
"Sainsbury's",,"https://assets.sainsburys-groceries.co.uk/gol/8049885/image.webp","Sainsbury's Large Vine Tomatoes 500g",,"false","1.4","https://www.sainsburys.co.uk/gol-ui/product/sainsburys-large-vine-tomatoes-500g","vine tomatoes","2026-04-10T18:51:15.423Z","sainsburys","2.8","per kg","500g"
"Sainsbury's",,"https://assets.sainsburys-groceries.co.uk/gol/6596913/image.webp","Sainsbury's White Soft Cheese 300g",,"false","2.35","https://www.sainsburys.co.uk/gol-ui/product/sainsburys-soft-white-cheese-300g","cream cheese","2026-04-10T18:51:41.722Z","sainsburys","7.83","per kg","300g"
"Sainsbury's",,"https://assets.sainsburys-groceries.co.uk/gol/7522736/image.webp","Sainsbury's Light Soft Cheese 250g",,"false","1.95","https://www.sainsburys.co.uk/gol-ui/product/sainsburys-light-soft-cheese-250g","cream cheese","2026-04-10T18:51:41.722Z","sainsburys","7.8","per kg","250g"
"Philadelphia",,"https://assets.sainsburys-groceries.co.uk/gol/7708696/image.webp","Philadelphia Original Soft Cream Cheese 165g",,"false","2.25","https://www.sainsburys.co.uk/gol-ui/product/philadelphia-180g","cream cheese","2026-04-10T18:51:41.722Z","sainsburys","13.64","per kg","165g"
"Stamford",,"https://assets.sainsburys-groceries.co.uk/gol/7982446/image.webp","Stamford Street Co. Soft Cheese 200g",,"false","4.75","https://www.sainsburys.co.uk/gol-ui/product/mary-anns-dairy-soft-cheese-200g","cream cheese","2026-04-10T18:51:41.722Z","sainsburys","4.75","per kg","200g"
"Philadelphia",,"https://assets.sainsburys-groceries.co.uk/gol/7708694/image.webp","Philadelphia Light Low Fat Soft Cream Cheese 165g",,"false","2.25","https://www.sainsburys.co.uk/gol-ui/product/philadelphia-light-180g","cream cheese","2026-04-10T18:51:41.722Z","sainsburys","13.64","per kg","165g"
"Sainsbury's",,"https://assets.sainsburys-groceries.co.uk/gol/8157181/image.webp","Sainsbury's Skin on & Boneless Smoked MSC Haddock Fillets 24...","Nectar Price","true","5.95","https://www.sainsburys.co.uk/gol-ui/product/sainsburys-boneless-smoked-haddock-fillets-x2-240g","haddock fillets","2026-04-10T18:51:43.433Z","sainsburys","24.79","per kg",
"Sainsbury's",,"https://assets.sainsburys-groceries.co.uk/gol/7559909/image.webp","Sainsbury's Skin On & Boneless Smoked Haddock Fillets 360g",,"false","5.5","https://www.sainsburys.co.uk/gol-ui/product/sainsburys-smoked-haddock-fillets-400g","haddock fillets","2026-04-10T18:51:43.433Z","sainsburys","15.28","per kg","360g"
"Sainsbury's",,"https://assets.sainsburys-groceries.co.uk/gol/7442624/image.webp","Sainsbury's Lightly Dusted MSC Haddock Fillets x2 255g",,"false","5.5","https://www.sainsburys.co.uk/gol-ui/product/sainsburys-lightly-dusted-haddock-x2-265g","haddock fillets","2026-04-10T18:51:43.433Z","sainsburys","21.57","per kg","255g"
"Sainsbury's",,"https://assets.sainsburys-groceries.co.uk/gol/7560114/image.webp","Sainsbury's Haddock Fillet Portion 360g",,"false","5.5","https://www.sainsburys.co.uk/gol-ui/product/sainsburys-haddock-fillet-portion-380g","haddock fillets","2026-04-10T18:51:43.433Z","sainsburys","15.28","per kg","360g"
"Sainsbury's",,"https://assets.sainsburys-groceries.co.uk/gol/7441161/image.webp","Sainsbury's Breaded MSC Haddock Fillets x2 300g",,"false","2.99","https://www.sainsburys.co.uk/gol-ui/product/sainsburys-breaded-haddock-fillets-x2-300g","haddock fillets","2026-04-10T18:51:43.433Z","sainsburys","9.97","per kg","300g"
"Sainsbury's",,"https://assets.sainsburys-groceries.co.uk/gol/662789/image.webp","Sainsbury's Vittoria Cherry Vine Tomatoes, Taste the Differe...","Nectar Price","true","1.95","https://www.sainsburys.co.uk/gol-ui/product/sainsburys-vittoria-cherry-vine-tomatoes-taste-the-difference-250g","cherry tomatoes","2026-04-10T18:51:56.962Z","sainsburys","7.8","per kg",
"Sainsbury's",,"https://assets.sainsburys-groceries.co.uk/gol/8088507/image.webp","Sainsbury's Cherry Tomatoes 300g",,"false","1","https://www.sainsburys.co.uk/gol-ui/product/sainsburys-cherry-tomatoes-300g","cherry tomatoes","2026-04-10T18:51:56.962Z","sainsburys","3.33","per kg","300g"
"Sainsbury's",,"https://assets.sainsburys-groceries.co.uk/gol/7621163/image.webp","Sainsbury's Vittoria Cherry Vine Tomatoes, Taste the Differe...",,"false","3.3","https://www.sainsburys.co.uk/gol-ui/product/sainsburys-vittoria-tomatoes--taste-the-difference-400g","cherry tomatoes","2026-04-10T18:51:56.962Z","sainsburys","8.25","per kg",
"Sainsbury's",,"https://assets.sainsburys-groceries.co.uk/gol/8091164/image.webp","Sainsbury's SO Organic Cherry on the Vine Tomatoes 200g","Nectar Price","true","1.75","https://www.sainsburys.co.uk/gol-ui/product/so-vittoria-tomatoes-organic-200g","cherry tomatoes","2026-04-10T18:51:56.962Z","sainsburys","8.75","per kg","200g"
"Sainsbury's",,"https://assets.sainsburys-groceries.co.uk/gol/7994524/image.webp","Sainsbury's Cherry Tomatoes 500g",,"false","1.5","https://www.sainsburys.co.uk/gol-ui/product/sainsburys-cherry-tomatoes-500g","cherry tomatoes","2026-04-10T18:51:56.962Z","sainsburys","3","per kg","500g"
"Sainsbury's",,"https://assets.sainsburys-groceries.co.uk/gol/6924077/image.webp","Sainsbury's Parmigiano Reggiano Cheese, Taste the Difference...",,"false","4.5","https://www.sainsburys.co.uk/gol-ui/product/sainsburys-parmigiano-reggiano--taste-the-difference-200g","parmesan","2026-04-10T18:52:12.891Z","sainsburys","22.5","per kg",
"Sainsbury's",,"https://assets.sainsburys-groceries.co.uk/gol/6923999/image.webp","Sainsbury's Parmigiano Reggiano Cheese, SO Organic 200g",,"false","4.5","https://www.sainsburys.co.uk/gol-ui/product/sainsburys-parmigiano-reggiano--so-organic-200g","parmesan","2026-04-10T18:52:12.891Z","sainsburys","22.5","per kg","200g"
"Sainsbury's",,"https://assets.sainsburys-groceries.co.uk/gol/6923971/image.webp","Sainsbury's Parmigiano Reggiano Cheese 200g",,"false","4","https://www.sainsburys.co.uk/gol-ui/product/sainsburys-parmigiano-reggiano-200g","parmesan","2026-04-10T18:52:12.891Z","sainsburys","20","per kg","200g"
"Sainsbury's",,"https://assets.sainsburys-groceries.co.uk/gol/1359701/image.webp","Sainsbury's Fresh Grated Parmigiano Cheese 60g",,"false","1.75","https://www.sainsburys.co.uk/gol-ui/product/sainsburys-fresh-grated-parmigiano-60g","parmesan","2026-04-10T18:52:12.891Z","sainsburys","29.17","per kg","60g"
"Sainsbury's",,"https://assets.sainsburys-groceries.co.uk/gol/1304466/image.webp","Sainsbury's Grated Parmesan Cheese 120g",,"false","3.36","https://www.sainsburys.co.uk/gol-ui/product/sainsburys-grated-parmesan-120g","parmesan","2026-04-10T18:52:12.891Z","sainsburys","28","per kg","120g"
"Fish",,"https://assets.sainsburys-groceries.co.uk/gol/8088676/image.webp","Fish Said Fred Whole Sea Bass x2 520g","Nectar Price","true","7.95","https://www.sainsburys.co.uk/gol-ui/product/fish-said-fred-tremendous-whole-sea-bass-x2-520g","sea bass","2026-04-10T18:52:24.259Z","sainsburys","15.29","per kg","520g"
"Sainsbury's",,"https://assets.sainsburys-groceries.co.uk/gol/7573402/image.webp","Sainsbury's Sea Bass Fillets ASC 180g","Nectar Price","true","4.95","https://www.sainsburys.co.uk/gol-ui/product/sainsburys-sea-bass-fillets-180g","sea bass","2026-04-10T18:52:24.259Z","sainsburys","27.5","per kg","180g"
"Sainsbury's",,"https://assets.sainsburys-groceries.co.uk/gol/8124236/image.webp","Sainsburys Sea Bass Fillets ASC x4 360g",,"false","10.95","https://www.sainsburys.co.uk/gol-ui/product/sainsburys-sea-bass-360g","sea bass","2026-04-10T18:52:24.259Z","sainsburys","30.42","per kg","360g"
"Sainsbury's",,"https://assets.sainsburys-groceries.co.uk/gol/8008261/image.webp","Sainsbury's Sea Bass Fillets ASC with Soy, Chilli and Ginger...",,"false","6.5","https://www.sainsburys.co.uk/gol-ui/product/sainsburys-seabass-with-asian-marinade-210g","sea bass","2026-04-10T18:52:24.259Z","sainsburys","31.71","per kg",
"Sainsbury's",,"https://assets.sainsburys-groceries.co.uk/gol/8252457/image.webp","Sainsbury's 2 x Mediterranean Style Stuffed Sea Bass, Taste ...",,"false","6.95","https://www.sainsburys.co.uk/gol-ui/product/sainsburys-2-x-mediterranean-style-stuffed-sea-bass-taste-the-difference-291g","sea bass","2026-04-10T18:52:24.259Z","sainsburys","23.88","per kg",
