"gtin","imageUrl","name","offerDescription","onOffer","price","productId","productUrl","query","scrapedAt","store","unitPrice","unitPriceMeasure","unitSize"
,"https://ecom-su-static-prod.wtrecom.com/images/products/3/LN_053457_BP_3.jpg","Essential British Free Range Semi-Skimmed Milk 4 Pints",,"false","1.75","053457-26759-26760","https://www.waitrose.com/ecom/products/essential-british-free-range-semi-skimmed-milk-4-pints/053457-26759-26760","semi skimmed milk","2026-04-10T14:22:01.249Z","waitrose","0.77","per litre","2.272 litre"
,"https://ecom-su-static-prod.wtrecom.com/images/products/3/LN_053448_BP_3.jpg","Essential British Free Range Semi-Skimmed Milk 2 Pints",,"false","1.25","053448-26749-26750","https://www.waitrose.com/ecom/products/essential-british-free-range-semi-skimmed-milk-2-pints/053448-26749-26750","semi skimmed milk","2026-04-10T14:22:01.249Z","waitrose","1.1","per litre","1.136 litre"
,"https://ecom-su-static-prod.wtrecom.com/images/products/3/LN_062593_BP_3.jpg","Cravendale Filtered Fresher for Longer Semi-Skimmed Milk","Add 2 for £4","true","2.9","062593-31787-31788","https://www.waitrose.com/ecom/products/cravendale-filtered-fresher-for-longer-semi-skimmed-milk/062593-31787-31788","semi skimmed milk","2026-04-10T14:22:01.249Z","waitrose","1.45","per litre","2 litre"
,"https://ecom-su-static-prod.wtrecom.com/images/products/3/LN_053447_BP_3.jpg","Essential British Free Range Semi-Skimmed Milk 1 Pint",,"false","1.67","053447-26747-26748","https://www.waitrose.com/ecom/products/essential-british-free-range-semi-skimmed-milk-1-pint/053447-26747-26748","semi skimmed milk","2026-04-10T14:22:01.249Z","waitrose","1.67","per litre","568 ml"
,"https://ecom-su-static-prod.wtrecom.com/images/products/3/LN_053924_BP_3.jpg","Duchy Organic Semi-Skimmed Milk 4 pints",,"false","2.45","053924-27034-27035","https://www.waitrose.com/ecom/products/duchy-organic-semi-skimmed-milk-4-pints/053924-27034-27035","semi skimmed milk","2026-04-10T14:22:01.249Z","waitrose","1.08","per litre","2.272 litre"
,"https://ecom-su-static-prod.wtrecom.com/images/products/3/LN_596640_BP_3.jpg","Tom Parker Vitamin Enriched Whole Milk",,"false","1.7","596640-826528-826529","https://www.waitrose.com/ecom/products/tom-parker-vitamin-enriched-whole-milk/596640-826528-826529","whole milk","2026-04-10T14:22:02.946Z","waitrose","3.4","per litre","500 ml"
,"https://ecom-su-static-prod.wtrecom.com/images/products/3/LN_018732_BP_3.jpg","Duchy Organic Unhomogenised Whole Milk 4 Pints",,"false","2.45","018732-9053-9054","https://www.waitrose.com/ecom/products/duchy-organic-unhomogenised-whole-milk-4-pints/018732-9053-9054","whole milk","2026-04-10T14:22:02.946Z","waitrose","1.08","per litre","2.272 litre"
,"https://ecom-su-static-prod.wtrecom.com/images/products/3/LN_053404_BP_3.jpg","Essential British Free Range Whole Milk 4 Pints",,"false","1.75","053404-26711-26712","https://www.waitrose.com/ecom/products/essential-british-free-range-whole-milk-4-pints/053404-26711-26712","whole milk","2026-04-10T14:22:02.946Z","waitrose","0.77","per litre","2.272 litre"
,"https://ecom-su-static-prod.wtrecom.com/images/products/3/LN_053403_BP_3.jpg","Essential British Free Range Whole Milk 2 Pints",,"false","1.25","053403-26709-26710","https://www.waitrose.com/ecom/products/essential-british-free-range-whole-milk-2-pints/053403-26709-26710","whole milk","2026-04-10T14:22:02.946Z","waitrose","1.1","per litre","1.136 litre"
,"https://ecom-su-static-prod.wtrecom.com/images/products/3/LN_087516_BP_3.jpg","Yeo Valley Organic Fresh Whole Milk","Save 95p. Was £3.20","true","2.25","087516-44738-44739","https://www.waitrose.com/ecom/products/yeo-valley-organic-fresh-whole-milk/087516-44738-44739","whole milk","2026-04-10T14:22:02.946Z","waitrose","1.13","per litre","2 litre"
,"https://ecom-su-static-prod.wtrecom.com/images/products/3/LN_053444_BP_3.jpg","Essential British Free Range Skimmed Milk 4 Pints",,"false","1.75","053444-26741-26742","https://www.waitrose.com/ecom/products/essential-british-free-range-skimmed-milk-4-pints/053444-26741-26742","skimmed milk","2026-04-10T14:22:14.365Z","waitrose","0.77","per litre","2.272 litre"
,"https://ecom-su-static-prod.wtrecom.com/images/products/3/LN_053446_BP_3.jpg","Essential British Free Range Skimmed Milk 2 Pints",,"false","1.25","053446-26745-26746","https://www.waitrose.com/ecom/products/essential-british-free-range-skimmed-milk-2-pints/053446-26745-26746","skimmed milk","2026-04-10T14:22:14.365Z","waitrose","1.1","per litre","1.136 litre"
,"https://ecom-su-static-prod.wtrecom.com/images/products/3/LN_096067_BP_3.jpg","Cravendale Filtered Fresher for Longer Skimmed Milk","Add 2 for £4","true","2.9","096067-49176-49177","https://www.waitrose.com/ecom/products/cravendale-filtered-fresher-for-longer-skimmed-milk/096067-49176-49177","skimmed milk","2026-04-10T14:22:14.365Z","waitrose","1.45","per litre","2 litre"
,"https://ecom-su-static-prod.wtrecom.com/images/products/3/LN_053445_BP_3.jpg","Essential British Free Range Skimmed Milk 1 Pint",,"false","1.67","053445-26743-26744","https://www.waitrose.com/ecom/products/essential-british-free-range-skimmed-milk-1-pint/053445-26743-26744","skimmed milk","2026-04-10T14:22:14.365Z","waitrose","1.67","per litre","568 ml"
,"https://ecom-su-static-prod.wtrecom.com/images/products/3/LN_035309_BP_3.jpg","Essential Long Life Skimmed Milk",,"false","1.4","035309-17785-17786","https://www.waitrose.com/ecom/products/essential-long-life-skimmed-milk/035309-17785-17786","skimmed milk","2026-04-10T14:22:14.365Z","waitrose","1.4","per litre","1 litre"
,"https://ecom-su-static-prod.wtrecom.com/images/products/3/LN_974132_BP_3.jpg","MOMA Extra Creamy Oat",,"false","1.8","974132-836310-836311","https://www.waitrose.com/ecom/products/moma-extra-creamy-oat/974132-836310-836311","oat milk","2026-04-10T14:22:14.574Z","waitrose","2.4","per litre","750 ml"
,"https://ecom-su-static-prod.wtrecom.com/images/products/3/LN_576831_BP_3.jpg","Essential Oat Milk Unsweetened Dairy Free Milk Alternative",,"false","1.55","576831-759552-759553","https://www.waitrose.com/ecom/products/essential-oat-milk-unsweetened-dairy-free-milk-alternative/576831-759552-759553","oat milk","2026-04-10T14:22:14.574Z","waitrose","1.55","per litre","1 litre"
,"https://ecom-su-static-prod.wtrecom.com/images/products/3/LN_928112_BP_3.jpg","MOMA Barista Oat",,"false","1.8","928112-836224-836225","https://www.waitrose.com/ecom/products/moma-barista-oat/928112-836224-836225","oat milk","2026-04-10T14:22:14.574Z","waitrose","2.4","per litre","750 ml"
,"https://ecom-su-static-prod.wtrecom.com/images/products/3/LN_925003_BP_3.jpg","Oato Fresh Barista Whole Oat Milk Alternative",,"false","1.85","925003-826880-826881","https://www.waitrose.com/ecom/products/oato-fresh-barista-whole-oat-milk-alternative/925003-826880-826881","oat milk","2026-04-10T14:22:14.574Z","waitrose","1.85","per litre","1 litre"
,"https://ecom-su-static-prod.wtrecom.com/images/products/3/LN_882279_BP_3.jpg","Alpro Oat No Sugar Chilled Dairy Free Drink",,"false","2.2","882279-677674-677675","https://www.waitrose.com/ecom/products/alpro-oat-no-sugar-chilled-dairy-free-drink/882279-677674-677675","oat milk","2026-04-10T14:22:14.574Z","waitrose","2.2","per litre","1 litre"
,"https://ecom-su-static-prod.wtrecom.com/images/products/3/LN_567758_BP_3.jpg","Alpro No Added Sugar Chilled Dairy Free Almond Milk Alternative",,"false","2.3","567758-274797-274798","https://www.waitrose.com/ecom/products/alpro-no-added-sugar-chilled-dairy-free-almond-milk-alternative/567758-274797-274798","almond milk","2026-04-10T14:22:23.805Z","waitrose","2.3","per litre","1 litre"
,"https://ecom-su-static-prod.wtrecom.com/images/products/3/LN_448576_BP_3.jpg","Essential Almond Unsweetened Milk Alternative",,"false","1.4","448576-759539-759540","https://www.waitrose.com/ecom/products/essential-almond-unsweetened-milk-alternative/448576-759539-759540","almond milk","2026-04-10T14:22:23.805Z","waitrose","1.4","per litre","1 litre"
,"https://ecom-su-static-prod.wtrecom.com/images/products/3/LN_544050_BP_3.jpg","Alpro Almond Long Life No Sugar Dairy Free Milk Alternative","Save 80p. Was £2.40","true","1.6","544050-260026-260027","https://www.waitrose.com/ecom/products/alpro-almond-long-life-no-sugar-dairy-free-milk-alternative/544050-260026-260027","almond milk","2026-04-10T14:22:23.805Z","waitrose","1.6","per litre","1 litre"
,"https://ecom-su-static-prod.wtrecom.com/images/products/3/LN_403318_BP_3.jpg","Plenish Almond Chilled Unsweetened Organic Milk Alternative","Save 45p. Was £2.45","true","2","403318-815472-815473","https://www.waitrose.com/ecom/products/plenish-almond-chilled-unsweetened-organic-milk-alternative/403318-815472-815473","almond milk","2026-04-10T14:22:23.805Z","waitrose","2","per litre","1 litre"
,"https://ecom-su-static-prod.wtrecom.com/images/products/3/LN_824344_BP_3.jpg","Alpro Original Chilled Dairy Free Almond Milk Drink",,"false","2.3","824344-166791-166792","https://www.waitrose.com/ecom/products/alpro-original-chilled-dairy-free-almond-milk-drink/824344-166791-166792","almond milk","2026-04-10T14:22:23.805Z","waitrose","2.3","per litre","1 litre"
,"https://ecom-su-static-prod.wtrecom.com/images/products/3/LN_368493_BP_3.jpg","New York Bakery Sourdough Bagels",,"false","2.15","368493-1-2","https://www.waitrose.com/ecom/products/new-york-bakery-sourdough-bagels/368493-1-2","bagels","2026-04-10T14:22:32.617Z","waitrose",,,"5s"
,"https://ecom-su-static-prod.wtrecom.com/images/products/3/LN_771562_BP_3.jpg","Fitzgeralds Sourdough Bagels",,"false","2.2","771562-677510-677511","https://www.waitrose.com/ecom/products/fitzgeralds-sourdough-bagels/771562-677510-677511","bagels","2026-04-10T14:22:32.617Z","waitrose",,,"5s"
,"https://ecom-su-static-prod.wtrecom.com/images/products/3/LN_004267_BP_3.jpg","New York Bakery Plain Bagels","20% Off. Was £2.00","true","1.6","004267-1747-1748","https://www.waitrose.com/ecom/products/new-york-bakery-plain-bagels/004267-1747-1748","bagels","2026-04-10T14:22:32.617Z","waitrose",,,"5s"
,"https://ecom-su-static-prod.wtrecom.com/images/products/3/LN_841009_BP_3.jpg","Fitzgeralds Multiseed & Cereal Bagel Slims",,"false","2.2","841009-590433-590434","https://www.waitrose.com/ecom/products/fitzgeralds-multiseed-cereal-bagel-slims/841009-590433-590434","bagels","2026-04-10T14:22:32.618Z","waitrose",,,"6s"
,"https://ecom-su-static-prod.wtrecom.com/images/products/3/LN_488463_BP_3.jpg","New York Bakery Cinnamon & Raisin Bagels","20% Off. Was £2.00","true","1.6","488463-162428-162429","https://www.waitrose.com/ecom/products/new-york-bakery-cinnamon-raisin-bagels/488463-162428-162429","bagels","2026-04-10T14:22:32.618Z","waitrose",,,"5s"
,"https://ecom-su-static-prod.wtrecom.com/images/products/3/LN_035050_BP_3.jpg","Essential Soya Unsweetened Milk Alternative",,"false","1.4","035050-17659-17660","https://www.waitrose.com/ecom/products/essential-soya-unsweetened-milk-alternative/035050-17659-17660","soy milk","2026-04-10T14:22:42.069Z","waitrose","1.4","per litre","1 litre"
,"https://ecom-su-static-prod.wtrecom.com/images/products/3/LN_257282_BP_3.jpg","Plenish Organic No Added Sugar Soya",,"false","2.45","257282-836417-836418","https://www.waitrose.com/ecom/products/plenish-organic-no-added-sugar-soya/257282-836417-836418","soy milk","2026-04-10T14:22:42.069Z","waitrose","2.45","per litre","1 litre"
,"https://ecom-su-static-prod.wtrecom.com/images/products/3/LN_545873_BP_3.jpg","Alpro Soya Chilled No Sugar Dairy Free Milk Alternative",,"false","1.9","545873-77163-77164","https://www.waitrose.com/ecom/products/alpro-soya-chilled-no-sugar-dairy-free-milk-alternative/545873-77163-77164","soy milk","2026-04-10T14:22:42.069Z","waitrose","1.9","per litre","1 litre"
,"https://ecom-su-static-prod.wtrecom.com/images/products/3/LN_084431_BP_3.jpg","Alpro Soya Chilled Dairy Free Milk Alternative",,"false","1.9","084431-42881-42882","https://www.waitrose.com/ecom/products/alpro-soya-chilled-dairy-free-milk-alternative/084431-42881-42882","soy milk","2026-04-10T14:22:42.069Z","waitrose","1.9","per litre","1 litre"
,"https://ecom-su-static-prod.wtrecom.com/images/products/3/LN_035988_BP_3.jpg","Alpro Organic Soya Long Life No Sugar Dairy Free Milk Alternative","Save 60p. Was £2.30","true","1.7","035988-18074-18075","https://www.waitrose.com/ecom/products/alpro-organic-soya-long-life-no-sugar-dairy-free-milk-alternative/035988-18074-18075","soy milk","2026-04-10T14:22:42.069Z","waitrose","1.7","per litre","1 litre"
,"https://ecom-su-static-prod.wtrecom.com/images/products/3/LN_044339_BP_3.jpg","Waitrose Croissants",,"false","2.5","044339-21846-21847","https://www.waitrose.com/ecom/products/waitrose-croissants/044339-21846-21847","croissants","2026-04-10T14:22:50.693Z","waitrose",,,"4s"
,"https://ecom-su-static-prod.wtrecom.com/images/products/3/LN_863616_BP_3.jpg","No.1 2 Butter Croissants",,"false","2.5","863616-493327-493328","https://www.waitrose.com/ecom/products/no1-2-butter-croissants/863616-493327-493328","croissants","2026-04-10T14:22:50.693Z","waitrose",,,"2s"
,"https://ecom-su-static-prod.wtrecom.com/images/products/3/LN_485616_BP_3.jpg","Waitrose Frozen 8 Butter Croissants",,"false","5","485616-380320-380321","https://www.waitrose.com/ecom/products/waitrose-frozen-8-butter-croissants/485616-380320-380321","croissants","2026-04-10T14:22:50.693Z","waitrose","11.36","per kg","440 g"
,"https://ecom-su-static-prod.wtrecom.com/images/products/3/LN_995302_BP_3.jpg","Waitrose 8 All Butter Croissants",,"false","4.75","995302-836539-836540","https://www.waitrose.com/ecom/products/waitrose-8-all-butter-croissants/995302-836539-836540","croissants","2026-04-10T14:22:50.693Z","waitrose",,,"8s"
,"https://ecom-su-static-prod.wtrecom.com/images/products/3/LN_997688_BP_3.jpg","St Pierre 6 Croissants","Save 60p. Was £2.25","true","1.65","997688-842596-842597","https://www.waitrose.com/ecom/products/st-pierre-6-croissants/997688-842596-842597","croissants","2026-04-10T14:22:50.693Z","waitrose",,,"6s"
,"https://ecom-su-static-prod.wtrecom.com/images/products/3/LN_032649_BP_3.jpg","Arla Lactofree Lactose Free Semi-Skimmed Milk Alternative",,"false","2","032649-15969-15970","https://www.waitrose.com/ecom/products/arla-lactofree-lactose-free-semi-skimmed-milk-alternative/032649-15969-15970","lactose free milk","2026-04-10T14:22:59.396Z","waitrose","2","per litre","1 litre"
,"https://ecom-su-static-prod.wtrecom.com/images/products/3/LN_508304_BP_3.jpg","Arla Lactofree Lactose Free Skimmed Milk Alternative",,"false","2","508304-274763-274764","https://www.waitrose.com/ecom/products/arla-lactofree-lactose-free-skimmed-milk-alternative/508304-274763-274764","lactose free milk","2026-04-10T14:22:59.396Z","waitrose","2","per litre","1 litre"
,"https://ecom-su-static-prod.wtrecom.com/images/products/3/LN_724789_BP_3.jpg","Arla LactoFREE Whole Milk Drink",,"false","2","724789-102966-102967","https://www.waitrose.com/ecom/products/arla-lactofree-whole-milk-drink/724789-102966-102967","lactose free milk","2026-04-10T14:22:59.396Z","waitrose","2","per litre","1 litre"
,"https://ecom-su-static-prod.wtrecom.com/images/products/3/LN_925003_BP_3.jpg","Oato Fresh Barista Whole Oat Milk Alternative",,"false","1.85","925003-826880-826881","https://www.waitrose.com/ecom/products/oato-fresh-barista-whole-oat-milk-alternative/925003-826880-826881","lactose free milk","2026-04-10T14:22:59.396Z","waitrose","1.85","per litre","1 litre"
,"https://ecom-su-static-prod.wtrecom.com/images/products/3/LN_084431_BP_3.jpg","Alpro Soya Chilled Dairy Free Milk Alternative",,"false","1.9","084431-42881-42882","https://www.waitrose.com/ecom/products/alpro-soya-chilled-dairy-free-milk-alternative/084431-42881-42882","lactose free milk","2026-04-10T14:22:59.396Z","waitrose","1.9","per litre","1 litre"
,"https://ecom-su-static-prod.wtrecom.com/images/products/3/LN_896227_BP_3.jpg","Wildfarmed 4 White Rolls",,"false","1.85","896227-825315-825316","https://www.waitrose.com/ecom/products/wildfarmed-4-white-rolls/896227-825315-825316","burger buns","2026-04-10T14:23:08.099Z","waitrose",,,"4s"
,"https://ecom-su-static-prod.wtrecom.com/images/products/3/LN_911108_BP_3.jpg","No.1 2 Brioche Rolls",,"false","2","911108-1-2","https://www.waitrose.com/ecom/products/no1-2-brioche-rolls/911108-1-2","burger buns","2026-04-10T14:23:08.099Z","waitrose",,,"2s"
,"https://ecom-su-static-prod.wtrecom.com/images/products/3/LN_972863_BP_3.jpg","Wildfarmed 4 Seeded Rolls",,"false","1.85","972863-846745-846746","https://www.waitrose.com/ecom/products/wildfarmed-4-seeded-rolls/972863-846745-846746","burger buns","2026-04-10T14:23:08.099Z","waitrose","7.01","per kg","264 g"
,"https://ecom-su-static-prod.wtrecom.com/images/products/3/LN_540706_BP_3.jpg","Waitrose 4 Brioche Burger Buns",,"false","1.75","540706-779361-779362","https://www.waitrose.com/ecom/products/waitrose-4-brioche-burger-buns/540706-779361-779362","burger buns","2026-04-10T14:23:08.099Z","waitrose",,,"4s"
,"https://ecom-su-static-prod.wtrecom.com/images/products/3/LN_357128_BP_3.jpg","St Pierre 4 Burger Buns (Pre-Sliced)",,"false","2.5","357128-846673-846674","https://www.waitrose.com/ecom/products/st-pierre-4-burger-buns-pre-sliced/357128-846673-846674","burger buns","2026-04-10T14:23:08.099Z","waitrose",,,"4s"
,"https://ecom-su-static-prod.wtrecom.com/images/products/3/LN_934056_BP_3.jpg","All Things Butter Organic Salted Butter","Save 80p. Was £3.05","true","2.25","934056-850330-850331","https://www.waitrose.com/ecom/products/all-things-butter-organic-salted-butter/934056-850330-850331","salted butter","2026-04-10T14:23:16.991Z","waitrose","11.25","per kg","200 g"
,"https://ecom-su-static-prod.wtrecom.com/images/products/3/LN_043101_BP_3.jpg","Essential Salted Butter",,"false","2.25","043101-21272-21273","https://www.waitrose.com/ecom/products/essential-salted-butter/043101-21272-21273","salted butter","2026-04-10T14:23:16.991Z","waitrose","9","per kg","250 g"
,"https://ecom-su-static-prod.wtrecom.com/images/products/3/LN_474894_BP_3.jpg","Golden Hooves Salted Butter","20% Off. Was £2.95","true","2.35","474894-846683-846684","https://www.waitrose.com/ecom/products/golden-hooves-salted-butter/474894-846683-846684","salted butter","2026-04-10T14:23:16.991Z","waitrose","11.75","per kg","200 g"
,"https://ecom-su-static-prod.wtrecom.com/images/products/3/LN_084522_BP_3.jpg","Yeo Valley Organic Salted Butter","Save £1.00. Was £3.25","true","2.25","084522-42913-42914","https://www.waitrose.com/ecom/products/yeo-valley-organic-salted-butter/084522-42913-42914","salted butter","2026-04-10T14:23:16.991Z","waitrose","11.25","per kg","200 g"
,"https://ecom-su-static-prod.wtrecom.com/images/products/3/LN_012673_BP_3.jpg","Essential Salted Butter Large",,"false","4.4","012673-6212-6213","https://www.waitrose.com/ecom/products/essential-salted-butter-large/012673-6212-6213","salted butter","2026-04-10T14:23:16.991Z","waitrose","8.8","per kg","500 g"
,"https://ecom-su-static-prod.wtrecom.com/images/products/3/LN_434660_BP_3.jpg","Waitrose Sliced Brioche Loaf",,"false","2.95","434660-715226-715227","https://www.waitrose.com/ecom/products/waitrose-sliced-brioche-loaf/434660-715226-715227","brioche","2026-04-10T14:23:25.803Z","waitrose","7.38","per kg","400 g"
,"https://ecom-su-static-prod.wtrecom.com/images/products/3/LN_720768_BP_3.jpg","Waitrose 8 Chocolate Chip Brioche Rolls",,"false","2","720768-715242-715243","https://www.waitrose.com/ecom/products/waitrose-8-chocolate-chip-brioche-rolls/720768-715242-715243","brioche","2026-04-10T14:23:25.803Z","waitrose",,,"8s"
,"https://ecom-su-static-prod.wtrecom.com/images/products/3/LN_418521_BP_3.jpg","Waitrose 8 Brioche Rolls",,"false","2","418521-715224-715225","https://www.waitrose.com/ecom/products/waitrose-8-brioche-rolls/418521-715224-715225","brioche","2026-04-10T14:23:25.803Z","waitrose",,,"8s"
,"https://ecom-su-static-prod.wtrecom.com/images/products/3/LN_540706_BP_3.jpg","Waitrose 4 Brioche Burger Buns",,"false","1.75","540706-779361-779362","https://www.waitrose.com/ecom/products/waitrose-4-brioche-burger-buns/540706-779361-779362","brioche","2026-04-10T14:23:25.803Z","waitrose",,,"4s"
,"https://ecom-su-static-prod.wtrecom.com/images/products/3/LN_634694_BP_3.jpg","Genius Gluten Free Brioche Burger Buns","Save 75p. Was £2.20","true","1.45","634694-701974-701975","https://www.waitrose.com/ecom/products/genius-gluten-free-brioche-burger-buns/634694-701974-701975","brioche","2026-04-10T14:23:25.803Z","waitrose","10.36","per kg","2x70 g"
,"https://ecom-su-static-prod.wtrecom.com/images/products/3/LN_204093_BP_3.jpg","All Things Butter Garlic & Herb Butter",,"false","2.85","204093-834375-834376","https://www.waitrose.com/ecom/products/all-things-butter-garlic-herb-butter/204093-834375-834376","unsalted butter","2026-04-10T14:23:34.098Z","waitrose","24.78","per kg","115 g"
,"https://ecom-su-static-prod.wtrecom.com/images/products/3/LN_495389_BP_3.jpg","Essential Unsalted Butter",,"false","2.25","495389-70038-70039","https://www.waitrose.com/ecom/products/essential-unsalted-butter/495389-70038-70039","unsalted butter","2026-04-10T14:23:34.098Z","waitrose","9","per kg","250 g"
,"https://ecom-su-static-prod.wtrecom.com/images/products/3/LN_028605_BP_3.jpg","Yeo Valley Organic Unsalted Butter","Save £1.00. Was £3.25","true","2.25","028605-13942-13943","https://www.waitrose.com/ecom/products/yeo-valley-organic-unsalted-butter/028605-13942-13943","unsalted butter","2026-04-10T14:23:34.098Z","waitrose","11.25","per kg","200 g"
,"https://ecom-su-static-prod.wtrecom.com/images/products/3/LN_043118_BP_3.jpg","Lurpak Unsalted Butter",,"false","2.95","043118-21290-21291","https://www.waitrose.com/ecom/products/lurpak-unsalted-butter/043118-21290-21291","unsalted butter","2026-04-10T14:23:34.098Z","waitrose","14.75","per kg","200 g"
,"https://ecom-su-static-prod.wtrecom.com/images/products/3/LN_408013_BP_3.jpg","Duchy Organic English Unsalted Butter",,"false","3.5","408013-752393-752394","https://www.waitrose.com/ecom/products/duchy-organic-english-unsalted-butter/408013-752393-752394","unsalted butter","2026-04-10T14:23:34.098Z","waitrose","14","per kg","250 g"
,"https://ecom-su-static-prod.wtrecom.com/images/products/3/LN_201964_BP_3.jpg","Huel Black Edition Strawberry Banana",,"false","3.95","201964-1-2","https://www.waitrose.com/ecom/products/huel-black-edition-strawberry-banana/201964-1-2","bananas","2026-04-10T14:23:43.790Z","waitrose","7.9","per litre","500 ml"
,"https://ecom-su-static-prod.wtrecom.com/images/products/3/LN_088903_BP_3.jpg","Waitrose Fairtrade Bananas",,"false","1.1","088903-45703-45704","https://www.waitrose.com/ecom/products/waitrose-fairtrade-bananas/088903-45703-45704","bananas","2026-04-10T14:23:43.790Z","waitrose","1.1","per kg","Typical weight 0.18 kg"
,"https://ecom-su-static-prod.wtrecom.com/images/products/3/LN_088528_BP_3.jpg","Essential Fairtrade Bananas",,"false","1","088528-45453-45454","https://www.waitrose.com/ecom/products/essential-fairtrade-bananas/088528-45453-45454","bananas","2026-04-10T14:23:43.790Z","waitrose",,,"5s"
,"https://ecom-su-static-prod.wtrecom.com/images/products/3/LN_033668_BP_3.jpg","Waitrose Small Fairtrade Bananas",,"false","1.25","033668-16881-16882","https://www.waitrose.com/ecom/products/waitrose-small-fairtrade-bananas/033668-16881-16882","bananas","2026-04-10T14:23:43.790Z","waitrose",,,"7s"
,"https://ecom-su-static-prod.wtrecom.com/images/products/3/LN_088937_BP_3.jpg","Duchy Organic Fairtrade Bananas",,"false","1.95","088937-45726-45727","https://www.waitrose.com/ecom/products/duchy-organic-fairtrade-bananas/088937-45726-45727","bananas","2026-04-10T14:23:43.790Z","waitrose",,,"6s"
,"https://ecom-su-static-prod.wtrecom.com/images/products/3/LN_016264_BP_3.jpg","Essential Cottage Cheese Strength 1",,"false","1.75","016264-7790-7791","https://www.waitrose.com/ecom/products/essential-cottage-cheese-strength-1/016264-7790-7791","cottage cheese","2026-04-10T14:23:53.039Z","waitrose","5.83","per kg","300 g"
,"https://ecom-su-static-prod.wtrecom.com/images/products/3/LN_402717_BP_3.jpg","Essential Fat Free Cottage Cheese",,"false","1.75","402717-324728-324729","https://www.waitrose.com/ecom/products/essential-fat-free-cottage-cheese/402717-324728-324729","cottage cheese","2026-04-10T14:23:53.039Z","waitrose","5.83","per kg","300 g"
,"https://ecom-su-static-prod.wtrecom.com/images/products/3/LN_982541_BP_3.jpg","All Things Cottage Cheese Natural","Save 35p. Was £2.95","true","2.6","982541-1-2","https://www.waitrose.com/ecom/products/all-things-cottage-cheese-natural/982541-1-2","cottage cheese","2026-04-10T14:23:53.039Z","waitrose","5.78","per kg","450 g"
,"https://ecom-su-static-prod.wtrecom.com/images/products/3/LN_909999_BP_3.jpg","Lindahls Protein Cottage Cheese",,"false","1.5","909999-844433-844434","https://www.waitrose.com/ecom/products/lindahls-protein-cottage-cheese/909999-844433-844434","cottage cheese","2026-04-10T14:23:53.039Z","waitrose","8.57","per kg","175 g"
,"https://ecom-su-static-prod.wtrecom.com/images/products/3/LN_417999_BP_3.jpg","Longley Farm Yorkshire Natural Cottage Cheese",,"false","2.05","417999-740978-740979","https://www.waitrose.com/ecom/products/longley-farm-yorkshire-natural-cottage-cheese/417999-740978-740979","cottage cheese","2026-04-10T14:23:53.039Z","waitrose","8.2","per kg","250 g"
,"https://ecom-su-static-prod.wtrecom.com/images/products/3/LN_044315_BP_3.jpg","Flora Buttery Spreadable Butter Alternative","Save £1.05. Was £2.95","true","1.9","044315-21834-21835","https://www.waitrose.com/ecom/products/flora-buttery-spreadable-butter-alternative/044315-21834-21835","spreadable butter","2026-04-10T14:24:01.995Z","waitrose","4.23","per kg","450 g"
,"https://ecom-su-static-prod.wtrecom.com/images/products/3/LN_526313_BP_3.jpg","Waitrose Spreadable Butter",,"false","2.75","526313-761970-761971","https://www.waitrose.com/ecom/products/waitrose-spreadable-butter/526313-761970-761971","spreadable butter","2026-04-10T14:24:01.995Z","waitrose","5.5","per kg","500 g"
,"https://ecom-su-static-prod.wtrecom.com/images/products/3/LN_405593_BP_3.jpg","ProActiv Buttery Taste Spread","Save £1.25. Was £5.00","true","3.75","405593-683939-683940","https://www.waitrose.com/ecom/products/proactiv-buttery-taste-spread/405593-683939-683940","spreadable butter","2026-04-10T14:24:01.995Z","waitrose","8.34","per kg","450 g"
,"https://ecom-su-static-prod.wtrecom.com/images/products/3/LN_091728_BP_3.jpg","Yeo Valley Organic Spreadable Blend of Butter and Rapeseed Oil",,"false","5.25","091728-47232-47233","https://www.waitrose.com/ecom/products/yeo-valley-organic-spreadable-blend-of-butter-and-rapeseed-oil/091728-47232-47233","spreadable butter","2026-04-10T14:24:01.995Z","waitrose","13.13","per kg","400 g"
,"https://ecom-su-static-prod.wtrecom.com/images/products/3/LN_027088_BP_3.jpg","Lurpak Slightly Salted Spreadable Blend of Butter and Rapeseed Oil","Save £1.75. Was £5.00","true","3.25","027088-13157-13158","https://www.waitrose.com/ecom/products/lurpak-slightly-salted-spreadable-blend-of-butter-and-rapeseed-oil/027088-13157-13158","spreadable butter","2026-04-10T14:24:01.995Z","waitrose","8.13","per kg","400 g"
,"https://ecom-su-static-prod.wtrecom.com/images/products/3/LN_085115_BP_3.jpg","Waitrose Onions",,"false","1.05","085115-43203-43204","https://www.waitrose.com/ecom/products/waitrose-onions/085115-43203-43204","brown onions","2026-04-10T14:24:10.218Z","waitrose","1.05","per kg","Typical weight 0.15 kg"
,"https://ecom-su-static-prod.wtrecom.com/images/products/3/LN_085122_BP_3.jpg","Waitrose Onions",,"false","1.55","085122-43215-43216","https://www.waitrose.com/ecom/products/waitrose-onions/085122-43215-43216","brown onions","2026-04-10T14:24:10.218Z","waitrose",,,"4s"
,"https://ecom-su-static-prod.wtrecom.com/images/products/3/LN_085511_BP_3.jpg","Duchy Organic Onions",,"false","1.8","085511-43590-43591","https://www.waitrose.com/ecom/products/duchy-organic-onions/085511-43590-43591","brown onions","2026-04-10T14:24:10.218Z","waitrose","2.4","per kg","750 g"
,"https://ecom-su-static-prod.wtrecom.com/images/products/3/LN_034406_BP_3.jpg","Waitrose Onions Spiced & Pickled",,"false","1.4","034406-17263-17264","https://www.waitrose.com/ecom/products/waitrose-onions-spiced-pickled/034406-17263-17264","brown onions","2026-04-10T14:24:10.218Z","waitrose","8.24","per kg","drained 170 g"
,"https://ecom-su-static-prod.wtrecom.com/images/products/3/LN_986716_BP_3.jpg","Duchy Organic Onion & Tomato Chutney",,"false","3.5","986716-850257-850258","https://www.waitrose.com/ecom/products/duchy-organic-onion-tomato-chutney/986716-850257-850258","brown onions","2026-04-10T14:24:10.218Z","waitrose","16.67","per kg","210 g"
,"https://ecom-su-static-prod.wtrecom.com/images/products/3/LN_496597_BP_3.jpg","Waitrose Red Onions",,"false","1.2","496597-131283-131284","https://www.waitrose.com/ecom/products/waitrose-red-onions/496597-131283-131284","red onions","2026-04-10T14:24:18.602Z","waitrose",,,"3s"
,"https://ecom-su-static-prod.wtrecom.com/images/products/3/LN_085112_BP_3.jpg","Duchy Organic Red Onions",,"false","1.6","085112-43199-43200","https://www.waitrose.com/ecom/products/duchy-organic-red-onions/085112-43199-43200","red onions","2026-04-10T14:24:18.602Z","waitrose","3.2","per kg","500 g"
,"https://ecom-su-static-prod.wtrecom.com/images/products/3/LN_667579_BP_3.jpg","Waitrose Stonebaked Goats Cheese & Caramelised Red Onion Pizza","25% Off. Was £5.00","true","3.75","667579-805627-805628","https://www.waitrose.com/ecom/products/waitrose-stonebaked-goats-cheese-caramelised-red-onion-pizza/667579-805627-805628","red onions","2026-04-10T14:24:18.602Z","waitrose","9.87","per kg","380 g"
,"https://ecom-su-static-prod.wtrecom.com/images/products/3/LN_858377_BP_3.jpg","Waitrose Caramelised Red Onion Chutney",,"false","2.65","858377-294295-294296","https://www.waitrose.com/ecom/products/waitrose-caramelised-red-onion-chutney/858377-294295-294296","red onions","2026-04-10T14:24:18.602Z","waitrose","7.57","per kg","350 g"
,"https://ecom-su-static-prod.wtrecom.com/images/products/3/LN_894497_BP_3.jpg","Linda McCartney's Vegan Red Onion & Rosemary Sausages","Save 60p. Was £2.60","true","2","894497-344750-344751","https://www.waitrose.com/ecom/products/linda-mccartneys-vegan-red-onion-rosemary-sausages/894497-344750-344751","red onions","2026-04-10T14:24:18.602Z","waitrose","7.41","per kg","270 g"
,"https://ecom-su-static-prod.wtrecom.com/images/products/3/LN_982343_BP_3.jpg","Clarence Court Burford Buff 6 Large Eggs","20% Off. Was £3.40","true","2.72","982343-1-2","https://www.waitrose.com/ecom/products/clarence-court-burford-buff-6-large-eggs/982343-1-2","free range eggs","2026-04-10T14:24:27.489Z","waitrose",,,"6s"
,"https://ecom-su-static-prod.wtrecom.com/images/products/3/LN_964591_BP_3.jpg","Range Farm 12 Large Free Range Hen Eggs",,"false","4.4","964591-834459-834460","https://www.waitrose.com/ecom/products/range-farm-12-large-free-range-hen-eggs/964591-834459-834460","free range eggs","2026-04-10T14:24:27.489Z","waitrose",,,"12Each"
,"https://ecom-su-static-prod.wtrecom.com/images/products/3/LN_819208_BP_3.jpg","Clarence Court Burford Brown Medium Eggs","Save 40p. Was £3.35","true","2.95","819208-688395-688396","https://www.waitrose.com/ecom/products/clarence-court-burford-brown-medium-eggs/819208-688395-688396","free range eggs","2026-04-10T14:24:27.489Z","waitrose",,,"6s"
,"https://ecom-su-static-prod.wtrecom.com/images/products/3/LN_867143_BP_3.jpg","Duchy Organic British Free Range Eggs",,"false","5.35","867143-373749-373750","https://www.waitrose.com/ecom/products/duchy-organic-british-free-range-eggs/867143-373749-373750","free range eggs","2026-04-10T14:24:27.489Z","waitrose",,,"12s"
,"https://ecom-su-static-prod.wtrecom.com/images/products/3/LN_819592_BP_3.jpg","Clarence Court Large Burford Browns FR Eggs","Add 2 for £7","true","4","819592-635098-635099","https://www.waitrose.com/ecom/products/clarence-court-large-burford-browns-fr-eggs/819592-635098-635099","free range eggs","2026-04-10T14:24:27.489Z","waitrose",,,"6s"
,"https://ecom-su-static-prod.wtrecom.com/images/products/3/LN_004371_BP_3.jpg","St. Dalfour Strawberry Spread",,"false","3.4","004371-1809-1810","https://www.waitrose.com/ecom/products/st-dalfour-strawberry-spread/004371-1809-1810","strawberries","2026-04-10T14:24:36.973Z","waitrose","11.97","per kg","284 g"
,"https://ecom-su-static-prod.wtrecom.com/images/products/3/LN_088067_BP_3.jpg","Waitrose Strawberries",,"false","3.25","088067-372145-45059","https://www.waitrose.com/ecom/products/waitrose-strawberries/088067-372145-45059","strawberries","2026-04-10T14:24:36.973Z","waitrose","8.13","per kg","400 g"
,"https://ecom-su-static-prod.wtrecom.com/images/products/3/LN_940265_BP_3.jpg","TRIP Mindful Blend Wild Strawberry Calm",,"false","6.5","940265-847269-847270","https://www.waitrose.com/ecom/products/trip-mindful-blend-wild-strawberry-calm/940265-847269-847270","strawberries","2026-04-10T14:24:36.973Z","waitrose","6.5","per litre","4x250 ml"
,"https://ecom-su-static-prod.wtrecom.com/images/products/3/LN_848695_BP_3.jpg","Waitrose Strawberries",,"false","4.5","848695-344600-344601","https://www.waitrose.com/ecom/products/waitrose-strawberries/848695-344600-344601","strawberries","2026-04-10T14:24:36.973Z","waitrose","7.5","per kg","600 g"
,"https://ecom-su-static-prod.wtrecom.com/images/products/3/LN_488987_BP_3.jpg","The Collective Strawberry Suckies Kids Yogurts",,"false","1","488987-344066-344067","https://www.waitrose.com/ecom/products/the-collective-strawberry-suckies-kids-yogurts/488987-344066-344067","strawberries","2026-04-10T14:24:36.973Z","waitrose","11.11","per kg","90 g"
,"https://ecom-su-static-prod.wtrecom.com/images/products/3/LN_099838_BP_3.jpg","Essential Olive Spread",,"false","1.6","099838-51007-51008","https://www.waitrose.com/ecom/products/essential-olive-spread/099838-51007-51008","olive spread","2026-04-10T14:24:45.209Z","waitrose","3.2","per kg","500 g"
,"https://ecom-su-static-prod.wtrecom.com/images/products/3/LN_404792_BP_3.jpg","Bertolli Light Olive Oil Spread",,"false","3.15","404792-56967-56968","https://www.waitrose.com/ecom/products/bertolli-light-olive-oil-spread/404792-56967-56968","olive spread","2026-04-10T14:24:45.209Z","waitrose","7","per kg","450 g"
,"https://ecom-su-static-prod.wtrecom.com/images/products/3/LN_044145_BP_3.jpg","Bertolli Olive Oil Spread",,"false","3.15","044145-21745-21746","https://www.waitrose.com/ecom/products/bertolli-olive-oil-spread/044145-21745-21746","olive spread","2026-04-10T14:24:45.209Z","waitrose","7","per kg","450 g"
,"https://ecom-su-static-prod.wtrecom.com/images/products/3/LN_015355_BP_3.jpg","Benecol Olive Oil Spread","Save £1.00. Was £4.75","true","3.75","015355-7365-7366","https://www.waitrose.com/ecom/products/benecol-olive-oil-spread/015355-7365-7366","olive spread","2026-04-10T14:24:45.209Z","waitrose","7.5","per kg","500 g"
,"https://ecom-su-static-prod.wtrecom.com/images/products/3/LN_413150_BP_3.jpg","Pelagonia Aivar","Save £1.00. Was £3.75","true","2.75","413150-215921-215922","https://www.waitrose.com/ecom/products/pelagonia-aivar/413150-215921-215922","olive spread","2026-04-10T14:24:45.209Z","waitrose","8.76","per kg","314 g"
,"https://ecom-su-static-prod.wtrecom.com/images/products/3/LN_695072_BP_3.jpg","St. Dalfour Blueberry Spread",,"false","3.4","695072-697018-697019","https://www.waitrose.com/ecom/products/st-dalfour-blueberry-spread/695072-697018-697019","blueberries","2026-04-10T14:24:54.903Z","waitrose","11.97","per kg","284 g"
,"https://ecom-su-static-prod.wtrecom.com/images/products/3/LN_805332_BP_3.jpg","Waitrose Blueberries",,"false","4.6","805332-665151-665152","https://www.waitrose.com/ecom/products/waitrose-blueberries/805332-665151-665152","blueberries","2026-04-10T14:24:54.903Z","waitrose","12.78","per kg","360 g"
,"https://ecom-su-static-prod.wtrecom.com/images/products/3/LN_487080_BP_3.jpg","Waitrose Blueberries","20% Off. Was £3.50","true","2.8","487080-497722-497723","https://www.waitrose.com/ecom/products/waitrose-blueberries/487080-497722-497723","blueberries","2026-04-10T14:24:54.903Z","waitrose","12.45","per kg","225 g"
,"https://ecom-su-static-prod.wtrecom.com/images/products/3/LN_849455_BP_3.jpg","No.1 Speciality Blueberries","Buyers Choice","true","3.9","849455-756464-756465","https://www.waitrose.com/ecom/products/no1-speciality-blueberries/849455-756464-756465","blueberries","2026-04-10T14:24:54.903Z","waitrose","17.33","per kg","225 g"
,"https://ecom-su-static-prod.wtrecom.com/images/products/3/LN_376067_BP_3.jpg","Essential Frozen Blueberries",,"false","3","376067-52962-52963","https://www.waitrose.com/ecom/products/essential-frozen-blueberries/376067-52962-52963","blueberries","2026-04-10T14:24:54.903Z","waitrose","7.5","per kg","400 g"
,"https://ecom-su-static-prod.wtrecom.com/images/products/3/LN_890781_BP_3.jpg","Pilgrims Choice Extra Mature Cheddar Cheese","25% Off. Was £4.45","true","3.3","890781-815588-815589","https://www.waitrose.com/ecom/products/pilgrims-choice-extra-mature-cheddar-cheese/890781-815588-815589","mature cheddar","2026-04-10T14:25:04.265Z","waitrose","9.43","per kg","350 g"
,"https://ecom-su-static-prod.wtrecom.com/images/products/3/LN_624369_BP_3.jpg","Essential Mature Cheddar Cheese Strength 4 Large",,"false","4","624369-443782-443783","https://www.waitrose.com/ecom/products/essential-mature-cheddar-cheese-strength-4-large/624369-443782-443783","mature cheddar","2026-04-10T14:25:04.265Z","waitrose","7.27","per kg","550 g"
,"https://ecom-su-static-prod.wtrecom.com/images/products/3/LN_614657_BP_3.jpg","Pilgrims Choice Mature Cheddar Cheese","25% Off. Was £4.45","true","3.3","614657-815512-815513","https://www.waitrose.com/ecom/products/pilgrims-choice-mature-cheddar-cheese/614657-815512-815513","mature cheddar","2026-04-10T14:25:04.265Z","waitrose","9.43","per kg","350 g"
,"https://ecom-su-static-prod.wtrecom.com/images/products/3/LN_419853_BP_3.jpg","Essential Mature Cheddar Cheese Strength 4",,"false","2.75","419853-451506-451507","https://www.waitrose.com/ecom/products/essential-mature-cheddar-cheese-strength-4/419853-451506-451507","mature cheddar","2026-04-10T14:25:04.265Z","waitrose","7.86","per kg","350 g"
,"https://ecom-su-static-prod.wtrecom.com/images/products/3/LN_517735_BP_3.jpg","Pilgrims Choice Vintage Mature Cheddar Cheese","25% Off. Was £4.45","true","3.3","517735-815494-815495","https://www.waitrose.com/ecom/products/pilgrims-choice-vintage-mature-cheddar-cheese/517735-815494-815495","mature cheddar","2026-04-10T14:25:04.265Z","waitrose","11","per kg","300 g"
,"https://ecom-su-static-prod.wtrecom.com/images/products/3/LN_970954_BP_3.jpg","Higgidy Hoisin Pulled Mushroom & Spring Onion Rolls","Save £1.00. Was £3.50","true","2.5","970954-846741-846742","https://www.waitrose.com/ecom/products/higgidy-hoisin-pulled-mushroom-spring-onion-rolls/970954-846741-846742","spring onions","2026-04-10T14:25:13.117Z","waitrose","15.63","per kg","160 g"
,"https://ecom-su-static-prod.wtrecom.com/images/products/3/LN_086479_BP_3.jpg","Duchy Organic Salad Onions Bunch",,"false","1.1","086479-44168-44169","https://www.waitrose.com/ecom/products/duchy-organic-salad-onions-bunch/086479-44168-44169","spring onions","2026-04-10T14:25:13.117Z","waitrose",,,"Each"
,"https://ecom-su-static-prod.wtrecom.com/images/products/3/LN_023549_BP_3.jpg","Trimmed Salad Onions",,"false","1.5","023549-11426-11427","https://www.waitrose.com/ecom/products/trimmed-salad-onions/023549-11426-11427","spring onions","2026-04-10T14:25:13.117Z","waitrose","12","per kg","125 g"
,"https://ecom-su-static-prod.wtrecom.com/images/products/3/LN_086477_BP_3.jpg","Waitrose Continental Salad Onions",,"false","1.25","086477-44166-44167","https://www.waitrose.com/ecom/products/waitrose-continental-salad-onions/086477-44166-44167","spring onions","2026-04-10T14:25:13.117Z","waitrose",,,"per bunch"
,"https://ecom-su-static-prod.wtrecom.com/images/products/3/LN_748957_BP_3.jpg","Natoora Fresh Tropea Onions",,"false","3.3","748957-781049-781050","https://www.waitrose.com/ecom/products/natoora-fresh-tropea-onions/748957-781049-781050","spring onions","2026-04-10T14:25:13.117Z","waitrose","16.5","per kg","200 g"
,"https://ecom-su-static-prod.wtrecom.com/images/products/3/LN_004737_BP_3.jpg","Waitrose British Blacktail FR Medium Eggs",,"false","1.9","004737-2041-2042","https://www.waitrose.com/ecom/products/waitrose-british-blacktail-fr-medium-eggs/004737-2041-2042","medium eggs","2026-04-10T14:25:21.590Z","waitrose",,,"6s"
,"https://ecom-su-static-prod.wtrecom.com/images/products/3/LN_819208_BP_3.jpg","Clarence Court Burford Brown Medium Eggs","Save 40p. Was £3.35","true","2.95","819208-688395-688396","https://www.waitrose.com/ecom/products/clarence-court-burford-brown-medium-eggs/819208-688395-688396","medium eggs","2026-04-10T14:25:21.590Z","waitrose",,,"6s"
,"https://ecom-su-static-prod.wtrecom.com/images/products/3/LN_972361_BP_3.jpg","Clarence Court Burford Buff 10 Medium Eggs",,"false","4.5","972361-1-2","https://www.waitrose.com/ecom/products/clarence-court-burford-buff-10-medium-eggs/972361-1-2","medium eggs","2026-04-10T14:25:21.590Z","waitrose",,,"10s"
,"https://ecom-su-static-prod.wtrecom.com/images/products/3/LN_014520_BP_3.jpg","Duchy Organic British Free Range Medium Eggs",,"false","3.1","014520-6974-6975","https://www.waitrose.com/ecom/products/duchy-organic-british-free-range-medium-eggs/014520-6974-6975","medium eggs","2026-04-10T14:25:21.590Z","waitrose",,,"6s"
,"https://ecom-su-static-prod.wtrecom.com/images/products/3/LN_856706_BP_3.jpg","Essential Free Range White Eggs",,"false","1.5","856706-653765-653766","https://www.waitrose.com/ecom/products/essential-free-range-white-eggs/856706-653765-653766","medium eggs","2026-04-10T14:25:21.590Z","waitrose",,,"6s"
,"https://ecom-su-static-prod.wtrecom.com/images/products/3/LN_867143_BP_3.jpg","Duchy Organic British Free Range Eggs",,"false","5.35","867143-373749-373750","https://www.waitrose.com/ecom/products/duchy-organic-british-free-range-eggs/867143-373749-373750","organic eggs","2026-04-10T14:25:30.391Z","waitrose",,,"12s"
,"https://ecom-su-static-prod.wtrecom.com/images/products/3/LN_033431_BP_3.jpg","Duchy Organic British FR Eggs Very Large",,"false","3.95","033431-16683-16684","https://www.waitrose.com/ecom/products/duchy-organic-british-fr-eggs-very-large/033431-16683-16684","organic eggs","2026-04-10T14:25:30.391Z","waitrose",,,"6s"
,"https://ecom-su-static-prod.wtrecom.com/images/products/3/LN_095692_BP_3.jpg","Duchy Organic British Free Range Eggs Large",,"false","3.45","095692-49035-49036","https://www.waitrose.com/ecom/products/duchy-organic-british-free-range-eggs-large/095692-49035-49036","organic eggs","2026-04-10T14:25:30.391Z","waitrose",,,"6s"
,"https://ecom-su-static-prod.wtrecom.com/images/products/3/LN_014520_BP_3.jpg","Duchy Organic British Free Range Medium Eggs",,"false","3.1","014520-6974-6975","https://www.waitrose.com/ecom/products/duchy-organic-british-free-range-medium-eggs/014520-6974-6975","organic eggs","2026-04-10T14:25:30.391Z","waitrose",,,"6s"
,"https://ecom-su-static-prod.wtrecom.com/images/products/3/LN_028605_BP_3.jpg","Yeo Valley Organic Unsalted Butter","Save £1.00. Was £3.25","true","2.25","028605-13942-13943","https://www.waitrose.com/ecom/products/yeo-valley-organic-unsalted-butter/028605-13942-13943","organic eggs","2026-04-10T14:25:30.391Z","waitrose","11.25","per kg","200 g"
,"https://ecom-su-static-prod.wtrecom.com/images/products/3/LN_745115_BP_3.jpg","Essential Mild Cheddar Cheese Strength 2 Large",,"false","4","745115-443844-443845","https://www.waitrose.com/ecom/products/essential-mild-cheddar-cheese-strength-2-large/745115-443844-443845","mild cheddar","2026-04-10T14:25:38.621Z","waitrose","7.27","per kg","550 g"
,"https://ecom-su-static-prod.wtrecom.com/images/products/3/LN_470232_BP_3.jpg","Essential Mild Cheddar S2",,"false","2.75","470232-723552-723553","https://www.waitrose.com/ecom/products/essential-mild-cheddar-s2/470232-723552-723553","mild cheddar","2026-04-10T14:25:38.621Z","waitrose","7.86","per kg","350 g"
,"https://ecom-su-static-prod.wtrecom.com/images/products/3/LN_583967_BP_3.jpg","Waitrose Grated Cheddar & Mozzarella Cheese Strength 2",,"false","2.9","583967-129680-129681","https://www.waitrose.com/ecom/products/waitrose-grated-cheddar-mozzarella-cheese-strength-2/583967-129680-129681","mild cheddar","2026-04-10T14:25:38.621Z","waitrose","11.6","per kg","250 g"
,"https://ecom-su-static-prod.wtrecom.com/images/products/3/LN_004370_BP_3.jpg","St. Dalfour Raspberry Spread",,"false","3.4","004370-1807-1808","https://www.waitrose.com/ecom/products/st-dalfour-raspberry-spread/004370-1807-1808","raspberries","2026-04-10T14:25:48.601Z","waitrose","11.97","per kg","284 g"
,"https://ecom-su-static-prod.wtrecom.com/images/products/3/LN_088061_BP_3.jpg","Waitrose Raspberries",,"false","2.6","088061-372144-45046","https://www.waitrose.com/ecom/products/waitrose-raspberries/088061-372144-45046","raspberries","2026-04-10T14:25:48.601Z","waitrose","17.33","per kg","150 g"
,"https://ecom-su-static-prod.wtrecom.com/images/products/3/LN_512527_BP_3.jpg","The Collective Gourmet Raspberry Yogurt",,"false","3.1","512527-357290-357291","https://www.waitrose.com/ecom/products/the-collective-gourmet-raspberry-yogurt/512527-357290-357291","raspberries","2026-04-10T14:25:48.601Z","waitrose","7.29","per kg","425 g"
,"https://ecom-su-static-prod.wtrecom.com/images/products/3/LN_049829_BP_3.jpg","Waitrose Raspberries",,"false","3.75","049829-24809-24810","https://www.waitrose.com/ecom/products/waitrose-raspberries/049829-24809-24810","raspberries","2026-04-10T14:25:48.601Z","waitrose","16.67","per kg","225 g"
,"https://ecom-su-static-prod.wtrecom.com/images/products/3/LN_567398_BP_3.jpg","The Collective Raspberry Suckies Kids Yogurts",,"false","1","567398-486537-486538","https://www.waitrose.com/ecom/products/the-collective-raspberry-suckies-kids-yogurts/567398-486537-486538","raspberries","2026-04-10T14:25:48.601Z","waitrose","11.11","per kg","90 g"
,"https://ecom-su-static-prod.wtrecom.com/images/products/3/LN_469422_BP_3.jpg","Stokes Garlic Mayonnaise","Save 80p. Was £4.00","true","3.2","469422-319856-319857","https://www.waitrose.com/ecom/products/stokes-garlic-mayonnaise/469422-319856-319857","garlic","2026-04-10T14:25:58.486Z","waitrose","9.28","per kg","345 g"
,"https://ecom-su-static-prod.wtrecom.com/images/products/3/LN_085305_BP_3.jpg","Duchy Organic Garlic",,"false","1.15","085305-43382-43383","https://www.waitrose.com/ecom/products/duchy-organic-garlic/085305-43382-43383","garlic","2026-04-10T14:25:58.486Z","waitrose",,,"3s"
,"https://ecom-su-static-prod.wtrecom.com/images/products/3/LN_659896_BP_3.jpg","Cooks' Ingredients Peeled Garlic Cloves",,"false","1.35","659896-93730-93731","https://www.waitrose.com/ecom/products/cooks-ingredients-peeled-garlic-cloves/659896-93730-93731","garlic","2026-04-10T14:25:58.486Z","waitrose","27","per kg","50 g"
,"https://ecom-su-static-prod.wtrecom.com/images/products/3/LN_808589_BP_3.jpg","Cooks' Ingredients Chopped Garlic",,"false","2","808589-824900-824901","https://www.waitrose.com/ecom/products/cooks-ingredients-chopped-garlic/808589-824900-824901","garlic","2026-04-10T14:25:58.486Z","waitrose","13.79","per kg","190 g"
,"https://ecom-su-static-prod.wtrecom.com/images/products/3/LN_470588_BP_3.jpg","Cooks' Ingredients Garlic Granules","Add 2 for £3","true","1.8","470588-784844-784845","https://www.waitrose.com/ecom/products/cooks-ingredients-garlic-granules/470588-784844-784845","garlic","2026-04-10T14:25:58.486Z","waitrose","34.62","per kg","52 g"
,"https://ecom-su-static-prod.wtrecom.com/images/products/3/LN_890781_BP_3.jpg","Pilgrims Choice Extra Mature Cheddar Cheese","25% Off. Was £4.45","true","3.3","890781-815588-815589","https://www.waitrose.com/ecom/products/pilgrims-choice-extra-mature-cheddar-cheese/890781-815588-815589","extra mature cheddar","2026-04-10T14:26:07.690Z","waitrose","9.43","per kg","350 g"
,"https://ecom-su-static-prod.wtrecom.com/images/products/3/LN_779803_BP_3.jpg","Essential Extra Mature Cheddar Cheese Strength 6 Large",,"false","5","779803-382226-382227","https://www.waitrose.com/ecom/products/essential-extra-mature-cheddar-cheese-strength-6-large/779803-382226-382227","extra mature cheddar","2026-04-10T14:26:07.690Z","waitrose","6.67","per kg","750 g"
,"https://ecom-su-static-prod.wtrecom.com/images/products/3/LN_614657_BP_3.jpg","Pilgrims Choice Mature Cheddar Cheese","25% Off. Was £4.45","true","3.3","614657-815512-815513","https://www.waitrose.com/ecom/products/pilgrims-choice-mature-cheddar-cheese/614657-815512-815513","extra mature cheddar","2026-04-10T14:26:07.690Z","waitrose","9.43","per kg","350 g"
,"https://ecom-su-static-prod.wtrecom.com/images/products/3/LN_477443_BP_3.jpg","Essential Extra Mature Cheddar Cheese Strength 6 Large",,"false","4","477443-443702-443703","https://www.waitrose.com/ecom/products/essential-extra-mature-cheddar-cheese-strength-6-large/477443-443702-443703","extra mature cheddar","2026-04-10T14:26:07.690Z","waitrose","7.27","per kg","550 g"
,"https://ecom-su-static-prod.wtrecom.com/images/products/3/LN_517735_BP_3.jpg","Pilgrims Choice Vintage Mature Cheddar Cheese","25% Off. Was £4.45","true","3.3","517735-815494-815495","https://www.waitrose.com/ecom/products/pilgrims-choice-vintage-mature-cheddar-cheese/517735-815494-815495","extra mature cheddar","2026-04-10T14:26:07.690Z","waitrose","11","per kg","300 g"
,"https://ecom-su-static-prod.wtrecom.com/images/products/3/LN_951679_BP_3.jpg","Danone Skyr High Protein 0% Fat Natural Yogurt",,"false","3.5","951679-847908-847909","https://www.waitrose.com/ecom/products/danone-skyr-high-protein-0-fat-natural-yogurt/951679-847908-847909","greek yoghurt","2026-04-10T14:26:17.167Z","waitrose","4.38","per kg","800 g"
,"https://ecom-su-static-prod.wtrecom.com/images/products/3/LN_332046_BP_3.jpg","No.1 Greek Yogurt With Honey",,"false","2.7","332046-851766-851767","https://www.waitrose.com/ecom/products/no1-greek-yogurt-with-honey/332046-851766-851767","greek yoghurt","2026-04-10T14:26:17.167Z","waitrose","5.4","per kg","500 g"
,"https://ecom-su-static-prod.wtrecom.com/images/products/3/LN_650927_BP_3.jpg","The Collective Straight Up Greek Style Yogurt",,"false","3.75","650927-538794-538795","https://www.waitrose.com/ecom/products/the-collective-straight-up-greek-style-yogurt/650927-538794-538795","greek yoghurt","2026-04-10T14:26:17.167Z","waitrose","4.17","per kg","900 g"
,"https://ecom-su-static-prod.wtrecom.com/images/products/3/LN_950853_BP_3.jpg","No.1 Greek Yogurt with Vanilla",,"false","2.7","950853-851806-851807","https://www.waitrose.com/ecom/products/no1-greek-yogurt-with-vanilla/950853-851806-851807","greek yoghurt","2026-04-10T14:26:17.167Z","waitrose","5.4","per kg","500 g"
,"https://ecom-su-static-prod.wtrecom.com/images/products/3/LN_890885_BP_3.jpg","The Collective Gourmet Mango Yogurt",,"false","3.1","890885-405900-405901","https://www.waitrose.com/ecom/products/the-collective-gourmet-mango-yogurt/890885-405900-405901","greek yoghurt","2026-04-10T14:26:17.167Z","waitrose","7.29","per kg","425 g"
,"https://ecom-su-static-prod.wtrecom.com/images/products/3/LN_086150_BP_3.jpg","Cooks' Ingredients Root Ginger",,"false","6.35","086150-43995-43996","https://www.waitrose.com/ecom/products/cooks-ingredients-root-ginger/086150-43995-43996","ginger root","2026-04-10T14:26:25.533Z","waitrose",,,""
,"https://ecom-su-static-prod.wtrecom.com/images/products/3/LN_530700_BP_3.jpg","Natoora Organic Root Ginger",,"false","2.15","530700-755875-755876","https://www.waitrose.com/ecom/products/natoora-organic-root-ginger/530700-755875-755876","ginger root","2026-04-10T14:26:25.533Z","waitrose","16.54","per kg","130 g"
,"https://ecom-su-static-prod.wtrecom.com/images/products/3/LN_976472_BP_3.jpg","Mother Root Ginger Non-Alcoholic Aperitif",,"false","27.95","976472-838849-838850","https://www.waitrose.com/ecom/products/mother-root-ginger-non-alcoholic-aperitif/976472-838849-838850","ginger root","2026-04-10T14:26:25.533Z","waitrose","55.9","per litre","500 ml"
,"https://ecom-su-static-prod.wtrecom.com/images/products/3/LN_951577_BP_3.jpg","Daily Dose Apple & Root Ginger","Save 1/3. Was £3.50","true","2.33","951577-850273-850274","https://www.waitrose.com/ecom/products/daily-dose-apple-root-ginger/951577-850273-850274","ginger root","2026-04-10T14:26:25.533Z","waitrose","2.59","per litre","900 ml"
,"https://ecom-su-static-prod.wtrecom.com/images/products/3/LN_627757_BP_3.jpg","Twinings Superblends Detox Lemon & Ginger with Burdock Root & Fennel 20 Tea Bags",,"false","3.85","627757-693000-693001","https://www.waitrose.com/ecom/products/twinings-superblends-detox-lemon-ginger-with-burdock-root-fennel-20-tea-bags/627757-693000-693001","ginger root","2026-04-10T14:26:25.533Z","waitrose","96.25","per kg","40 g"
,"https://ecom-su-static-prod.wtrecom.com/images/products/3/LN_088643_BP_3.jpg","Waitrose Braeburn Apples",,"false","1.85","088643-45529-45530","https://www.waitrose.com/ecom/products/waitrose-braeburn-apples/088643-45529-45530","braeburn apples","2026-04-10T14:26:34.320Z","waitrose",,,"minimum 5"
,"https://ecom-su-static-prod.wtrecom.com/images/products/3/LN_098595_BP_3.jpg","Waitrose Braeburn Apples","20% Off. Was £2.00","true","1.6","098595-50293-50294","https://www.waitrose.com/ecom/products/waitrose-braeburn-apples/098595-50293-50294","braeburn apples","2026-04-10T14:26:34.320Z","waitrose",,,"4s"
,"https://ecom-su-static-prod.wtrecom.com/images/products/3/LN_088663_BP_3.jpg","Waitrose Pink Lady Apples","25% Off. Was £2.85","true","2.13","088663-45545-45546","https://www.waitrose.com/ecom/products/waitrose-pink-lady-apples/088663-45545-45546","braeburn apples","2026-04-10T14:26:34.320Z","waitrose",,,"4s"
,"https://ecom-su-static-prod.wtrecom.com/images/products/3/LN_076788_BP_3.jpg","Waitrose Jazz Apples","Save 65p. Was £2.65","true","2","076788-39059-39060","https://www.waitrose.com/ecom/products/waitrose-jazz-apples/076788-39059-39060","braeburn apples","2026-04-10T14:26:34.320Z","waitrose",,,"Minimum 5"
,"https://ecom-su-static-prod.wtrecom.com/images/products/3/LN_054772_BP_3.jpg","Duchy Organic Pink Lady Apples",,"false","3.75","054772-27521-27522","https://www.waitrose.com/ecom/products/duchy-organic-pink-lady-apples/054772-27521-27522","braeburn apples","2026-04-10T14:26:34.320Z","waitrose",,,"min 4s"
,"https://ecom-su-static-prod.wtrecom.com/images/products/3/LN_472120_BP_3.jpg","Waitrose Belton Red Leicester Cheese Strength 3",,"false","3","472120-66575-66576","https://www.waitrose.com/ecom/products/waitrose-belton-red-leicester-cheese-strength-3/472120-66575-66576","red leicester","2026-04-10T14:26:42.622Z","waitrose","12","per kg","250 g"
,"https://ecom-su-static-prod.wtrecom.com/images/products/3/LN_469603_BP_3.jpg","Essential Red Leicester Cheese Strength 3",,"false","3.75","469603-66203-66204","https://www.waitrose.com/ecom/products/essential-red-leicester-cheese-strength-3/469603-66203-66204","red leicester","2026-04-10T14:26:42.622Z","waitrose","10.71","per kg","350 g"
,"https://ecom-su-static-prod.wtrecom.com/images/products/3/LN_886380_BP_3.jpg","No. 1 Smoked Red Fox Vintage Red Leicester Cheese Strength 4","20% Off. Was £3.60","true","2.88","886380-769652-769653","https://www.waitrose.com/ecom/products/no-1-smoked-red-fox-vintage-red-leicester-cheese-strength-4/886380-769652-769653","red leicester","2026-04-10T14:26:42.622Z","waitrose","14.4","per kg","200 g"
,"https://ecom-su-static-prod.wtrecom.com/images/products/3/LN_716819_BP_3.jpg","Duchy Organic Aged Red Leicester","20% Off. Was £3.50","true","2.8","716819-849652-849653","https://www.waitrose.com/ecom/products/duchy-organic-aged-red-leicester/716819-849652-849653","red leicester","2026-04-10T14:26:42.622Z","waitrose","14","per kg","200 g"
,"https://ecom-su-static-prod.wtrecom.com/images/products/3/LN_707594_BP_3.jpg","Jacob's Red Leicester Mini Cheddars","Save 40p. Was £1.90","true","1.5","707594-593839-593840","https://www.waitrose.com/ecom/products/jacobs-red-leicester-mini-cheddars/707594-593839-593840","red leicester","2026-04-10T14:26:42.622Z","waitrose","10.87","per kg","6x23 g"
,"https://ecom-su-static-prod.wtrecom.com/images/products/3/LN_085513_BP_3.jpg","Duchy Organic Carrots",,"false","1.45","085513-43592-43593","https://www.waitrose.com/ecom/products/duchy-organic-carrots/085513-43592-43593","carrots","2026-04-10T14:26:52.091Z","waitrose","2.07","per kg","700 g"
,"https://ecom-su-static-prod.wtrecom.com/images/products/3/LN_866001_BP_3.jpg","Waitrose Sweet Kingdom Carrots",,"false","1.85","866001-373745-373746","https://www.waitrose.com/ecom/products/waitrose-sweet-kingdom-carrots/866001-373745-373746","carrots","2026-04-10T14:26:52.091Z","waitrose","4.11","per kg","450 g"
,"https://ecom-su-static-prod.wtrecom.com/images/products/3/LN_443824_BP_3.jpg","Waitrose British Wonderfully Wonky Carrots",,"false","1","443824-486918-486919","https://www.waitrose.com/ecom/products/waitrose-british-wonderfully-wonky-carrots/443824-486918-486919","carrots","2026-04-10T14:26:52.091Z","waitrose","0.67","per kg","1.5 Kg"
,"https://ecom-su-static-prod.wtrecom.com/images/products/3/LN_085608_BP_3.jpg","Duchy Organic Bunched Carrots",,"false","2","085608-43691-43692","https://www.waitrose.com/ecom/products/duchy-organic-bunched-carrots/085608-43691-43692","carrots","2026-04-10T14:26:52.091Z","waitrose",,,"Each"
,"https://ecom-su-static-prod.wtrecom.com/images/products/3/LN_964846_BP_3.jpg","Waitrose Baby Carrots",,"false","1.9","964846-829971-829972","https://www.waitrose.com/ecom/products/waitrose-baby-carrots/964846-829971-829972","carrots","2026-04-10T14:26:52.091Z","waitrose","12.67","per kg","150 g"
,"https://ecom-su-static-prod.wtrecom.com/images/products/3/LN_088628_BP_3.jpg","Waitrose British Royal Gala Apples",,"false","1.9","088628-45509-45510","https://www.waitrose.com/ecom/products/waitrose-british-royal-gala-apples/088628-45509-45510","gala apples","2026-04-10T14:27:00.994Z","waitrose",,,"6s"
,"https://ecom-su-static-prod.wtrecom.com/images/products/3/LN_088626_BP_3.jpg","Waitrose British Royal Gala Apples Loose",,"false","2.2","088626-45505-45506","https://www.waitrose.com/ecom/products/waitrose-british-royal-gala-apples-loose/088626-45505-45506","gala apples","2026-04-10T14:27:00.994Z","waitrose","2.2","per kg","Typical weight 0.16 kg"
,"https://ecom-su-static-prod.wtrecom.com/images/products/3/LN_088358_BP_3.jpg","Duchy Organic British Gala Apples",,"false","2.45","088358-45326-45327","https://www.waitrose.com/ecom/products/duchy-organic-british-gala-apples/088358-45326-45327","gala apples","2026-04-10T14:27:00.994Z","waitrose",,,"Min 4"
,"https://ecom-su-static-prod.wtrecom.com/images/products/3/LN_088632_BP_3.jpg","Waitrose British Royal Gala Apples",,"false","2.2","088632-45517-45518","https://www.waitrose.com/ecom/products/waitrose-british-royal-gala-apples/088632-45517-45518","gala apples","2026-04-10T14:27:00.994Z","waitrose",,,"4s"
,"https://ecom-su-static-prod.wtrecom.com/images/products/3/LN_088663_BP_3.jpg","Waitrose Pink Lady Apples","25% Off. Was £2.85","true","2.13","088663-45545-45546","https://www.waitrose.com/ecom/products/waitrose-pink-lady-apples/088663-45545-45546","gala apples","2026-04-10T14:27:00.994Z","waitrose",,,"4s"
,"https://ecom-su-static-prod.wtrecom.com/images/products/3/LN_930276_BP_3.jpg","Danone Skyr High Protein 0% Fat Natural Yogurt","Save £1.00. Was £2.50","true","1.5","930276-847894-847895","https://www.waitrose.com/ecom/products/danone-skyr-high-protein-0-fat-natural-yogurt/930276-847894-847895","natural yoghurt","2026-04-10T14:27:10.581Z","waitrose","3.34","per kg","450 g"
,"https://ecom-su-static-prod.wtrecom.com/images/products/3/LN_908245_BP_3.jpg","The Coconut Collab Plant Based Natural Coconut Yoghurt","Save £1.15. Was £5.10","true","3.95","908245-827344-827345","https://www.waitrose.com/ecom/products/the-coconut-collab-plant-based-natural-coconut-yoghurt/908245-827344-827345","natural yoghurt","2026-04-10T14:27:10.581Z","waitrose","5.27","per kg","750 g"
,"https://ecom-su-static-prod.wtrecom.com/images/products/3/LN_951679_BP_3.jpg","Danone Skyr High Protein 0% Fat Natural Yogurt",,"false","3.5","951679-847908-847909","https://www.waitrose.com/ecom/products/danone-skyr-high-protein-0-fat-natural-yogurt/951679-847908-847909","natural yoghurt","2026-04-10T14:27:10.581Z","waitrose","4.38","per kg","800 g"
,"https://ecom-su-static-prod.wtrecom.com/images/products/3/LN_483297_BP_3.jpg","The Collective Cultured Kefir Natural Yogurt",,"false","2.75","483297-677232-677233","https://www.waitrose.com/ecom/products/the-collective-cultured-kefir-natural-yogurt/483297-677232-677233","natural yoghurt","2026-04-10T14:27:10.581Z","waitrose","6.88","per kg","400 g"
,"https://ecom-su-static-prod.wtrecom.com/images/products/3/LN_563566_BP_3.jpg","Benecol Raspberry No Added Sugar Yogurt Drinks","Add 2 for £7.85","true","4.7","563566-609621-609622","https://www.waitrose.com/ecom/products/benecol-raspberry-no-added-sugar-yogurt-drinks/563566-609621-609622","natural yoghurt","2026-04-10T14:27:10.581Z","waitrose","11.6","per kg","6x67.5 g"
,"https://ecom-su-static-prod.wtrecom.com/images/products/3/LN_041220_BP_3.jpg","Galbani Italian Mozzarella Cheese","25% Off. Was £2.00","true","1.5","041220-20388-20389","https://www.waitrose.com/ecom/products/galbani-italian-mozzarella-cheese/041220-20388-20389","mozzarella","2026-04-10T14:27:20.269Z","waitrose","12","per kg","drained 125 g"
,"https://ecom-su-static-prod.wtrecom.com/images/products/3/LN_040261_BP_3.jpg","Waitrose Grated Mozzarella Cheese Strength 1",,"false","2.8","040261-19919-19920","https://www.waitrose.com/ecom/products/waitrose-grated-mozzarella-cheese-strength-1/040261-19919-19920","mozzarella","2026-04-10T14:27:20.269Z","waitrose","11.2","per kg","250 g"
,"https://ecom-su-static-prod.wtrecom.com/images/products/3/LN_670304_BP_3.jpg","Waitrose Italian Mozzarella Strength 1",,"false","1.7","670304-705290-705291","https://www.waitrose.com/ecom/products/waitrose-italian-mozzarella-strength-1/670304-705290-705291","mozzarella","2026-04-10T14:27:20.269Z","waitrose","11.33","per kg","drained 150 g"
,"https://ecom-su-static-prod.wtrecom.com/images/products/3/LN_847785_BP_3.jpg","No. 1 Mozzarella Di Bufala Campana DOP Italian Mozzarella Cheese Strength 2","20% Off. Was £3.10","true","2.48","847785-769274-769275","https://www.waitrose.com/ecom/products/no-1-mozzarella-di-bufala-campana-dop-italian-mozzarella-cheese-strength-2/847785-769274-769275","mozzarella","2026-04-10T14:27:20.269Z","waitrose","19.84","per kg","drained 125 g"
,"https://ecom-su-static-prod.wtrecom.com/images/products/3/LN_652858_BP_3.jpg","Essential Lighter Italian Mozzarella Cheese Strength 1",,"false","1.1","652858-129728-129729","https://www.waitrose.com/ecom/products/essential-lighter-italian-mozzarella-cheese-strength-1/652858-129728-129729","mozzarella","2026-04-10T14:27:20.269Z","waitrose","8.8","per kg","drained 125 g"
,"https://ecom-su-static-prod.wtrecom.com/images/products/3/LN_650927_BP_3.jpg","The Collective Straight Up Greek Style Yogurt",,"false","3.75","650927-538794-538795","https://www.waitrose.com/ecom/products/the-collective-straight-up-greek-style-yogurt/650927-538794-538795","flavoured yoghurt","2026-04-10T14:27:29.500Z","waitrose","4.17","per kg","900 g"
,"https://ecom-su-static-prod.wtrecom.com/images/products/3/LN_862378_BP_3.jpg","Rachels Dairy Luscious Fruits Cherry & Strawberry Organic Yogurts","Save £1.25. Was £3.00","true","1.75","862378-405860-405861","https://www.waitrose.com/ecom/products/rachels-dairy-luscious-fruits-cherry-strawberry-organic-yogurts/862378-405860-405861","flavoured yoghurt","2026-04-10T14:27:29.500Z","waitrose","3.98","per kg","4x110 g"
,"https://ecom-su-static-prod.wtrecom.com/images/products/3/LN_799654_BP_3.jpg","Activia Rhubarb Gut Health Yogurts",,"false","2.9","799654-690834-690835","https://www.waitrose.com/ecom/products/activia-rhubarb-gut-health-yogurts/799654-690834-690835","flavoured yoghurt","2026-04-10T14:27:29.500Z","waitrose","6.3","per kg","4x115 g"
,"https://ecom-su-static-prod.wtrecom.com/images/products/3/LN_699312_BP_3.jpg","Waitrose West Country Black Cherry Yogurt",,"false","1","699312-290448-290449","https://www.waitrose.com/ecom/products/waitrose-west-country-black-cherry-yogurt/699312-290448-290449","flavoured yoghurt","2026-04-10T14:27:29.500Z","waitrose","6.67","per kg","150 g"
,"https://ecom-su-static-prod.wtrecom.com/images/products/3/LN_786602_BP_3.jpg","Activia Strawberry Gut Health Yogurts",,"false","2.9","786602-690832-690833","https://www.waitrose.com/ecom/products/activia-strawberry-gut-health-yogurts/786602-690832-690833","flavoured yoghurt","2026-04-10T14:27:29.500Z","waitrose","6.3","per kg","4x115 g"
,"https://ecom-su-static-prod.wtrecom.com/images/products/3/LN_085148_BP_3.jpg","Essential Parsnips",,"false","1.7","085148-43238-43239","https://www.waitrose.com/ecom/products/essential-parsnips/085148-43238-43239","parsnips","2026-04-10T14:27:37.894Z","waitrose","1.7","per kg","500 g"
,"https://ecom-su-static-prod.wtrecom.com/images/products/3/LN_085147_BP_3.jpg","Waitrose Parsnips",,"false","1.6","085147-43236-43237","https://www.waitrose.com/ecom/products/waitrose-parsnips/085147-43236-43237","parsnips","2026-04-10T14:27:37.894Z","waitrose","1.6","per kg","Typical weight 0.22 kg"
,"https://ecom-su-static-prod.wtrecom.com/images/products/3/LN_626344_BP_3.jpg","Waitrose Baby Parsnips",,"false","2.4","626344-497906-497907","https://www.waitrose.com/ecom/products/waitrose-baby-parsnips/626344-497906-497907","parsnips","2026-04-10T14:27:37.894Z","waitrose","8","per kg","300 g"
,"https://ecom-su-static-prod.wtrecom.com/images/products/3/LN_905600_BP_3.jpg","Waitrose Honey Roasted Parsnips",,"false","2.5","905600-836086-836087","https://www.waitrose.com/ecom/products/waitrose-honey-roasted-parsnips/905600-836086-836087","parsnips","2026-04-10T14:27:37.894Z","waitrose","4.17","per kg","600 g"
,"https://ecom-su-static-prod.wtrecom.com/images/products/3/LN_792811_BP_3.jpg","Aunt Bessie's Honey Glazed Roast Parsnips","Save £1.00. Was £3.50","true","2.5","792811-112785-112786","https://www.waitrose.com/ecom/products/aunt-bessies-honey-glazed-roast-parsnips/792811-112785-112786","parsnips","2026-04-10T14:27:37.894Z","waitrose","5","per kg","500 g"
,"https://ecom-su-static-prod.wtrecom.com/images/products/3/LN_758860_BP_3.jpg","Natoora Blood Oranges",,"false","3.95","758860-683222-683223","https://www.waitrose.com/ecom/products/natoora-blood-oranges/758860-683222-683223","oranges","2026-04-10T14:27:47.768Z","waitrose",,,"4s"
,"https://ecom-su-static-prod.wtrecom.com/images/products/3/LN_088405_BP_3.jpg","Waitrose Large Oranges","Save 60p. Was £3.60","true","3","088405-45357-45358","https://www.waitrose.com/ecom/products/waitrose-large-oranges/088405-45357-45358","oranges","2026-04-10T14:27:47.768Z","waitrose",,,"6s"
,"https://ecom-su-static-prod.wtrecom.com/images/products/3/LN_088407_BP_3.jpg","Waitrose Blush Oranges","Add 2 for £4.50","true","3.2","088407-45359-45360","https://www.waitrose.com/ecom/products/waitrose-blush-oranges/088407-45359-45360","oranges","2026-04-10T14:27:47.768Z","waitrose",,,"Minimum 4"
,"https://ecom-su-static-prod.wtrecom.com/images/products/3/LN_741335_BP_3.jpg","Essential Oranges","Add 2 for £3","true","1.65","741335-794800-794801","https://www.waitrose.com/ecom/products/essential-oranges/741335-794800-794801","oranges","2026-04-10T14:27:47.768Z","waitrose",,,"5s"
,"https://ecom-su-static-prod.wtrecom.com/images/products/3/LN_088465_BP_3.jpg","Waitrose Extra Large Oranges",,"false","3.25","088465-45409-45410","https://www.waitrose.com/ecom/products/waitrose-extra-large-oranges/088465-45409-45410","oranges","2026-04-10T14:27:47.768Z","waitrose",,,"4s"
,"https://ecom-su-static-prod.wtrecom.com/images/products/3/LN_603507_BP_3.jpg","Waitrose Seedless Easy Peelers","Add 2 for £4.50","true","2.55","603507-85619-85620","https://www.waitrose.com/ecom/products/waitrose-seedless-easy-peelers/603507-85619-85620","satsumas","2026-04-10T14:27:56.981Z","waitrose","4.25","per kg","600 g"
,"https://ecom-su-static-prod.wtrecom.com/images/products/3/LN_874359_BP_3.jpg","No.1 Speciality Easy Peelers",,"false","3","874359-1-2","https://www.waitrose.com/ecom/products/no1-speciality-easy-peelers/874359-1-2","satsumas","2026-04-10T14:27:56.981Z","waitrose","5","per kg","600 g"
,"https://ecom-su-static-prod.wtrecom.com/images/products/3/LN_088416_BP_3.jpg","Essential Easy Peelers","Add 2 for £3","true","1.6","088416-45367-45368","https://www.waitrose.com/ecom/products/essential-easy-peelers/088416-45367-45368","satsumas","2026-04-10T14:27:56.981Z","waitrose","2.67","per kg","600 g"
,"https://ecom-su-static-prod.wtrecom.com/images/products/3/LN_680613_BP_3.jpg","Waitrose Easy Peelers Box","20% Off. Was £4.25","true","3.4","680613-154673-154674","https://www.waitrose.com/ecom/products/waitrose-easy-peelers-box/680613-154673-154674","satsumas","2026-04-10T14:27:56.981Z","waitrose","3.4","per kg","1 kg"
,"https://ecom-su-static-prod.wtrecom.com/images/products/3/LN_088436_BP_3.jpg","Waitrose Tangerines","Add 2 for £4.50","true","2.5","088436-45385-45386","https://www.waitrose.com/ecom/products/waitrose-tangerines/088436-45385-45386","satsumas","2026-04-10T14:27:56.981Z","waitrose","4.17","per kg","600 g"
,"https://ecom-su-static-prod.wtrecom.com/images/products/3/LN_919390_BP_3.jpg","RE:NOURISH Protect Broccoli & Cheddar Soup",,"false","3.25","919390-1-2","https://www.waitrose.com/ecom/products/re-nourish-protect-broccoli-cheddar-soup/919390-1-2","broccoli","2026-04-10T14:28:05.996Z","waitrose","6.5","per kg","500 g"
,"https://ecom-su-static-prod.wtrecom.com/images/products/3/LN_085242_BP_3.jpg","Essential Broccoli",,"false","2.4","085242-43323-43324","https://www.waitrose.com/ecom/products/essential-broccoli/085242-43323-43324","broccoli","2026-04-10T14:28:05.996Z","waitrose","2.4","per kg","Typical weight 0.4 kg"
,"https://ecom-su-static-prod.wtrecom.com/images/products/3/LN_047836_BP_3.jpg","Tenderstem Broccoli Spears",,"false","1.8","047836-23680-23681","https://www.waitrose.com/ecom/products/tenderstem-broccoli-spears/047836-23680-23681","broccoli","2026-04-10T14:28:05.996Z","waitrose","9","per kg","200 g"
,"https://ecom-su-static-prod.wtrecom.com/images/products/3/LN_085263_BP_3.jpg","Waitrose Large Broccoli Crown",,"false","1.35","085263-43358-43359","https://www.waitrose.com/ecom/products/waitrose-large-broccoli-crown/085263-43358-43359","broccoli","2026-04-10T14:28:05.996Z","waitrose","4.03","per kg","335 g"
,"https://ecom-su-static-prod.wtrecom.com/images/products/3/LN_477602_BP_3.jpg","Duchy Organic Broccoli",,"false","1.65","477602-428563-67380","https://www.waitrose.com/ecom/products/duchy-organic-broccoli/477602-428563-67380","broccoli","2026-04-10T14:28:05.996Z","waitrose","4.71","per kg","350 g"
,"https://ecom-su-static-prod.wtrecom.com/images/products/3/LN_591566_BP_3.jpg","Philadelphia Original Family Pack","25% Off. Was £3.40","true","2.55","591566-690802-690803","https://www.waitrose.com/ecom/products/philadelphia-original-family-pack/591566-690802-690803","cream cheese","2026-04-10T14:28:15.196Z","waitrose","9.11","per kg","280 g"
,"https://ecom-su-static-prod.wtrecom.com/images/products/3/LN_041475_BP_3.jpg","Essential Soft Cheese Strength 1",,"false","1.95","041475-20534-20535","https://www.waitrose.com/ecom/products/essential-soft-cheese-strength-1/041475-20534-20535","cream cheese","2026-04-10T14:28:15.196Z","waitrose","7.8","per kg","250 g"
,"https://ecom-su-static-prod.wtrecom.com/images/products/3/LN_041145_BP_3.jpg","Boursin French Garlic & Herb Soft Cheese","25% Off. Was £3.10","true","2.32","041145-20346-20347","https://www.waitrose.com/ecom/products/boursin-french-garlic-herb-soft-cheese/041145-20346-20347","cream cheese","2026-04-10T14:28:15.196Z","waitrose","15.47","per kg","150 g"
,"https://ecom-su-static-prod.wtrecom.com/images/products/3/LN_517555_BP_3.jpg","Philadelphia Garlic & Herbs Soft Cream Cheese",,"false","2.35","517555-815492-815493","https://www.waitrose.com/ecom/products/philadelphia-garlic-herbs-soft-cream-cheese/517555-815492-815493","cream cheese","2026-04-10T14:28:15.196Z","waitrose","14.24","per kg","165 g"
,"https://ecom-su-static-prod.wtrecom.com/images/products/3/LN_637177_BP_3.jpg","Boursin Velvety French Garlic & Herb Whipped Soft Cheese Dip",,"false","2.75","637177-677396-677397","https://www.waitrose.com/ecom/products/boursin-velvety-french-garlic-herb-whipped-soft-cheese-dip/637177-677396-677397","cream cheese","2026-04-10T14:28:15.196Z","waitrose","22","per kg","125 g"
,"https://ecom-su-static-prod.wtrecom.com/images/products/3/LN_930276_BP_3.jpg","Danone Skyr High Protein 0% Fat Natural Yogurt","Save £1.00. Was £2.50","true","1.5","930276-847894-847895","https://www.waitrose.com/ecom/products/danone-skyr-high-protein-0-fat-natural-yogurt/930276-847894-847895","skyr yoghurt","2026-04-10T14:28:23.909Z","waitrose","3.34","per kg","450 g"
,"https://ecom-su-static-prod.wtrecom.com/images/products/3/LN_836769_BP_3.jpg","Arla Skyr Natural Icelandic Style Yogurt",,"false","2.65","836769-437896-437897","https://www.waitrose.com/ecom/products/arla-skyr-natural-icelandic-style-yogurt/836769-437896-437897","skyr yoghurt","2026-04-10T14:28:23.909Z","waitrose","5.89","per kg","450 g"
,"https://ecom-su-static-prod.wtrecom.com/images/products/3/LN_951679_BP_3.jpg","Danone Skyr High Protein 0% Fat Natural Yogurt",,"false","3.5","951679-847908-847909","https://www.waitrose.com/ecom/products/danone-skyr-high-protein-0-fat-natural-yogurt/951679-847908-847909","skyr yoghurt","2026-04-10T14:28:23.909Z","waitrose","4.38","per kg","800 g"
,"https://ecom-su-static-prod.wtrecom.com/images/products/3/LN_850319_BP_3.jpg","Isey Skyr Strawberry Icelandic High Protein Fat Free Yogurt",,"false","1.5","850319-507991-507992","https://www.waitrose.com/ecom/products/isey-skyr-strawberry-icelandic-high-protein-fat-free-yogurt/850319-507991-507992","skyr yoghurt","2026-04-10T14:28:23.909Z","waitrose","8.82","per kg","170 g"
,"https://ecom-su-static-prod.wtrecom.com/images/products/3/LN_899641_BP_3.jpg","Isey Skyr Blueberry Icelandic High Protein Fat Free Yogurt",,"false","1.5","899641-486835-486836","https://www.waitrose.com/ecom/products/isey-skyr-blueberry-icelandic-high-protein-fat-free-yogurt/899641-486835-486836","skyr yoghurt","2026-04-10T14:28:23.909Z","waitrose","8.82","per kg","170 g"
,"https://ecom-su-static-prod.wtrecom.com/images/products/3/LN_384447_BP_3.jpg","TRIP Mindful Blend Sicilian Lemon",,"false","6.5","384447-1-2","https://www.waitrose.com/ecom/products/trip-mindful-blend-sicilian-lemon/384447-1-2","lemons","2026-04-10T14:28:32.829Z","waitrose","6.5","per litre","4x250 ml"
,"https://ecom-su-static-prod.wtrecom.com/images/products/3/LN_981912_BP_3.jpg","HOLOS Citra Hops Organic Kombucha","Buyers Choice","true","3.2","981912-1-2","https://www.waitrose.com/ecom/products/holos-citra-hops-organic-kombucha/981912-1-2","lemons","2026-04-10T14:28:32.829Z","waitrose","9.7","per litre","330 ml"
,"https://ecom-su-static-prod.wtrecom.com/images/products/3/LN_088460_BP_3.jpg","Cooks' Ingredients Unwaxed Lemons",,"false","1.9","088460-45401-45402","https://www.waitrose.com/ecom/products/cooks-ingredients-unwaxed-lemons/088460-45401-45402","lemons","2026-04-10T14:28:32.829Z","waitrose",,,"4s"
,"https://ecom-su-static-prod.wtrecom.com/images/products/3/LN_944729_BP_3.jpg","FIX8 Water Kefir Raspberry Lemonade Live Sparkling Soda","25% Off. Was £2.85","true","2.13","944729-1-2","https://www.waitrose.com/ecom/products/fix8-water-kefir-raspberry-lemonade-live-sparkling-soda/944729-1-2","lemons","2026-04-10T14:28:32.829Z","waitrose","6.46","per litre","330 ml"
,"https://ecom-su-static-prod.wtrecom.com/images/products/3/LN_922025_BP_3.jpg","FIX8 Pink Lemonade Water Kefir Multipack","Save £1.00. Was £6.00","true","5","922025-1-2","https://www.waitrose.com/ecom/products/fix8-pink-lemonade-water-kefir-multipack/922025-1-2","lemons","2026-04-10T14:28:32.829Z","waitrose","5","per litre","4x250 ml"
,"https://ecom-su-static-prod.wtrecom.com/images/products/3/LN_898594_BP_3.jpg","Strong Roots Cauliflower Hash Browns","Add 2 for £5","true","3.5","898594-688790-688791","https://www.waitrose.com/ecom/products/strong-roots-cauliflower-hash-browns/898594-688790-688791","cauliflower","2026-04-10T14:28:41.593Z","waitrose","9.33","per kg","375 g"
,"https://ecom-su-static-prod.wtrecom.com/images/products/3/LN_085247_BP_3.jpg","Essential Cauliflower",,"false","1.35","085247-43327-43328","https://www.waitrose.com/ecom/products/essential-cauliflower/085247-43327-43328","cauliflower","2026-04-10T14:28:41.593Z","waitrose",,,"Each"
,"https://ecom-su-static-prod.wtrecom.com/images/products/3/LN_085249_BP_3.jpg","Waitrose Large Trimmed Cauliflower",,"false","1.95","085249-43331-43332","https://www.waitrose.com/ecom/products/waitrose-large-trimmed-cauliflower/085249-43331-43332","cauliflower","2026-04-10T14:28:41.593Z","waitrose",,,"each"
,"https://ecom-su-static-prod.wtrecom.com/images/products/3/LN_085537_BP_3.jpg","Duchy Organic Cauliflower",,"false","2.2","085537-43626-43627","https://www.waitrose.com/ecom/products/duchy-organic-cauliflower/085537-43626-43627","cauliflower","2026-04-10T14:28:41.593Z","waitrose",,,"Each"
,"https://ecom-su-static-prod.wtrecom.com/images/products/3/LN_054233_BP_3.jpg","Essential Frozen British Cauliflower Florets",,"false","1.8","054233-27219-27220","https://www.waitrose.com/ecom/products/essential-frozen-british-cauliflower-florets/054233-27219-27220","cauliflower","2026-04-10T14:28:41.593Z","waitrose","2","per kg","900 g"
,"https://ecom-su-static-prod.wtrecom.com/images/products/3/LN_903166_BP_3.jpg","No.1 Mountain Parmigiano Reggiano DOP Strength 6","20% Off. Was £6.50","true","5.2","903166-836190-836191","https://www.waitrose.com/ecom/products/no1-mountain-parmigiano-reggiano-dop-strength-6/903166-836190-836191","parmesan","2026-04-10T14:28:50.193Z","waitrose","26","per kg","200 g"
,"https://ecom-su-static-prod.wtrecom.com/images/products/3/LN_428911_BP_3.jpg","No.1 30 Months Italian Parmigiano Reggiano DOP Cheese Strength 6","20% Off. Was £5.75","true","4.6","428911-636273-636274","https://www.waitrose.com/ecom/products/no1-30-months-italian-parmigiano-reggiano-dop-cheese-strength-6/428911-636273-636274","parmesan","2026-04-10T14:28:50.193Z","waitrose","23","per kg","200 g"
,"https://ecom-su-static-prod.wtrecom.com/images/products/3/LN_898043_BP_3.jpg","Waitrose Parmigiano Reggiano DOP Parmesan Cheese Strength 6",,"false","5.95","898043-688838-688839","https://www.waitrose.com/ecom/products/waitrose-parmigiano-reggiano-dop-parmesan-cheese-strength-6/898043-688838-688839","parmesan","2026-04-10T14:28:50.193Z","waitrose","23.8","per kg","250 g"
,"https://ecom-su-static-prod.wtrecom.com/images/products/3/LN_676625_BP_3.jpg","Duchy Organic Parmigiano Reggiano DOP Parmesan Cheese Strength 6",,"false","4.25","676625-688820-688821","https://www.waitrose.com/ecom/products/duchy-organic-parmigiano-reggiano-dop-parmesan-cheese-strength-6/676625-688820-688821","parmesan","2026-04-10T14:28:50.193Z","waitrose","28.33","per kg","150 g"
,"https://ecom-su-static-prod.wtrecom.com/images/products/3/LN_605600_BP_3.jpg","Waitrose Grana Padano DOP Cheese Strength 4",,"false","3.3","605600-688808-688809","https://www.waitrose.com/ecom/products/waitrose-grana-padano-dop-cheese-strength-4/605600-688808-688809","parmesan","2026-04-10T14:28:50.193Z","waitrose","18.86","per kg","175 g"
,"https://ecom-su-static-prod.wtrecom.com/images/products/3/LN_053432_BP_3.jpg","Elmlea Vegetarian Double Cream Alternative","Save 35p. Was £1.85","true","1.5","053432-26729-26730","https://www.waitrose.com/ecom/products/elmlea-vegetarian-double-cream-alternative/053432-26729-26730","double cream","2026-04-10T14:28:58.626Z","waitrose","5.56","per litre","270 ml"
,"https://ecom-su-static-prod.wtrecom.com/images/products/3/LN_002912_BP_3.jpg","Essential Free Range Double Cream",,"false","1.85","002912-421421-1060","https://www.waitrose.com/ecom/products/essential-free-range-double-cream/002912-421421-1060","double cream","2026-04-10T14:28:58.626Z","waitrose","6.17","per litre","300 ml"
,"https://ecom-su-static-prod.wtrecom.com/images/products/3/LN_044889_BP_3.jpg","Essential Free Range Double Cream Large",,"false","3.15","044889-421423-22158","https://www.waitrose.com/ecom/products/essential-free-range-double-cream-large/044889-421423-22158","double cream","2026-04-10T14:28:58.626Z","waitrose","5.25","per litre","600 ml"
,"https://ecom-su-static-prod.wtrecom.com/images/products/3/LN_043004_BP_3.jpg","Essential Free Range Double Cream Small",,"false","1.3","043004-421422-21240","https://www.waitrose.com/ecom/products/essential-free-range-double-cream-small/043004-421422-21240","double cream","2026-04-10T14:28:58.626Z","waitrose","8.67","per litre","150 ml"
,"https://ecom-su-static-prod.wtrecom.com/images/products/3/LN_925640_BP_3.jpg","Duchy Organic British Free Range Double Cream",,"false","2","925640-836222-836223","https://www.waitrose.com/ecom/products/duchy-organic-british-free-range-double-cream/925640-836222-836223","double cream","2026-04-10T14:28:58.626Z","waitrose","6.67","per litre","300 ml"
,"https://ecom-su-static-prod.wtrecom.com/images/products/3/LN_086468_BP_3.jpg","Essential Cucumber","20% Off. Was £1.10","true","1.1","086468-44158-44159","https://www.waitrose.com/ecom/products/essential-cucumber/086468-44158-44159","cucumber","2026-04-10T14:29:07.221Z","waitrose",,,"each"
,"https://ecom-su-static-prod.wtrecom.com/images/products/3/LN_564598_BP_3.jpg","Duchy Organic Salad Cucumber",,"false","1.45","564598-79966-79967","https://www.waitrose.com/ecom/products/duchy-organic-salad-cucumber/564598-79966-79967","cucumber","2026-04-10T14:29:07.221Z","waitrose",,,"each"
,"https://ecom-su-static-prod.wtrecom.com/images/products/3/LN_086469_BP_3.jpg","Essential Large Cucumber",,"false","1.25","086469-44160-44161","https://www.waitrose.com/ecom/products/essential-large-cucumber/086469-44160-44161","cucumber","2026-04-10T14:29:07.221Z","waitrose",,,"each"
,"https://ecom-su-static-prod.wtrecom.com/images/products/3/LN_279693_BP_3.jpg","Waitrose Baby Cucumber",,"false","1.3","279693-826926-826927","https://www.waitrose.com/ecom/products/waitrose-baby-cucumber/279693-826926-826927","cucumber","2026-04-10T14:29:07.221Z","waitrose","6.5","per kg","200 g"
,"https://ecom-su-static-prod.wtrecom.com/images/products/3/LN_085315_BP_3.jpg","Duchy Organic Ridge Cucumber",,"false","1.75","085315-43394-43395","https://www.waitrose.com/ecom/products/duchy-organic-ridge-cucumber/085315-43394-43395","cucumber","2026-04-10T14:29:07.221Z","waitrose",,,"Each"
,"https://ecom-su-static-prod.wtrecom.com/images/products/3/LN_063854_BP_3.jpg","Elmlea Single Cream Alternative","Save 50p. Was £1.75","true","1.25","063854-32425-32426","https://www.waitrose.com/ecom/products/elmlea-single-cream-alternative/063854-32425-32426","single cream","2026-04-10T14:29:16.172Z","waitrose","4.63","per litre","270 ml"
,"https://ecom-su-static-prod.wtrecom.com/images/products/3/LN_018261_BP_3.jpg","Essential Free Range Single Cream",,"false","1.45","018261-8850-8851","https://www.waitrose.com/ecom/products/essential-free-range-single-cream/018261-8850-8851","single cream","2026-04-10T14:29:16.172Z","waitrose","4.83","per litre","300 ml"
,"https://ecom-su-static-prod.wtrecom.com/images/products/3/LN_086673_BP_3.jpg","Essential Free Range Single Cream Small",,"false","1","086673-44301-44302","https://www.waitrose.com/ecom/products/essential-free-range-single-cream-small/086673-44301-44302","single cream","2026-04-10T14:29:16.172Z","waitrose","6.67","per litre","150 ml"
,"https://ecom-su-static-prod.wtrecom.com/images/products/3/LN_758261_BP_3.jpg","Essential Free Range Single Cream Large",,"false","2.35","758261-107859-107860","https://www.waitrose.com/ecom/products/essential-free-range-single-cream-large/758261-107859-107860","single cream","2026-04-10T14:29:16.172Z","waitrose","3.92","per litre","600 ml"
,"https://ecom-su-static-prod.wtrecom.com/images/products/3/LN_863071_BP_3.jpg","Oatly Creamy Oat Single Cream Chilled","Save 20p. Was £1.30","true","1.1","863071-671816-671817","https://www.waitrose.com/ecom/products/oatly-creamy-oat-single-cream-chilled/863071-671816-671817","single cream","2026-04-10T14:29:16.172Z","waitrose","4.4","per litre","250 ml"
,"https://ecom-su-static-prod.wtrecom.com/content/dam/waitrosegroceriescms/product-pods/Brie%20and%20blue%20cheese%20board.jpg","Waitrose British Somerset Brie Cheese Strength 2",,"false","3.4","736290-202405-202406","https://www.waitrose.com/ecom/products/waitrose-british-somerset-brie-cheese-strength-2/736290-202405-202406","brie","2026-04-10T14:29:26.979Z","waitrose","14.78","per kg","230 g"
,"https://ecom-su-static-prod.wtrecom.com/content/dam/waitrosegroceriescms/product-pods/Brie%20and%20blue%20cheese%20board.jpg","Castello Extra Creamy Brie Cheese","Save 95p. Was £2.95","true","2","412978-656904-656905","https://www.waitrose.com/ecom/products/castello-extra-creamy-brie-cheese/412978-656904-656905","brie","2026-04-10T14:29:26.979Z","waitrose","10","per kg","200 g"
,"https://ecom-su-static-prod.wtrecom.com/content/dam/waitrosegroceriescms/product-pods/Brie%20and%20blue%20cheese%20board.jpg","Essential French Brie Cheese Strength 2",,"false","1.85","033310-16543-16544","https://www.waitrose.com/ecom/products/essential-french-brie-cheese-strength-2/033310-16543-16544","brie","2026-04-10T14:29:26.979Z","waitrose","9.25","per kg","200 g"
,"https://ecom-su-static-prod.wtrecom.com/content/dam/waitrosegroceriescms/product-pods/Brie%20and%20blue%20cheese%20board.jpg","President French Brie Cheese",,"false","3.1","484216-68373-68374","https://www.waitrose.com/ecom/products/president-french-brie-cheese/484216-68373-68374","brie","2026-04-10T14:29:26.979Z","waitrose","15.5","per kg","200 g"
,"https://ecom-su-static-prod.wtrecom.com/content/dam/waitrosegroceriescms/product-pods/Brie%20and%20blue%20cheese%20board.jpg","Le Rustique le Bon Brie Cheese",,"false","3","041810-20718-20719","https://www.waitrose.com/ecom/products/le-rustique-le-bon-brie-cheese/041810-20718-20719","brie","2026-04-10T14:29:26.979Z","waitrose","15","per kg","200 g"
,"https://ecom-su-static-prod.wtrecom.com/images/products/3/LN_985222_BP_3.jpg","All Dressed Up Miso & Sesame Dressing","20% Off. Was £5.00","true","4","985222-1-2","https://www.waitrose.com/ecom/products/all-dressed-up-miso-sesame-dressing/985222-1-2","limes","2026-04-10T14:29:36.003Z","waitrose","16","per litre","250 ml"
,"https://ecom-su-static-prod.wtrecom.com/images/products/3/LN_907328_BP_3.jpg","All Dressed Up Tahini & Lime Dressing","20% Off. Was £5.00","true","4","907328-1-2","https://www.waitrose.com/ecom/products/all-dressed-up-tahini-lime-dressing/907328-1-2","limes","2026-04-10T14:29:36.003Z","waitrose","16","per litre","250 ml"
,"https://ecom-su-static-prod.wtrecom.com/images/products/3/LN_952498_BP_3.jpg","Living Things Rhubarb & Apple Prebiotic Soda Cans","20% Off. Was £6.00","true","4.8","952498-847293-847294","https://www.waitrose.com/ecom/products/living-things-rhubarb-apple-prebiotic-soda-cans/952498-847293-847294","limes","2026-04-10T14:29:36.003Z","waitrose","3.64","per litre","4x330 ml"
,"https://ecom-su-static-prod.wtrecom.com/images/products/3/LN_972040_BP_3.jpg","Living Things Watermelon & Lime Prebiotic Soda Cans","20% Off. Was £6.00","true","4.8","972040-847333-847334","https://www.waitrose.com/ecom/products/living-things-watermelon-lime-prebiotic-soda-cans/972040-847333-847334","limes","2026-04-10T14:29:36.003Z","waitrose","3.64","per litre","4x330 ml"
,"https://ecom-su-static-prod.wtrecom.com/images/products/3/LN_088458_BP_3.jpg","Essential Limes 5s","Add 2 for £3","true","1.6","088458-45397-45398","https://www.waitrose.com/ecom/products/essential-limes-5s/088458-45397-45398","limes","2026-04-10T14:29:36.003Z","waitrose",,,"5s"
,"https://ecom-su-static-prod.wtrecom.com/images/products/3/LN_822697_BP_3.jpg","RE:NOURISH Calm Soup",,"false","3.25","822697-706675-706676","https://www.waitrose.com/ecom/products/re-nourish-calm-soup/822697-706675-706676","vine tomatoes","2026-04-10T14:29:57.390Z","waitrose","6.5","per kg","500 g"
,"https://ecom-su-static-prod.wtrecom.com/images/products/3/LN_009596_BP_3.jpg","Waitrose Cherry Vine Tomatoes",,"false","3.45","009596-4741-4742","https://www.waitrose.com/ecom/products/waitrose-cherry-vine-tomatoes/009596-4741-4742","vine tomatoes","2026-04-10T14:29:57.390Z","waitrose","8.63","per kg","400 g"
,"https://ecom-su-static-prod.wtrecom.com/images/products/3/LN_005274_BP_3.jpg","Waitrose Classic Vine Tomatoes",,"false","2.35","005274-2275-2276","https://www.waitrose.com/ecom/products/waitrose-classic-vine-tomatoes/005274-2275-2276","vine tomatoes","2026-04-10T14:29:57.390Z","waitrose","5.22","per kg","450 g"
,"https://ecom-su-static-prod.wtrecom.com/images/products/3/LN_086535_BP_3.jpg","Waitrose Cherry Vine Tomatoes",,"false","2.55","086535-44218-44219","https://www.waitrose.com/ecom/products/waitrose-cherry-vine-tomatoes/086535-44218-44219","vine tomatoes","2026-04-10T14:29:57.390Z","waitrose","9.44","per kg","270 g"
,"https://ecom-su-static-prod.wtrecom.com/images/products/3/LN_086508_BP_3.jpg","Duchy Organic Vine Tomatoes",,"false","2.25","086508-44188-44189","https://www.waitrose.com/ecom/products/duchy-organic-vine-tomatoes/086508-44188-44189","vine tomatoes","2026-04-10T14:29:57.390Z","waitrose","9","per kg","250 g"
,"https://ecom-su-static-prod.wtrecom.com/images/products/3/LN_855677_BP_3.jpg","Waitrose Cypriot Halloumi Cheese Strength 1",,"false","3","855677-229577-229578","https://www.waitrose.com/ecom/products/waitrose-cypriot-halloumi-cheese-strength-1/855677-229577-229578","halloumi","2026-04-10T14:30:19.563Z","waitrose","12","per kg","250 g"
,"https://ecom-su-static-prod.wtrecom.com/images/products/3/LN_919567_BP_3.jpg","Duchy Organic Cypriot Halloumi",,"false","3.75","919567-1-2","https://www.waitrose.com/ecom/products/duchy-organic-cypriot-halloumi/919567-1-2","halloumi","2026-04-10T14:30:19.563Z","waitrose","15","per kg","250 g"
,"https://ecom-su-static-prod.wtrecom.com/images/products/3/LN_665253_BP_3.jpg","No. 1 Halloumi Cheese with Mint Strength 2","20% Off. Was £4.10","true","3.28","665253-382019-382020","https://www.waitrose.com/ecom/products/no-1-halloumi-cheese-with-mint-strength-2/665253-382019-382020","halloumi","2026-04-10T14:30:19.563Z","waitrose","13.12","per kg","250 g"
,"https://ecom-su-static-prod.wtrecom.com/images/products/3/LN_353607_BP_3.jpg","Waitrose Halloumi Fries","Mix & Match Add 4 for 3 Cheapest Item Free","true","3","353607-1-2","https://www.waitrose.com/ecom/products/waitrose-halloumi-fries/353607-1-2","halloumi","2026-04-10T14:30:19.563Z","waitrose","17.65","per kg","170 g"
,"https://ecom-su-static-prod.wtrecom.com/images/products/3/LN_979847_BP_3.jpg","Higgidy Cypriot Halloumi & Hot Honey Rolls","Save £1.00. Was £3.50","true","2.5","979847-846747-846748","https://www.waitrose.com/ecom/products/higgidy-cypriot-halloumi-hot-honey-rolls/979847-846747-846748","halloumi","2026-04-10T14:30:19.563Z","waitrose","15.63","per kg","160 g"
,"https://ecom-su-static-prod.wtrecom.com/images/products/3/LN_582157_BP_3.jpg","Mister Free'd Gluten Free Avocado Tortilla Chips",,"false","2.1","582157-749673-749674","https://www.waitrose.com/ecom/products/mister-freed-gluten-free-avocado-tortilla-chips/582157-749673-749674","avocado","2026-04-10T14:30:20.598Z","waitrose","15.56","per kg","135 g"
,"https://ecom-su-static-prod.wtrecom.com/images/products/3/LN_019292_BP_3.jpg","Perfectly Ripe Avocados",,"false","1.9","019292-9331-9332","https://www.waitrose.com/ecom/products/perfectly-ripe-avocados/019292-9331-9332","avocado","2026-04-10T14:30:20.598Z","waitrose",,,"2s"
,"https://ecom-su-static-prod.wtrecom.com/images/products/3/LN_070278_BP_3.jpg","Waitrose Perfectly Ripe Large Avocado",,"false","1.2","070278-35580-35581","https://www.waitrose.com/ecom/products/waitrose-perfectly-ripe-large-avocado/070278-35580-35581","avocado","2026-04-10T14:30:20.598Z","waitrose",,,"each"
,"https://ecom-su-static-prod.wtrecom.com/images/products/3/LN_790958_BP_3.jpg","Perfectly Ripe Extra Large Avocados",,"false","3.5","790958-586852-586853","https://www.waitrose.com/ecom/products/perfectly-ripe-extra-large-avocados/790958-586852-586853","avocado","2026-04-10T14:30:20.598Z","waitrose",,,"2s"
,"https://ecom-su-static-prod.wtrecom.com/images/products/3/LN_742393_BP_3.jpg","Duchy Organic Ripe Avocados","20% Off. Was £2.75","true","2.2","742393-586766-586767","https://www.waitrose.com/ecom/products/duchy-organic-ripe-avocados/742393-586766-586767","avocado","2026-04-10T14:30:20.598Z","waitrose",,,"2s"
,"https://ecom-su-static-prod.wtrecom.com/images/products/3/LN_507700_BP_3.jpg","British Creme Fraiche",,"false","1.1","507700-723731-723732","https://www.waitrose.com/ecom/products/british-creme-fraiche/507700-723731-723732","creme fraiche","2026-04-10T14:30:45.280Z","waitrose","3.67","per litre","300 ml"
,"https://ecom-su-static-prod.wtrecom.com/images/products/3/LN_053451_BP_3.jpg","No.1 French Creme Fraiche",,"false","1.65","053451-26753-26754","https://www.waitrose.com/ecom/products/no1-french-creme-fraiche/053451-26753-26754","creme fraiche","2026-04-10T14:30:45.280Z","waitrose","8.25","per litre","200 ml"
,"https://ecom-su-static-prod.wtrecom.com/images/products/3/LN_519316_BP_3.jpg","Reduced Fat Creme Fraiche",,"false","1.1","519316-73433-73434","https://www.waitrose.com/ecom/products/reduced-fat-creme-fraiche/519316-73433-73434","creme fraiche","2026-04-10T14:30:45.280Z","waitrose","3.67","per litre","300 ml"
,"https://ecom-su-static-prod.wtrecom.com/images/products/3/LN_053494_BP_3.jpg","No.1 French Half Fat Creme Fraiche",,"false","1.65","053494-26777-26778","https://www.waitrose.com/ecom/products/no1-french-half-fat-creme-fraiche/053494-26777-26778","creme fraiche","2026-04-10T14:30:45.280Z","waitrose","8.25","per litre","200 ml"
,"https://ecom-su-static-prod.wtrecom.com/images/products/3/LN_757621_BP_3.jpg","Isigny Ste Mere d'Isigny 40% Fat Creme Fraiche",,"false","2.1","757621-107771-107772","https://www.waitrose.com/ecom/products/isigny-ste-mere-disigny-40-fat-creme-fraiche/757621-107771-107772","creme fraiche","2026-04-10T14:30:45.280Z","waitrose","10.5","per litre","20 cl"
,"https://ecom-su-static-prod.wtrecom.com/images/products/3/LN_822697_BP_3.jpg","RE:NOURISH Calm Soup",,"false","3.25","822697-706675-706676","https://www.waitrose.com/ecom/products/re-nourish-calm-soup/822697-706675-706676","cherry tomatoes","2026-04-10T14:30:45.388Z","waitrose","6.5","per kg","500 g"
,"https://ecom-su-static-prod.wtrecom.com/images/products/3/LN_009596_BP_3.jpg","Waitrose Cherry Vine Tomatoes",,"false","3.45","009596-4741-4742","https://www.waitrose.com/ecom/products/waitrose-cherry-vine-tomatoes/009596-4741-4742","cherry tomatoes","2026-04-10T14:30:45.388Z","waitrose","8.63","per kg","400 g"
,"https://ecom-su-static-prod.wtrecom.com/images/products/3/LN_086535_BP_3.jpg","Waitrose Cherry Vine Tomatoes",,"false","2.55","086535-44218-44219","https://www.waitrose.com/ecom/products/waitrose-cherry-vine-tomatoes/086535-44218-44219","cherry tomatoes","2026-04-10T14:30:45.388Z","waitrose","9.44","per kg","270 g"
,"https://ecom-su-static-prod.wtrecom.com/images/products/3/LN_086533_BP_3.jpg","Essential Cherry Tomatoes",,"false","1.6","086533-44216-44217","https://www.waitrose.com/ecom/products/essential-cherry-tomatoes/086533-44216-44217","cherry tomatoes","2026-04-10T14:30:45.388Z","waitrose","3.2","per kg","500 g"
,"https://ecom-su-static-prod.wtrecom.com/images/products/3/LN_097155_BP_3.jpg","Duchy Organic Cherry Vine Tomatoes",,"false","2.25","097155-49612-49613","https://www.waitrose.com/ecom/products/duchy-organic-cherry-vine-tomatoes/097155-49612-49613","cherry tomatoes","2026-04-10T14:30:45.388Z","waitrose","11.25","per kg","200 g"
,"https://ecom-su-static-prod.wtrecom.com/images/products/3/LN_082356_BP_3.jpg","No.1 Colston Bassett Blue Stilton Cheese Strength 5","20% Off. Was £4.00","true","3.2","082356-41897-41898","https://www.waitrose.com/ecom/products/no1-colston-bassett-blue-stilton-cheese-strength-5/082356-41897-41898","stilton","2026-04-10T14:30:47.571Z","waitrose","16","per kg","Typical weight 200 g"
,"https://ecom-su-static-prod.wtrecom.com/images/products/3/LN_856714_BP_3.jpg","No. 1 Cropwell Bishop PDO Blue Stilton Cheese Strength 5","20% Off. Was £4.15","true","3.32","856714-704473-704474","https://www.waitrose.com/ecom/products/no-1-cropwell-bishop-pdo-blue-stilton-cheese-strength-5/856714-704473-704474","stilton","2026-04-10T14:30:47.571Z","waitrose","16.6","per kg","200 g"
,"https://ecom-su-static-prod.wtrecom.com/images/products/3/LN_870348_BP_3.jpg","Waitrose Long Clawson Stilton Cheese Strength 4 Large",,"false","4.4","870348-215267-215268","https://www.waitrose.com/ecom/products/waitrose-long-clawson-stilton-cheese-strength-4-large/870348-215267-215268","stilton","2026-04-10T14:30:47.571Z","waitrose","19.38","per kg","227 g"
,"https://ecom-su-static-prod.wtrecom.com/images/products/3/LN_928757_BP_3.jpg","1912 Artisan Stilton","25% Off. Was £3.00","true","2.25","928757-844449-844450","https://www.waitrose.com/ecom/products/1912-artisan-stilton/928757-844449-844450","stilton","2026-04-10T14:30:47.571Z","waitrose","15","per kg","150 g"
,"https://ecom-su-static-prod.wtrecom.com/images/products/3/LN_886941_BP_3.jpg","Duchy Organic Cropwell Bishop PDO Blue Stilton Cheese Strength 5",,"false","4.67","886941-156675-156676","https://www.waitrose.com/ecom/products/duchy-organic-cropwell-bishop-pdo-blue-stilton-cheese-strength-5/886941-156675-156676","stilton","2026-04-10T14:30:47.571Z","waitrose","23.33","per kg","Typical weight 0.2 kg"
,"https://ecom-su-static-prod.wtrecom.com/images/products/3/LN_915099_BP_3.jpg","The Good Crisp Co Sour Cream",,"false","3.4","915099-1-2","https://www.waitrose.com/ecom/products/the-good-crisp-co-sour-cream/915099-1-2","sour cream","2026-04-10T14:30:49.369Z","waitrose","21.25","per kg","160 g"
,"https://ecom-su-static-prod.wtrecom.com/images/products/3/LN_053428_BP_3.jpg","Essential Soured Cream",,"false","1.2","053428-26727-26728","https://www.waitrose.com/ecom/products/essential-soured-cream/053428-26727-26728","sour cream","2026-04-10T14:30:49.369Z","waitrose","4","per litre","300 ml"
,"https://ecom-su-static-prod.wtrecom.com/images/products/3/LN_862388_BP_3.jpg","Waitrose Sour Cream & Chive Dip","Add 2 for £2.50","true","1.85","862388-824618-824619","https://www.waitrose.com/ecom/products/waitrose-sour-cream-chive-dip/862388-824618-824619","sour cream","2026-04-10T14:30:49.369Z","waitrose","9.25","per kg","200 g"
,"https://ecom-su-static-prod.wtrecom.com/images/products/3/LN_860930_BP_3.jpg","Waitrose Sour Cream & Chive Snack Mix Sharing Crisps",,"false","1.85","860930-239737-239738","https://www.waitrose.com/ecom/products/waitrose-sour-cream-chive-snack-mix-sharing-crisps/860930-239737-239738","sour cream","2026-04-10T14:30:49.369Z","waitrose","12.33","per kg","150 g"
,"https://ecom-su-static-prod.wtrecom.com/images/products/3/LN_682129_BP_3.jpg","Pringles Sour Cream & Onion Sharing Crisps",,"false","2.5","682129-140893-140894","https://www.waitrose.com/ecom/products/pringles-sour-cream-onion-sharing-crisps/682129-140893-140894","sour cream","2026-04-10T14:30:49.369Z","waitrose","15.15","per kg","165 g"
,"https://ecom-su-static-prod.wtrecom.com/images/products/3/LN_687525_BP_3.jpg","Waitrose Cotton Candy Grapes",,"false","3.2","687525-369486-369487","https://www.waitrose.com/ecom/products/waitrose-cotton-candy-grapes/687525-369486-369487","grapes","2026-04-10T14:31:05.971Z","waitrose","8","per kg","400 g"
,"https://ecom-su-static-prod.wtrecom.com/images/products/3/LN_761298_BP_3.jpg","Waitrose Green Seedless Grapes","Add 2 for £4.50","true","2.5","761298-785984-785985","https://www.waitrose.com/ecom/products/waitrose-green-seedless-grapes/761298-785984-785985","grapes","2026-04-10T14:31:05.971Z","waitrose","5","per kg","500 g"
,"https://ecom-su-static-prod.wtrecom.com/images/products/3/LN_878309_BP_3.jpg","Waitrose Red Seedless Grapes","Add 2 for £4.50","true","2.5","878309-786006-786007","https://www.waitrose.com/ecom/products/waitrose-red-seedless-grapes/878309-786006-786007","grapes","2026-04-10T14:31:05.971Z","waitrose","5","per kg","500 g"
,"https://ecom-su-static-prod.wtrecom.com/images/products/3/LN_049842_BP_3.jpg","Waitrose Seedless Grape Selection","Add 2 for £4.50","true","2.65","049842-24815-24816","https://www.waitrose.com/ecom/products/waitrose-seedless-grape-selection/049842-24815-24816","grapes","2026-04-10T14:31:05.971Z","waitrose","6.63","per kg","400 g"
,"https://ecom-su-static-prod.wtrecom.com/images/products/3/LN_002575_BP_3.jpg","Waitrose Black Seedless Grapes","Add 2 for £4.50","true","2.8","002575-872-873","https://www.waitrose.com/ecom/products/waitrose-black-seedless-grapes/002575-872-873","grapes","2026-04-10T14:31:05.971Z","waitrose","7","per kg","400 g"
,"https://ecom-su-static-prod.wtrecom.com/images/products/3/LN_890885_BP_3.jpg","The Collective Gourmet Mango Yogurt",,"false","3.1","890885-405900-405901","https://www.waitrose.com/ecom/products/the-collective-gourmet-mango-yogurt/890885-405900-405901","mango","2026-04-10T14:31:09.366Z","waitrose","7.29","per kg","425 g"
,"https://ecom-su-static-prod.wtrecom.com/images/products/3/LN_053688_BP_3.jpg","Waitrose Mango Chunks",,"false","3.9","053688-427093-26907","https://www.waitrose.com/ecom/products/waitrose-mango-chunks/053688-427093-26907","mango","2026-04-10T14:31:09.366Z","waitrose","13.93","per kg","280 g"
,"https://ecom-su-static-prod.wtrecom.com/images/products/3/LN_772087_BP_3.jpg","No.1 Speciality Mango",,"false","11","772087-726528-726529","https://www.waitrose.com/ecom/products/no1-speciality-mango/772087-726528-726529","mango","2026-04-10T14:31:09.366Z","waitrose",,,"4s"
,"https://ecom-su-static-prod.wtrecom.com/images/products/3/LN_956768_BP_3.jpg","Tims Mango Greek Family Yogurt",,"false","2.5","956768-847918-847919","https://www.waitrose.com/ecom/products/tims-mango-greek-family-yogurt/956768-847918-847919","mango","2026-04-10T14:31:09.366Z","waitrose","5.56","per kg","450 g"
,"https://ecom-su-static-prod.wtrecom.com/images/products/3/LN_925049_BP_3.jpg","Brite Natural Energy Pineapple & Mango Drink",,"false","2","925049-852064-852065","https://www.waitrose.com/ecom/products/brite-natural-energy-pineapple-mango-drink/925049-852064-852065","mango","2026-04-10T14:31:09.366Z","waitrose","6.06","per litre","330 ml"
,"https://ecom-su-static-prod.wtrecom.com/images/products/3/LN_698580_BP_3.jpg","Waitrose Slower Reared Chicken Breast Fillets - XL Pack",,"false","9.5","698580-750402-750403","https://www.waitrose.com/ecom/products/waitrose-slower-reared-chicken-breast-fillets-xl-pack/698580-750402-750403","chicken breast","2026-04-10T14:31:11.875Z","waitrose","7.92","per kg","1.2 kg"
,"https://ecom-su-static-prod.wtrecom.com/images/products/3/LN_486988_BP_3.jpg","Waitrose Slower Reared Chicken Breast Fillets",,"false","5.5","486988-707752-707753","https://www.waitrose.com/ecom/products/waitrose-slower-reared-chicken-breast-fillets/486988-707752-707753","chicken breast","2026-04-10T14:31:11.875Z","waitrose","9.17","per kg","600 g"
,"https://ecom-su-static-prod.wtrecom.com/images/products/3/LN_690849_BP_3.jpg","Waitrose Slower Reared 2 Chicken Breast Fillets","Add 3 for £12","true","4.75","690849-260860-260861","https://www.waitrose.com/ecom/products/waitrose-slower-reared-2-chicken-breast-fillets/690849-260860-260861","chicken breast","2026-04-10T14:31:11.875Z","waitrose","12.5","per kg","380 g"
,"https://ecom-su-static-prod.wtrecom.com/images/products/3/LN_068091_BP_3.jpg","Waitrose Slower Reared Chicken Breast Fillets - Large Pack",,"false","9.95","068091-34551-34552","https://www.waitrose.com/ecom/products/waitrose-slower-reared-chicken-breast-fillets-large-pack/068091-34551-34552","chicken breast","2026-04-10T14:31:11.875Z","waitrose","9.95","per kg","1 kg"
,"https://ecom-su-static-prod.wtrecom.com/images/products/3/LN_040593_BP_3.jpg","Waitrose Slower Reared Chicken Breast Mini Fillets","Add 3 for £12","true","4.75","040593-20051-20052","https://www.waitrose.com/ecom/products/waitrose-slower-reared-chicken-breast-mini-fillets/040593-20051-20052","chicken breast","2026-04-10T14:31:11.875Z","waitrose","11.88","per kg","400 g"
,"https://ecom-su-static-prod.wtrecom.com/images/products/3/LN_383803_BP_3.jpg","Lindahls Protein Cheese Slices","20% Off. Was £2.00","true","1.6","383803-844427-844428","https://www.waitrose.com/ecom/products/lindahls-protein-cheese-slices/383803-844427-844428","gouda","2026-04-10T14:31:20.802Z","waitrose","12.8","per kg","125 g"
,"https://ecom-su-static-prod.wtrecom.com/images/products/3/LN_078724_BP_3.jpg","Essential Sliced Gouda Cheese Strength 2",,"false","3.1","078724-40077-40078","https://www.waitrose.com/ecom/products/essential-sliced-gouda-cheese-strength-2/078724-40077-40078","gouda","2026-04-10T14:31:20.802Z","waitrose","12.4","per kg","250 g"
,"https://ecom-su-static-prod.wtrecom.com/images/products/3/LN_609817_BP_3.jpg","Essential Dutch Gouda Cheese Strength 2",,"false","2.75","609817-86508-86509","https://www.waitrose.com/ecom/products/essential-dutch-gouda-cheese-strength-2/609817-86508-86509","gouda","2026-04-10T14:31:20.802Z","waitrose","10.38","per kg","265 g"
,"https://ecom-su-static-prod.wtrecom.com/images/products/3/LN_523852_BP_3.jpg","No. 1 Beemster Dutch Gouda Cheese PDO","20% Off. Was £3.50","true","2.8","523852-497792-497793","https://www.waitrose.com/ecom/products/no-1-beemster-dutch-gouda-cheese-pdo/523852-497792-497793","gouda","2026-04-10T14:31:20.802Z","waitrose","18.67","per kg","150 g"
,"https://ecom-su-static-prod.wtrecom.com/images/products/3/LN_725998_BP_3.jpg","No.1 Goat's Milk Gouda Cheese Strength 6","20% Off. Was £4.60","true","3.68","725998-629536-629537","https://www.waitrose.com/ecom/products/no1-goats-milk-gouda-cheese-strength-6/725998-629536-629537","gouda","2026-04-10T14:31:20.802Z","waitrose","18.4","per kg","Typical weight 200 g"
,"https://ecom-su-static-prod.wtrecom.com/images/products/3/LN_067520_BP_3.jpg","Waitrose Baby Spinach",,"false","1.6","067520-34265-34266","https://www.waitrose.com/ecom/products/waitrose-baby-spinach/067520-34265-34266","baby spinach","2026-04-10T14:31:29.210Z","waitrose","13.33","per kg","120 g"
,"https://ecom-su-static-prod.wtrecom.com/images/products/3/LN_502366_BP_3.jpg","Essential Edam Cheese Strength 2",,"false","3.35","502366-70967-70968","https://www.waitrose.com/ecom/products/essential-edam-cheese-strength-2/502366-70967-70968","edam","2026-04-10T14:31:37.217Z","waitrose","11.17","per kg","300 g"
,"https://ecom-su-static-prod.wtrecom.com/images/products/3/LN_018286_BP_3.jpg","Essential Dutch Sliced Edam Cheese Strength 2",,"false","3.1","018286-8862-8863","https://www.waitrose.com/ecom/products/essential-dutch-sliced-edam-cheese-strength-2/018286-8862-8863","edam","2026-04-10T14:31:37.217Z","waitrose","12.4","per kg","250 g"
,"https://ecom-su-static-prod.wtrecom.com/images/products/3/LN_078724_BP_3.jpg","Essential Sliced Gouda Cheese Strength 2",,"false","3.1","078724-40077-40078","https://www.waitrose.com/ecom/products/essential-sliced-gouda-cheese-strength-2/078724-40077-40078","edam","2026-04-10T14:31:37.217Z","waitrose","12.4","per kg","250 g"
,"https://ecom-su-static-prod.wtrecom.com/images/products/3/LN_725998_BP_3.jpg","No.1 Goat's Milk Gouda Cheese Strength 6","20% Off. Was £4.60","true","3.68","725998-629536-629537","https://www.waitrose.com/ecom/products/no1-goats-milk-gouda-cheese-strength-6/725998-629536-629537","edam","2026-04-10T14:31:37.217Z","waitrose","18.4","per kg","Typical weight 200 g"
,"https://ecom-su-static-prod.wtrecom.com/images/products/3/LN_609817_BP_3.jpg","Essential Dutch Gouda Cheese Strength 2",,"false","2.75","609817-86508-86509","https://www.waitrose.com/ecom/products/essential-dutch-gouda-cheese-strength-2/609817-86508-86509","edam","2026-04-10T14:31:37.217Z","waitrose","10.38","per kg","265 g"
,"https://ecom-su-static-prod.wtrecom.com/images/products/3/LN_519514_BP_3.jpg","Waitrose Slower Reared Chicken Thighs, Skin-on & Bone-in",,"false","3.95","519514-707754-707755","https://www.waitrose.com/ecom/products/waitrose-slower-reared-chicken-thighs-skin-on-bone-in/519514-707754-707755","chicken thighs","2026-04-10T14:31:45.890Z","waitrose","3.95","per kg","1 kg"
,"https://ecom-su-static-prod.wtrecom.com/images/products/3/LN_004713_BP_3.jpg","Waitrose Chicken Thigh Fillets, Skinless & Boneless",,"false","6.48","004713-2027-2028","https://www.waitrose.com/ecom/products/waitrose-chicken-thigh-fillets-skinless-boneless/004713-2027-2028","chicken thighs","2026-04-10T14:31:45.890Z","waitrose","10.95","per kg","Typical weight 0.59 kg"
,"https://ecom-su-static-prod.wtrecom.com/images/products/3/LN_002713_BP_3.jpg","Waitrose Chicken Thigh Fillets, Skinless & Boneless - Large",,"false","10.95","002713-948-949","https://www.waitrose.com/ecom/products/waitrose-chicken-thigh-fillets-skinless-boneless-large/002713-948-949","chicken thighs","2026-04-10T14:31:45.890Z","waitrose","10.95","per kg","1 kg"
,"https://ecom-su-static-prod.wtrecom.com/images/products/3/LN_899199_BP_3.jpg","No.1 British Free Range Chicken Thighs",,"false","3.88","899199-710897-710898","https://www.waitrose.com/ecom/products/no1-british-free-range-chicken-thighs/899199-710897-710898","chicken thighs","2026-04-10T14:31:45.890Z","waitrose","7.75","per kg","Typical weight 0.5 kg"
,"https://ecom-su-static-prod.wtrecom.com/images/products/3/LN_063388_BP_3.jpg","Duchy Organic Chicken Thighs, Skin-on & Bone-in",,"false","7.32","063388-32185-32186","https://www.waitrose.com/ecom/products/duchy-organic-chicken-thighs-skin-on-bone-in/063388-32185-32186","chicken thighs","2026-04-10T14:31:45.890Z","waitrose","12","per kg","Typical weight 0.61 kg"
,"https://ecom-su-static-prod.wtrecom.com/images/products/3/LN_041237_BP_3.jpg","Waitrose Wild Rocket Salad",,"false","1.95","041237-20404-20405","https://www.waitrose.com/ecom/products/waitrose-wild-rocket-salad/041237-20404-20405","rocket salad","2026-04-10T14:31:54.200Z","waitrose","17.73","per kg","110 g"
,"https://ecom-su-static-prod.wtrecom.com/images/products/3/LN_015880_BP_3.jpg","Waitrose Watercress Spinach Rocket Salad",,"false","2.2","015880-7597-7598","https://www.waitrose.com/ecom/products/waitrose-watercress-spinach-rocket-salad/015880-7597-7598","rocket salad","2026-04-10T14:31:54.200Z","waitrose","20","per kg","110 g"
,"https://ecom-su-static-prod.wtrecom.com/images/products/3/LN_483605_BP_3.jpg","Duchy Organic Babyleaf & Rocket Salad",,"false","2.85","483605-349790-349791","https://www.waitrose.com/ecom/products/duchy-organic-babyleaf-rocket-salad/483605-349790-349791","rocket salad","2026-04-10T14:31:54.200Z","waitrose","28.5","per kg","100 g"
,"https://ecom-su-static-prod.wtrecom.com/images/products/3/LN_039527_BP_3.jpg","Waitrose Wild Rocket",,"false","2.75","039527-19581-19582","https://www.waitrose.com/ecom/products/waitrose-wild-rocket/039527-19581-19582","rocket salad","2026-04-10T14:31:54.200Z","waitrose","18.33","per kg","150 g"
,"https://ecom-su-static-prod.wtrecom.com/images/products/3/LN_086926_BP_3.jpg","Waitrose Wild Rocket",,"false","1.8","086926-44412-44413","https://www.waitrose.com/ecom/products/waitrose-wild-rocket/086926-44412-44413","rocket salad","2026-04-10T14:31:54.201Z","waitrose","20","per kg","90 g"
,"https://ecom-su-static-prod.wtrecom.com/images/products/3/LN_925049_BP_3.jpg","Brite Natural Energy Pineapple & Mango Drink",,"false","2","925049-852064-852065","https://www.waitrose.com/ecom/products/brite-natural-energy-pineapple-mango-drink/925049-852064-852065","pineapple","2026-04-10T14:32:03.522Z","waitrose","6.06","per litre","330 ml"
,"https://ecom-su-static-prod.wtrecom.com/images/products/3/LN_954330_BP_3.jpg","Huel Pinapple & Mango Daily A-Z Vitamin Drink",,"false","6.5","954330-1-2","https://www.waitrose.com/ecom/products/huel-pinapple-mango-daily-a-z-vitamin-drink/954330-1-2","pineapple","2026-04-10T14:32:03.522Z","waitrose","4.92","per litre","4x330 ml"
,"https://ecom-su-static-prod.wtrecom.com/images/products/3/LN_088261_BP_3.jpg","Waitrose Supersweet Medium Pineapple",,"false","1.7","088261-45238-45239","https://www.waitrose.com/ecom/products/waitrose-supersweet-medium-pineapple/088261-45238-45239","pineapple","2026-04-10T14:32:03.522Z","waitrose",,,"Each"
,"https://ecom-su-static-prod.wtrecom.com/images/products/3/LN_882160_BP_3.jpg","Waitrose Extra Large Pineapple","Add 2 for £4.50","true","2.35","882160-428482-428483","https://www.waitrose.com/ecom/products/waitrose-extra-large-pineapple/882160-428482-428483","pineapple","2026-04-10T14:32:03.522Z","waitrose",,,"Each"
,"https://ecom-su-static-prod.wtrecom.com/images/products/3/LN_413020_BP_3.jpg","Waitrose Pineapple",,"false","3.9","413020-697952-697953","https://www.waitrose.com/ecom/products/waitrose-pineapple/413020-697952-697953","pineapple","2026-04-10T14:32:03.522Z","waitrose","7.8","per kg","500 g"
,"https://ecom-su-static-prod.wtrecom.com/images/products/3/LN_678069_BP_3.jpg","Essential Extra Mature Grated Cheddar Cheese Strength 6",,"false","2.8","678069-96313-96314","https://www.waitrose.com/ecom/products/essential-extra-mature-grated-cheddar-cheese-strength-6/678069-96313-96314","grated cheddar","2026-04-10T14:32:11.877Z","waitrose","11.2","per kg","250 g"
,"https://ecom-su-static-prod.wtrecom.com/images/products/3/LN_604302_BP_3.jpg","Essential Mature Grated Cheddar Cheese Strength 4 Large",,"false","4.95","604302-85723-85724","https://www.waitrose.com/ecom/products/essential-mature-grated-cheddar-cheese-strength-4-large/604302-85723-85724","grated cheddar","2026-04-10T14:32:11.877Z","waitrose","9.9","per kg","500 g"
,"https://ecom-su-static-prod.wtrecom.com/images/products/3/LN_636011_BP_3.jpg","Waitrose Davidstow Cornish Mature Grated Cheddar Cheese Strength 5",,"false","3.25","636011-791849-791850","https://www.waitrose.com/ecom/products/waitrose-davidstow-cornish-mature-grated-cheddar-cheese-strength-5/636011-791849-791850","grated cheddar","2026-04-10T14:32:11.877Z","waitrose","13","per kg","250 g"
,"https://ecom-su-static-prod.wtrecom.com/images/products/3/LN_040262_BP_3.jpg","Essential Mature Grated Cheddar Cheese Strength 4",,"false","2.8","040262-19921-19922","https://www.waitrose.com/ecom/products/essential-mature-grated-cheddar-cheese-strength-4/040262-19921-19922","grated cheddar","2026-04-10T14:32:11.877Z","waitrose","11.2","per kg","250 g"
,"https://ecom-su-static-prod.wtrecom.com/images/products/3/LN_541947_BP_3.jpg","Cathedral City Mature Grated Cheddar Cheese","Save 75p. Was £2.75","true","2","541947-727203-727204","https://www.waitrose.com/ecom/products/cathedral-city-mature-grated-cheddar-cheese/541947-727203-727204","grated cheddar","2026-04-10T14:32:11.877Z","waitrose","11.12","per kg","180 g"
,"https://ecom-su-static-prod.wtrecom.com/images/products/3/LN_568810_BP_3.jpg","Waitrose Cantaloupe Melon","Add 2 for £4.50","true","2.95","568810-381887-381888","https://www.waitrose.com/ecom/products/waitrose-cantaloupe-melon/568810-381887-381888","melon","2026-04-10T14:32:20.536Z","waitrose",,,"Each"
,"https://ecom-su-static-prod.wtrecom.com/images/products/3/LN_086187_BP_3.jpg","Waitrose Honeydew Melon",,"false","2.2","086187-428553-44023","https://www.waitrose.com/ecom/products/waitrose-honeydew-melon/086187-428553-44023","melon","2026-04-10T14:32:20.536Z","waitrose",,,"Each"
,"https://ecom-su-static-prod.wtrecom.com/images/products/3/LN_088318_BP_3.jpg","Waitrose Melon Slices",,"false","2.95","088318-428616-45286","https://www.waitrose.com/ecom/products/waitrose-melon-slices/088318-428616-45286","melon","2026-04-10T14:32:20.536Z","waitrose","10.54","per kg","280 g"
,"https://ecom-su-static-prod.wtrecom.com/images/products/3/LN_808556_BP_3.jpg","Waitrose Orange Melon Chunks",,"false","2.95","808556-772488-772489","https://www.waitrose.com/ecom/products/waitrose-orange-melon-chunks/808556-772488-772489","melon","2026-04-10T14:32:20.536Z","waitrose","11.8","per kg","250 g"
,"https://ecom-su-static-prod.wtrecom.com/images/products/3/LN_866513_BP_3.jpg","Waitrose Melon Trio",,"false","2.95","866513-698198-698199","https://www.waitrose.com/ecom/products/waitrose-melon-trio/866513-698198-698199","melon","2026-04-10T14:32:20.536Z","waitrose","13.41","per kg","220 g"
,"https://ecom-su-static-prod.wtrecom.com/images/products/3/LN_488582_BP_3.jpg","Waitrose Stock Brined Whole Chicken","25% Off. Was £8.25","true","6.18","488582-400123-400124","https://www.waitrose.com/ecom/products/waitrose-stock-brined-whole-chicken/488582-400123-400124","whole chicken","2026-04-10T14:32:29.506Z","waitrose","4.12","per kg","1.5 kg"
,"https://ecom-su-static-prod.wtrecom.com/images/products/3/LN_645021_BP_3.jpg","Waitrose Slower Reared Large Whole Chicken",,"false","6.95","645021-507910-507911","https://www.waitrose.com/ecom/products/waitrose-slower-reared-large-whole-chicken/645021-507910-507911","whole chicken","2026-04-10T14:32:29.506Z","waitrose","3.97","per kg","1.75 kg"
,"https://ecom-su-static-prod.wtrecom.com/images/products/3/LN_754693_BP_3.jpg","Waitrose Slower Reared Extra Large Whole Chicken",,"false","8.05","754693-507938-507939","https://www.waitrose.com/ecom/products/waitrose-slower-reared-extra-large-whole-chicken/754693-507938-507939","whole chicken","2026-04-10T14:32:29.506Z","waitrose","3.5","per kg","Typical weight 2.3 kg"
,"https://ecom-su-static-prod.wtrecom.com/images/products/3/LN_981132_BP_3.jpg","No.1 British Free Range Whole Chicken",,"false","14.2","981132-828845-828846","https://www.waitrose.com/ecom/products/no1-british-free-range-whole-chicken/981132-828845-828846","whole chicken","2026-04-10T14:32:29.506Z","waitrose","8.75","per kg","Typical weight 1.62 kg"
,"https://ecom-su-static-prod.wtrecom.com/images/products/3/LN_895677_BP_3.jpg","Waitrose Slower Reared Small Whole Chicken","Add 3 for £12","true","5.25","895677-706845-706846","https://www.waitrose.com/ecom/products/waitrose-slower-reared-small-whole-chicken/895677-706845-706846","whole chicken","2026-04-10T14:32:29.506Z","waitrose","4.38","per kg","1.2 kg"
,"https://ecom-su-static-prod.wtrecom.com/images/products/3/LN_086434_BP_3.jpg","Essential Iceberg Lettuce",,"false","1","086434-44134-44135","https://www.waitrose.com/ecom/products/essential-iceberg-lettuce/086434-44134-44135","iceberg lettuce","2026-04-10T14:32:39.515Z","waitrose",,,"each"
,"https://ecom-su-static-prod.wtrecom.com/images/products/3/LN_086922_BP_3.jpg","Essential Iceberg Lettuce",,"false","1","086922-44408-44409","https://www.waitrose.com/ecom/products/essential-iceberg-lettuce/086922-44408-44409","iceberg lettuce","2026-04-10T14:32:39.515Z","waitrose","4","per kg","250 g"
,"https://ecom-su-static-prod.wtrecom.com/images/products/3/LN_383803_BP_3.jpg","Lindahls Protein Cheese Slices","20% Off. Was £2.00","true","1.6","383803-844427-844428","https://www.waitrose.com/ecom/products/lindahls-protein-cheese-slices/383803-844427-844428","cheese slices","2026-04-10T14:32:48.601Z","waitrose","12.8","per kg","125 g"
,"https://ecom-su-static-prod.wtrecom.com/images/products/3/LN_051424_BP_3.jpg","Port Salut French Sliced Cheese","25% Off. Was £2.90","true","2.17","051424-25608-25609","https://www.waitrose.com/ecom/products/port-salut-french-sliced-cheese/051424-25608-25609","cheese slices","2026-04-10T14:32:48.601Z","waitrose","18.09","per kg","120 g"
,"https://ecom-su-static-prod.wtrecom.com/images/products/3/LN_812801_BP_3.jpg","Essential Sliced Cheese for Burgers Strength 2",,"false","1.55","812801-268240-268241","https://www.waitrose.com/ecom/products/essential-sliced-cheese-for-burgers-strength-2/812801-268240-268241","cheese slices","2026-04-10T14:32:48.601Z","waitrose","7.75","per kg","200 g"
,"https://ecom-su-static-prod.wtrecom.com/images/products/3/LN_087720_BP_3.jpg","Waitrose Cooked Chicken Breast Slices",,"false","4.75","087720-44852-44853","https://www.waitrose.com/ecom/products/waitrose-cooked-chicken-breast-slices/087720-44852-44853","cheese slices","2026-04-10T14:32:48.601Z","waitrose","23.75","per kg","200 g"
,"https://ecom-su-static-prod.wtrecom.com/images/products/3/LN_041222_BP_3.jpg","Port Salut French Soft Cheese",,"false","3.1","041222-20392-20393","https://www.waitrose.com/ecom/products/port-salut-french-soft-cheese/041222-20392-20393","cheese slices","2026-04-10T14:32:48.601Z","waitrose","16.76","per kg","185 g"
,"https://ecom-su-static-prod.wtrecom.com/images/products/3/LN_816013_BP_3.jpg","Waitrose Chicken Drumsticks, Skin-on & Bone-in","Add 3 for £12","true","4.95","816013-767772-767773","https://www.waitrose.com/ecom/products/waitrose-chicken-drumsticks-skin-on-bone-in/816013-767772-767773","chicken drumsticks","2026-04-10T14:32:56.707Z","waitrose","3.09","per kg","1.6 kg"
,"https://ecom-su-static-prod.wtrecom.com/images/products/3/LN_992951_BP_3.jpg","No. 1 British Free Range Chicken Drumsticks",,"false","3.52","992951-828857-828858","https://www.waitrose.com/ecom/products/no-1-british-free-range-chicken-drumsticks/992951-828857-828858","chicken drumsticks","2026-04-10T14:32:56.707Z","waitrose","7.25","per kg","Typical weight 0.49 kg"
,"https://ecom-su-static-prod.wtrecom.com/images/products/3/LN_867733_BP_3.jpg","Duchy Organic Chicken Drumsticks 6, Skin-on & Bone-in",,"false","7.23","867733-756303-756304","https://www.waitrose.com/ecom/products/duchy-organic-chicken-drumsticks-6-skin-on-bone-in/867733-756303-756304","chicken drumsticks","2026-04-10T14:32:56.707Z","waitrose","10.95","per kg","Typical weight 0.66 kg"
,"https://ecom-su-static-prod.wtrecom.com/images/products/3/LN_876790_BP_3.jpg","Waitrose Southern Fried Chicken Drumsticks & Thighs","Add 3 for £12","true","5.25","876790-620235-620236","https://www.waitrose.com/ecom/products/waitrose-southern-fried-chicken-drumsticks-thighs/876790-620235-620236","chicken drumsticks","2026-04-10T14:32:56.707Z","waitrose","6.56","per kg","800 g"
,"https://ecom-su-static-prod.wtrecom.com/images/products/3/LN_024064_BP_3.jpg","Waitrose Cooked Roast Chicken Drumsticks",,"false","4.5","024064-11672-11673","https://www.waitrose.com/ecom/products/waitrose-cooked-roast-chicken-drumsticks/024064-11672-11673","chicken drumsticks","2026-04-10T14:32:56.708Z","waitrose","8.65","per kg","520 g"
,"https://ecom-su-static-prod.wtrecom.com/images/products/3/LN_038528_BP_3.jpg","Waitrose Perfectly Ripe Kiwi","Add 2 for £5","true","2.85","038528-19191-19192","https://www.waitrose.com/ecom/products/waitrose-perfectly-ripe-kiwi/038528-19191-19192","kiwi","2026-04-10T14:33:04.921Z","waitrose",,,"4s"
,"https://ecom-su-static-prod.wtrecom.com/images/products/3/LN_072376_BP_3.jpg","Waitrose Perfectly Ripe Golden Kiwi","Add 2 for £5","true","3.75","072376-36733-36734","https://www.waitrose.com/ecom/products/waitrose-perfectly-ripe-golden-kiwi/072376-36733-36734","kiwi","2026-04-10T14:33:04.921Z","waitrose",,,"4s"
,"https://ecom-su-static-prod.wtrecom.com/images/products/3/LN_010098_BP_3.jpg","Duchy Organic Kiwi Fruit",,"false","3","010098-5022-5023","https://www.waitrose.com/ecom/products/duchy-organic-kiwi-fruit/010098-5022-5023","kiwi","2026-04-10T14:33:04.921Z","waitrose",,,"4s"
,"https://ecom-su-static-prod.wtrecom.com/images/products/3/LN_419638_BP_3.jpg","Waitrose King Green Kiwi",,"false","1","419638-788830-788831","https://www.waitrose.com/ecom/products/waitrose-king-green-kiwi/419638-788830-788831","kiwi","2026-04-10T14:33:04.921Z","waitrose",,,"each"
,"https://ecom-su-static-prod.wtrecom.com/images/products/3/LN_272869_BP_3.jpg","Waitrose Kiwi","Add 3 for £5","true","2.1","272869-846227-846228","https://www.waitrose.com/ecom/products/waitrose-kiwi/272869-846227-846228","kiwi","2026-04-10T14:33:04.921Z","waitrose","17.5","per kg","120 g"
,"https://ecom-su-static-prod.wtrecom.com/images/products/3/LN_518862_BP_3.jpg","Waitrose Romaine Lettuce",,"false","1.4","518862-807143-807144","https://www.waitrose.com/ecom/products/waitrose-romaine-lettuce/518862-807143-807144","romaine lettuce","2026-04-10T14:33:13.402Z","waitrose",,,"2s"
,"https://ecom-su-static-prod.wtrecom.com/images/products/3/LN_406134_BP_3.jpg","Waitrose Slower Reared Chicken Wings",,"false","1.8","406134-57143-57144","https://www.waitrose.com/ecom/products/waitrose-slower-reared-chicken-wings/406134-57143-57144","chicken wings","2026-04-10T14:33:21.400Z","waitrose","3.79","per kg","475 g"
,"https://ecom-su-static-prod.wtrecom.com/images/products/3/LN_826976_BP_3.jpg","Duchy Organic Chicken Wings",,"false","3.5","826976-389163-389164","https://www.waitrose.com/ecom/products/duchy-organic-chicken-wings/826976-389163-389164","chicken wings","2026-04-10T14:33:21.400Z","waitrose","8.75","per kg","400 g"
,"https://ecom-su-static-prod.wtrecom.com/images/products/3/LN_840053_BP_3.jpg","Waitrose Cooked Sweet & Smoky Chicken Wings",,"false","4.25","840053-827232-827233","https://www.waitrose.com/ecom/products/waitrose-cooked-sweet-smoky-chicken-wings/840053-827232-827233","chicken wings","2026-04-10T14:33:21.400Z","waitrose","11.18","per kg","380 g"
,"https://ecom-su-static-prod.wtrecom.com/images/products/3/LN_628773_BP_3.jpg","Waitrose Cooked Honey Sriracha Chicken Wings",,"false","4.25","628773-827208-827209","https://www.waitrose.com/ecom/products/waitrose-cooked-honey-sriracha-chicken-wings/628773-827208-827209","chicken wings","2026-04-10T14:33:21.400Z","waitrose","11.18","per kg","380 g"
,"https://ecom-su-static-prod.wtrecom.com/images/products/3/LN_816013_BP_3.jpg","Waitrose Chicken Drumsticks, Skin-on & Bone-in","Add 3 for £12","true","4.95","816013-767772-767773","https://www.waitrose.com/ecom/products/waitrose-chicken-drumsticks-skin-on-bone-in/816013-767772-767773","chicken wings","2026-04-10T14:33:21.400Z","waitrose","3.09","per kg","1.6 kg"
,"https://ecom-su-static-prod.wtrecom.com/images/products/3/LN_062270_BP_3.jpg","Waitrose Perfectly Ripe Conference Pear",,"false","2.75","062270-31601-31602","https://www.waitrose.com/ecom/products/waitrose-perfectly-ripe-conference-pear/062270-31601-31602","pears","2026-04-10T14:33:30.313Z","waitrose",,,"4s"
,"https://ecom-su-static-prod.wtrecom.com/images/products/3/LN_869086_BP_3.jpg","Waitrose Conference Pears",,"false","2.5","869086-373759-373760","https://www.waitrose.com/ecom/products/waitrose-conference-pears/869086-373759-373760","pears","2026-04-10T14:33:30.313Z","waitrose",,,"4s"
,"https://ecom-su-static-prod.wtrecom.com/images/products/3/LN_652224_BP_3.jpg","Waitrose Blush Pears","20% Off. Was £2.70","true","2.15","652224-459790-459791","https://www.waitrose.com/ecom/products/waitrose-blush-pears/652224-459790-459791","pears","2026-04-10T14:33:30.313Z","waitrose",,,"4s"
,"https://ecom-su-static-prod.wtrecom.com/images/products/3/LN_088701_BP_3.jpg","Waitrose Conference Pears Loose",,"false","2.5","088701-45579-45580","https://www.waitrose.com/ecom/products/waitrose-conference-pears-loose/088701-45579-45580","pears","2026-04-10T14:33:30.313Z","waitrose","2.5","per kg","Typical weight 0.2 kg"
,"https://ecom-su-static-prod.wtrecom.com/images/products/3/LN_088703_BP_3.jpg","Essential Conference Pears",,"false","2.1","088703-45581-45582","https://www.waitrose.com/ecom/products/essential-conference-pears/088703-45581-45582","pears","2026-04-10T14:33:30.313Z","waitrose",,,"minimum 4"
,"https://ecom-su-static-prod.wtrecom.com/images/products/3/LN_678673_BP_3.jpg","Waitrose British King Oyster Mushrooms",,"false","2.5","678673-744783-744784","https://www.waitrose.com/ecom/products/waitrose-british-king-oyster-mushrooms/678673-744783-744784","mushrooms","2026-04-10T14:33:39.514Z","waitrose","19.23","per kg","130 g"
,"https://ecom-su-static-prod.wtrecom.com/images/products/3/LN_738541_BP_3.jpg","Waitrose Chestnut Mushrooms",,"false","1.3","738541-104980-104981","https://www.waitrose.com/ecom/products/waitrose-chestnut-mushrooms/738541-104980-104981","mushrooms","2026-04-10T14:33:39.514Z","waitrose","5.2","per kg","250 g"
,"https://ecom-su-static-prod.wtrecom.com/images/products/3/LN_396147_BP_3.jpg","Essential Cup Mushrooms",,"false","1.45","396147-847639-847640","https://www.waitrose.com/ecom/products/essential-cup-mushrooms/396147-847639-847640","mushrooms","2026-04-10T14:33:39.514Z","waitrose","3.63","per kg","400 g"
,"https://ecom-su-static-prod.wtrecom.com/images/products/3/LN_990235_BP_3.jpg","No.1 Maitake Mushrooms",,"false","2.5","990235-1-2","https://www.waitrose.com/ecom/products/no1-maitake-mushrooms/990235-1-2","mushrooms","2026-04-10T14:33:39.514Z","waitrose","20","per kg","125 g"
,"https://ecom-su-static-prod.wtrecom.com/images/products/3/LN_846419_BP_3.jpg","Waitrose Chestnut Mushrooms",,"false","2.3","846419-595278-595279","https://www.waitrose.com/ecom/products/waitrose-chestnut-mushrooms/846419-595278-595279","mushrooms","2026-04-10T14:33:39.514Z","waitrose","5.11","per kg","450 g"
,"https://ecom-su-static-prod.wtrecom.com/images/products/3/LN_086410_BP_3.jpg","Essential Mixed Peppers",,"false","1.9","086410-44116-44117","https://www.waitrose.com/ecom/products/essential-mixed-peppers/086410-44116-44117","peppers mixed","2026-04-10T14:33:47.413Z","waitrose",,,"3s"
,"https://ecom-su-static-prod.wtrecom.com/images/products/3/LN_620591_BP_3.jpg","Waitrose Sweet Mixed Baby Peppers",,"false","2.2","620591-197970-197971","https://www.waitrose.com/ecom/products/waitrose-sweet-mixed-baby-peppers/620591-197970-197971","peppers mixed","2026-04-10T14:33:47.413Z","waitrose","14.67","per kg","150 g"
,"https://ecom-su-static-prod.wtrecom.com/images/products/3/LN_079646_BP_3.jpg","Mixed Romano Peppers",,"false","2.75","079646-40527-40528","https://www.waitrose.com/ecom/products/mixed-romano-peppers/079646-40527-40528","peppers mixed","2026-04-10T14:33:47.413Z","waitrose","13.75","per kg","200 g"
,"https://ecom-su-static-prod.wtrecom.com/images/products/3/LN_901583_BP_3.jpg","Waitrose Frozen Sliced Peppers",,"false","1.1","901583-851860-851861","https://www.waitrose.com/ecom/products/waitrose-frozen-sliced-peppers/901583-851860-851861","peppers mixed","2026-04-10T14:33:47.413Z","waitrose","2.2","per kg","500 g"
,"https://ecom-su-static-prod.wtrecom.com/images/products/3/LN_977544_BP_3.jpg","Waitrose British Native Breeds Beef Mince 15%",,"false","7","977544-827968-827969","https://www.waitrose.com/ecom/products/waitrose-british-native-breeds-beef-mince-15/977544-827968-827969","beef mince","2026-04-10T14:33:55.418Z","waitrose","9.33","per kg","750 g"
,"https://ecom-su-static-prod.wtrecom.com/images/products/3/LN_746702_BP_3.jpg","Waitrose British Native Breed Beef Mince 5% Fat",,"false","7.5","746702-806251-806252","https://www.waitrose.com/ecom/products/waitrose-british-native-breed-beef-mince-5-fat/746702-806251-806252","beef mince","2026-04-10T14:33:55.418Z","waitrose","15","per kg","500 g"
,"https://ecom-su-static-prod.wtrecom.com/images/products/3/LN_859409_BP_3.jpg","Duchy Organic British Beef Mince 12% Fat",,"false","8","859409-806263-806264","https://www.waitrose.com/ecom/products/duchy-organic-british-beef-mince-12-fat/859409-806263-806264","beef mince","2026-04-10T14:33:55.418Z","waitrose","16","per kg","500 g"
,"https://ecom-su-static-prod.wtrecom.com/images/products/3/LN_400260_BP_3.jpg","Waitrose British Native Breed Beef Mince 12% Fat","25% Off. Was £6.00","true","4.5","400260-806217-806218","https://www.waitrose.com/ecom/products/waitrose-british-native-breed-beef-mince-12-fat/400260-806217-806218","beef mince","2026-04-10T14:33:55.418Z","waitrose","9","per kg","500 g"
,"https://ecom-su-static-prod.wtrecom.com/images/products/3/LN_806463_BP_3.jpg","Essential British Beef Mince 12% Fat",,"false","5","806463-806257-806258","https://www.waitrose.com/ecom/products/essential-british-beef-mince-12-fat/806463-806257-806258","beef mince","2026-04-10T14:33:55.418Z","waitrose","10","per kg","500 g"
,"https://ecom-su-static-prod.wtrecom.com/images/products/3/LN_012904_BP_3.jpg","Waitrose Plums","Add 2 for £4.50","true","2.6","012904-6296-6297","https://www.waitrose.com/ecom/products/waitrose-plums/012904-6296-6297","plums","2026-04-10T14:34:03.506Z","waitrose",,,"min 4"
,"https://ecom-su-static-prod.wtrecom.com/images/products/3/LN_088113_BP_3.jpg","Essential Home Ripening Plums",,"false","1.7","088113-45099-45100","https://www.waitrose.com/ecom/products/essential-home-ripening-plums/088113-45099-45100","plums","2026-04-10T14:34:03.506Z","waitrose","4.25","per kg","400 g"
,"https://ecom-su-static-prod.wtrecom.com/images/products/3/LN_694329_BP_3.jpg","Miller's Toast Plum & Date",,"false","3.4","694329-519000-519001","https://www.waitrose.com/ecom/products/millers-toast-plum-date/694329-519000-519001","plums","2026-04-10T14:34:03.506Z","waitrose","34","per kg","100 g"
,"https://ecom-su-static-prod.wtrecom.com/images/products/3/LN_525379_BP_3.jpg","Waitrose Plum Sauce",,"false","2.5","525379-784726-784727","https://www.waitrose.com/ecom/products/waitrose-plum-sauce/525379-784726-784727","plums","2026-04-10T14:34:03.506Z","waitrose","10.42","per kg","240 g"
,"https://ecom-su-static-prod.wtrecom.com/images/products/3/LN_019703_BP_3.jpg","Essential Plum Tomatoes in Natural Juice",,"false","1.63","019703-9569-9570","https://www.waitrose.com/ecom/products/essential-plum-tomatoes-in-natural-juice/019703-9569-9570","plums","2026-04-10T14:34:03.506Z","waitrose","1.63","per kg","400 g"
,"https://ecom-su-static-prod.wtrecom.com/images/products/3/LN_746702_BP_3.jpg","Waitrose British Native Breed Beef Mince 5% Fat",,"false","7.5","746702-806251-806252","https://www.waitrose.com/ecom/products/waitrose-british-native-breed-beef-mince-5-fat/746702-806251-806252","lean beef mince","2026-04-10T14:34:11.520Z","waitrose","15","per kg","500 g"
,"https://ecom-su-static-prod.wtrecom.com/images/products/3/LN_012173_BP_3.jpg","McCain Frozen Lightly Spiced Potato Wedges","Half Price. Was £2.90","true","1.45","012173-6002-6003","https://www.waitrose.com/ecom/products/mccain-frozen-lightly-spiced-potato-wedges/012173-6002-6003","potatoes","2026-04-10T14:34:20.102Z","waitrose","2.24","per kg","650 g"
,"https://ecom-su-static-prod.wtrecom.com/images/products/3/LN_696854_BP_3.jpg","Root Zero Potatoes","20% Off. Was £2.10","true","1.68","696854-794100-794101","https://www.waitrose.com/ecom/products/root-zero-potatoes/696854-794100-794101","potatoes","2026-04-10T14:34:20.102Z","waitrose","1.12","per kg","1.5 Kg"
,"https://ecom-su-static-prod.wtrecom.com/images/products/3/LN_522872_BP_3.jpg","Waitrose British Baby Potatoes","Add 3 for £3","true","1.2","522872-131307-131308","https://www.waitrose.com/ecom/products/waitrose-british-baby-potatoes/522872-131307-131308","potatoes","2026-04-10T14:34:20.102Z","waitrose","6","per kg","200 g"
,"https://ecom-su-static-prod.wtrecom.com/images/products/3/LN_801778_BP_3.jpg","Waitrose British Extra Large Potatoes","20% Off. Was £1.95","true","1.56","801778-691224-691225","https://www.waitrose.com/ecom/products/waitrose-british-extra-large-potatoes/801778-691224-691225","potatoes","2026-04-10T14:34:20.102Z","waitrose",,,"4s"
,"https://ecom-su-static-prod.wtrecom.com/images/products/3/LN_063194_BP_3.jpg","Waitrose Mashed Potato","20% Off. Was £2.70","true","2.16","063194-32091-32092","https://www.waitrose.com/ecom/products/waitrose-mashed-potato/063194-32091-32092","potatoes","2026-04-10T14:34:20.102Z","waitrose","4.8","per kg","450 g"
,"https://ecom-su-static-prod.wtrecom.com/images/products/3/LN_396003_BP_3.jpg","Waitrose Red Chilli & Tomato Pesto","20% Off. Was £3.00","true","2.4","396003-211598-211599","https://www.waitrose.com/ecom/products/waitrose-red-chilli-tomato-pesto/396003-211598-211599","red chillies","2026-04-10T14:34:28.081Z","waitrose","16.56","per kg","145 g"
,"https://ecom-su-static-prod.wtrecom.com/images/products/3/LN_542712_BP_3.jpg","No.1 Calabrian Chilli, Red Pepper & Almond Pesto","20% Off. Was £3.00","true","2.4","542712-828949-828950","https://www.waitrose.com/ecom/products/no1-calabrian-chilli-red-pepper-almond-pesto/542712-828949-828950","red chillies","2026-04-10T14:34:28.081Z","waitrose","12.64","per kg","190 g"
,"https://ecom-su-static-prod.wtrecom.com/images/products/3/LN_843781_BP_3.jpg","Cooks' Ingredients Red Chilli Paste",,"false","2","843781-785208-785209","https://www.waitrose.com/ecom/products/cooks-ingredients-red-chilli-paste/843781-785208-785209","red chillies","2026-04-10T14:34:28.081Z","waitrose","21.05","per kg","95 g"
,"https://ecom-su-static-prod.wtrecom.com/images/products/3/LN_903940_BP_3.jpg","Cauldron Butternut & Red Chilli Bites","25% Off. Was £2.70","true","2","903940-846699-846700","https://www.waitrose.com/ecom/products/cauldron-butternut-red-chilli-bites/903940-846699-846700","red chillies","2026-04-10T14:34:28.081Z","waitrose","11.43","per kg","175 g"
,"https://ecom-su-static-prod.wtrecom.com/images/products/3/LN_048312_BP_3.jpg","Tyrrells Sweet Chilli & Red Pepper Crisps",,"false","2.75","048312-23945-23946","https://www.waitrose.com/ecom/products/tyrrells-sweet-chilli-red-pepper-crisps/048312-23945-23946","red chillies","2026-04-10T14:34:28.081Z","waitrose","18.33","per kg","150 g"
,"https://ecom-su-static-prod.wtrecom.com/images/products/3/LN_085437_BP_3.jpg","Essential Courgettes",,"false","2.85","085437-43488-43489","https://www.waitrose.com/ecom/products/essential-courgettes/085437-43488-43489","courgettes","2026-04-10T14:34:36.190Z","waitrose","2.85","per kg","Typical weight 0.21 kg"
,"https://ecom-su-static-prod.wtrecom.com/images/products/3/LN_085438_BP_3.jpg","Waitrose Courgettes",,"false","2.1","085438-43490-43491","https://www.waitrose.com/ecom/products/waitrose-courgettes/085438-43490-43491","courgettes","2026-04-10T14:34:36.190Z","waitrose","4.2","per kg","500 g"
,"https://ecom-su-static-prod.wtrecom.com/images/products/3/LN_520941_BP_3.jpg","Duchy Organic Courgettes",,"false","2.65","520941-137985-137986","https://www.waitrose.com/ecom/products/duchy-organic-courgettes/520941-137985-137986","courgettes","2026-04-10T14:34:36.190Z","waitrose","8.83","per kg","300 g"
,"https://ecom-su-static-prod.wtrecom.com/images/products/3/LN_574915_BP_3.jpg","Essential Courgettes",,"false","2","574915-81449-81450","https://www.waitrose.com/ecom/products/essential-courgettes/574915-81449-81450","courgettes","2026-04-10T14:34:36.190Z","waitrose","3.33","per kg","600 g"
,"https://ecom-su-static-prod.wtrecom.com/images/products/3/LN_085413_BP_3.jpg","Waitrose Baby Courgettes","Add 2 for £3.50","true","2.2","085413-43450-43451","https://www.waitrose.com/ecom/products/waitrose-baby-courgettes/085413-43450-43451","courgettes","2026-04-10T14:34:36.190Z","waitrose","11","per kg","200 g"
,"https://ecom-su-static-prod.wtrecom.com/images/products/3/LN_486422_BP_3.jpg","Strong Roots Garlic Roasted Sweet Potato","Add 2 for £5","true","3.65","486422-762330-762331","https://www.waitrose.com/ecom/products/strong-roots-garlic-roasted-sweet-potato/486422-762330-762331","sweet potatoes","2026-04-10T14:34:44.507Z","waitrose","7.3","per kg","500 g"
,"https://ecom-su-static-prod.wtrecom.com/images/products/3/LN_806238_BP_3.jpg","Strong Roots Oven Baked Sweet Potato Fries",,"false","3.85","806238-568250-568251","https://www.waitrose.com/ecom/products/strong-roots-oven-baked-sweet-potato-fries/806238-568250-568251","sweet potatoes","2026-04-10T14:34:44.507Z","waitrose","7.7","per kg","500 g"
,"https://ecom-su-static-prod.wtrecom.com/images/products/3/LN_517737_BP_3.jpg","Waitrose Sweet Potatoes",,"false","1.3","517737-349824-349825","https://www.waitrose.com/ecom/products/waitrose-sweet-potatoes/517737-349824-349825","sweet potatoes","2026-04-10T14:34:44.507Z","waitrose","1.3","per kg","Typical weight 294 g"
,"https://ecom-su-static-prod.wtrecom.com/images/products/3/LN_085579_BP_3.jpg","Duchy Organic Sweet Potatoes",,"false","2.75","085579-43669-43670","https://www.waitrose.com/ecom/products/duchy-organic-sweet-potatoes/085579-43669-43670","sweet potatoes","2026-04-10T14:34:44.507Z","waitrose","3.93","per kg","700 g"
,"https://ecom-su-static-prod.wtrecom.com/images/products/3/LN_755292_BP_3.jpg","Waitrose Evangeline Sweet Potatoes",,"false","2.1","755292-752519-752520","https://www.waitrose.com/ecom/products/waitrose-evangeline-sweet-potatoes/755292-752519-752520","sweet potatoes","2026-04-10T14:34:44.507Z","waitrose","3.5","per kg","600 g"
,"https://ecom-su-static-prod.wtrecom.com/images/products/3/LN_512553_BP_3.jpg","Waitrose 2 British Beef Sirloin Steaks",,"false","14","512553-806233-806234","https://www.waitrose.com/ecom/products/waitrose-2-british-beef-sirloin-steaks/512553-806233-806234","sirloin steak","2026-04-10T14:34:52.631Z","waitrose","35","per kg","400 g"
,"https://ecom-su-static-prod.wtrecom.com/images/products/3/LN_371354_BP_3.jpg","No.1 British Dry Aged Sirloin Steak",,"false","14","371354-832633-832634","https://www.waitrose.com/ecom/products/no1-british-dry-aged-sirloin-steak/371354-832633-832634","sirloin steak","2026-04-10T14:34:52.631Z","waitrose","60.87","per kg","230 g"
,"https://ecom-su-static-prod.wtrecom.com/images/products/3/LN_278081_BP_3.jpg","Waitrose British Beef Sirloin Steak",,"false","8","278081-852000-852001","https://www.waitrose.com/ecom/products/waitrose-british-beef-sirloin-steak/278081-852000-852001","sirloin steak","2026-04-10T14:34:52.631Z","waitrose","40","per kg","200 g"
,"https://ecom-su-static-prod.wtrecom.com/images/products/3/LN_539636_BP_3.jpg","Waitrose British Native Breed Thick Cut Sirloin Steak","25% Off. Was £12.00","true","9","539636-812637-812638","https://www.waitrose.com/ecom/products/waitrose-british-native-breed-thick-cut-sirloin-steak/539636-812637-812638","sirloin steak","2026-04-10T14:34:52.631Z","waitrose","30","per kg","300 g"
,"https://ecom-su-static-prod.wtrecom.com/images/products/3/LN_936705_BP_3.jpg","No.1 Wagyu Beef Sirloin Steak",,"false","16","936705-832678-832679","https://www.waitrose.com/ecom/products/no1-wagyu-beef-sirloin-steak/936705-832678-832679","sirloin steak","2026-04-10T14:34:52.631Z","waitrose","64","per kg","250 g"
,"https://ecom-su-static-prod.wtrecom.com/images/products/3/LN_085489_BP_3.jpg","Essential Aubergines",,"false","1","085489-43562-43563","https://www.waitrose.com/ecom/products/essential-aubergines/085489-43562-43563","aubergine","2026-04-10T14:35:00.807Z","waitrose",,,"Each"
,"https://ecom-su-static-prod.wtrecom.com/images/products/3/LN_383072_BP_3.jpg","itsu Glazed Miso Aubergine",,"false","3.35","383072-843546-843547","https://www.waitrose.com/ecom/products/itsu-glazed-miso-aubergine/383072-843546-843547","aubergine","2026-04-10T14:35:00.807Z","waitrose","10.15","per kg","330 g"
,"https://ecom-su-static-prod.wtrecom.com/images/products/3/LN_436249_BP_3.jpg","Natoora Large Aubergine",,"false","3","436249-666315-666316","https://www.waitrose.com/ecom/products/natoora-large-aubergine/436249-666315-666316","aubergine","2026-04-10T14:35:00.807Z","waitrose",,,"Each"
,"https://ecom-su-static-prod.wtrecom.com/images/products/3/LN_202506_BP_3.jpg","Ottolenghi Roasted Aubergine & Tomato Sauce","20% Off. Was £4.60","true","3.65","202506-834921-834922","https://www.waitrose.com/ecom/products/ottolenghi-roasted-aubergine-tomato-sauce/202506-834921-834922","aubergine","2026-04-10T14:35:00.807Z","waitrose","10.43","per kg","350 g"
,"https://ecom-su-static-prod.wtrecom.com/content/dam/waitrosegroceriescms/product-pods/Burger.jpg","Waitrose Vegetarian Aubergine & Feta Burgers",,"false","2.95","776382-382222-382223","https://www.waitrose.com/ecom/products/waitrose-vegetarian-aubergine-feta-burgers/776382-382222-382223","aubergine","2026-04-10T14:35:00.807Z","waitrose","14.05","per kg","210 g"
,"https://ecom-su-static-prod.wtrecom.com/images/products/3/LN_945171_BP_3.jpg","Waitrose British Beef Ribeye Steak",,"false","9","945171-852084-852085","https://www.waitrose.com/ecom/products/waitrose-british-beef-ribeye-steak/945171-852084-852085","ribeye steak","2026-04-10T14:35:09.012Z","waitrose","40.91","per kg","220 g"
,"https://ecom-su-static-prod.wtrecom.com/images/products/3/LN_916032_BP_3.jpg","Waitrose British Beef Thick Cut Ribeye Steak",,"false","14","916032-847617-847618","https://www.waitrose.com/ecom/products/waitrose-british-beef-thick-cut-ribeye-steak/916032-847617-847618","ribeye steak","2026-04-10T14:35:09.012Z","waitrose","40","per kg","350 g"
,"https://ecom-su-static-prod.wtrecom.com/images/products/3/LN_015596_BP_3.jpg","Duchy Organic British Beef Ribeye Steak",,"false","10.58","015596-7493-7494","https://www.waitrose.com/ecom/products/duchy-organic-british-beef-ribeye-steak/015596-7493-7494","ribeye steak","2026-04-10T14:35:09.012Z","waitrose","47","per kg","Typical weight 0.23 kg"
,"https://ecom-su-static-prod.wtrecom.com/images/products/3/LN_934488_BP_3.jpg","No.1 Wagyu Beef Ribeye Steak",,"false","18","934488-832674-832675","https://www.waitrose.com/ecom/products/no1-wagyu-beef-ribeye-steak/934488-832674-832675","ribeye steak","2026-04-10T14:35:09.012Z","waitrose","72","per kg","250 g"
,"https://ecom-su-static-prod.wtrecom.com/images/products/3/LN_964249_BP_3.jpg","No.1 Free Range Pork Ribeye Steaks & Miso Butter","25% Off. Was £6.50","true","4.87","964249-1-2","https://www.waitrose.com/ecom/products/no1-free-range-pork-ribeye-steaks-miso-butter/964249-1-2","ribeye steak","2026-04-10T14:35:09.012Z","waitrose","11.33","per kg","430 g"
,"https://ecom-su-static-prod.wtrecom.com/images/products/3/LN_085049_BP_3.jpg","Waitrose Baby New Potatoes",,"false","1.85","085049-43161-43162","https://www.waitrose.com/ecom/products/waitrose-baby-new-potatoes/085049-43161-43162","baby potatoes","2026-04-10T14:35:17.298Z","waitrose","2.47","per kg","750 g"
,"https://ecom-su-static-prod.wtrecom.com/images/products/3/LN_522872_BP_3.jpg","Waitrose British Baby Potatoes","Add 3 for £3","true","1.2","522872-131307-131308","https://www.waitrose.com/ecom/products/waitrose-british-baby-potatoes/522872-131307-131308","baby potatoes","2026-04-10T14:35:17.298Z","waitrose","6","per kg","200 g"
,"https://ecom-su-static-prod.wtrecom.com/images/products/3/LN_085035_BP_3.jpg","Waitrose Loose Baby Potatoes",,"false","1.25","085035-43141-43142","https://www.waitrose.com/ecom/products/waitrose-loose-baby-potatoes/085035-43141-43142","baby potatoes","2026-04-10T14:35:17.298Z","waitrose","1.25","per kg","Typical weight 0.06 kg"
,"https://ecom-su-static-prod.wtrecom.com/images/products/3/LN_845485_BP_3.jpg","Waitrose Wild Garlic Baby Potatoes",,"false","2.8","845485-803940-803941","https://www.waitrose.com/ecom/products/waitrose-wild-garlic-baby-potatoes/845485-803940-803941","baby potatoes","2026-04-10T14:35:17.298Z","waitrose","7","per kg","400 g"
,"https://ecom-su-static-prod.wtrecom.com/images/products/3/LN_816562_BP_3.jpg","Duchy Organic British Baby Potatoes",,"false","2","816562-777436-777437","https://www.waitrose.com/ecom/products/duchy-organic-british-baby-potatoes/816562-777436-777437","baby potatoes","2026-04-10T14:35:17.298Z","waitrose","2.67","per kg","750 g"
,"https://ecom-su-static-prod.wtrecom.com/images/products/3/LN_085417_BP_3.jpg","Waitrose Fine Green Beans",,"false","2","085417-43454-43455","https://www.waitrose.com/ecom/products/waitrose-fine-green-beans/085417-43454-43455","green beans","2026-04-10T14:35:27.092Z","waitrose","6.67","per kg","300 g"
,"https://ecom-su-static-prod.wtrecom.com/images/products/3/LN_085418_BP_3.jpg","Waitrose Trimmed Fine Green Beans",,"false","1.6","085418-43456-43457","https://www.waitrose.com/ecom/products/waitrose-trimmed-fine-green-beans/085418-43456-43457","green beans","2026-04-10T14:35:27.092Z","waitrose","8","per kg","200 g"
,"https://ecom-su-static-prod.wtrecom.com/images/products/3/LN_875613_BP_3.jpg","Waitrose Extra Fine Whole Green Beans",,"false","1.75","875613-823108-823109","https://www.waitrose.com/ecom/products/waitrose-extra-fine-whole-green-beans/875613-823108-823109","green beans","2026-04-10T14:35:27.092Z","waitrose","3.5","per kg","500 g"
,"https://ecom-su-static-prod.wtrecom.com/images/products/3/LN_338297_BP_3.jpg","Waitrose Trimmed Fine Green Beans","Add 3 for £3","true","1.2","338297-1-2","https://www.waitrose.com/ecom/products/waitrose-trimmed-fine-green-beans/338297-1-2","green beans","2026-04-10T14:35:27.092Z","waitrose","15","per kg","80 g"
,"https://ecom-su-static-prod.wtrecom.com/images/products/3/LN_019531_BP_3.jpg","Essential Cut Green Beans in Water",,"false","1.5","019531-9463-9464","https://www.waitrose.com/ecom/products/essential-cut-green-beans-in-water/019531-9463-9464","green beans","2026-04-10T14:35:27.092Z","waitrose","7.32","per kg","drained 205 g"
,"https://ecom-su-static-prod.wtrecom.com/content/dam/waitrosegroceriescms/product-pods/potatoes.jpg","Waitrose British Native Breed Diced Beef Braising Steak",,"false","6","482510-806227-806228","https://www.waitrose.com/ecom/products/waitrose-british-native-breed-diced-beef-braising-steak/482510-806227-806228","beef stewing steak","2026-04-10T14:35:35.119Z","waitrose","15","per kg","400 g"
,"https://ecom-su-static-prod.wtrecom.com/content/dam/waitrosegroceriescms/product-pods/potatoes.jpg","Duchy Organic British Beef Diced Casserole Steak",,"false","6.5","810648-754863-754864","https://www.waitrose.com/ecom/products/duchy-organic-british-beef-diced-casserole-steak/810648-754863-754864","beef stewing steak","2026-04-10T14:35:35.119Z","waitrose","16.25","per kg","400 g"
,"https://ecom-su-static-prod.wtrecom.com/images/products/3/LN_862833_BP_3.jpg","Waitrose British Native Breed Beef Rump Steak Stir Fry Strips",,"false","6","862833-645336-645337","https://www.waitrose.com/ecom/products/waitrose-british-native-breed-beef-rump-steak-stir-fry-strips/862833-645336-645337","beef stewing steak","2026-04-10T14:35:35.119Z","waitrose","24","per kg","250 g"
,"https://ecom-su-static-prod.wtrecom.com/content/dam/waitrosegroceriescms/product-pods/potatoes.jpg","Waitrose British Beef Short Ribs",,"false","7.62","859587-373721-373722","https://www.waitrose.com/ecom/products/waitrose-british-beef-short-ribs/859587-373721-373722","beef stewing steak","2026-04-10T14:35:35.119Z","waitrose","14","per kg","Typical weight 0.54 kg"
,"https://ecom-su-static-prod.wtrecom.com/images/products/3/LN_019831_BP_3.jpg","Essential Sweetcorn","Add 3 for £2","true","4.17","019831-9662-9663","https://www.waitrose.com/ecom/products/essential-sweetcorn/019831-9662-9663","sweetcorn","2026-04-10T14:35:44.218Z","waitrose","4.17","per kg","drained 160 g"
,"https://ecom-su-static-prod.wtrecom.com/images/products/3/LN_059990_BP_3.jpg","Essential Frozen Supersweet Sweetcorn",,"false","1.4","059990-30307-30308","https://www.waitrose.com/ecom/products/essential-frozen-supersweet-sweetcorn/059990-30307-30308","sweetcorn","2026-04-10T14:35:44.218Z","waitrose","1.87","per kg","750 g"
,"https://ecom-su-static-prod.wtrecom.com/images/products/3/LN_085481_BP_3.jpg","Waitrose Sweetcorn",,"false","1.55","085481-43548-43549","https://www.waitrose.com/ecom/products/waitrose-sweetcorn/085481-43548-43549","sweetcorn","2026-04-10T14:35:44.218Z","waitrose",,,"2s"
,"https://ecom-su-static-prod.wtrecom.com/images/products/3/LN_480836_BP_3.jpg","Green Giant Original Sweetcorn",,"false","3.5","480836-175008-175009","https://www.waitrose.com/ecom/products/green-giant-original-sweetcorn/480836-175008-175009","sweetcorn","2026-04-10T14:35:44.218Z","waitrose","5.3","per kg","drained 4x165 g"
,"https://ecom-su-static-prod.wtrecom.com/images/products/3/LN_036483_BP_3.jpg","Waitrose Sweetcorn Kebabs",,"false","1.9","036483-18291-18292","https://www.waitrose.com/ecom/products/waitrose-sweetcorn-kebabs/036483-18291-18292","sweetcorn","2026-04-10T14:35:44.218Z","waitrose",,,"4s"
,"https://ecom-su-static-prod.wtrecom.com/images/products/3/LN_850787_BP_3.jpg","Waitrose British Lamb Mince 20% Fat",,"false","7.5","850787-806750-806751","https://www.waitrose.com/ecom/products/waitrose-british-lamb-mince-20-fat/850787-806750-806751","lamb mince","2026-04-10T14:35:52.519Z","waitrose","15","per kg","500 g"
,"https://ecom-su-static-prod.wtrecom.com/images/products/3/LN_019782_BP_3.jpg","Duchy Organic British Lamb Mince 20% Fat",,"false","8","019782-425749-9633","https://www.waitrose.com/ecom/products/duchy-organic-british-lamb-mince-20-fat/019782-425749-9633","lamb mince","2026-04-10T14:35:52.519Z","waitrose","20","per kg","400 g"
,"https://ecom-su-static-prod.wtrecom.com/images/products/3/LN_593384_BP_3.jpg","Waitrose Early British Asparagus",,"false","3.6","593384-84109-84110","https://www.waitrose.com/ecom/products/waitrose-early-british-asparagus/593384-84109-84110","asparagus","2026-04-10T14:36:00.903Z","waitrose","18","per kg","200 g"
,"https://ecom-su-static-prod.wtrecom.com/images/products/3/LN_085482_BP_3.jpg","Waitrose Asparagus",,"false","2.5","085482-43550-43551","https://www.waitrose.com/ecom/products/waitrose-asparagus/085482-43550-43551","asparagus","2026-04-10T14:36:00.903Z","waitrose","10.87","per kg","230 g"
,"https://ecom-su-static-prod.wtrecom.com/images/products/3/LN_085486_BP_3.jpg","Waitrose Fine Asparagus","Add 2 for £4.50","true","2.35","085486-43556-43557","https://www.waitrose.com/ecom/products/waitrose-fine-asparagus/085486-43556-43557","asparagus","2026-04-10T14:36:00.903Z","waitrose","21.36","per kg","110 g"
,"https://ecom-su-static-prod.wtrecom.com/images/products/3/LN_085476_BP_3.jpg","Waitrose Asparagus Tips",,"false","2","085476-43542-43543","https://www.waitrose.com/ecom/products/waitrose-asparagus-tips/085476-43542-43543","asparagus","2026-04-10T14:36:00.903Z","waitrose","20","per kg","100 g"
,"https://ecom-su-static-prod.wtrecom.com/images/products/3/LN_716449_BP_3.jpg","Natoora Green Asparagus",,"false","5","716449-722946-722947","https://www.waitrose.com/ecom/products/natoora-green-asparagus/716449-722946-722947","asparagus","2026-04-10T14:36:00.903Z","waitrose","22.73","per kg","220 g"
,"https://ecom-su-static-prod.wtrecom.com/images/products/3/LN_878068_BP_3.jpg","Waitrose 4 British Lamb Loin Chops",,"false","13.69","878068-150075-150076","https://www.waitrose.com/ecom/products/waitrose-4-british-lamb-loin-chops/878068-150075-150076","lamb chops","2026-04-10T14:36:09.018Z","waitrose","32.2","per kg","Typical weight 0.43 kg"
,"https://ecom-su-static-prod.wtrecom.com/images/products/3/LN_088583_BP_3.jpg","Waitrose 2 British Lamb Loin Chops",,"false","7.54","088583-45471-45472","https://www.waitrose.com/ecom/products/waitrose-2-british-lamb-loin-chops/088583-45471-45472","lamb chops","2026-04-10T14:36:09.018Z","waitrose","32.8","per kg","Typical weight 0.23 kg"
,"https://ecom-su-static-prod.wtrecom.com/images/products/3/LN_026520_BP_3.jpg","Duchy Organic British Lamb Loin Chops",,"false","12.37","026520-425751-12912","https://www.waitrose.com/ecom/products/duchy-organic-british-lamb-loin-chops/026520-425751-12912","lamb chops","2026-04-10T14:36:09.018Z","waitrose","30","per kg","Typical weight 0.41 kg"
,"https://ecom-su-static-prod.wtrecom.com/images/products/3/LN_597800_BP_3.jpg","Waitrose British Lamb Cutlets",,"false","11.59","597800-824566-824567","https://www.waitrose.com/ecom/products/waitrose-british-lamb-cutlets/597800-824566-824567","lamb chops","2026-04-10T14:36:09.018Z","waitrose","30.35","per kg","Typical weight 0.38 kg"
,"https://ecom-su-static-prod.wtrecom.com/images/products/3/LN_587368_BP_3.jpg","No.1 2 British Abervale Lamb Thick Cut Loin Chops",,"false","6.56","587368-702829-702830","https://www.waitrose.com/ecom/products/no1-2-british-abervale-lamb-thick-cut-loin-chops/587368-702829-702830","lamb chops","2026-04-10T14:36:09.018Z","waitrose","29.8","per kg","Typical weight 0.22 kg"
,"https://ecom-su-static-prod.wtrecom.com/images/products/3/LN_220663_BP_3.jpg","Waitrose Free Range 2 Pork Chops","Add 3 for £12","true","4.6","220663-1-2","https://www.waitrose.com/ecom/products/waitrose-free-range-2-pork-chops/220663-1-2","pork chops","2026-04-10T14:36:17.207Z","waitrose","11.5","per kg","400 g"
,"https://ecom-su-static-prod.wtrecom.com/images/products/3/LN_897482_BP_3.jpg","Duchy Organic Free Range British Pork Chops",,"false","5.88","897482-389308-389309","https://www.waitrose.com/ecom/products/duchy-organic-free-range-british-pork-chops/897482-389308-389309","pork chops","2026-04-10T14:36:17.207Z","waitrose","16.11","per kg","Typical weight 0.37 kg"
,"https://ecom-su-static-prod.wtrecom.com/images/products/3/LN_964249_BP_3.jpg","No.1 Free Range Pork Ribeye Steaks & Miso Butter","25% Off. Was £6.50","true","4.87","964249-1-2","https://www.waitrose.com/ecom/products/no1-free-range-pork-ribeye-steaks-miso-butter/964249-1-2","pork chops","2026-04-10T14:36:17.207Z","waitrose","11.33","per kg","430 g"
,"https://ecom-su-static-prod.wtrecom.com/images/products/3/LN_491280_BP_3.jpg","Waitrose Free Range Pork 4 Loin Steaks",,"false","6","491280-753685-753686","https://www.waitrose.com/ecom/products/waitrose-free-range-pork-4-loin-steaks/491280-753685-753686","pork chops","2026-04-10T14:36:17.207Z","waitrose","12.5","per kg","480 g"
,"https://ecom-su-static-prod.wtrecom.com/images/products/3/LN_976784_BP_3.jpg","No.1 Free Range Pork Cutlets Brandy & Peppercorn",,"false","8.65","976784-1-2","https://www.waitrose.com/ecom/products/no1-free-range-pork-cutlets-brandy-peppercorn/976784-1-2","pork chops","2026-04-10T14:36:17.207Z","waitrose","15.59","per kg","555 g"
,"https://ecom-su-static-prod.wtrecom.com/images/products/3/LN_821446_BP_3.jpg","Waitrose Free Range British Pork Lean Mince 5% Fat",,"false","4.3","821446-661201-661202","https://www.waitrose.com/ecom/products/waitrose-free-range-british-pork-lean-mince-5-fat/821446-661201-661202","pork mince","2026-04-10T14:36:25.123Z","waitrose","8.6","per kg","500 g"
,"https://ecom-su-static-prod.wtrecom.com/images/products/3/LN_976892_BP_3.jpg","Essential Free Range Pork Mince 12% Fat",,"false","2.9","976892-1-2","https://www.waitrose.com/ecom/products/essential-free-range-pork-mince-12-fat/976892-1-2","pork mince","2026-04-10T14:36:25.123Z","waitrose","5.8","per kg","500 g"
,"https://ecom-su-static-prod.wtrecom.com/images/products/3/LN_948817_BP_3.jpg","Waitrose Free Range Pork 5% Fat Lean Mince",,"false","5.7","948817-1-2","https://www.waitrose.com/ecom/products/waitrose-free-range-pork-5-fat-lean-mince/948817-1-2","pork mince","2026-04-10T14:36:25.123Z","waitrose","7.6","per kg","750 g"
,"https://ecom-su-static-prod.wtrecom.com/images/products/3/LN_088463_BP_3.jpg","Duchy Organic Free Range British Pork 12 Meatballs",,"false","4.9","088463-45405-45406","https://www.waitrose.com/ecom/products/duchy-organic-free-range-british-pork-12-meatballs/088463-45405-45406","pork mince","2026-04-10T14:36:25.123Z","waitrose","16.33","per kg","300 g"
,"https://ecom-su-static-prod.wtrecom.com/images/products/3/LN_834640_BP_3.jpg","Waitrose Free Range Pork 12 Meatballs",,"false","3.9","834640-661207-661208","https://www.waitrose.com/ecom/products/waitrose-free-range-pork-12-meatballs/834640-661207-661208","pork mince","2026-04-10T14:36:25.123Z","waitrose","13","per kg","300 g"
,"https://ecom-su-static-prod.wtrecom.com/images/products/3/LN_085556_BP_3.jpg","Duchy Organic Celery",,"false","1.4","085556-43648-43649","https://www.waitrose.com/ecom/products/duchy-organic-celery/085556-43648-43649","celery","2026-04-10T14:36:32.867Z","waitrose",,,"Each"
,"https://ecom-su-static-prod.wtrecom.com/images/products/3/LN_708913_BP_3.jpg","Waitrose Celery Sticks",,"false","1.4","708913-459834-459835","https://www.waitrose.com/ecom/products/waitrose-celery-sticks/708913-459834-459835","celery","2026-04-10T14:36:32.867Z","waitrose","4","per kg","350 g"
,"https://ecom-su-static-prod.wtrecom.com/images/products/3/LN_086472_BP_3.jpg","Waitrose Celery Hearts",,"false","1.95","086472-44164-44165","https://www.waitrose.com/ecom/products/waitrose-celery-hearts/086472-44164-44165","celery","2026-04-10T14:36:32.867Z","waitrose",,,"Each"
,"https://ecom-su-static-prod.wtrecom.com/images/products/3/LN_433452_BP_3.jpg","Waitrose Cheddar & Celery Sandwich",,"false","3.25","433452-133500-133501","https://www.waitrose.com/ecom/products/waitrose-cheddar-celery-sandwich/433452-133500-133501","celery","2026-04-10T14:36:32.867Z","waitrose",,,"each"
,"https://ecom-su-static-prod.wtrecom.com/images/products/3/LN_790547_BP_3.jpg","Waitrose Loose Celeriac",,"false","1.95","790547-693900-693901","https://www.waitrose.com/ecom/products/waitrose-loose-celeriac/790547-693900-693901","celery","2026-04-10T14:36:32.867Z","waitrose",,,""
,"https://ecom-su-static-prod.wtrecom.com/images/products/3/LN_884415_BP_3.jpg","La Vie Plant-Based Smoked Bacon",,"false","3.7","884415-788439-788440","https://www.waitrose.com/ecom/products/la-vie-plant-based-smoked-bacon/884415-788439-788440","smoked bacon","2026-04-10T14:36:42.778Z","waitrose","30.83","per kg","120 g"
,"https://ecom-su-static-prod.wtrecom.com/images/products/3/LN_428265_BP_3.jpg","Essential 10 Smoked Bacon Rashers","Was £3.00","true","2.75","428265-142206-142207","https://www.waitrose.com/ecom/products/essential-10-smoked-bacon-rashers/428265-142206-142207","smoked bacon","2026-04-10T14:36:42.778Z","waitrose","9.17","per kg","300 g"
,"https://ecom-su-static-prod.wtrecom.com/images/products/3/LN_848434_BP_3.jpg","Waitrose 12 Made Without Nitrite Smoked Streaky Bacon Rashers","Add 2 for £6.50","true","4","848434-780197-780198","https://www.waitrose.com/ecom/products/waitrose-12-made-without-nitrite-smoked-streaky-bacon-rashers/848434-780197-780198","smoked bacon","2026-04-10T14:36:42.778Z","waitrose","16","per kg","250 g"
,"https://ecom-su-static-prod.wtrecom.com/images/products/3/LN_095410_BP_3.jpg","Essential 12 Smoked Streaky Bacon Rashers","Was £3.00","true","2.75","095410-48885-48886","https://www.waitrose.com/ecom/products/essential-12-smoked-streaky-bacon-rashers/095410-48885-48886","smoked bacon","2026-04-10T14:36:42.778Z","waitrose","11","per kg","250 g"
,"https://ecom-su-static-prod.wtrecom.com/images/products/3/LN_070399_BP_3.jpg","No.1 Free Range Dry Cured Beech Smoked Bacon Lardons","Add 2 for £6.50","true","4","070399-35656-35657","https://www.waitrose.com/ecom/products/no1-free-range-dry-cured-beech-smoked-bacon-lardons/070399-35656-35657","smoked bacon","2026-04-10T14:36:42.778Z","waitrose","20","per kg","200 g"
,"https://ecom-su-static-prod.wtrecom.com/images/products/3/LN_796466_BP_3.jpg","Essential 10 Unsmoked Bacon Rashers","Was £3.00","true","2.75","796466-143216-143217","https://www.waitrose.com/ecom/products/essential-10-unsmoked-bacon-rashers/796466-143216-143217","unsmoked bacon","2026-04-10T14:36:51.487Z","waitrose","9.17","per kg","300 g"
,"https://ecom-su-static-prod.wtrecom.com/images/products/3/LN_039677_BP_3.jpg","Waitrose 8 Dry Cured Unsmoked Back Bacon Rashers","Add 2 for £6.50","true","4","039677-19652-19653","https://www.waitrose.com/ecom/products/waitrose-8-dry-cured-unsmoked-back-bacon-rashers/039677-19652-19653","unsmoked bacon","2026-04-10T14:36:51.487Z","waitrose","16","per kg","250 g"
,"https://ecom-su-static-prod.wtrecom.com/images/products/3/LN_095861_BP_3.jpg","Essential 12 Unsmoked Streaky Bacon Rashers","Was £3.00","true","2.75","095861-49100-49101","https://www.waitrose.com/ecom/products/essential-12-unsmoked-streaky-bacon-rashers/095861-49100-49101","unsmoked bacon","2026-04-10T14:36:51.487Z","waitrose","11","per kg","250 g"
,"https://ecom-su-static-prod.wtrecom.com/images/products/3/LN_565922_BP_3.jpg","Waitrose 8 Made Without Nitrite Unsmoked Back Bacon Rashers","Add 2 for £6.50","true","4","565922-780191-780192","https://www.waitrose.com/ecom/products/waitrose-8-made-without-nitrite-unsmoked-back-bacon-rashers/565922-780191-780192","unsmoked bacon","2026-04-10T14:36:51.487Z","waitrose","16","per kg","250 g"
,"https://ecom-su-static-prod.wtrecom.com/images/products/3/LN_567468_BP_3.jpg","Finnebrogue Naked 6 Unsmoked Back Bacon","25% Off. Was £3.95","true","2.96","567468-645141-645142","https://www.waitrose.com/ecom/products/finnebrogue-naked-6-unsmoked-back-bacon/567468-645141-645142","unsmoked bacon","2026-04-10T14:36:51.487Z","waitrose","14.8","per kg","200 g"
,"https://ecom-su-static-prod.wtrecom.com/images/products/3/LN_605927_BP_3.jpg","Waitrose 12 Made Without Nitrite Unsmoked Streaky Bacon Rashers","Add 2 for £6.50","true","4","605927-780193-780194","https://www.waitrose.com/ecom/products/waitrose-12-made-without-nitrite-unsmoked-streaky-bacon-rashers/605927-780193-780194","streaky bacon","2026-04-10T14:36:59.714Z","waitrose","16","per kg","250 g"
,"https://ecom-su-static-prod.wtrecom.com/images/products/3/LN_782908_BP_3.jpg","No.1 10 Free Range Unsmoked Dry Cured Streaky Bacon Rashers",,"false","5.25","782908-111408-111409","https://www.waitrose.com/ecom/products/no1-10-free-range-unsmoked-dry-cured-streaky-bacon-rashers/782908-111408-111409","streaky bacon","2026-04-10T14:36:59.714Z","waitrose","22.83","per kg","230 g"
,"https://ecom-su-static-prod.wtrecom.com/images/products/3/LN_039731_BP_3.jpg","Waitrose 12 Smoked Dry Cured Streaky Bacon Rashers","Add 2 for £6.50","true","4","039731-19672-19673","https://www.waitrose.com/ecom/products/waitrose-12-smoked-dry-cured-streaky-bacon-rashers/039731-19672-19673","streaky bacon","2026-04-10T14:36:59.714Z","waitrose","16","per kg","250 g"
,"https://ecom-su-static-prod.wtrecom.com/images/products/3/LN_095410_BP_3.jpg","Essential 12 Smoked Streaky Bacon Rashers","Was £3.00","true","2.75","095410-48885-48886","https://www.waitrose.com/ecom/products/essential-12-smoked-streaky-bacon-rashers/095410-48885-48886","streaky bacon","2026-04-10T14:36:59.714Z","waitrose","11","per kg","250 g"
,"https://ecom-su-static-prod.wtrecom.com/images/products/3/LN_848434_BP_3.jpg","Waitrose 12 Made Without Nitrite Smoked Streaky Bacon Rashers","Add 2 for £6.50","true","4","848434-780197-780198","https://www.waitrose.com/ecom/products/waitrose-12-made-without-nitrite-smoked-streaky-bacon-rashers/848434-780197-780198","streaky bacon","2026-04-10T14:36:59.714Z","waitrose","16","per kg","250 g"
,"https://ecom-su-static-prod.wtrecom.com/images/products/3/LN_554922_BP_3.jpg","Waitrose 6 Pork Sausages with Pepper & Nutmeg","Add 2 for £6","true","4","554922-78442-78443","https://www.waitrose.com/ecom/products/waitrose-6-pork-sausages-with-pepper-nutmeg/554922-78442-78443","pork sausages","2026-04-10T14:37:08.497Z","waitrose","10","per kg","400 g"
,"https://ecom-su-static-prod.wtrecom.com/images/products/3/LN_044767_BP_3.jpg","Waitrose British Pork, Bramley Apple Sausages","Add 2 for £6","true","4","044767-22100-22101","https://www.waitrose.com/ecom/products/waitrose-british-pork-bramley-apple-sausages/044767-22100-22101","pork sausages","2026-04-10T14:37:08.497Z","waitrose","10","per kg","400 g"
,"https://ecom-su-static-prod.wtrecom.com/images/products/3/LN_363544_BP_3.jpg","No.1 British Free Range 6 Pork Sausages",,"false","5.25","363544-147843-147844","https://www.waitrose.com/ecom/products/no1-british-free-range-6-pork-sausages/363544-147843-147844","pork sausages","2026-04-10T14:37:08.497Z","waitrose","13.13","per kg","400 g"
,"https://ecom-su-static-prod.wtrecom.com/images/products/3/LN_477207_BP_3.jpg","Finnebrogue Naked 6 Pork Sausages","25% Off. Was £3.95","true","2.96","477207-692710-692711","https://www.waitrose.com/ecom/products/finnebrogue-naked-6-pork-sausages/477207-692710-692711","pork sausages","2026-04-10T14:37:08.497Z","waitrose","7.4","per kg","400 g"
,"https://ecom-su-static-prod.wtrecom.com/images/products/3/LN_725457_BP_3.jpg","Essential 8 British Pork Sausages","Was £2.15","true","1.8","725457-409460-409461","https://www.waitrose.com/ecom/products/essential-8-british-pork-sausages/725457-409460-409461","pork sausages","2026-04-10T14:37:08.497Z","waitrose","3.97","per kg","454 g"
,"https://ecom-su-static-prod.wtrecom.com/images/products/3/LN_423029_BP_3.jpg","HECK Chicken Italia Gluten Free Chipolata Sausages 10 pack",,"false","3.75","423029-497624-497625","https://www.waitrose.com/ecom/products/heck-chicken-italia-gluten-free-chipolata-sausages-10-pack/423029-497624-497625","chicken sausages","2026-04-10T14:37:16.503Z","waitrose","11.03","per kg","340 g"
,"https://ecom-su-static-prod.wtrecom.com/images/products/3/LN_873037_BP_3.jpg","Borough Broth Organic Free Range Chicken Bone Broth",,"false","5","873037-812693-812694","https://www.waitrose.com/ecom/products/borough-broth-organic-free-range-chicken-bone-broth/873037-812693-812694","chicken sausages","2026-04-10T14:37:16.503Z","waitrose","15.43","per kg","324 g"
,"https://ecom-su-static-prod.wtrecom.com/images/products/3/LN_766527_BP_3.jpg","Goikoa Chorizo De Navarra",,"false","5.85","766527-109013-109014","https://www.waitrose.com/ecom/products/goikoa-chorizo-de-navarra/766527-109013-109014","chorizo","2026-04-10T14:37:25.599Z","waitrose","22.5","per kg","260 g"
,"https://ecom-su-static-prod.wtrecom.com/images/products/3/LN_599109_BP_3.jpg","Cooks' Ingredients Spanish Navara Chorizo",,"false","3","599109-785466-785467","https://www.waitrose.com/ecom/products/cooks-ingredients-spanish-navara-chorizo/599109-785466-785467","chorizo","2026-04-10T14:37:25.599Z","waitrose","15.79","per kg","190 g"
,"https://ecom-su-static-prod.wtrecom.com/images/products/3/LN_807434_BP_3.jpg","Waitrose Mild & Smoky Chorizo Ring",,"false","3.75","807434-486727-486728","https://www.waitrose.com/ecom/products/waitrose-mild-smoky-chorizo-ring/807434-486727-486728","chorizo","2026-04-10T14:37:25.599Z","waitrose","16.67","per kg","225 g"
,"https://ecom-su-static-prod.wtrecom.com/images/products/3/LN_636331_BP_3.jpg","Artysán Chorizo Riojano IGP","25% Off. Was £5.25","true","3.9","636331-634922-634923","https://www.waitrose.com/ecom/products/artysan-chorizo-riojano-igp/636331-634922-634923","chorizo","2026-04-10T14:37:25.599Z","waitrose","17.34","per kg","225 g"
,"https://ecom-su-static-prod.wtrecom.com/images/products/3/LN_741138_BP_3.jpg","Pajariel Chorizo de Leon",,"false","5.5","741138-138804-138805","https://www.waitrose.com/ecom/products/pajariel-chorizo-de-leon/741138-138804-138805","chorizo","2026-04-10T14:37:25.599Z","waitrose","25","per kg","220 g"
,"https://ecom-su-static-prod.wtrecom.com/images/products/3/LN_817807_BP_3.jpg","Cooks' Ingredients Spicy Italian Pepperoni",,"false","3.25","817807-785570-785571","https://www.waitrose.com/ecom/products/cooks-ingredients-spicy-italian-pepperoni/817807-785570-785571","pepperoni","2026-04-10T14:37:33.913Z","waitrose","32.5","per kg","100 g"
,"https://ecom-su-static-prod.wtrecom.com/images/products/3/LN_836514_BP_3.jpg","Waitrose Italian Pepperoni Slices","Add 2 for £6.50","true","3.5","836514-486751-486752","https://www.waitrose.com/ecom/products/waitrose-italian-pepperoni-slices/836514-486751-486752","pepperoni","2026-04-10T14:37:33.913Z","waitrose","38.89","per kg","90 g"
,"https://ecom-su-static-prod.wtrecom.com/images/products/3/LN_092923_BP_3.jpg","Waitrose Stonebaked Pepperoni Pizza","25% Off. Was £5.00","true","3.75","092923-47761-47762","https://www.waitrose.com/ecom/products/waitrose-stonebaked-pepperoni-pizza/092923-47761-47762","pepperoni","2026-04-10T14:37:33.913Z","waitrose","9.75","per kg","385 g"
,"https://ecom-su-static-prod.wtrecom.com/images/products/3/LN_024714_BP_3.jpg","Pizza Express Classic American, Pepperoni",,"false","6","024714-11974-11975","https://www.waitrose.com/ecom/products/pizza-express-classic-american-pepperoni/024714-11974-11975","pepperoni","2026-04-10T14:37:33.913Z","waitrose","24","per kg","250 g"
,"https://ecom-su-static-prod.wtrecom.com/images/products/3/LN_990894_BP_3.jpg","No.1 Wood-fired Pepperoni & Fior Di Latte Sourdough Pizza",,"false","6.75","990894-847577-847578","https://www.waitrose.com/ecom/products/no1-wood-fired-pepperoni-fior-di-latte-sourdough-pizza/990894-847577-847578","pepperoni","2026-04-10T14:37:33.913Z","waitrose","16.07","per kg","420 g"
,"https://ecom-su-static-prod.wtrecom.com/images/products/3/LN_698542_BP_3.jpg","La Vie Plant-Based Smoked Ham",,"false","3.15","698542-825187-825188","https://www.waitrose.com/ecom/products/la-vie-plant-based-smoked-ham/698542-825187-825188","ham sliced","2026-04-10T14:37:42.792Z","waitrose","31.5","per kg","100 g"
,"https://ecom-su-static-prod.wtrecom.com/images/products/3/LN_777560_BP_3.jpg","Waitrose British Wiltshire Cured Ham 4 Slices","Add 2 for £6.50","true","3.85","777560-110598-110599","https://www.waitrose.com/ecom/products/waitrose-british-wiltshire-cured-ham-4-slices/777560-110598-110599","ham sliced","2026-04-10T14:37:42.792Z","waitrose","29.62","per kg","130 g"
,"https://ecom-su-static-prod.wtrecom.com/images/products/3/LN_969715_BP_3.jpg","Waitrose British Honey Roast Ham Finely Sliced","Save £1.15. Was £4.90","true","3.75","969715-1-2","https://www.waitrose.com/ecom/products/waitrose-british-honey-roast-ham-finely-sliced/969715-1-2","ham sliced","2026-04-10T14:37:42.792Z","waitrose","18.75","per kg","200 g"
,"https://ecom-su-static-prod.wtrecom.com/images/products/3/LN_858639_BP_3.jpg","Waitrose British Roast Ham 6 Slices","Add 2 for £5","true","3.35","858639-156657-156658","https://www.waitrose.com/ecom/products/waitrose-british-roast-ham-6-slices/858639-156657-156658","ham sliced","2026-04-10T14:37:42.792Z","waitrose","21.74","per kg","115 g"
,"https://ecom-su-static-prod.wtrecom.com/images/products/3/LN_393135_BP_3.jpg","Waitrose British Roast Ham Finely Sliced","Save £1.15. Was £4.90","true","3.75","393135-836914-836915","https://www.waitrose.com/ecom/products/waitrose-british-roast-ham-finely-sliced/393135-836914-836915","ham sliced","2026-04-10T14:37:42.792Z","waitrose","18.75","per kg","200 g"
,"https://ecom-su-static-prod.wtrecom.com/images/products/3/LN_046207_BP_3.jpg","Waitrose 2 Scottish Salmon Fillets",,"false","6","046207-22751-22752","https://www.waitrose.com/ecom/products/waitrose-2-scottish-salmon-fillets/046207-22751-22752","salmon fillets","2026-04-10T14:37:53.188Z","waitrose","23.08","per kg","260 g"
,"https://ecom-su-static-prod.wtrecom.com/images/products/3/LN_003011_BP_3.jpg","No.1 Scottish Salmon Prime Fillet",,"false","13","003011-1108-1109","https://www.waitrose.com/ecom/products/no1-scottish-salmon-prime-fillet/003011-1108-1109","salmon fillets","2026-04-10T14:37:53.188Z","waitrose","26","per kg","500 g"
,"https://ecom-su-static-prod.wtrecom.com/images/products/3/LN_067651_BP_3.jpg","Waitrose 4 Scottish Salmon Fillets",,"false","10.8","067651-34341-34342","https://www.waitrose.com/ecom/products/waitrose-4-scottish-salmon-fillets/067651-34341-34342","salmon fillets","2026-04-10T14:37:53.188Z","waitrose","22.5","per kg","480 g"
,"https://ecom-su-static-prod.wtrecom.com/images/products/3/LN_370623_BP_3.jpg","Waitrose 2 MSC Wild Keta Salmon Fillets","Add 2 for £9.50","true","6.5","370623-237474-237475","https://www.waitrose.com/ecom/products/waitrose-2-msc-wild-keta-salmon-fillets/370623-237474-237475","salmon fillets","2026-04-10T14:37:53.188Z","waitrose","29.55","per kg","220 g"
,"https://ecom-su-static-prod.wtrecom.com/images/products/3/LN_062220_BP_3.jpg","No.1 2 Wild Alaskan Sockeye Salmon Fillets",,"false","9.25","062220-31555-31556","https://www.waitrose.com/ecom/products/no1-2-wild-alaskan-sockeye-salmon-fillets/062220-31555-31556","salmon fillets","2026-04-10T14:37:53.188Z","waitrose","42.05","per kg","220 g"
,"https://ecom-su-static-prod.wtrecom.com/images/products/3/LN_615396_BP_3.jpg","Waitrose Cod Fillets MSC",,"false","7.75","615396-451710-451711","https://www.waitrose.com/ecom/products/waitrose-cod-fillets-msc/615396-451710-451711","cod fillets","2026-04-10T14:38:00.914Z","waitrose","32.29","per kg","240 g"
,"https://ecom-su-static-prod.wtrecom.com/images/products/3/LN_847760_BP_3.jpg","Waitrose Frozen Line Caught Cod Fillets MSC",,"false","12.5","847760-725906-725907","https://www.waitrose.com/ecom/products/waitrose-frozen-line-caught-cod-fillets-msc/847760-725906-725907","cod fillets","2026-04-10T14:38:00.914Z","waitrose","26.32","per kg","475 g"
,"https://ecom-su-static-prod.wtrecom.com/content/dam/waitrosegroceriescms/product-pods/Chips.jpg","Waitrose Frozen 2 Breaded Cod Fillets","Mix & Match Add 4 for 3 Cheapest Item Free","true","5","524019-239377-239378","https://www.waitrose.com/ecom/products/waitrose-frozen-2-breaded-cod-fillets/524019-239377-239378","cod fillets","2026-04-10T14:38:00.914Z","waitrose","16.67","per kg","300 g"
,"https://ecom-su-static-prod.wtrecom.com/content/dam/waitrosegroceriescms/product-pods/Chips.jpg","Waitrose 2 Battered Cod Fillets","Mix & Match Add 4 for 3 Cheapest Item Free","true","5","705748-762466-762467","https://www.waitrose.com/ecom/products/waitrose-2-battered-cod-fillets/705748-762466-762467","cod fillets","2026-04-10T14:38:00.914Z","waitrose","16.67","per kg","300 g"
,"https://ecom-su-static-prod.wtrecom.com/content/dam/waitrosegroceriescms/product-pods/Chips.jpg","No.1 Bubbly Battered Cod Fillets",,"false","7.75","934735-828169-828170","https://www.waitrose.com/ecom/products/no1-bubbly-battered-cod-fillets/934735-828169-828170","cod fillets","2026-04-10T14:38:00.914Z","waitrose","20.39","per kg","380 g"
,"https://ecom-su-static-prod.wtrecom.com/images/products/3/LN_400497_BP_3.jpg","Waitrose Haddock Fillets MSC","Add 2 for £9.50","true","7.3","400497-459516-459517","https://www.waitrose.com/ecom/products/waitrose-haddock-fillets-msc/400497-459516-459517","haddock fillets","2026-04-10T14:38:08.794Z","waitrose","30.42","per kg","240 g"
,"https://ecom-su-static-prod.wtrecom.com/content/dam/waitrosegroceriescms/product-pods/Chips.jpg","No.1 Bubbly Beer Battered Haddock Fillets",,"false","7.75","934159-828167-828168","https://www.waitrose.com/ecom/products/no1-bubbly-beer-battered-haddock-fillets/934159-828167-828168","haddock fillets","2026-04-10T14:38:08.794Z","waitrose","21.23","per kg","365 g"
,"https://ecom-su-static-prod.wtrecom.com/content/dam/waitrosegroceriescms/product-pods/Chips.jpg","Waitrose MSC 2 Seeded Haddock Fillets 260g","Mix & Match Add 4 for 3 Cheapest Item Free","true","5","791651-762522-762523","https://www.waitrose.com/ecom/products/waitrose-msc-2-seeded-haddock-fillets-260g/791651-762522-762523","haddock fillets","2026-04-10T14:38:08.794Z","waitrose","19.23","per kg","260 g"
,"https://ecom-su-static-prod.wtrecom.com/images/products/3/LN_610264_BP_3.jpg","Waitrose Smoked Haddock Fillets MSC",,"false","7.45","610264-525688-525689","https://www.waitrose.com/ecom/products/waitrose-smoked-haddock-fillets-msc/610264-525688-525689","haddock fillets","2026-04-10T14:38:08.794Z","waitrose","31.04","per kg","240 g"
,"https://ecom-su-static-prod.wtrecom.com/content/dam/waitrosegroceriescms/product-pods/Chips.jpg","Waitrose 2 Breaded Haddock Fillets","Mix & Match Add 4 for 3 Cheapest Item Free","true","5","810097-239605-239606","https://www.waitrose.com/ecom/products/waitrose-2-breaded-haddock-fillets/810097-239605-239606","haddock fillets","2026-04-10T14:38:08.794Z","waitrose","16.67","per kg","300 g"
,"https://ecom-su-static-prod.wtrecom.com/images/products/3/LN_531920_BP_3.jpg","Waitrose 2 Mediterranean Sea Bass Fillets",,"false","7.25","531920-237538-237539","https://www.waitrose.com/ecom/products/waitrose-2-mediterranean-sea-bass-fillets/531920-237538-237539","sea bass","2026-04-10T14:38:17.005Z","waitrose","40.28","per kg","180 g"
,"https://ecom-su-static-prod.wtrecom.com/images/products/3/LN_466894_BP_3.jpg","Waitrose 4 Mediterranean Sea Bass Fillets",,"false","11.5","466894-702557-702558","https://www.waitrose.com/ecom/products/waitrose-4-mediterranean-sea-bass-fillets/466894-702557-702558","sea bass","2026-04-10T14:38:17.005Z","waitrose","31.94","per kg","360 g"
,"https://ecom-su-static-prod.wtrecom.com/images/products/3/LN_862793_BP_3.jpg","Waitrose 2 Mediterranean Caught Sea Bass Fillets with Coriander, Lime & Chilli",,"false","7.75","862793-539057-539058","https://www.waitrose.com/ecom/products/waitrose-2-mediterranean-caught-sea-bass-fillets-with-coriander-lime-chilli/862793-539057-539058","sea bass","2026-04-10T14:38:17.005Z","waitrose","38.75","per kg","200 g"
,"https://ecom-su-static-prod.wtrecom.com/images/products/3/LN_659688_BP_3.jpg","Waitrose 2 Sea Bass Fillets, Pesto Butter",,"false","6.5","659688-362377-362378","https://www.waitrose.com/ecom/products/waitrose-2-sea-bass-fillets-pesto-butter/659688-362377-362378","sea bass","2026-04-10T14:38:17.005Z","waitrose","30.95","per kg","210 g"
,"https://ecom-su-static-prod.wtrecom.com/images/products/3/LN_628292_BP_3.jpg","Waitrose 2 Sea Bass Fillets, Tomatoes and Olives",,"false","9","628292-362359-362360","https://www.waitrose.com/ecom/products/waitrose-2-sea-bass-fillets-tomatoes-and-olives/628292-362359-362360","sea bass","2026-04-10T14:38:17.005Z","waitrose","28.13","per kg","320 g"
,"https://ecom-su-static-prod.wtrecom.com/images/products/3/LN_485085_BP_3.jpg","Waitrose ASC Extra Large King Prawns","Add 3 for £12","true","4.95","485085-828138-828139","https://www.waitrose.com/ecom/products/waitrose-asc-extra-large-king-prawns/485085-828138-828139","king prawns","2026-04-10T14:38:25.592Z","waitrose","33","per kg","150 g"
,"https://ecom-su-static-prod.wtrecom.com/images/products/3/LN_728654_BP_3.jpg","Waitrose ASC Extra Large Raw King Prawns","Add 3 for £12","true","5.25","728654-828151-828152","https://www.waitrose.com/ecom/products/waitrose-asc-extra-large-raw-king-prawns/728654-828151-828152","king prawns","2026-04-10T14:38:25.592Z","waitrose","31.82","per kg","165 g"
,"https://ecom-su-static-prod.wtrecom.com/images/products/3/LN_714196_BP_3.jpg","Waitrose ASC Extra Large King Prawns",,"false","6.95","714196-828149-828150","https://www.waitrose.com/ecom/products/waitrose-asc-extra-large-king-prawns/714196-828149-828150","king prawns","2026-04-10T14:38:25.592Z","waitrose","31.59","per kg","220 g"
,"https://ecom-su-static-prod.wtrecom.com/images/products/3/LN_972440_BP_3.jpg","Waitrose ASC Raw King Prawns Stir Fry",,"false","4.25","972440-837807-837808","https://www.waitrose.com/ecom/products/waitrose-asc-raw-king-prawns-stir-fry/972440-837807-837808","king prawns","2026-04-10T14:38:25.592Z","waitrose","25.76","per kg","165 g"
,"https://ecom-su-static-prod.wtrecom.com/images/products/3/LN_629196_BP_3.jpg","Duchy Organic Cooked King Prawns",,"false","5.25","629196-828145-828146","https://www.waitrose.com/ecom/products/duchy-organic-cooked-king-prawns/629196-828145-828146","king prawns","2026-04-10T14:38:25.592Z","waitrose","35","per kg","150 g"
,"https://ecom-su-static-prod.wtrecom.com/images/products/3/LN_569328_BP_3.jpg","LEAP Smoked Sockeye Salmon","Save 1/3. Was £9.25","true","6.16","569328-502709-502710","https://www.waitrose.com/ecom/products/leap-smoked-sockeye-salmon/569328-502709-502710","smoked salmon","2026-04-10T14:38:34.516Z","waitrose","61.6","per kg","100 g"
,"https://ecom-su-static-prod.wtrecom.com/images/products/3/LN_451045_BP_3.jpg","Waitrose Mild Scottish Smoked Salmon","Add 2 for £8","true","5.75","451045-63564-63565","https://www.waitrose.com/ecom/products/waitrose-mild-scottish-smoked-salmon/451045-63564-63565","smoked salmon","2026-04-10T14:38:34.516Z","waitrose","40","per kg","100 g"
,"https://ecom-su-static-prod.wtrecom.com/images/products/3/LN_640564_BP_3.jpg","No.1 Chestnut Scottish Smoked Salmon",,"false","6.5","640564-634930-634931","https://www.waitrose.com/ecom/products/no1-chestnut-scottish-smoked-salmon/640564-634930-634931","smoked salmon","2026-04-10T14:38:34.516Z","waitrose","65","per kg","100 g"
,"https://ecom-su-static-prod.wtrecom.com/images/products/3/LN_048727_BP_3.jpg","Ghillie & Glen Scottish Smoked Salmon","25% Off. Was £7.95","true","5.96","048727-24225-24226","https://www.waitrose.com/ecom/products/ghillie-glen-scottish-smoked-salmon/048727-24225-24226","smoked salmon","2026-04-10T14:38:34.516Z","waitrose","29.8","per kg","200 g"
,"https://ecom-su-static-prod.wtrecom.com/images/products/3/LN_415399_BP_3.jpg","No.1 Cherrywood Smoked Scottish Salmon",,"false","6.5","415399-791911-791912","https://www.waitrose.com/ecom/products/no1-cherrywood-smoked-scottish-salmon/415399-791911-791912","smoked salmon","2026-04-10T14:38:34.516Z","waitrose","65","per kg","100 g"
,"https://ecom-su-static-prod.wtrecom.com/content/dam/waitrosegroceriescms/product-pods/Chips.jpg","Waitrose 6 Chunky Cod Fish Fingers","Add 3 for £12","true","6.6","429133-688896-688897","https://www.waitrose.com/ecom/products/waitrose-6-chunky-cod-fish-fingers/429133-688896-688897","fish fingers","2026-04-10T14:38:42.968Z","waitrose","20","per kg","330 g"
,"https://ecom-su-static-prod.wtrecom.com/content/dam/waitrosegroceriescms/product-pods/Chips.jpg","Birds Eye 32 Omega 3 Fish Fingers",,"false","5.35","542268-76646-76647","https://www.waitrose.com/ecom/products/birds-eye-32-omega-3-fish-fingers/542268-76646-76647","fish fingers","2026-04-10T14:38:42.968Z","waitrose","5.97","per kg","896 g"
,"https://ecom-su-static-prod.wtrecom.com/content/dam/waitrosegroceriescms/product-pods/Chips.jpg","Waitrose 6 Chunky Haddock Fish Fingers",,"false","6.6","611491-757111-757112","https://www.waitrose.com/ecom/products/waitrose-6-chunky-haddock-fish-fingers/611491-757111-757112","fish fingers","2026-04-10T14:38:42.968Z","waitrose","19.41","per kg","340 g"
,"https://ecom-su-static-prod.wtrecom.com/content/dam/waitrosegroceriescms/product-pods/Chips.jpg","Essential 10 Frozen Cod Fish Fingers MSC",,"false","3","073603-37332-37333","https://www.waitrose.com/ecom/products/essential-10-frozen-cod-fish-fingers-msc/073603-37332-37333","fish fingers","2026-04-10T14:38:42.968Z","waitrose","10","per kg","300 g"
,"https://ecom-su-static-prod.wtrecom.com/content/dam/waitrosegroceriescms/product-pods/Chips.jpg","Waitrose Frozen 6 Battered Haddock Fish Fingers","Mix & Match Add 4 for 3 Cheapest Item Free","true","4.5","870287-762604-762605","https://www.waitrose.com/ecom/products/waitrose-frozen-6-battered-haddock-fish-fingers/870287-762604-762605","fish fingers","2026-04-10T14:38:42.968Z","waitrose","13.64","per kg","330 g"
,"https://ecom-su-static-prod.wtrecom.com/images/products/3/LN_761039_BP_3.jpg","Waitrose MSC Tuna Steak In Spring Water",,"false","7","761039-728462-728463","https://www.waitrose.com/ecom/products/waitrose-msc-tuna-steak-in-spring-water/761039-728462-728463","tuna steaks","2026-04-10T14:38:51.121Z","waitrose","11.67","per kg","drained 4x150 g"
,"https://ecom-su-static-prod.wtrecom.com/images/products/3/LN_560403_BP_3.jpg","Waitrose MSC Tuna Steak in Olive Oil",,"false","7","560403-729690-729691","https://www.waitrose.com/ecom/products/waitrose-msc-tuna-steak-in-olive-oil/560403-729690-729691","tuna steaks","2026-04-10T14:38:51.121Z","waitrose","8.75","per kg","4x200 g"
,"https://ecom-su-static-prod.wtrecom.com/images/products/3/LN_757125_BP_3.jpg","John West MSC No Drain Tuna Steak in Spring Water",,"false","3.75","757125-631551-631552","https://www.waitrose.com/ecom/products/john-west-msc-no-drain-tuna-steak-in-spring-water/757125-631551-631552","tuna steaks","2026-04-10T14:38:51.121Z","waitrose","20.83","per kg","3x60 g"
,"https://ecom-su-static-prod.wtrecom.com/images/products/3/LN_401215_BP_3.jpg","John West No Drain Fridge Pot Tuna Steak with a Little Spring Water MSC 3x110g",,"false","5.75","401215-631203-631204","https://www.waitrose.com/ecom/products/john-west-no-drain-fridge-pot-tuna-steak-with-a-little-spring-water-msc-3x110g/401215-631203-631204","tuna steaks","2026-04-10T14:38:51.121Z","waitrose","17.42","per kg","3x110 g"
,"https://ecom-su-static-prod.wtrecom.com/images/products/3/LN_587055_BP_3.jpg","Waitrose MSC Tuna Steak in Spring Water",,"false","2.25","587055-729706-729707","https://www.waitrose.com/ecom/products/waitrose-msc-tuna-steak-in-spring-water/587055-729706-729707","tuna steaks","2026-04-10T14:38:51.121Z","waitrose","15","per kg","drained 150 g"
,"https://ecom-su-static-prod.wtrecom.com/images/products/3/LN_818881_BP_3.jpg","Waitrose Soft White Toastie Thick Sliced Bread",,"false","1","818881-653703-653704","https://www.waitrose.com/ecom/products/waitrose-soft-white-toastie-thick-sliced-bread/818881-653703-653704","white sliced bread","2026-04-10T14:38:59.491Z","waitrose","1.25","per kg","800 g"
,"https://ecom-su-static-prod.wtrecom.com/images/products/3/LN_980192_BP_3.jpg","Waitrose Soft White Farmhouse Sliced Bread",,"false","1.1","980192-830994-830995","https://www.waitrose.com/ecom/products/waitrose-soft-white-farmhouse-sliced-bread/980192-830994-830995","white sliced bread","2026-04-10T14:38:59.491Z","waitrose","2.75","per kg","400 g"
,"https://ecom-su-static-prod.wtrecom.com/images/products/3/LN_911517_BP_3.jpg","Waitrose Soft White Farmhouse Sliced Bread",,"false","1.5","911517-830968-830969","https://www.waitrose.com/ecom/products/waitrose-soft-white-farmhouse-sliced-bread/911517-830968-830969","white sliced bread","2026-04-10T14:38:59.491Z","waitrose","1.88","per kg","800 g"
,"https://ecom-su-static-prod.wtrecom.com/images/products/3/LN_075319_BP_3.jpg","Waitrose Super Soft White Medium Sliced Bread",,"false","1","075319-38210-38211","https://www.waitrose.com/ecom/products/waitrose-super-soft-white-medium-sliced-bread/075319-38210-38211","white sliced bread","2026-04-10T14:38:59.491Z","waitrose","1.25","per kg","800 g"
,"https://ecom-su-static-prod.wtrecom.com/images/products/3/LN_003062_BP_3.jpg","Hovis Soft White Medium Sliced White Bread",,"false","1.5","003062-1128-1129","https://www.waitrose.com/ecom/products/hovis-soft-white-medium-sliced-white-bread/003062-1128-1129","white sliced bread","2026-04-10T14:38:59.491Z","waitrose","1.88","per kg","800 g"
,"https://ecom-su-static-prod.wtrecom.com/images/products/3/LN_837159_BP_3.jpg","Jacksons Multigrain Brown Bloomer",,"false","1.95","837159-177428-177429","https://www.waitrose.com/ecom/products/jacksons-multigrain-brown-bloomer/837159-177428-177429","wholemeal bread","2026-04-10T14:39:08.190Z","waitrose","2.44","per kg","800 g"
,"https://ecom-su-static-prod.wtrecom.com/images/products/3/LN_654238_BP_3.jpg","Jacksons Super Seeded Bloomer",,"false","2.1","654238-707517-707518","https://www.waitrose.com/ecom/products/jacksons-super-seeded-bloomer/654238-707517-707518","wholemeal bread","2026-04-10T14:39:08.190Z","waitrose","2.63","per kg","800 g"
,"https://ecom-su-static-prod.wtrecom.com/images/products/3/LN_755786_BP_3.jpg","Hovis Wholemeal Medium Sliced Bread",,"false","1.1","755786-107487-107488","https://www.waitrose.com/ecom/products/hovis-wholemeal-medium-sliced-bread/755786-107487-107488","wholemeal bread","2026-04-10T14:39:08.190Z","waitrose","2.75","per kg","400 g"
,"https://ecom-su-static-prod.wtrecom.com/images/products/3/LN_369650_BP_3.jpg","Jason's Sourdough Wholemeal Ciabattin Bread",,"false","2.35","369650-850070-850071","https://www.waitrose.com/ecom/products/jasons-sourdough-wholemeal-ciabattin-bread/369650-850070-850071","wholemeal bread","2026-04-10T14:39:08.190Z","waitrose","4.05","per kg","580 g"
,"https://ecom-su-static-prod.wtrecom.com/images/products/3/LN_055047_BP_3.jpg","Hovis Wholemeal Medium Sliced Bread","Save 20p. Was £1.50","true","1.3","055047-27668-27669","https://www.waitrose.com/ecom/products/hovis-wholemeal-medium-sliced-bread/055047-27668-27669","wholemeal bread","2026-04-10T14:39:08.190Z","waitrose","1.63","per kg","800 g"
,"https://ecom-su-static-prod.wtrecom.com/images/products/3/LN_368493_BP_3.jpg","New York Bakery Sourdough Bagels",,"false","2.15","368493-1-2","https://www.waitrose.com/ecom/products/new-york-bakery-sourdough-bagels/368493-1-2","sourdough bread","2026-04-10T14:39:38.163Z","waitrose",,,"5s"
,"https://ecom-su-static-prod.wtrecom.com/images/products/3/LN_563526_BP_3.jpg","Jacksons Soft White Bloomer",,"false","1.95","563526-177248-177249","https://www.waitrose.com/ecom/products/jacksons-soft-white-bloomer/563526-177248-177249","sourdough bread","2026-04-10T14:39:38.163Z","waitrose","2.44","per kg","800 g"
,"https://ecom-su-static-prod.wtrecom.com/images/products/3/LN_493513_BP_3.jpg","No.1 White Sourdough Bread",,"false","2.25","493513-373129-373130","https://www.waitrose.com/ecom/products/no1-white-sourdough-bread/493513-373129-373130","sourdough bread","2026-04-10T14:39:38.163Z","waitrose","4.5","per kg","500 g"
,"https://ecom-su-static-prod.wtrecom.com/images/products/3/LN_960941_BP_3.jpg","No.1 Seeded Sourdough Bread",,"false","2.25","960941-830980-830981","https://www.waitrose.com/ecom/products/no1-seeded-sourdough-bread/960941-830980-830981","sourdough bread","2026-04-10T14:39:38.163Z","waitrose","4.5","per kg","500 g"
,"https://ecom-su-static-prod.wtrecom.com/images/products/3/LN_703502_BP_3.jpg","No.1 Spelt Sourdough Bread",,"false","2.5","703502-525844-525845","https://www.waitrose.com/ecom/products/no1-spelt-sourdough-bread/703502-525844-525845","sourdough bread","2026-04-10T14:39:38.163Z","waitrose","5","per kg","500 g"
,"https://ecom-su-static-prod.wtrecom.com/images/products/3/LN_827079_BP_3.jpg","Jacksons Multiseed Bloomer",,"false","1.95","827079-288615-288616","https://www.waitrose.com/ecom/products/jacksons-multiseed-bloomer/827079-288615-288616","seeded bread","2026-04-10T14:39:52.302Z","waitrose","2.44","per kg","800 g"
,"https://ecom-su-static-prod.wtrecom.com/images/products/3/LN_654238_BP_3.jpg","Jacksons Super Seeded Bloomer",,"false","2.1","654238-707517-707518","https://www.waitrose.com/ecom/products/jacksons-super-seeded-bloomer/654238-707517-707518","seeded bread","2026-04-10T14:39:52.302Z","waitrose","2.63","per kg","800 g"
,"https://ecom-su-static-prod.wtrecom.com/images/products/3/LN_463468_BP_3.jpg","Waitrose Multi-Seeded Farmhouse Bread",,"false","1.7","463468-65326-65327","https://www.waitrose.com/ecom/products/waitrose-multi-seeded-farmhouse-bread/463468-65326-65327","seeded bread","2026-04-10T14:39:52.302Z","waitrose","2.13","per kg","800 g"
,"https://ecom-su-static-prod.wtrecom.com/images/products/3/LN_692759_BP_3.jpg","Bertinet Bakery Seeded Sourdough Bread","20% Off. Was £2.40","true","1.92","692759-619941-619942","https://www.waitrose.com/ecom/products/bertinet-bakery-seeded-sourdough-bread/692759-619941-619942","seeded bread","2026-04-10T14:39:52.302Z","waitrose","3.5","per kg","550 g"
,"https://ecom-su-static-prod.wtrecom.com/images/products/3/LN_830973_BP_3.jpg","Wildfarmed Sliced Seeded Bread",,"false","2.25","830973-825265-825266","https://www.waitrose.com/ecom/products/wildfarmed-sliced-seeded-bread/830973-825265-825266","seeded bread","2026-04-10T14:39:52.302Z","waitrose","4.09","per kg","550 g"
,"https://ecom-su-static-prod.wtrecom.com/images/products/3/LN_970817_BP_3.jpg","Waitrose Large Tortilla Wraps","20% Off. Was £1.55","true","1.24","970817-849142-849143","https://www.waitrose.com/ecom/products/waitrose-large-tortilla-wraps/970817-849142-849143","wraps tortilla","2026-04-10T14:40:05.765Z","waitrose",,,"8s"
,"https://ecom-su-static-prod.wtrecom.com/images/products/3/LN_904145_BP_3.jpg","Waitrose 8 Large Wholemeal Tortilla Wraps","20% Off. Was £1.55","true","1.24","904145-849112-849113","https://www.waitrose.com/ecom/products/waitrose-8-large-wholemeal-tortilla-wraps/904145-849112-849113","wraps tortilla","2026-04-10T14:40:05.765Z","waitrose",,,"8s"
,"https://ecom-su-static-prod.wtrecom.com/images/products/3/LN_888118_BP_3.jpg","Waitrose 8 Seeded Tortilla Wraps","20% Off. Was £1.55","true","1.24","888118-256005-256006","https://www.waitrose.com/ecom/products/waitrose-8-seeded-tortilla-wraps/888118-256005-256006","wraps tortilla","2026-04-10T14:40:05.765Z","waitrose",,,"8s"
,"https://ecom-su-static-prod.wtrecom.com/images/products/3/LN_924739_BP_3.jpg","Old El Paso Tortilla Wraps",,"false","2.25","924739-846835-846836","https://www.waitrose.com/ecom/products/old-el-paso-tortilla-wraps/924739-846835-846836","wraps tortilla","2026-04-10T14:40:05.765Z","waitrose","6.43","per kg","350 g"
,"https://ecom-su-static-prod.wtrecom.com/images/products/3/LN_899626_BP_3.jpg","Old El Paso White Corn Tortilla Wrap","Save 55p. Was £2.30","true","1.75","899626-1-2","https://www.waitrose.com/ecom/products/old-el-paso-white-corn-tortilla-wrap/899626-1-2","wraps tortilla","2026-04-10T14:40:05.765Z","waitrose","8.42","per kg","208 g"
,"https://ecom-su-static-prod.wtrecom.com/images/products/3/LN_657631_BP_3.jpg","BFree Gluten Free Wholegrain Pitta Breads","Save 90p. Was £2.90","true","2","657631-695118-695119","https://www.waitrose.com/ecom/products/bfree-gluten-free-wholegrain-pitta-breads/657631-695118-695119","pitta bread","2026-04-10T14:40:12.875Z","waitrose","9.1","per kg","4x55 g"
,"https://ecom-su-static-prod.wtrecom.com/images/products/3/LN_991840_BP_3.jpg","Waitrose Summer 12 Mini Pittas",,"false","1.5","991840-846757-846758","https://www.waitrose.com/ecom/products/waitrose-summer-12-mini-pittas/991840-846757-846758","pitta bread","2026-04-10T14:40:12.875Z","waitrose",,,"12s"
,"https://ecom-su-static-prod.wtrecom.com/images/products/3/LN_923127_BP_3.jpg","Warburtons GF Soft Brown Pittas",,"false","3.1","923127-1-2","https://www.waitrose.com/ecom/products/warburtons-gf-soft-brown-pittas/923127-1-2","pitta bread","2026-04-10T14:40:12.875Z","waitrose","12.92","per kg","240 g"
,"https://ecom-su-static-prod.wtrecom.com/images/products/3/LN_945467_BP_3.jpg","Dr Kargs Protein Thins Pita-Style","Save 50p. Was £2.80","true","2.3","945467-1-2","https://www.waitrose.com/ecom/products/dr-kargs-protein-thins-pita-style/945467-1-2","pitta bread","2026-04-10T14:40:12.875Z","waitrose","15.34","per kg","150 g"
,"https://ecom-su-static-prod.wtrecom.com/images/products/3/LN_931702_BP_3.jpg","Warburtons Gluten Free 4 Soft Pittas White",,"false","3.1","931702-848457-848458","https://www.waitrose.com/ecom/products/warburtons-gluten-free-4-soft-pittas-white/931702-848457-848458","pitta bread","2026-04-10T14:40:12.875Z","waitrose","12.92","per kg","240 g"
,"https://ecom-su-static-prod.wtrecom.com/images/products/3/LN_081785_BP_3.jpg","Sharwood's Peshwari Naans","Add 2 for £4","true","2.1","081785-41597-41598","https://www.waitrose.com/ecom/products/sharwoods-peshwari-naans/081785-41597-41598","naan bread","2026-04-10T14:40:15.699Z","waitrose",,,"4s"
,"https://ecom-su-static-prod.wtrecom.com/images/products/3/LN_080222_BP_3.jpg","Sharwood's Plain Mini Naans","Add 2 for £4","true","2.1","080222-40788-40789","https://www.waitrose.com/ecom/products/sharwoods-plain-mini-naans/080222-40788-40789","naan bread","2026-04-10T14:40:15.699Z","waitrose",,,"4s"
,"https://ecom-su-static-prod.wtrecom.com/images/products/3/LN_835481_BP_3.jpg","Waitrose Garlic & Coriander Naans","20% Off. Was £1.35","true","1.05","835481-778458-778459","https://www.waitrose.com/ecom/products/waitrose-garlic-coriander-naans/835481-778458-778459","naan bread","2026-04-10T14:40:15.699Z","waitrose","4.78","per kg","220 g"
,"https://ecom-su-static-prod.wtrecom.com/images/products/3/LN_033444_BP_3.jpg","Sharwood's Mini Naan Garlic & Coriander","Add 2 for £4","true","2.1","033444-16695-16696","https://www.waitrose.com/ecom/products/sharwoods-mini-naan-garlic-coriander/033444-16695-16696","naan bread","2026-04-10T14:40:15.699Z","waitrose",,,"4s"
,"https://ecom-su-static-prod.wtrecom.com/images/products/3/LN_090340_BP_3.jpg","Sharwood's Plain Naans","Add 2 for £4","true","2.1","090340-46536-46537","https://www.waitrose.com/ecom/products/sharwoods-plain-naans/090340-46536-46537","naan bread","2026-04-10T14:40:15.699Z","waitrose",,,"2s"
,"https://ecom-su-static-prod.wtrecom.com/images/products/3/LN_969767_BP_3.jpg","Waitrose 4 Easter Bunny Crumpets",,"false","1.5","969767-836523-836524","https://www.waitrose.com/ecom/products/waitrose-4-easter-bunny-crumpets/969767-836523-836524","crumpets","2026-04-10T14:40:30.564Z","waitrose",,,"4s"
,"https://ecom-su-static-prod.wtrecom.com/images/products/3/LN_916036_BP_3.jpg","Wildfarmed Crumpets",,"false","1.5","916036-1-2","https://www.waitrose.com/ecom/products/wildfarmed-crumpets/916036-1-2","crumpets","2026-04-10T14:40:30.564Z","waitrose",,,"4s"
,"https://ecom-su-static-prod.wtrecom.com/images/products/3/LN_948912_BP_3.jpg","Warburtons Crumpets","Save 35p. Was £1.10","true","1.1","948912-1-2","https://www.waitrose.com/ecom/products/warburtons-crumpets/948912-1-2","crumpets","2026-04-10T14:40:30.564Z","waitrose",,,"6s"
,"https://ecom-su-static-prod.wtrecom.com/images/products/3/LN_437139_BP_3.jpg","Waitrose 6 Sourdough Crumpets",,"false","1.5","437139-634770-634771","https://www.waitrose.com/ecom/products/waitrose-6-sourdough-crumpets/437139-634770-634771","crumpets","2026-04-10T14:40:30.564Z","waitrose",,,"6s"
,"https://ecom-su-static-prod.wtrecom.com/images/products/3/LN_911955_BP_3.jpg","Waitrose 6 Toastie Crumpets",,"false","1.5","911955-842564-842565","https://www.waitrose.com/ecom/products/waitrose-6-toastie-crumpets/911955-842564-842565","crumpets","2026-04-10T14:40:30.564Z","waitrose",,,"6s"
,"https://ecom-su-static-prod.wtrecom.com/images/products/3/LN_085446_BP_3.jpg","Essential Butternut Squash",,"false","1.65","085446-43498-43499","https://www.waitrose.com/ecom/products/essential-butternut-squash/085446-43498-43499","butternut squash","2026-04-10T14:40:34.561Z","waitrose",,,"each"
,"https://ecom-su-static-prod.wtrecom.com/images/products/3/LN_589234_BP_3.jpg","Cooks' Ingredients Butternut Squash Slices",,"false","1.75","589234-756378-756379","https://www.waitrose.com/ecom/products/cooks-ingredients-butternut-squash-slices/589234-756378-756379","butternut squash","2026-04-10T14:40:34.561Z","waitrose","4.55","per kg","385 g"
,"https://ecom-su-static-prod.wtrecom.com/images/products/3/LN_085516_BP_3.jpg","Duchy Organic Butternut Squash",,"false","2.29","085516-43598-43599","https://www.waitrose.com/ecom/products/duchy-organic-butternut-squash/085516-43598-43599","butternut squash","2026-04-10T14:40:34.561Z","waitrose","2.2","per kg","Typical weight 1.04 kg"
,"https://ecom-su-static-prod.wtrecom.com/images/products/3/LN_792936_BP_3.jpg","Waitrose Golden Butternut Squash",,"false","2.59","792936-116917-116918","https://www.waitrose.com/ecom/products/waitrose-golden-butternut-squash/792936-116917-116918","butternut squash","2026-04-10T14:40:34.561Z","waitrose","2.25","per kg","Typical weight 1.15 kg"
,"https://ecom-su-static-prod.wtrecom.com/images/products/3/LN_099050_BP_3.jpg","Cooks' Ingredients Frozen Butternut Vine Squash Chunks",,"false","1.6","099050-50487-50488","https://www.waitrose.com/ecom/products/cooks-ingredients-frozen-butternut-vine-squash-chunks/099050-50487-50488","butternut squash","2026-04-10T14:40:34.561Z","waitrose","3.2","per kg","500 g"
,"https://ecom-su-static-prod.wtrecom.com/images/products/3/LN_980691_BP_3.jpg","Benefit Menosupport Berries, Cherries & Beetroot Juice",,"false","4.5","980691-848659-848660","https://www.waitrose.com/ecom/products/benefit-menosupport-berries-cherries-beetroot-juice/980691-848659-848660","beetroot","2026-04-10T14:40:43.388Z","waitrose","5","per litre","900 ml"
,"https://ecom-su-static-prod.wtrecom.com/images/products/3/LN_787068_BP_3.jpg","Baxters Baby Beetroot","20% Off. Was £2.65","true","2.1","787068-371824-371825","https://www.waitrose.com/ecom/products/baxters-baby-beetroot/787068-371824-371825","beetroot","2026-04-10T14:40:43.388Z","waitrose","6.27","per kg","drained 335 g"
,"https://ecom-su-static-prod.wtrecom.com/images/products/3/LN_883778_BP_3.jpg","Waitrose Fresh Beetroot Pouch",,"false","1.7","883778-693581-693582","https://www.waitrose.com/ecom/products/waitrose-fresh-beetroot-pouch/883778-693581-693582","beetroot","2026-04-10T14:40:43.388Z","waitrose","5.15","per kg","330 g"
,"https://ecom-su-static-prod.wtrecom.com/images/products/3/LN_426233_BP_3.jpg","Baxters Crinkled Beetroot","20% Off. Was £2.65","true","2.1","426233-357164-357165","https://www.waitrose.com/ecom/products/baxters-crinkled-beetroot/426233-357164-357165","beetroot","2026-04-10T14:40:43.388Z","waitrose","6.27","per kg","drained 335 g"
,"https://ecom-su-static-prod.wtrecom.com/images/products/3/LN_666401_BP_3.jpg","Baxters Albert's Victorian Chutney","25% Off. Was £2.85","true","2.1","666401-758596-758597","https://www.waitrose.com/ecom/products/baxters-alberts-victorian-chutney/666401-758596-758597","beetroot","2026-04-10T14:40:43.388Z","waitrose","7.78","per kg","270 g"
,"https://ecom-su-static-prod.wtrecom.com/images/products/3/LN_716810_BP_3.jpg","Cooks' Ingredients Medium Basil Pot","Add 2 for £3","true","1.85","716810-160673-160674","https://www.waitrose.com/ecom/products/cooks-ingredients-medium-basil-pot/716810-160673-160674","fresh basil","2026-04-10T14:40:52.098Z","waitrose",,,"Each"
,"https://ecom-su-static-prod.wtrecom.com/images/products/3/LN_086209_BP_3.jpg","Cooks' Ingredients Large Basil Pot",,"false","2.35","086209-44044-44045","https://www.waitrose.com/ecom/products/cooks-ingredients-large-basil-pot/086209-44044-44045","fresh basil","2026-04-10T14:40:52.098Z","waitrose",,,"Each"
,"https://ecom-su-static-prod.wtrecom.com/images/products/3/LN_044948_BP_3.jpg","Cooks' Ingredients Basil",,"false","1.75","044948-22178-22179","https://www.waitrose.com/ecom/products/cooks-ingredients-basil/044948-22178-22179","fresh basil","2026-04-10T14:40:52.098Z","waitrose","17.5","per kg","100 g"
,"https://ecom-su-static-prod.wtrecom.com/images/products/3/LN_052941_BP_3.jpg","Waitrose Green Pesto with Basil","20% Off. Was £3.00","true","2.4","052941-26416-26417","https://www.waitrose.com/ecom/products/waitrose-green-pesto-with-basil/052941-26416-26417","fresh basil","2026-04-10T14:40:52.098Z","waitrose","16.56","per kg","145 g"
,"https://ecom-su-static-prod.wtrecom.com/content/dam/waitrosegroceriescms/product-pods/Antipasti.jpg","Real Olive Co. Wild Garlic & Basil Olives","20% Off. Was £3.65","true","2.9","430348-420125-420126","https://www.waitrose.com/ecom/products/real-olive-co-wild-garlic-basil-olives/430348-420125-420126","fresh basil","2026-04-10T14:40:52.098Z","waitrose","19.34","per kg","150 g"
,"https://ecom-su-static-prod.wtrecom.com/images/products/3/LN_056525_BP_3.jpg","Cooks' Ingredients Coriander",,"false","1.7","056525-28377-28378","https://www.waitrose.com/ecom/products/cooks-ingredients-coriander/056525-28377-28378","fresh coriander","2026-04-10T14:41:00.698Z","waitrose","17","per kg","100 g"
,"https://ecom-su-static-prod.wtrecom.com/images/products/3/LN_815967_BP_3.jpg","Cooks' Ingredients Coriander Pot","Add 2 for £3","true","1.85","815967-160825-160826","https://www.waitrose.com/ecom/products/cooks-ingredients-coriander-pot/815967-160825-160826","fresh coriander","2026-04-10T14:41:00.698Z","waitrose",,,"Each"
,"https://ecom-su-static-prod.wtrecom.com/images/products/3/LN_804467_BP_3.jpg","Cooks' Ingredients Coriander Seeds","Add 2 for £3","true","1.8","804467-785146-785147","https://www.waitrose.com/ecom/products/cooks-ingredients-coriander-seeds/804467-785146-785147","fresh coriander","2026-04-10T14:41:00.698Z","waitrose","75","per kg","24 g"
,"https://ecom-su-static-prod.wtrecom.com/images/products/3/LN_863233_BP_3.jpg","Bart Coriander Seeds",,"false","2.5","863233-810486-810487","https://www.waitrose.com/ecom/products/bart-coriander-seeds/863233-810486-810487","fresh coriander","2026-04-10T14:41:00.698Z","waitrose","125","per kg","20 g"
,"https://ecom-su-static-prod.wtrecom.com/images/products/3/LN_890694_BP_3.jpg","Easy to Cook Ginger, Coriander & Lime Chicken Breasts","Add 3 for £12","true","5.6","890694-288267-288268","https://www.waitrose.com/ecom/products/easy-to-cook-ginger-coriander-lime-chicken-breasts/890694-288267-288268","fresh coriander","2026-04-10T14:41:00.698Z","waitrose","19.65","per kg","285 g"
,"https://ecom-su-static-prod.wtrecom.com/images/products/3/LN_064441_BP_3.jpg","Cooks' Ingredients Mint",,"false","1.75","064441-32706-32707","https://www.waitrose.com/ecom/products/cooks-ingredients-mint/064441-32706-32707","fresh mint","2026-04-10T14:41:08.999Z","waitrose","17.5","per kg","100 g"
,"https://ecom-su-static-prod.wtrecom.com/images/products/3/LN_086151_BP_3.jpg","Cooks' Ingredients Mint Pot","Add 2 for £3","true","1.85","086151-43997-43998","https://www.waitrose.com/ecom/products/cooks-ingredients-mint-pot/086151-43997-43998","fresh mint","2026-04-10T14:41:08.999Z","waitrose",,,"Each"
,"https://ecom-su-static-prod.wtrecom.com/images/products/3/LN_743476_BP_3.jpg","Essential Fresh Mint Mouthwash",,"false","1.35","743476-402653-402654","https://www.waitrose.com/ecom/products/essential-fresh-mint-mouthwash/743476-402653-402654","fresh mint","2026-04-10T14:41:08.999Z","waitrose","2.7","per litre","500 ml"
,"https://ecom-su-static-prod.wtrecom.com/images/products/3/LN_982326_BP_3.jpg","Colgate Total Active Prevention Fresh Mint Toothpaste","Half Price. Was £7.35","true","3.65","982326-836980-836981","https://www.waitrose.com/ecom/products/colgate-total-active-prevention-fresh-mint-toothpaste/982326-836980-836981","fresh mint","2026-04-10T14:41:08.999Z","waitrose","29.2","per litre","125 ml"
,"https://ecom-su-static-prod.wtrecom.com/images/products/3/LN_031007_BP_3.jpg","Corsodyl Daily Gum Care Mouthwash Alcohol Free Fresh Mint 500ml",,"false","5","031007-15125-15126","https://www.waitrose.com/ecom/products/corsodyl-daily-gum-care-mouthwash-alcohol-free-fresh-mint-500ml/031007-15125-15126","fresh mint","2026-04-10T14:41:08.999Z","waitrose","10","per litre","500 ml"
,"https://ecom-su-static-prod.wtrecom.com/images/products/3/LN_541561_BP_3.jpg","Cooks' Ingredients Curly Parsley Medium Pot","Add 2 for £3","true","1.8","541561-160477-160478","https://www.waitrose.com/ecom/products/cooks-ingredients-curly-parsley-medium-pot/541561-160477-160478","fresh parsley","2026-04-10T14:41:16.887Z","waitrose",,,"each"
,"https://ecom-su-static-prod.wtrecom.com/images/products/3/LN_045953_BP_3.jpg","Cooks' Ingredients Flat Leaf Parsley",,"false","1.7","045953-22629-22630","https://www.waitrose.com/ecom/products/cooks-ingredients-flat-leaf-parsley/045953-22629-22630","fresh parsley","2026-04-10T14:41:16.887Z","waitrose","17","per kg","100 g"
,"https://ecom-su-static-prod.wtrecom.com/images/products/3/LN_086140_BP_3.jpg","Cooks' Ingredients Flat Leaf Parsley","Add 2 for £3","true","1.85","086140-43981-43982","https://www.waitrose.com/ecom/products/cooks-ingredients-flat-leaf-parsley/086140-43981-43982","fresh parsley","2026-04-10T14:41:16.887Z","waitrose",,,"Each"
,"https://ecom-su-static-prod.wtrecom.com/images/products/3/LN_487450_BP_3.jpg","Waitrose 2 Chicken Kyivs With Garlic And Parsley Butter","Add 3 for £12","true","5.25","487450-136983-136984","https://www.waitrose.com/ecom/products/waitrose-2-chicken-kyivs-with-garlic-and-parsley-butter/487450-136983-136984","fresh parsley","2026-04-10T14:41:16.887Z","waitrose","16.41","per kg","320 g"
,"https://ecom-su-static-prod.wtrecom.com/images/products/3/LN_709229_BP_3.jpg","Waitrose Garlic & Parsley Ciabatta Breadsticks",,"false","2.75","709229-741298-741299","https://www.waitrose.com/ecom/products/waitrose-garlic-parsley-ciabatta-breadsticks/709229-741298-741299","fresh parsley","2026-04-10T14:41:16.887Z","waitrose","20.37","per kg","135 g"
,"https://ecom-su-static-prod.wtrecom.com/content/dam/waitrosegroceriescms/product-pods/Pasta.jpg","De Cecco Spaghetti",,"false","2","008974-4285-4286","https://www.waitrose.com/ecom/products/de-cecco-spaghetti/008974-4285-4286","spaghetti","2026-04-10T14:41:26.413Z","waitrose","4","per kg","500 g"
,"https://ecom-su-static-prod.wtrecom.com/content/dam/waitrosegroceriescms/product-pods/Pasta.jpg","Essential Spaghetti",,"false","1.5","017136-8267-8268","https://www.waitrose.com/ecom/products/essential-spaghetti/017136-8267-8268","spaghetti","2026-04-10T14:41:26.413Z","waitrose","1.5","per kg","1 kg"
,"https://ecom-su-static-prod.wtrecom.com/images/products/3/LN_019125_BP_3.jpg","Heinz Spaghetti Hoops in Tomato Sauce","Add 2 for £1.50","true","1.5","019125-9247-9248","https://www.waitrose.com/ecom/products/heinz-spaghetti-hoops-in-tomato-sauce/019125-9247-9248","spaghetti","2026-04-10T14:41:26.413Z","waitrose","4.39","per kg","205 g"
,"https://ecom-su-static-prod.wtrecom.com/images/products/3/LN_019126_BP_3.jpg","Heinz Spaghetti Hoops in Tomato Sauce","Add 2 for £2","true","1.25","019126-9249-9250","https://www.waitrose.com/ecom/products/heinz-spaghetti-hoops-in-tomato-sauce/019126-9249-9250","spaghetti","2026-04-10T14:41:26.413Z","waitrose","3.13","per kg","400 g"
,"https://ecom-su-static-prod.wtrecom.com/images/products/3/LN_019111_BP_3.jpg","Heinz Spaghetti in Tomato Sauce Single Serve","Add 2 for £1.50","true","1.5","019111-9233-9234","https://www.waitrose.com/ecom/products/heinz-spaghetti-in-tomato-sauce-single-serve/019111-9233-9234","spaghetti","2026-04-10T14:41:26.413Z","waitrose","4.5","per kg","200 g"
,"https://ecom-su-static-prod.wtrecom.com/content/dam/waitrosegroceriescms/product-pods/Pasta.jpg","De Cecco Pasta Penne Rigate",,"false","2","022455-10946-10947","https://www.waitrose.com/ecom/products/de-cecco-pasta-penne-rigate/022455-10946-10947","penne pasta","2026-04-10T14:41:36.193Z","waitrose","4","per kg","500 g"
,"https://ecom-su-static-prod.wtrecom.com/images/products/3/LN_225811_BP_3.jpg","Waitrose High Protein Penne Pasta",,"false","3","225811-1-2","https://www.waitrose.com/ecom/products/waitrose-high-protein-penne-pasta/225811-1-2","penne pasta","2026-04-10T14:41:36.193Z","waitrose","7.5","per kg","400 g"
,"https://ecom-su-static-prod.wtrecom.com/content/dam/waitrosegroceriescms/product-pods/Pasta.jpg","Waitrose Pennoni Rigati",,"false","1.85","537053-728024-728025","https://www.waitrose.com/ecom/products/waitrose-pennoni-rigati/537053-728024-728025","penne pasta","2026-04-10T14:41:36.193Z","waitrose","3.7","per kg","500 g"
,"https://ecom-su-static-prod.wtrecom.com/content/dam/waitrosegroceriescms/product-pods/Pasta.jpg","Essential Penne",,"false","1.5","019737-9611-9612","https://www.waitrose.com/ecom/products/essential-penne/019737-9611-9612","penne pasta","2026-04-10T14:41:36.193Z","waitrose","1.5","per kg","1 kg"
,"https://ecom-su-static-prod.wtrecom.com/content/dam/waitrosegroceriescms/product-pods/Pasta.jpg","Essential Penne",,"false","1.6","017162-8281-8282","https://www.waitrose.com/ecom/products/essential-penne/017162-8281-8282","penne pasta","2026-04-10T14:41:36.193Z","waitrose","1.6","per kg","500 g"
,"https://ecom-su-static-prod.wtrecom.com/images/products/3/LN_337086_BP_3.jpg","Northern Pasta Co Fusilli Pasta",,"false","3.95","337086-1-2","https://www.waitrose.com/ecom/products/northern-pasta-co-fusilli-pasta/337086-1-2","fusilli pasta","2026-04-10T14:41:45.995Z","waitrose","10.97","per kg","360 g"
,"https://ecom-su-static-prod.wtrecom.com/content/dam/waitrosegroceriescms/product-pods/Pasta.jpg","No.1 Italian Fusilli Bucati Pasta","20% Off. Was £3.00","true","2.4","609198-499354-499355","https://www.waitrose.com/ecom/products/no1-italian-fusilli-bucati-pasta/609198-499354-499355","fusilli pasta","2026-04-10T14:41:45.995Z","waitrose","4.8","per kg","500 g"
,"https://ecom-su-static-prod.wtrecom.com/content/dam/waitrosegroceriescms/product-pods/Pasta.jpg","De Cecco Fusilli",,"false","2","094837-48644-48645","https://www.waitrose.com/ecom/products/de-cecco-fusilli/094837-48644-48645","fusilli pasta","2026-04-10T14:41:45.995Z","waitrose","4","per kg","500 g"
,"https://ecom-su-static-prod.wtrecom.com/content/dam/waitrosegroceriescms/product-pods/Pasta.jpg","Waitrose Fresh Fusilli","20% Off. Was £2.60","true","2.08","682867-793254-793255","https://www.waitrose.com/ecom/products/waitrose-fresh-fusilli/682867-793254-793255","fusilli pasta","2026-04-10T14:41:45.995Z","waitrose","4.16","per kg","500 g"
,"https://ecom-su-static-prod.wtrecom.com/content/dam/waitrosegroceriescms/product-pods/Pasta.jpg","Waitrose Wholewheat Fusilli",,"false","1.85","537587-76026-76027","https://www.waitrose.com/ecom/products/waitrose-wholewheat-fusilli/537587-76026-76027","fusilli pasta","2026-04-10T14:41:45.995Z","waitrose","3.7","per kg","500 g"
,"https://ecom-su-static-prod.wtrecom.com/content/dam/waitrosegroceriescms/product-pods/Pasta.jpg","Waitrose Fresh Tagliatelle","20% Off. Was £2.60","true","2.08","780614-793272-793273","https://www.waitrose.com/ecom/products/waitrose-fresh-tagliatelle/780614-793272-793273","tagliatelle","2026-04-10T14:41:55.704Z","waitrose","4.16","per kg","500 g"
,"https://ecom-su-static-prod.wtrecom.com/content/dam/waitrosegroceriescms/product-pods/Pasta.jpg","Crosta & Mollica Tagliatelle Pasta","20% Off. Was £3.00","true","2.4","451124-784816-784817","https://www.waitrose.com/ecom/products/crosta-mollica-tagliatelle-pasta/451124-784816-784817","tagliatelle","2026-04-10T14:41:55.704Z","waitrose","4.8","per kg","500 g"
,"https://ecom-su-static-prod.wtrecom.com/images/products/3/LN_854255_BP_3.jpg","Waitrose Italian Ham & Mushroom Tagliatelle for 1","Add 3 for £10","true","4.1","854255-759250-759251","https://www.waitrose.com/ecom/products/waitrose-italian-ham-mushroom-tagliatelle-for-1/854255-759250-759251","tagliatelle","2026-04-10T14:41:55.704Z","waitrose","10.25","per kg","400 g"
,"https://ecom-su-static-prod.wtrecom.com/content/dam/waitrosegroceriescms/product-pods/Pasta.jpg","No.1 Italian Egg Pappardelle","20% Off. Was £3.00","true","2.4","682452-728044-728045","https://www.waitrose.com/ecom/products/no1-italian-egg-pappardelle/682452-728044-728045","tagliatelle","2026-04-10T14:41:55.704Z","waitrose","4.8","per kg","500 g"
,"https://ecom-su-static-prod.wtrecom.com/images/products/3/LN_835184_BP_3.jpg","Waitrose Italian Chicken & Parmesan Fettuccine for 1","Add 3 for £10","true","4.1","835184-759401-759402","https://www.waitrose.com/ecom/products/waitrose-italian-chicken-parmesan-fettuccine-for-1/835184-759401-759402","tagliatelle","2026-04-10T14:41:55.704Z","waitrose","10.25","per kg","400 g"
,"https://ecom-su-static-prod.wtrecom.com/content/dam/waitrosegroceriescms/product-pods/Pasta.jpg","De Cecco Linguine",,"false","2","478718-67531-67532","https://www.waitrose.com/ecom/products/de-cecco-linguine/478718-67531-67532","linguine","2026-04-10T14:42:05.892Z","waitrose","4","per kg","500 g"
,"https://ecom-su-static-prod.wtrecom.com/content/dam/waitrosegroceriescms/product-pods/Pasta.jpg","Waitrose Linguine",,"false","1.85","814116-728056-728057","https://www.waitrose.com/ecom/products/waitrose-linguine/814116-728056-728057","linguine","2026-04-10T14:42:05.892Z","waitrose","3.7","per kg","500 g"
,"https://ecom-su-static-prod.wtrecom.com/content/dam/waitrosegroceriescms/product-pods/Pasta.jpg","Waitrose Fresh Linguine","20% Off. Was £2.60","true","2.08","490361-793220-793221","https://www.waitrose.com/ecom/products/waitrose-fresh-linguine/490361-793220-793221","linguine","2026-04-10T14:42:05.892Z","waitrose","4.16","per kg","500 g"
,"https://ecom-su-static-prod.wtrecom.com/content/dam/waitrosegroceriescms/product-pods/Pasta.jpg","Waitrose Egg Lasagne Sheets",,"false","1.85","658373-728038-728039","https://www.waitrose.com/ecom/products/waitrose-egg-lasagne-sheets/658373-728038-728039","lasagne sheets","2026-04-10T14:42:19.087Z","waitrose","4.93","per kg","375 g"
,"https://ecom-su-static-prod.wtrecom.com/content/dam/waitrosegroceriescms/product-pods/Pasta.jpg","Essential Lasagne Sheets",,"false","2.13","017255-8326-8327","https://www.waitrose.com/ecom/products/essential-lasagne-sheets/017255-8326-8327","lasagne sheets","2026-04-10T14:42:19.087Z","waitrose","2.13","per kg","375 g"
,"https://ecom-su-static-prod.wtrecom.com/content/dam/waitrosegroceriescms/product-pods/Pasta.jpg","Waitrose Free From Gluten Lasagne Sheets",,"false","1.95","712545-174629-174630","https://www.waitrose.com/ecom/products/waitrose-free-from-gluten-lasagne-sheets/712545-174629-174630","lasagne sheets","2026-04-10T14:42:19.087Z","waitrose","7.8","per kg","250 g"
,"https://ecom-su-static-prod.wtrecom.com/content/dam/waitrosegroceriescms/product-pods/Pasta.jpg","Waitrose Fresh Lasagne","20% Off. Was £2.60","true","2.08","879309-793290-793291","https://www.waitrose.com/ecom/products/waitrose-fresh-lasagne/879309-793290-793291","lasagne sheets","2026-04-10T14:42:19.087Z","waitrose","6.94","per kg","300 g"
,"https://ecom-su-static-prod.wtrecom.com/images/products/3/LN_099615_BP_3.jpg","Dolmio Lasagne Original Creamy Sauce","Add 2 for £3.50","true","2.75","099615-50871-50872","https://www.waitrose.com/ecom/products/dolmio-lasagne-original-creamy-sauce/099615-50871-50872","lasagne sheets","2026-04-10T14:42:19.087Z","waitrose","6.25","per kg","440 g"
,"https://ecom-su-static-prod.wtrecom.com/images/products/3/LN_504251_BP_3.jpg","Essential Basmati Rice",,"false","2.5","504251-148433-148434","https://www.waitrose.com/ecom/products/essential-basmati-rice/504251-148433-148434","basmati rice","2026-04-10T14:42:29.263Z","waitrose","2.5","per kg","1 kg"
,"https://ecom-su-static-prod.wtrecom.com/images/products/3/LN_081076_BP_3.jpg","Tilda Pure Basmati Rice","20% Off. Was £16.80","true","13.4","081076-41255-41256","https://www.waitrose.com/ecom/products/tilda-pure-basmati-rice/081076-41255-41256","basmati rice","2026-04-10T14:42:29.263Z","waitrose","2.68","per kg","5 kg"
,"https://ecom-su-static-prod.wtrecom.com/images/products/3/LN_017431_BP_3.jpg","Tilda Pure Basmati Rice",,"false","5.25","017431-8430-8431","https://www.waitrose.com/ecom/products/tilda-pure-basmati-rice/017431-8430-8431","basmati rice","2026-04-10T14:42:29.263Z","waitrose","5.25","per kg","1 kg"
,"https://ecom-su-static-prod.wtrecom.com/images/products/3/LN_056525_BP_3.jpg","Cooks' Ingredients Coriander",,"false","1.7","056525-28377-28378","https://www.waitrose.com/ecom/products/cooks-ingredients-coriander/056525-28377-28378","basmati rice","2026-04-10T14:42:29.263Z","waitrose","17","per kg","100 g"
,"https://ecom-su-static-prod.wtrecom.com/images/products/3/LN_056525_BP_3.jpg","Cooks' Ingredients Coriander",,"false","1.7","056525-28377-28378","https://www.waitrose.com/ecom/products/cooks-ingredients-coriander/056525-28377-28378","basmati rice","2026-04-10T14:42:29.263Z","waitrose","17","per kg","100 g"
,"https://ecom-su-static-prod.wtrecom.com/images/products/3/LN_017442_BP_3.jpg","Essential Long Grain Rice Easy Cook",,"false","1.6","017442-8440-8441","https://www.waitrose.com/ecom/products/essential-long-grain-rice-easy-cook/017442-8440-8441","long grain rice","2026-04-10T14:42:39.385Z","waitrose","1.6","per kg","1 kg"
,"https://ecom-su-static-prod.wtrecom.com/images/products/3/LN_017441_BP_3.jpg","Essential Long Grain Rice Easy Cook",,"false","1","017441-8438-8439","https://www.waitrose.com/ecom/products/essential-long-grain-rice-easy-cook/017441-8438-8439","long grain rice","2026-04-10T14:42:39.385Z","waitrose","2","per kg","500 g"
,"https://ecom-su-static-prod.wtrecom.com/images/products/3/LN_024505_BP_3.jpg","Duchy Organic Long Grain Rice",,"false","2.45","024505-11880-11881","https://www.waitrose.com/ecom/products/duchy-organic-long-grain-rice/024505-11880-11881","long grain rice","2026-04-10T14:42:39.385Z","waitrose","4.9","per kg","500 g"
,"https://ecom-su-static-prod.wtrecom.com/images/products/3/LN_032585_BP_3.jpg","Ben's Original Long Grain Rice","Add 2 for £2","true","1.2","032585-15929-15930","https://www.waitrose.com/ecom/products/bens-original-long-grain-rice/032585-15929-15930","long grain rice","2026-04-10T14:42:39.385Z","waitrose","4.55","per kg","220 g"
,"https://ecom-su-static-prod.wtrecom.com/images/products/3/LN_017121_BP_3.jpg","Ben's Original Long Grain Rice","Save £1.50. Was £5.50","true","4","017121-8257-8258","https://www.waitrose.com/ecom/products/bens-original-long-grain-rice/017121-8257-8258","long grain rice","2026-04-10T14:42:39.385Z","waitrose","4","per kg","1 kg"
,"https://ecom-su-static-prod.wtrecom.com/images/products/3/LN_035324_BP_3.jpg","Tilda Fragrant Jasmine Rice","Save £1.25. Was £3.25","true","2","035324-17795-17796","https://www.waitrose.com/ecom/products/tilda-fragrant-jasmine-rice/035324-17795-17796","jasmine rice","2026-04-10T14:42:49.685Z","waitrose","4","per kg","500 g"
,"https://ecom-su-static-prod.wtrecom.com/images/products/3/LN_742013_BP_3.jpg","Tilda Fragrant Jasmine Rice","Save 65p. Was £1.65","true","1","742013-697904-697905","https://www.waitrose.com/ecom/products/tilda-fragrant-jasmine-rice/742013-697904-697905","jasmine rice","2026-04-10T14:42:49.685Z","waitrose","4","per kg","250 g"
,"https://ecom-su-static-prod.wtrecom.com/images/products/3/LN_905876_BP_3.jpg","Waitrose Satay Chicken with Jasmine Rice",,"false","5.3","905876-1-2","https://www.waitrose.com/ecom/products/waitrose-satay-chicken-with-jasmine-rice/905876-1-2","jasmine rice","2026-04-10T14:42:49.685Z","waitrose","13.25","per kg","400 g"
,"https://ecom-su-static-prod.wtrecom.com/images/products/3/LN_936682_BP_3.jpg","Charlie Bigham's Beef Massaman & Jasmine Rice","Introductory Offer.Will be £10.95","true","8.76","936682-1-2","https://www.waitrose.com/ecom/products/charlie-bighams-beef-massaman-jasmine-rice/936682-1-2","jasmine rice","2026-04-10T14:42:49.685Z","waitrose","11.68","per kg","750 g"
,"https://ecom-su-static-prod.wtrecom.com/images/products/3/LN_997571_BP_3.jpg","Charlie Bigham's Sweet & Sour Pork with Jasmine Rice",,"false","9.95","997571-1-2","https://www.waitrose.com/ecom/products/charlie-bighams-sweet-sour-pork-with-jasmine-rice/997571-1-2","jasmine rice","2026-04-10T14:42:49.685Z","waitrose","13.27","per kg","750 g"
,"https://ecom-su-static-prod.wtrecom.com/images/products/3/LN_731965_BP_3.jpg","Gallo Risotto Arborio Rice",,"false","3.25","731965-723994-723995","https://www.waitrose.com/ecom/products/gallo-risotto-arborio-rice/731965-723994-723995","risotto rice","2026-04-10T14:42:58.968Z","waitrose","6.5","per kg","500 g"
,"https://ecom-su-static-prod.wtrecom.com/images/products/3/LN_017463_BP_3.jpg","Waitrose Arborio Risotto Rice",,"false","2.65","017463-8466-8467","https://www.waitrose.com/ecom/products/waitrose-arborio-risotto-rice/017463-8466-8467","risotto rice","2026-04-10T14:42:58.968Z","waitrose","5.3","per kg","500 g"
,"https://ecom-su-static-prod.wtrecom.com/images/products/3/LN_017540_BP_3.jpg","Gallo Carnaroli Risotto Rice",,"false","3.25","017540-8524-8525","https://www.waitrose.com/ecom/products/gallo-carnaroli-risotto-rice/017540-8524-8525","risotto rice","2026-04-10T14:42:58.968Z","waitrose","6.5","per kg","500 g"
,"https://ecom-su-static-prod.wtrecom.com/images/products/3/LN_670304_BP_3.jpg","Waitrose Italian Mozzarella Strength 1",,"false","1.7","670304-705290-705291","https://www.waitrose.com/ecom/products/waitrose-italian-mozzarella-strength-1/670304-705290-705291","risotto rice","2026-04-10T14:42:58.968Z","waitrose","11.33","per kg","drained 150 g"
,"https://ecom-su-static-prod.wtrecom.com/images/products/3/LN_762472_BP_3.jpg","Duchy Organic Arborio Risotto Rice",,"false","3.75","762472-695174-695175","https://www.waitrose.com/ecom/products/duchy-organic-arborio-risotto-rice/762472-695174-695175","risotto rice","2026-04-10T14:42:58.968Z","waitrose","7.5","per kg","500 g"
,"https://ecom-su-static-prod.wtrecom.com/images/products/3/LN_042895_BP_3.jpg","Waitrose Egg Noodles",,"false","1.35","042895-21200-21201","https://www.waitrose.com/ecom/products/waitrose-egg-noodles/042895-21200-21201","egg noodles","2026-04-10T14:43:07.524Z","waitrose","4.91","per kg","275 g"
,"https://ecom-su-static-prod.wtrecom.com/images/products/3/LN_062764_BP_3.jpg","Waitrose Egg Noodles Medium",,"false","1.3","062764-31867-31868","https://www.waitrose.com/ecom/products/waitrose-egg-noodles-medium/062764-31867-31868","egg noodles","2026-04-10T14:43:07.525Z","waitrose","5.2","per kg","250 g"
,"https://ecom-su-static-prod.wtrecom.com/images/products/3/LN_091761_BP_3.jpg","Waitrose Fine Egg Noodles",,"false","1.3","091761-47246-47247","https://www.waitrose.com/ecom/products/waitrose-fine-egg-noodles/091761-47246-47247","egg noodles","2026-04-10T14:43:07.525Z","waitrose","5.2","per kg","250 g"
,"https://ecom-su-static-prod.wtrecom.com/images/products/3/LN_700414_BP_3.jpg","Sharwood's Medium Egg Noodles","Save £1.05. Was £2.30","true","1.25","700414-813736-813737","https://www.waitrose.com/ecom/products/sharwoods-medium-egg-noodles/700414-813736-813737","egg noodles","2026-04-10T14:43:07.525Z","waitrose","5.54","per kg","226 g"
,"https://ecom-su-static-prod.wtrecom.com/images/products/3/LN_956163_BP_3.jpg","Blue Dragon Medium Egg Noodles",,"false","1.75","956163-828509-828510","https://www.waitrose.com/ecom/products/blue-dragon-medium-egg-noodles/956163-828509-828510","egg noodles","2026-04-10T14:43:07.525Z","waitrose","7","per kg","250 g"
,"https://ecom-su-static-prod.wtrecom.com/images/products/3/LN_720820_BP_3.jpg","Waitrose Rice Noodles",,"false","1.5","720820-767510-767511","https://www.waitrose.com/ecom/products/waitrose-rice-noodles/720820-767510-767511","rice noodles","2026-04-10T14:43:18.323Z","waitrose","8.33","per kg","180 g"
,"https://ecom-su-static-prod.wtrecom.com/images/products/3/LN_830436_BP_3.jpg","Thai Taste Vermicelli Rice Noodles Nests",,"false","1.75","830436-305597-305598","https://www.waitrose.com/ecom/products/thai-taste-vermicelli-rice-noodles-nests/830436-305597-305598","rice noodles","2026-04-10T14:43:18.323Z","waitrose","8.75","per kg","200 g"
,"https://ecom-su-static-prod.wtrecom.com/images/products/3/LN_719870_BP_3.jpg","Blue Dragon Pad Thai Rice Noodles",,"false","1.75","719870-1-2","https://www.waitrose.com/ecom/products/blue-dragon-pad-thai-rice-noodles/719870-1-2","rice noodles","2026-04-10T14:43:18.323Z","waitrose","8.75","per kg","200 g"
,"https://ecom-su-static-prod.wtrecom.com/images/products/3/LN_515095_BP_3.jpg","Waitrose Rice Noodles",,"false","1.5","515095-72777-72778","https://www.waitrose.com/ecom/products/waitrose-rice-noodles/515095-72777-72778","rice noodles","2026-04-10T14:43:18.323Z","waitrose","5.45","per kg","275 g"
,"https://ecom-su-static-prod.wtrecom.com/images/products/3/LN_770922_BP_3.jpg","Waitrose Singapore Rice Noodles",,"false","1.5","770922-745854-745855","https://www.waitrose.com/ecom/products/waitrose-singapore-rice-noodles/770922-745854-745855","rice noodles","2026-04-10T14:43:18.323Z","waitrose","5.45","per kg","275 g"
,"https://ecom-su-static-prod.wtrecom.com/images/products/3/LN_557431_BP_3.jpg","Heinz Baked Beans 6 Pack","Add 2 for £8","true","5.5","557431-707452-707453","https://www.waitrose.com/ecom/products/heinz-baked-beans-6-pack/557431-707452-707453","baked beans","2026-04-10T14:43:27.607Z","waitrose","2.21","per kg","6x415 g"
,"https://ecom-su-static-prod.wtrecom.com/images/products/3/LN_979696_BP_3.jpg","Mr Organic Baked Beans","20% Off. Was £1.65","true","1.3","979696-836473-836474","https://www.waitrose.com/ecom/products/mr-organic-baked-beans/979696-836473-836474","baked beans","2026-04-10T14:43:27.607Z","waitrose","3.25","per kg","400 g"
,"https://ecom-su-static-prod.wtrecom.com/images/products/3/LN_019062_BP_3.jpg","Essential Baked Beans in Tomato Sauce","Add 4 for £2","true","1.19","019062-9205-9206","https://www.waitrose.com/ecom/products/essential-baked-beans-in-tomato-sauce/019062-9205-9206","baked beans","2026-04-10T14:43:27.607Z","waitrose","1.19","per kg","420 g"
,"https://ecom-su-static-prod.wtrecom.com/images/products/3/LN_842358_BP_3.jpg","Heinz Baked Beans No Added Sugar 6 Pack","Add 2 for £8","true","5.5","842358-800748-800749","https://www.waitrose.com/ecom/products/heinz-baked-beans-no-added-sugar-6-pack/842358-800748-800749","baked beans","2026-04-10T14:43:27.607Z","waitrose","2.21","per kg","6x415 g"
,"https://ecom-su-static-prod.wtrecom.com/images/products/3/LN_908210_BP_3.jpg","Heinz Beans & Richmond Sausages","Add 3 for £4.50","true","2.1","908210-829868-829869","https://www.waitrose.com/ecom/products/heinz-beans-richmond-sausages/908210-829868-829869","baked beans","2026-04-10T14:43:27.607Z","waitrose","5.06","per kg","415 g"
,"https://ecom-su-static-prod.wtrecom.com/images/products/3/LN_490191_BP_3.jpg","Mr Organic Italian Organic Chopped Tomatoes",,"false","6.25","490191-730658-730659","https://www.waitrose.com/ecom/products/mr-organic-italian-organic-chopped-tomatoes/490191-730658-730659","chopped tomatoes","2026-04-10T14:43:38.525Z","waitrose","3.91","per kg","4x400 g"
,"https://ecom-su-static-prod.wtrecom.com/images/products/3/LN_073892_BP_3.jpg","Essential Chopped Tomatoes in Natural Juice",,"false","2.4","073892-37497-37497","https://www.waitrose.com/ecom/products/essential-chopped-tomatoes-in-natural-juice/073892-37497-37497","chopped tomatoes","2026-04-10T14:43:38.525Z","waitrose","1.5","per kg","4x400 g"
,"https://ecom-su-static-prod.wtrecom.com/images/products/3/LN_745533_BP_3.jpg","Cirio Polpa Chopped Tomatoes",,"false","5","745533-162203-162204","https://www.waitrose.com/ecom/products/cirio-polpa-chopped-tomatoes/745533-162203-162204","chopped tomatoes","2026-04-10T14:43:38.525Z","waitrose","3.13","per kg","4x400 g"
,"https://ecom-su-static-prod.wtrecom.com/images/products/3/LN_825121_BP_3.jpg","Mutti Finely Chopped Tomatoes","Save £2.05. Was £6.05","true","4","825121-730910-730911","https://www.waitrose.com/ecom/products/mutti-finely-chopped-tomatoes/825121-730910-730911","chopped tomatoes","2026-04-10T14:43:38.525Z","waitrose","2.5","per kg","4x400 g"
,"https://ecom-su-static-prod.wtrecom.com/images/products/3/LN_434827_BP_3.jpg","Mutti Finely Chopped Tomatoes",,"false","1.7","434827-728116-728117","https://www.waitrose.com/ecom/products/mutti-finely-chopped-tomatoes/434827-728116-728117","chopped tomatoes","2026-04-10T14:43:38.525Z","waitrose","4.25","per kg","400 g"
,"https://ecom-su-static-prod.wtrecom.com/images/products/3/LN_918573_BP_3.jpg","Mr Organic Chickpeas",,"false","2.3","918573-848875-848876","https://www.waitrose.com/ecom/products/mr-organic-chickpeas/918573-848875-848876","chickpeas tinned","2026-04-10T14:43:47.290Z","waitrose","10.95","per kg","350 g"
,"https://ecom-su-static-prod.wtrecom.com/images/products/3/LN_421437_BP_3.jpg","Essential Chickpeas in Water",,"false","3.13","421437-805739-805740","https://www.waitrose.com/ecom/products/essential-chickpeas-in-water/421437-805739-805740","chickpeas tinned","2026-04-10T14:43:47.290Z","waitrose","3.13","per kg","240 g Drained"
,"https://ecom-su-static-prod.wtrecom.com/images/products/3/LN_813558_BP_3.jpg","Duchy Organic Chickpeas in Water",,"false","1.25","813558-747686-747687","https://www.waitrose.com/ecom/products/duchy-organic-chickpeas-in-water/813558-747686-747687","chickpeas tinned","2026-04-10T14:43:47.290Z","waitrose","5.08","per kg","drained 246 g"
,"https://ecom-su-static-prod.wtrecom.com/images/products/3/LN_210974_BP_3.jpg","Bold Bean Co. Queen Chickpeas","20% Off. Was £3.50","true","2.8","210974-844567-844568","https://www.waitrose.com/ecom/products/bold-bean-co-queen-chickpeas/210974-844567-844568","chickpeas tinned","2026-04-10T14:43:47.290Z","waitrose","7","per kg","570 g"
,"https://ecom-su-static-prod.wtrecom.com/images/products/3/LN_642125_BP_3.jpg","Belazu Gordo Especial Chickpeas",,"false","3","642125-818722-818723","https://www.waitrose.com/ecom/products/belazu-gordo-especial-chickpeas/642125-818722-818723","chickpeas tinned","2026-04-10T14:43:47.290Z","waitrose","12","per kg","370 g"
,"https://ecom-su-static-prod.wtrecom.com/images/products/3/LN_019547_BP_3.jpg","Essential Red Kidney Beans in Water",,"false","3.13","019547-9481-9482","https://www.waitrose.com/ecom/products/essential-red-kidney-beans-in-water/019547-9481-9482","kidney beans tinned","2026-04-10T14:43:55.699Z","waitrose","3.13","per kg","drained 240 g"
,"https://ecom-su-static-prod.wtrecom.com/images/products/3/LN_019524_BP_3.jpg","Essential Red Kidney Beans in Chilli Sauce",,"false","1","019524-9453-9454","https://www.waitrose.com/ecom/products/essential-red-kidney-beans-in-chilli-sauce/019524-9453-9454","kidney beans tinned","2026-04-10T14:43:55.699Z","waitrose","2.53","per kg","395 g"
,"https://ecom-su-static-prod.wtrecom.com/images/products/3/LN_019525_BP_3.jpg","Essential Red Kidney Beans in Water",,"false","3.61","019525-9455-9456","https://www.waitrose.com/ecom/products/essential-red-kidney-beans-in-water/019525-9455-9456","kidney beans tinned","2026-04-10T14:43:55.699Z","waitrose","3.61","per kg","drained 180 g"
,"https://ecom-su-static-prod.wtrecom.com/images/products/3/LN_482361_BP_3.jpg","Duchy Organic Red Kidney Beans in Water",,"false","1.25","482361-747668-747669","https://www.waitrose.com/ecom/products/duchy-organic-red-kidney-beans-in-water/482361-747668-747669","kidney beans tinned","2026-04-10T14:43:55.699Z","waitrose","4.9","per kg","drained 255 g"
,"https://ecom-su-static-prod.wtrecom.com/images/products/3/LN_002192_BP_3.jpg","Waitrose Red Kidney Beans",,"false","2.15","002192-644-645","https://www.waitrose.com/ecom/products/waitrose-red-kidney-beans/002192-644-645","kidney beans tinned","2026-04-10T14:43:55.700Z","waitrose","4.3","per kg","500 g"
,"https://ecom-su-static-prod.wtrecom.com/images/products/3/LN_019543_BP_3.jpg","Essential Lentils in Water",,"false","2.88","019543-9473-9474","https://www.waitrose.com/ecom/products/essential-lentils-in-water/019543-9473-9474","lentils tinned","2026-04-10T14:44:05.906Z","waitrose","2.88","per kg","drained 260 g"
,"https://ecom-su-static-prod.wtrecom.com/images/products/3/LN_054002_BP_3.jpg","Epicure Organic Bijoux Verts Lentils",,"false","1.2","054002-27077-27078","https://www.waitrose.com/ecom/products/epicure-organic-bijoux-verts-lentils/054002-27077-27078","lentils tinned","2026-04-10T14:44:05.906Z","waitrose","5","per kg","drained 240 g"
,"https://ecom-su-static-prod.wtrecom.com/images/products/3/LN_486439_BP_3.jpg","Merchant Gourmet Thai Green Lentil Curry","Save 85p. Was £2.60","true","1.75","486439-836429-836430","https://www.waitrose.com/ecom/products/merchant-gourmet-thai-green-lentil-curry/486439-836429-836430","lentils tinned","2026-04-10T14:44:05.906Z","waitrose","6.25","per kg","280 g"
,"https://ecom-su-static-prod.wtrecom.com/images/products/3/LN_578794_BP_3.jpg","Waitrose Green Lentils",,"false","2.15","578794-780081-780082","https://www.waitrose.com/ecom/products/waitrose-green-lentils/578794-780081-780082","lentils tinned","2026-04-10T14:44:05.906Z","waitrose","4.3","per kg","500 g"
,"https://ecom-su-static-prod.wtrecom.com/images/products/3/LN_798963_BP_3.jpg","Belazu Pardina Lentils",,"false","3","798963-819045-819046","https://www.waitrose.com/ecom/products/belazu-pardina-lentils/798963-819045-819046","lentils tinned","2026-04-10T14:44:05.906Z","waitrose","10.34","per kg","360 g"
,"https://ecom-su-static-prod.wtrecom.com/images/products/3/LN_067923_BP_3.jpg","Epicure Organic Butter Beans in Water",,"false","1.2","067923-34481-34482","https://www.waitrose.com/ecom/products/epicure-organic-butter-beans-in-water/067923-34481-34482","butter beans tinned","2026-04-10T14:44:14.479Z","waitrose","5","per kg","drained 240 g"
,"https://ecom-su-static-prod.wtrecom.com/images/products/3/LN_805611_BP_3.jpg","Essential Butter Beans",,"false","1.75","805611-805825-805826","https://www.waitrose.com/ecom/products/essential-butter-beans/805611-805825-805826","butter beans tinned","2026-04-10T14:44:14.479Z","waitrose","1.75","per kg","400 g"
,"https://ecom-su-static-prod.wtrecom.com/images/products/3/LN_279654_BP_3.jpg","Bold Bean Co. Queen Butter Beans","20% Off. Was £3.50","true","2.8","279654-844569-844570","https://www.waitrose.com/ecom/products/bold-bean-co-queen-butter-beans/279654-844569-844570","butter beans tinned","2026-04-10T14:44:14.479Z","waitrose","7","per kg","570 g"
,"https://ecom-su-static-prod.wtrecom.com/images/products/3/LN_700325_BP_3.jpg","Duchy Organic Butter Beans",,"false","1.25","700325-747680-747681","https://www.waitrose.com/ecom/products/duchy-organic-butter-beans/700325-747680-747681","butter beans tinned","2026-04-10T14:44:14.479Z","waitrose","5.12","per kg","drained 244 g"
,"https://ecom-su-static-prod.wtrecom.com/images/products/3/LN_374126_BP_3.jpg","Mr Organic Butter Beans",,"false","2.3","374126-848837-848838","https://www.waitrose.com/ecom/products/mr-organic-butter-beans/374126-848837-848838","butter beans tinned","2026-04-10T14:44:14.479Z","waitrose","6.57","per kg","350 g"
,"https://ecom-su-static-prod.wtrecom.com/images/products/3/LN_939279_BP_3.jpg","John West No Drain Tuna Chunks with a Little Spring Water MSC 3x100g","Save £2.25. Was £5.25","true","3","939279-829009-829010","https://www.waitrose.com/ecom/products/john-west-no-drain-tuna-chunks-with-a-little-spring-water-msc-3x100g/939279-829009-829010","tinned tuna","2026-04-10T14:44:23.615Z","waitrose","10","per kg","3x100 g"
,"https://ecom-su-static-prod.wtrecom.com/images/products/3/LN_805573_BP_3.jpg","Essential MSC Tuna Chunks in Spring Water",,"false","4.75","805573-457222-457223","https://www.waitrose.com/ecom/products/essential-msc-tuna-chunks-in-spring-water/805573-457222-457223","tinned tuna","2026-04-10T14:44:23.615Z","waitrose","10.6","per kg","drained 4x112 g"
,"https://ecom-su-static-prod.wtrecom.com/images/products/3/LN_560403_BP_3.jpg","Waitrose MSC Tuna Steak in Olive Oil",,"false","7","560403-729690-729691","https://www.waitrose.com/ecom/products/waitrose-msc-tuna-steak-in-olive-oil/560403-729690-729691","tinned tuna","2026-04-10T14:44:23.615Z","waitrose","8.75","per kg","4x200 g"
,"https://ecom-su-static-prod.wtrecom.com/images/products/3/LN_757125_BP_3.jpg","John West MSC No Drain Tuna Steak in Spring Water",,"false","3.75","757125-631551-631552","https://www.waitrose.com/ecom/products/john-west-msc-no-drain-tuna-steak-in-spring-water/757125-631551-631552","tinned tuna","2026-04-10T14:44:23.615Z","waitrose","20.83","per kg","3x60 g"
,"https://ecom-su-static-prod.wtrecom.com/images/products/3/LN_761039_BP_3.jpg","Waitrose MSC Tuna Steak In Spring Water",,"false","7","761039-728462-728463","https://www.waitrose.com/ecom/products/waitrose-msc-tuna-steak-in-spring-water/761039-728462-728463","tinned tuna","2026-04-10T14:44:23.615Z","waitrose","11.67","per kg","drained 4x150 g"
,"https://ecom-su-static-prod.wtrecom.com/images/products/3/LN_019831_BP_3.jpg","Essential Sweetcorn","Add 3 for £2","true","4.17","019831-9662-9663","https://www.waitrose.com/ecom/products/essential-sweetcorn/019831-9662-9663","tinned sweetcorn","2026-04-10T14:44:31.982Z","waitrose","4.17","per kg","drained 160 g"
,"https://ecom-su-static-prod.wtrecom.com/images/products/3/LN_480836_BP_3.jpg","Green Giant Original Sweetcorn",,"false","3.5","480836-175008-175009","https://www.waitrose.com/ecom/products/green-giant-original-sweetcorn/480836-175008-175009","tinned sweetcorn","2026-04-10T14:44:31.982Z","waitrose","5.3","per kg","drained 4x165 g"
,"https://ecom-su-static-prod.wtrecom.com/images/products/3/LN_844564_BP_3.jpg","Green Giant No Added Salt Sweetcorn",,"false","3.5","844564-175452-175453","https://www.waitrose.com/ecom/products/green-giant-no-added-salt-sweetcorn/844564-175452-175453","tinned sweetcorn","2026-04-10T14:44:31.982Z","waitrose","5.3","per kg","drained 4x165 g"
,"https://ecom-su-static-prod.wtrecom.com/images/products/3/LN_019830_BP_3.jpg","Essential Sweetcorn",,"false","1","019830-9660-9661","https://www.waitrose.com/ecom/products/essential-sweetcorn/019830-9660-9661","tinned sweetcorn","2026-04-10T14:44:31.982Z","waitrose","3.85","per kg","drained 260 g"
,"https://ecom-su-static-prod.wtrecom.com/images/products/3/LN_987154_BP_3.jpg","Waitrose Duchy Organic Sweetcorn",,"false","1.2","987154-836481-836482","https://www.waitrose.com/ecom/products/waitrose-duchy-organic-sweetcorn/987154-836481-836482","tinned sweetcorn","2026-04-10T14:44:31.982Z","waitrose","8.57","per kg","150 g"
,"https://ecom-su-static-prod.wtrecom.com/images/products/3/LN_973266_BP_3.jpg","Waitrose Spicy Keralan Inspired Soup",,"false","1.2","973266-851633-851634","https://www.waitrose.com/ecom/products/waitrose-spicy-keralan-inspired-soup/973266-851633-851634","tinned soup","2026-04-10T14:44:42.176Z","waitrose","3","per kg","400 g"
,"https://ecom-su-static-prod.wtrecom.com/images/products/3/LN_817778_BP_3.jpg","Baxters Super Good Root Veg & Turmeric Soup",,"false","2.5","817778-606830-606831","https://www.waitrose.com/ecom/products/baxters-super-good-root-veg-turmeric-soup/817778-606830-606831","tinned soup","2026-04-10T14:44:42.176Z","waitrose","6.25","per kg","400 g"
,"https://ecom-su-static-prod.wtrecom.com/images/products/3/LN_029143_BP_3.jpg","Heinz Classic Vegetable Soup","Add 3 for £4.50","true","1.75","029143-14211-14212","https://www.waitrose.com/ecom/products/heinz-classic-vegetable-soup/029143-14211-14212","tinned soup","2026-04-10T14:44:42.176Z","waitrose","3.75","per kg","400 g"
,"https://ecom-su-static-prod.wtrecom.com/images/products/3/LN_711714_BP_3.jpg","Mr Organic Black Bean Soup",,"false","1.95","711714-814991-814992","https://www.waitrose.com/ecom/products/mr-organic-black-bean-soup/711714-814991-814992","tinned soup","2026-04-10T14:44:42.176Z","waitrose","4.88","per kg","400 g"
,"https://ecom-su-static-prod.wtrecom.com/images/products/3/LN_029128_BP_3.jpg","Heinz Classic Cream of Chicken Soup","Add 3 for £4.50","true","1.75","029128-14195-14196","https://www.waitrose.com/ecom/products/heinz-classic-cream-of-chicken-soup/029128-14195-14196","tinned soup","2026-04-10T14:44:42.176Z","waitrose","3.75","per kg","400 g"
,"https://ecom-su-static-prod.wtrecom.com/images/products/3/LN_206251_BP_3.jpg","Alpro Coconut Barista With Soya",,"false","2.4","206251-1-2","https://www.waitrose.com/ecom/products/alpro-coconut-barista-with-soya/206251-1-2","coconut milk","2026-04-10T14:44:50.524Z","waitrose","2.4","per litre","1 litre"
,"https://ecom-su-static-prod.wtrecom.com/images/products/3/LN_446420_BP_3.jpg","Essential Coconut Milk",,"false","1.25","446420-62863-62864","https://www.waitrose.com/ecom/products/essential-coconut-milk/446420-62863-62864","coconut milk","2026-04-10T14:44:50.524Z","waitrose","3.13","per litre","400 ml"
,"https://ecom-su-static-prod.wtrecom.com/images/products/3/LN_829563_BP_3.jpg","Alpro Barista Coconut Chilled Dairy Free Milk Alternative",,"false","1.85","829563-826872-826873","https://www.waitrose.com/ecom/products/alpro-barista-coconut-chilled-dairy-free-milk-alternative/829563-826872-826873","coconut milk","2026-04-10T14:44:50.524Z","waitrose","2.47","per litre","750 ml"
,"https://ecom-su-static-prod.wtrecom.com/images/products/3/LN_806313_BP_3.jpg","Rude Health Chilled Coconut Milk Alternative","Save 60p. Was £2.40","true","1.8","806313-601800-601801","https://www.waitrose.com/ecom/products/rude-health-chilled-coconut-milk-alternative/806313-601800-601801","coconut milk","2026-04-10T14:44:50.524Z","waitrose","1.8","per litre","1 litre"
,"https://ecom-su-static-prod.wtrecom.com/images/products/3/LN_495822_BP_3.jpg","Duchy Organic Coconut Milk",,"false","2.5","495822-747390-747391","https://www.waitrose.com/ecom/products/duchy-organic-coconut-milk/495822-747390-747391","coconut milk","2026-04-10T14:44:50.524Z","waitrose","6.25","per litre","400 ml"
,"https://ecom-su-static-prod.wtrecom.com/images/products/3/LN_012958_BP_3.jpg","Loyd Grossman Tomato & Roasted Garlic Sauce","Add 2 for £4","true","3","012958-6312-6313","https://www.waitrose.com/ecom/products/loyd-grossman-tomato-roasted-garlic-sauce/012958-6312-6313","pasta sauce tomato","2026-04-10T14:45:00.177Z","waitrose","8.57","per kg","350 g"
,"https://ecom-su-static-prod.wtrecom.com/images/products/3/LN_378248_BP_3.jpg","No.1 Tomato & Vodka Pasta Sauce",,"false","3.75","378248-830735-830736","https://www.waitrose.com/ecom/products/no1-tomato-vodka-pasta-sauce/378248-830735-830736","pasta sauce tomato","2026-04-10T14:45:00.177Z","waitrose","12.5","per kg","300 g"
,"https://ecom-su-static-prod.wtrecom.com/images/products/3/LN_017520_BP_3.jpg","Loyd Grossman Tomato & Chilli Pasta Sauce","Add 2 for £4","true","3","017520-8508-8509","https://www.waitrose.com/ecom/products/loyd-grossman-tomato-chilli-pasta-sauce/017520-8508-8509","pasta sauce tomato","2026-04-10T14:45:00.177Z","waitrose","8.57","per kg","350 g"
,"https://ecom-su-static-prod.wtrecom.com/images/products/3/LN_017519_BP_3.jpg","Loyd Grossman Tomato & Basil Pasta Sauce","Add 2 for £4","true","3","017519-8506-8507","https://www.waitrose.com/ecom/products/loyd-grossman-tomato-basil-pasta-sauce/017519-8506-8507","pasta sauce tomato","2026-04-10T14:45:00.177Z","waitrose","8.57","per kg","350 g"
,"https://ecom-su-static-prod.wtrecom.com/images/products/3/LN_396003_BP_3.jpg","Waitrose Red Chilli & Tomato Pesto","20% Off. Was £3.00","true","2.4","396003-211598-211599","https://www.waitrose.com/ecom/products/waitrose-red-chilli-tomato-pesto/396003-211598-211599","pasta sauce tomato","2026-04-10T14:45:00.177Z","waitrose","16.56","per kg","145 g"
,"https://ecom-su-static-prod.wtrecom.com/images/products/3/LN_052941_BP_3.jpg","Waitrose Green Pesto with Basil","20% Off. Was £3.00","true","2.4","052941-26416-26417","https://www.waitrose.com/ecom/products/waitrose-green-pesto-with-basil/052941-26416-26417","pesto green","2026-04-10T14:45:08.092Z","waitrose","16.56","per kg","145 g"
,"https://ecom-su-static-prod.wtrecom.com/images/products/3/LN_382259_BP_3.jpg","Waitrose High Protein Green Pesto Chicken",,"false","5","382259-844425-844426","https://www.waitrose.com/ecom/products/waitrose-high-protein-green-pesto-chicken/382259-844425-844426","pesto green","2026-04-10T14:45:08.092Z","waitrose","12.5","per kg","400 g"
,"https://ecom-su-static-prod.wtrecom.com/images/products/3/LN_017390_BP_3.jpg","Waitrose Green Basil Pesto",,"false","2.2","017390-8408-8409","https://www.waitrose.com/ecom/products/waitrose-green-basil-pesto/017390-8408-8409","pesto green","2026-04-10T14:45:08.092Z","waitrose","11.58","per kg","190 g"
,"https://ecom-su-static-prod.wtrecom.com/images/products/3/LN_494695_BP_3.jpg","All Plants By Deliciously Ella Green Basil Vegan Pesto With Tofu","20% Off. Was £3.00","true","2.4","494695-802533-802534","https://www.waitrose.com/ecom/products/all-plants-by-deliciously-ella-green-basil-vegan-pesto-with-tofu/494695-802533-802534","pesto green","2026-04-10T14:45:08.092Z","waitrose","13.34","per kg","180 g"
,"https://ecom-su-static-prod.wtrecom.com/images/products/3/LN_728530_BP_3.jpg","Sharwood's Tikka Masala Curry Sauce","Add 2 for £4","true","2.65","728530-140476-140477","https://www.waitrose.com/ecom/products/sharwoods-tikka-masala-curry-sauce/728530-140476-140477","curry paste tikka","2026-04-10T14:45:16.286Z","waitrose","6.31","per kg","420 g"
,"https://ecom-su-static-prod.wtrecom.com/images/products/3/LN_458221_BP_3.jpg","Waitrose Tikka Masala Paste",,"false","2.1","458221-766787-766788","https://www.waitrose.com/ecom/products/waitrose-tikka-masala-paste/458221-766787-766788","curry paste tikka","2026-04-10T14:45:16.286Z","waitrose","11.67","per kg","180 g"
,"https://ecom-su-static-prod.wtrecom.com/images/products/3/LN_880891_BP_3.jpg","Holy Cow! Delhi Tikka Masala Curry Sauce",,"false","2.5","880891-703668-703669","https://www.waitrose.com/ecom/products/holy-cow-delhi-tikka-masala-curry-sauce/880891-703668-703669","curry paste tikka","2026-04-10T14:45:16.286Z","waitrose","10","per kg","250 g"
,"https://ecom-su-static-prod.wtrecom.com/images/products/3/LN_051711_BP_3.jpg","Patak's Tikka Masala Paste",,"false","3.5","051711-25740-25741","https://www.waitrose.com/ecom/products/pataks-tikka-masala-paste/051711-25740-25741","curry paste tikka","2026-04-10T14:45:16.286Z","waitrose","12.37","per kg","283 g"
,"https://ecom-su-static-prod.wtrecom.com/images/products/3/LN_632620_BP_3.jpg","Waitrose Tikka Masala Sauce",,"false","1.75","632620-776991-776992","https://www.waitrose.com/ecom/products/waitrose-tikka-masala-sauce/632620-776991-776992","curry paste tikka","2026-04-10T14:45:16.286Z","waitrose","3.89","per kg","450 g"
,"https://ecom-su-static-prod.wtrecom.com/images/products/3/LN_688706_BP_3.jpg","Sharwood's Korma Curry Sauce","Add 2 for £4","true","2.65","688706-140410-140411","https://www.waitrose.com/ecom/products/sharwoods-korma-curry-sauce/688706-140410-140411","curry paste korma","2026-04-10T14:45:24.319Z","waitrose","6.31","per kg","420 g"
,"https://ecom-su-static-prod.wtrecom.com/images/products/3/LN_835814_BP_3.jpg","Waitrose Korma Spice Paste",,"false","2.1","835814-824924-824925","https://www.waitrose.com/ecom/products/waitrose-korma-spice-paste/835814-824924-824925","curry paste korma","2026-04-10T14:45:24.319Z","waitrose","11.67","per kg","180 g"
,"https://ecom-su-static-prod.wtrecom.com/images/products/3/LN_007683_BP_3.jpg","Patak's Mild Korma Spice Paste",,"false","3.5","007683-3596-3597","https://www.waitrose.com/ecom/products/pataks-mild-korma-spice-paste/007683-3596-3597","curry paste korma","2026-04-10T14:45:24.319Z","waitrose","12.07","per kg","290 g"
,"https://ecom-su-static-prod.wtrecom.com/images/products/3/LN_501670_BP_3.jpg","Waitrose Korma Sauce",,"false","1.75","501670-776983-776984","https://www.waitrose.com/ecom/products/waitrose-korma-sauce/501670-776983-776984","curry paste korma","2026-04-10T14:45:24.319Z","waitrose","3.89","per kg","450 g"
,"https://ecom-su-static-prod.wtrecom.com/images/products/3/LN_337161_BP_3.jpg","Bang! Curry Korma Sauce Kit",,"false","2.25","337161-843516-843517","https://www.waitrose.com/ecom/products/bang-curry-korma-sauce-kit/337161-843516-843517","curry paste korma","2026-04-10T14:45:24.319Z","waitrose","66.18","per kg","34 g"
,"https://ecom-su-static-prod.wtrecom.com/images/products/3/LN_004371_BP_3.jpg","St. Dalfour Strawberry Spread",,"false","3.4","004371-1809-1810","https://www.waitrose.com/ecom/products/st-dalfour-strawberry-spread/004371-1809-1810","jam strawberry","2026-04-10T14:45:32.619Z","waitrose","11.97","per kg","284 g"
,"https://ecom-su-static-prod.wtrecom.com/images/products/3/LN_004407_BP_3.jpg","Essential Waitrose strawberry jam",,"false","1.2","004407-1829-1830","https://www.waitrose.com/ecom/products/essential-waitrose-strawberry-jam/004407-1829-1830","jam strawberry","2026-04-10T14:45:32.619Z","waitrose","2.64","per kg","454 g"
,"https://ecom-su-static-prod.wtrecom.com/images/products/3/LN_896109_BP_3.jpg","Bonne Maman Strawberry Jam",,"false","4.2","896109-691330-691331","https://www.waitrose.com/ecom/products/bonne-maman-strawberry-jam/896109-691330-691331","jam strawberry","2026-04-10T14:45:32.619Z","waitrose","12.54","per kg","335 g"
,"https://ecom-su-static-prod.wtrecom.com/images/products/3/LN_258860_BP_3.jpg","Waitrose Strawberry Jam & Cream Victoria Sponge",,"false","4","258860-845643-845644","https://www.waitrose.com/ecom/products/waitrose-strawberry-jam-cream-victoria-sponge/258860-845643-845644","jam strawberry","2026-04-10T14:45:32.619Z","waitrose","11.76","per kg","340 g"
,"https://ecom-su-static-prod.wtrecom.com/images/products/3/LN_615219_BP_3.jpg","Duchy Organic Strawberry Extra Jam Preserve",,"false","2.8","615219-87285-87286","https://www.waitrose.com/ecom/products/duchy-organic-strawberry-extra-jam-preserve/615219-87285-87286","jam strawberry","2026-04-10T14:45:32.619Z","waitrose","8.24","per kg","340 g"
,"https://ecom-su-static-prod.wtrecom.com/images/products/3/LN_614804_BP_3.jpg","Pip & Nut Crunchy Peanut Butter",,"false","3.6","614804-785730-785731","https://www.waitrose.com/ecom/products/pip-nut-crunchy-peanut-butter/614804-785730-785731","peanut butter","2026-04-10T14:45:42.202Z","waitrose","12","per kg","300 g"
,"https://ecom-su-static-prod.wtrecom.com/images/products/3/LN_966737_BP_3.jpg","Waitrose 100% Peanuts Smooth Peanut Butter",,"false","2","966737-847323-847324","https://www.waitrose.com/ecom/products/waitrose-100-peanuts-smooth-peanut-butter/966737-847323-847324","peanut butter","2026-04-10T14:45:42.202Z","waitrose","5.88","per kg","340 g"
,"https://ecom-su-static-prod.wtrecom.com/images/products/3/LN_822426_BP_3.jpg","Pip & Nut Smooth Peanut Butter",,"false","3.6","822426-785818-785819","https://www.waitrose.com/ecom/products/pip-nut-smooth-peanut-butter/822426-785818-785819","peanut butter","2026-04-10T14:45:42.202Z","waitrose","12","per kg","300 g"
,"https://ecom-su-static-prod.wtrecom.com/images/products/3/LN_967322_BP_3.jpg","Bonne Maman Sweet & Crunchy Peanut Spread",,"false","3","967322-835766-835767","https://www.waitrose.com/ecom/products/bonne-maman-sweet-crunchy-peanut-spread/967322-835766-835767","peanut butter","2026-04-10T14:45:42.202Z","waitrose","13.04","per kg","230 g"
,"https://ecom-su-static-prod.wtrecom.com/images/products/3/LN_905532_BP_3.jpg","Waitrose 100% Peanuts Crunchy Peanut Butter",,"false","2","905532-847191-847192","https://www.waitrose.com/ecom/products/waitrose-100-peanuts-crunchy-peanut-butter/905532-847191-847192","peanut butter","2026-04-10T14:45:42.202Z","waitrose","5.88","per kg","340 g"
,"https://ecom-su-static-prod.wtrecom.com/images/products/3/LN_969512_BP_3.jpg","Sharwood's Thai Green Curry Sauce","Save 80p. Was £2.65","true","1.85","969512-828515-828516","https://www.waitrose.com/ecom/products/sharwoods-thai-green-curry-sauce/969512-828515-828516","stir fry sauce","2026-04-10T14:45:51.592Z","waitrose","4.46","per kg","415 g"
,"https://ecom-su-static-prod.wtrecom.com/images/products/3/LN_486129_BP_3.jpg","Waitrose Soy & Ginger Stir Fry Sauce",,"false","1.3","486129-824552-824553","https://www.waitrose.com/ecom/products/waitrose-soy-ginger-stir-fry-sauce/486129-824552-824553","stir fry sauce","2026-04-10T14:45:51.592Z","waitrose","8.67","per kg","150 g"
,"https://ecom-su-static-prod.wtrecom.com/images/products/3/LN_987482_BP_3.jpg","Sharwood's Chinese Curry Sauce","Save 80p. Was £2.65","true","1.85","987482-828537-828538","https://www.waitrose.com/ecom/products/sharwoods-chinese-curry-sauce/987482-828537-828538","stir fry sauce","2026-04-10T14:45:51.592Z","waitrose","4.36","per kg","425 g"
,"https://ecom-su-static-prod.wtrecom.com/images/products/3/LN_254558_BP_3.jpg","Sharwood's Thai Red Curry Sauce","Save 80p. Was £2.65","true","1.85","254558-828353-828354","https://www.waitrose.com/ecom/products/sharwoods-thai-red-curry-sauce/254558-828353-828354","stir fry sauce","2026-04-10T14:45:51.592Z","waitrose","4.46","per kg","415 g"
,"https://ecom-su-static-prod.wtrecom.com/images/products/3/LN_630690_BP_3.jpg","Waitrose Coconut & Lemongrass Stir Fry Sauce",,"false","1.3","630690-824568-824569","https://www.waitrose.com/ecom/products/waitrose-coconut-lemongrass-stir-fry-sauce/630690-824568-824569","stir fry sauce","2026-04-10T14:45:51.592Z","waitrose","8.67","per kg","150 g"
,"https://ecom-su-static-prod.wtrecom.com/images/products/3/LN_837228_BP_3.jpg","Nutella Chocolate Hazelnut Spread",,"false","5.5","837228-705772-705773","https://www.waitrose.com/ecom/products/nutella-chocolate-hazelnut-spread/837228-705772-705773","nutella","2026-04-10T14:46:00.011Z","waitrose","8.73","per kg","630 g"
,"https://ecom-su-static-prod.wtrecom.com/images/products/3/LN_712158_BP_3.jpg","Nutella Chocolate Hazelnut Spread",,"false","3.25","712158-741917-741918","https://www.waitrose.com/ecom/products/nutella-chocolate-hazelnut-spread/712158-741917-741918","nutella","2026-04-10T14:46:00.011Z","waitrose","9.29","per kg","350 g"
,"https://ecom-su-static-prod.wtrecom.com/images/products/3/LN_511395_BP_3.jpg","Nutella B-Ready Chocolate Hazelnut Wafer Biscuit Multipack 6 Bars",,"false","2.5","511395-658173-658174","https://www.waitrose.com/ecom/products/nutella-b-ready-chocolate-hazelnut-wafer-biscuit-multipack-6-bars/511395-658173-658174","nutella","2026-04-10T14:46:00.011Z","waitrose","18.94","per kg","132 g"
,"https://ecom-su-static-prod.wtrecom.com/images/products/3/LN_804060_BP_3.jpg","Nutella Biscuits Chocolate Hazelnut Pouch Multipack",,"false","3.65","804060-812553-812554","https://www.waitrose.com/ecom/products/nutella-biscuits-chocolate-hazelnut-pouch-multipack/804060-812553-812554","nutella","2026-04-10T14:46:00.011Z","waitrose","13.22","per kg","276 g"
,"https://ecom-su-static-prod.wtrecom.com/images/products/3/LN_911373_BP_3.jpg","Nutella Ice Cream","Save £1.25. Was £5.75","true","4.5","911373-1-2","https://www.waitrose.com/ecom/products/nutella-ice-cream/911373-1-2","nutella","2026-04-10T14:46:00.011Z","waitrose","9.58","per litre","470 ml"
,"https://ecom-su-static-prod.wtrecom.com/images/products/3/LN_676915_BP_3.jpg","Heinz Tomato Ketchup","Add 2 for £7","true","3.9","676915-769174-769175","https://www.waitrose.com/ecom/products/heinz-tomato-ketchup/676915-769174-769175","tomato ketchup","2026-04-10T14:46:08.404Z","waitrose","5.57","per kg","700 g"
,"https://ecom-su-static-prod.wtrecom.com/images/products/3/LN_097580_BP_3.jpg","Essential Tomato Ketchup",,"false","1","097580-49819-49820","https://www.waitrose.com/ecom/products/essential-tomato-ketchup/097580-49819-49820","tomato ketchup","2026-04-10T14:46:08.404Z","waitrose","2.13","per kg","470 g"
,"https://ecom-su-static-prod.wtrecom.com/images/products/3/LN_768021_BP_3.jpg","Stokes Reduced Sugar Tomato Ketchup","Save 95p. Was £3.95","true","3","768021-724833-724834","https://www.waitrose.com/ecom/products/stokes-reduced-sugar-tomato-ketchup/768021-724833-724834","tomato ketchup","2026-04-10T14:46:08.404Z","waitrose","6.32","per kg","475 g"
,"https://ecom-su-static-prod.wtrecom.com/images/products/3/LN_909961_BP_3.jpg","Dr. Will's Tomato Ketchup",,"false","2.8","909961-826788-826789","https://www.waitrose.com/ecom/products/dr-wills-tomato-ketchup/909961-826788-826789","tomato ketchup","2026-04-10T14:46:08.404Z","waitrose","11.2","per kg","250 g"
,"https://ecom-su-static-prod.wtrecom.com/images/products/3/LN_074234_BP_3.jpg","Heinz Tomato Ketchup",,"false","3","074234-37688-37689","https://www.waitrose.com/ecom/products/heinz-tomato-ketchup/074234-37688-37689","tomato ketchup","2026-04-10T14:46:08.404Z","waitrose","6.52","per kg","460 g"
,"https://ecom-su-static-prod.wtrecom.com/images/products/3/LN_640911_BP_3.jpg","Heinz Seriously Good Mayonnaise","Save 60p. Was £4.10","true","3.5","640911-826752-826753","https://www.waitrose.com/ecom/products/heinz-seriously-good-mayonnaise/640911-826752-826753","mayonnaise","2026-04-10T14:46:17.594Z","waitrose","4.52","per kg","775 g"
,"https://ecom-su-static-prod.wtrecom.com/images/products/3/LN_034538_BP_3.jpg","Essential Mayonnaise",,"false","1.4","034538-17345-17346","https://www.waitrose.com/ecom/products/essential-mayonnaise/034538-17345-17346","mayonnaise","2026-04-10T14:46:17.594Z","waitrose","2.8","per litre","500 ml"
,"https://ecom-su-static-prod.wtrecom.com/images/products/3/LN_921452_BP_3.jpg","Hunter & Gather Avocado Oil Mayonnaise",,"false","4.5","921452-1-2","https://www.waitrose.com/ecom/products/hunter-gather-avocado-oil-mayonnaise/921452-1-2","mayonnaise","2026-04-10T14:46:17.594Z","waitrose","25.71","per kg","175 g"
,"https://ecom-su-static-prod.wtrecom.com/images/products/3/LN_469422_BP_3.jpg","Stokes Garlic Mayonnaise","Save 80p. Was £4.00","true","3.2","469422-319856-319857","https://www.waitrose.com/ecom/products/stokes-garlic-mayonnaise/469422-319856-319857","mayonnaise","2026-04-10T14:46:17.594Z","waitrose","9.28","per kg","345 g"
,"https://ecom-su-static-prod.wtrecom.com/images/products/3/LN_023669_BP_3.jpg","Duchy Organic Mayonnaise",,"false","2.9","023669-11478-11479","https://www.waitrose.com/ecom/products/duchy-organic-mayonnaise/023669-11478-11479","mayonnaise","2026-04-10T14:46:17.594Z","waitrose","11.6","per litre","250 ml"
,"https://ecom-su-static-prod.wtrecom.com/images/products/3/LN_787926_BP_3.jpg","Tracklements Caramelised Onion Marmalade","20% Off. Was £3.25","true","2.6","787926-791595-791596","https://www.waitrose.com/ecom/products/tracklements-caramelised-onion-marmalade/787926-791595-791596","marmalade","2026-04-10T14:46:26.014Z","waitrose","12.39","per kg","210 g"
,"https://ecom-su-static-prod.wtrecom.com/images/products/3/LN_004556_BP_3.jpg","Frank Cooper's Original Oxford Marmalade","Save 90p. Was £3.40","true","2.5","004556-1933-1934","https://www.waitrose.com/ecom/products/frank-coopers-original-oxford-marmalade/004556-1933-1934","marmalade","2026-04-10T14:46:26.014Z","waitrose","5.51","per kg","454 g"
,"https://ecom-su-static-prod.wtrecom.com/images/products/3/LN_413777_BP_3.jpg","La Vieja Fábrica Seville Orange Marmalade","Save 50p. Was £2.50","true","2","413777-135872-135873","https://www.waitrose.com/ecom/products/la-vieja-fabrica-seville-orange-marmalade/413777-135872-135873","marmalade","2026-04-10T14:46:26.014Z","waitrose","5.48","per kg","365 g"
,"https://ecom-su-static-prod.wtrecom.com/images/products/3/LN_004503_BP_3.jpg","Essential Seville Orange Marmalade Thick Cut",,"false","1.2","004503-1907-1908","https://www.waitrose.com/ecom/products/essential-seville-orange-marmalade-thick-cut/004503-1907-1908","marmalade","2026-04-10T14:46:26.014Z","waitrose","2.64","per kg","454 g"
,"https://ecom-su-static-prod.wtrecom.com/images/products/3/LN_649088_BP_3.jpg","Tiptree 'Old Times' Orange Marmalade",,"false","2.95","649088-801170-801171","https://www.waitrose.com/ecom/products/tiptree-old-times-orange-marmalade/649088-801170-801171","marmalade","2026-04-10T14:46:26.014Z","waitrose","8.68","per kg","340 g"
,"https://ecom-su-static-prod.wtrecom.com/images/products/3/LN_078394_BP_3.jpg","Scott's Porage Original Porridge Oats 1kg","Add 2 for £4.50","true","3.15","078394-39911-39912","https://www.waitrose.com/ecom/products/scotts-porage-original-porridge-oats-1kg/078394-39911-39912","porridge oats","2026-04-10T14:46:36.611Z","waitrose","2.25","per kg","1 kg"
,"https://ecom-su-static-prod.wtrecom.com/images/products/3/LN_001224_BP_3.jpg","Essential Porridge Oats 1kg",,"false","1.25","001224-164-165","https://www.waitrose.com/ecom/products/essential-porridge-oats-1kg/001224-164-165","porridge oats","2026-04-10T14:46:36.611Z","waitrose","1.25","per kg","1 kg"
,"https://ecom-su-static-prod.wtrecom.com/images/products/3/LN_036284_BP_3.jpg","Scott's Porage Old Fashioned Porridge Oats 1kg","Add 2 for £4.50","true","3.15","036284-18201-18202","https://www.waitrose.com/ecom/products/scotts-porage-old-fashioned-porridge-oats-1kg/036284-18201-18202","porridge oats","2026-04-10T14:46:36.611Z","waitrose","2.25","per kg","1 kg"
,"https://ecom-su-static-prod.wtrecom.com/images/products/3/LN_516342_BP_3.jpg","Quaker Oat So Simple Family Pack Original Porridge Sachets 540g",,"false","5","516342-752933-752934","https://www.waitrose.com/ecom/products/quaker-oat-so-simple-family-pack-original-porridge-sachets-540g/516342-752933-752934","porridge oats","2026-04-10T14:46:36.611Z","waitrose","9.26","per kg","594 G"
,"https://ecom-su-static-prod.wtrecom.com/images/products/3/LN_029098_BP_3.jpg","Flahavan's Organic Porridge Oats 1kg",,"false","3","029098-14173-14174","https://www.waitrose.com/ecom/products/flahavans-organic-porridge-oats-1kg/029098-14173-14174","porridge oats","2026-04-10T14:46:36.611Z","waitrose","3","per kg","1 kg"
,"https://ecom-su-static-prod.wtrecom.com/images/products/3/LN_794375_BP_3.jpg","HP Brown Sauce",,"false","3.5","794375-133446-133447","https://www.waitrose.com/ecom/products/hp-brown-sauce/794375-133446-133447","brown sauce","2026-04-10T14:46:45.101Z","waitrose","7.78","per kg","450 g"
,"https://ecom-su-static-prod.wtrecom.com/images/products/3/LN_026930_BP_3.jpg","Essential Squeezy Brown Sauce",,"false","1.15","026930-13101-13102","https://www.waitrose.com/ecom/products/essential-squeezy-brown-sauce/026930-13101-13102","brown sauce","2026-04-10T14:46:45.101Z","waitrose","2.45","per kg","470 g"
,"https://ecom-su-static-prod.wtrecom.com/images/products/3/LN_637369_BP_3.jpg","Stokes Real Brown Sauce",,"false","3.6","637369-90502-90503","https://www.waitrose.com/ecom/products/stokes-real-brown-sauce/637369-90502-90503","brown sauce","2026-04-10T14:46:45.101Z","waitrose","11.25","per kg","320 g"
,"https://ecom-su-static-prod.wtrecom.com/images/products/3/LN_073552_BP_3.jpg","HP Brown Sauce Small Bottle","Save 50p. Was £2.50","true","2","073552-37312-37313","https://www.waitrose.com/ecom/products/hp-brown-sauce-small-bottle/073552-37312-37313","brown sauce","2026-04-10T14:46:45.101Z","waitrose","7.02","per kg","285 g"
,"https://ecom-su-static-prod.wtrecom.com/images/products/3/LN_958060_BP_3.jpg","HP Fruity Brown Sauce",,"false","3.5","958060-847779-847780","https://www.waitrose.com/ecom/products/hp-fruity-brown-sauce/958060-847779-847780","brown sauce","2026-04-10T14:46:45.101Z","waitrose","7.45","per kg","470 g"
,"https://ecom-su-static-prod.wtrecom.com/images/products/3/LN_001048_BP_3.jpg","Kellogg's Corn Flakes Breakfast Cereal Large Pack 670g","Save 65p. Was £3.50","true","2.85","001048-27-28","https://www.waitrose.com/ecom/products/kelloggs-corn-flakes-breakfast-cereal-large-pack-670g/001048-27-28","cornflakes","2026-04-10T14:46:53.812Z","waitrose","4.26","per kg","670 g"
,"https://ecom-su-static-prod.wtrecom.com/images/products/3/LN_001204_BP_3.jpg","Essential Corn Flakes 500g",,"false","1","001204-144-145","https://www.waitrose.com/ecom/products/essential-corn-flakes-500g/001204-144-145","cornflakes","2026-04-10T14:46:53.812Z","waitrose","2","per kg","500 g"
,"https://ecom-su-static-prod.wtrecom.com/images/products/3/LN_865264_BP_3.jpg","Waitrose Mini Cornflake Cluster Bites","Save 50p. Was £4.00","true","3.5","865264-694040-694041","https://www.waitrose.com/ecom/products/waitrose-mini-cornflake-cluster-bites/865264-694040-694041","cornflakes","2026-04-10T14:46:53.812Z","waitrose","17.5","per kg","200 g"
,"https://ecom-su-static-prod.wtrecom.com/images/products/3/LN_711113_BP_3.jpg","Kellogg's Corn Flakes Breakfast Cereal 450g",,"false","2.5","711113-772642-772643","https://www.waitrose.com/ecom/products/kelloggs-corn-flakes-breakfast-cereal-450g/711113-772642-772643","cornflakes","2026-04-10T14:46:53.812Z","waitrose","5.56","per kg","450 g"
,"https://ecom-su-static-prod.wtrecom.com/images/products/3/LN_059577_BP_3.jpg","Kallo Organic Corn Flakes",,"false","2.6","059577-30038-30039","https://www.waitrose.com/ecom/products/kallo-organic-corn-flakes/059577-30038-30039","cornflakes","2026-04-10T14:46:53.812Z","waitrose","6.93","per kg","375 g"
,"https://ecom-su-static-prod.wtrecom.com/images/products/3/LN_985222_BP_3.jpg","All Dressed Up Miso & Sesame Dressing","20% Off. Was £5.00","true","4","985222-1-2","https://www.waitrose.com/ecom/products/all-dressed-up-miso-sesame-dressing/985222-1-2","soy sauce","2026-04-10T14:47:02.123Z","waitrose","16","per litre","250 ml"
,"https://ecom-su-static-prod.wtrecom.com/images/products/3/LN_979997_BP_3.jpg","Kikkoman Soy Sauce",,"false","4.5","979997-828527-828528","https://www.waitrose.com/ecom/products/kikkoman-soy-sauce/979997-828527-828528","soy sauce","2026-04-10T14:47:02.123Z","waitrose","9","per litre","500 ml"
,"https://ecom-su-static-prod.wtrecom.com/images/products/3/LN_986231_BP_3.jpg","All Dressed Up Everyday House Dressing","20% Off. Was £5.00","true","4","986231-1-2","https://www.waitrose.com/ecom/products/all-dressed-up-everyday-house-dressing/986231-1-2","soy sauce","2026-04-10T14:47:02.123Z","waitrose","16","per litre","250 ml"
,"https://ecom-su-static-prod.wtrecom.com/images/products/3/LN_034687_BP_3.jpg","Kikkoman Soy Sauce","25% Off. Was £3.00","true","2.25","034687-17471-17472","https://www.waitrose.com/ecom/products/kikkoman-soy-sauce/034687-17471-17472","soy sauce","2026-04-10T14:47:02.123Z","waitrose","15","per litre","150 ml"
,"https://ecom-su-static-prod.wtrecom.com/images/products/3/LN_752262_BP_3.jpg","Waitrose Reduced Salt Light Soy Sauce",,"false","1.35","752262-784748-784749","https://www.waitrose.com/ecom/products/waitrose-reduced-salt-light-soy-sauce/752262-784748-784749","soy sauce","2026-04-10T14:47:02.123Z","waitrose","9","per litre","150 ml"
,"https://ecom-su-static-prod.wtrecom.com/images/products/3/LN_034619_BP_3.jpg","Lea & Perrins Worcestershire Sauce","Save 50p. Was £2.50","true","2","034619-17411-17412","https://www.waitrose.com/ecom/products/lea-perrins-worcestershire-sauce/034619-17411-17412","worcestershire sauce","2026-04-10T14:47:10.217Z","waitrose","13.34","per litre","150 ml"
,"https://ecom-su-static-prod.wtrecom.com/images/products/3/LN_034620_BP_3.jpg","Lea & Perrins Worcestershire Sauce",,"false","3.5","034620-17413-17414","https://www.waitrose.com/ecom/products/lea-perrins-worcestershire-sauce/034620-17413-17414","worcestershire sauce","2026-04-10T14:47:10.217Z","waitrose","12.07","per litre","290 ml"
,"https://ecom-su-static-prod.wtrecom.com/images/products/3/LN_098795_BP_3.jpg","Henderson's Relish",,"false","2.35","098795-50373-50374","https://www.waitrose.com/ecom/products/hendersons-relish/098795-50373-50374","worcestershire sauce","2026-04-10T14:47:10.217Z","waitrose","8.27","per litre","284 ml"
,"https://ecom-su-static-prod.wtrecom.com/images/products/3/LN_006347_BP_3.jpg","Geo Watkins Mushroom Ketchup",,"false","2.5","006347-2824-2825","https://www.waitrose.com/ecom/products/geo-watkins-mushroom-ketchup/006347-2824-2825","worcestershire sauce","2026-04-10T14:47:10.217Z","waitrose","13.16","per litre","190 ml"
,"https://ecom-su-static-prod.wtrecom.com/images/products/3/LN_833171_BP_3.jpg","Spoon Granola Cinnamon + Pecan 400g","Save £1.00. Was £4.50","true","3.5","833171-566725-566726","https://www.waitrose.com/ecom/products/spoon-granola-cinnamon-pecan-400g/833171-566725-566726","granola","2026-04-10T14:47:20.100Z","waitrose","8.75","per kg","400 g"
,"https://ecom-su-static-prod.wtrecom.com/images/products/3/LN_811721_BP_3.jpg","Waitrose Berry Granola 1Kg",,"false","3","811721-772666-772667","https://www.waitrose.com/ecom/products/waitrose-berry-granola-1kg/811721-772666-772667","granola","2026-04-10T14:47:20.101Z","waitrose","3","per kg","1 Kg"
,"https://ecom-su-static-prod.wtrecom.com/images/products/3/LN_216386_BP_3.jpg","Bio&Me Gluten Free Granola Fruit & Nut","Save £1.20. Was £4.15","true","2.95","216386-848365-848366","https://www.waitrose.com/ecom/products/biome-gluten-free-granola-fruit-nut/216386-848365-848366","granola","2026-04-10T14:47:20.101Z","waitrose","8.43","per kg","350 g"
,"https://ecom-su-static-prod.wtrecom.com/images/products/3/LN_275296_BP_3.jpg","Bio&Me Gluten Free Granola Berry Burst","Save £1.20. Was £4.15","true","2.95","275296-848381-848382","https://www.waitrose.com/ecom/products/biome-gluten-free-granola-berry-burst/275296-848381-848382","granola","2026-04-10T14:47:20.101Z","waitrose","8.43","per kg","350 g"
,"https://ecom-su-static-prod.wtrecom.com/images/products/3/LN_946669_BP_3.jpg","Waitrose Simply Granola Breakfast Cereal",,"false","3","946669-837442-837443","https://www.waitrose.com/ecom/products/waitrose-simply-granola-breakfast-cereal/946669-837442-837443","granola","2026-04-10T14:47:20.101Z","waitrose","3","per kg","1 Kg"
,"https://ecom-su-static-prod.wtrecom.com/images/products/3/LN_583123_BP_3.jpg","Frank's RedHot Original Peppersauce",,"false","2.8","583123-82661-82662","https://www.waitrose.com/ecom/products/franks-redhot-original-peppersauce/583123-82661-82662","hot sauce","2026-04-10T14:47:29.805Z","waitrose","18.92","per litre","148 ml"
,"https://ecom-su-static-prod.wtrecom.com/images/products/3/LN_599303_BP_3.jpg","Cholula Original Hot Sauce",,"false","2.7","599303-84965-84966","https://www.waitrose.com/ecom/products/cholula-original-hot-sauce/599303-84965-84966","hot sauce","2026-04-10T14:47:29.805Z","waitrose","18","per litre","150 ml"
,"https://ecom-su-static-prod.wtrecom.com/images/products/3/LN_676025_BP_3.jpg","Cholula Chipotle Hot Sauce",,"false","2.7","676025-426967-426968","https://www.waitrose.com/ecom/products/cholula-chipotle-hot-sauce/676025-426967-426968","hot sauce","2026-04-10T14:47:29.805Z","waitrose","18","per litre","150 ml"
,"https://ecom-su-static-prod.wtrecom.com/images/products/3/LN_495484_BP_3.jpg","Frank's RedHot Buffalo Wings Sauce",,"false","2.8","495484-426887-426888","https://www.waitrose.com/ecom/products/franks-redhot-buffalo-wings-sauce/495484-426887-426888","hot sauce","2026-04-10T14:47:29.805Z","waitrose","18.92","per litre","148 ml"
,"https://ecom-su-static-prod.wtrecom.com/images/products/3/LN_673502_BP_3.jpg","Sauce Shop Buffalo Hot Sauce","Save 50p. Was £3.10","true","2.6","673502-810424-810425","https://www.waitrose.com/ecom/products/sauce-shop-buffalo-hot-sauce/673502-810424-810425","hot sauce","2026-04-10T14:47:29.805Z","waitrose","16.25","per litre","160 ml"
,"https://ecom-su-static-prod.wtrecom.com/images/products/3/LN_001303_BP_3.jpg","Weetabix","Save 50p. Was £3.50","true","3","001303-214-215","https://www.waitrose.com/ecom/products/weetabix/001303-214-215","weetabix","2026-04-10T14:47:38.131Z","waitrose",,,"24s"
,"https://ecom-su-static-prod.wtrecom.com/images/products/3/LN_001305_BP_3.jpg","Weetabix 48 pack 48s",,"false","5.8","001305-216-217","https://www.waitrose.com/ecom/products/weetabix-48-pack-48s/001305-216-217","weetabix","2026-04-10T14:47:38.131Z","waitrose",,,"48s"
,"https://ecom-su-static-prod.wtrecom.com/images/products/3/LN_043540_BP_3.jpg","Weetabix Organic 24s",,"false","4.3","043540-21474-21475","https://www.waitrose.com/ecom/products/weetabix-organic-24s/043540-21474-21475","weetabix","2026-04-10T14:47:38.131Z","waitrose",,,"24s"
,"https://ecom-su-static-prod.wtrecom.com/images/products/3/LN_607633_BP_3.jpg","Weetabix 72s",,"false","8.45","607633-127607-127608","https://www.waitrose.com/ecom/products/weetabix-72s/607633-127607-127608","weetabix","2026-04-10T14:47:38.131Z","waitrose",,,"72s"
,"https://ecom-su-static-prod.wtrecom.com/images/products/3/LN_495468_BP_3.jpg","Weetabix Protein 24s",,"false","4","495468-479418-479419","https://www.waitrose.com/ecom/products/weetabix-protein-24s/495468-479418-479419","weetabix","2026-04-10T14:47:38.131Z","waitrose",,,"24s"
,"https://ecom-su-static-prod.wtrecom.com/images/products/3/LN_578590_BP_3.jpg","French's Classic Yellow Mustard",,"false","3.6","578590-81956-81957","https://www.waitrose.com/ecom/products/frenchs-classic-yellow-mustard/578590-81956-81957","mustard","2026-04-10T14:47:47.288Z","waitrose","9.07","per kg","397 g"
,"https://ecom-su-static-prod.wtrecom.com/images/products/3/LN_007650_BP_3.jpg","Colman's Original English Mustard",,"false","2.4","007650-3584-3585","https://www.waitrose.com/ecom/products/colmans-original-english-mustard/007650-3584-3585","mustard","2026-04-10T14:47:47.288Z","waitrose","14.12","per kg","170 g"
,"https://ecom-su-static-prod.wtrecom.com/images/products/3/LN_007640_BP_3.jpg","Essential English Mustard",,"false","1","007640-3582-3583","https://www.waitrose.com/ecom/products/essential-english-mustard/007640-3582-3583","mustard","2026-04-10T14:47:47.288Z","waitrose","5.56","per kg","180 g"
,"https://ecom-su-static-prod.wtrecom.com/images/products/3/LN_640230_BP_3.jpg","Maille Original Dijon Mustard",,"false","3.6","640230-90937-90938","https://www.waitrose.com/ecom/products/maille-original-dijon-mustard/640230-90937-90938","mustard","2026-04-10T14:47:47.288Z","waitrose","16.74","per kg","215 g"
,"https://ecom-su-static-prod.wtrecom.com/images/products/3/LN_007639_BP_3.jpg","Essential Wholegrain Mustard",,"false","1","007639-3580-3581","https://www.waitrose.com/ecom/products/essential-wholegrain-mustard/007639-3580-3581","mustard","2026-04-10T14:47:47.288Z","waitrose","5.41","per kg","185 g"
,"https://ecom-su-static-prod.wtrecom.com/images/products/3/LN_083472_BP_3.jpg","Alpen No Added Sugar Swiss Style Muesli",,"false","4.25","083472-42385-42386","https://www.waitrose.com/ecom/products/alpen-no-added-sugar-swiss-style-muesli/083472-42385-42386","muesli","2026-04-10T14:47:57.183Z","waitrose","4.47","per kg","950 g"
,"https://ecom-su-static-prod.wtrecom.com/images/products/3/LN_001308_BP_3.jpg","Essential Fruit & Nut Muesli 1kg",,"false","3.3","001308-218-219","https://www.waitrose.com/ecom/products/essential-fruit-nut-muesli-1kg/001308-218-219","muesli","2026-04-10T14:47:57.183Z","waitrose","3.3","per kg","1 kg"
,"https://ecom-su-static-prod.wtrecom.com/images/products/3/LN_040392_BP_3.jpg","Alpen Original Muesli",,"false","4.25","040392-19973-19974","https://www.waitrose.com/ecom/products/alpen-original-muesli/040392-19973-19974","muesli","2026-04-10T14:47:57.183Z","waitrose","4.47","per kg","950 g"
,"https://ecom-su-static-prod.wtrecom.com/images/products/3/LN_076332_BP_3.jpg","Dorset Gloriously Nutty Muesli Breakfast Cereal",,"false","4.5","076332-38772-38773","https://www.waitrose.com/ecom/products/dorset-gloriously-nutty-muesli-breakfast-cereal/076332-38772-38773","muesli","2026-04-10T14:47:57.183Z","waitrose","9","per kg","500 g"
,"https://ecom-su-static-prod.wtrecom.com/images/products/3/LN_043826_BP_3.jpg","Essential Fruit Muesli 1kg",,"false","3.25","043826-21600-21601","https://www.waitrose.com/ecom/products/essential-fruit-muesli-1kg/043826-21600-21601","muesli","2026-04-10T14:47:57.183Z","waitrose","3.25","per kg","1 kg"
,"https://ecom-su-static-prod.wtrecom.com/images/products/3/LN_653405_BP_3.jpg","Kellogg's Rice Krispies Breakfast Cereal Large Pack 660g","Save 60p. Was £4.35","true","3.75","653405-127689-127690","https://www.waitrose.com/ecom/products/kelloggs-rice-krispies-breakfast-cereal-large-pack-660g/653405-127689-127690","rice krispies","2026-04-10T14:48:05.188Z","waitrose","5.69","per kg","660 g"
,"https://ecom-su-static-prod.wtrecom.com/images/products/3/LN_454996_BP_3.jpg","Kellogg's Rice Krispies Breakfast Cereal 430g",,"false","3.75","454996-127393-127394","https://www.waitrose.com/ecom/products/kelloggs-rice-krispies-breakfast-cereal-430g/454996-127393-127394","rice krispies","2026-04-10T14:48:05.188Z","waitrose","8.72","per kg","430 g"
,"https://ecom-su-static-prod.wtrecom.com/images/products/3/LN_388173_BP_3.jpg","Kellogg's Rice Krispies Multi-Grain Shapes Breakfast Cereal 350g","Save 90p. Was £3.75","true","2.85","388173-170215-170216","https://www.waitrose.com/ecom/products/kelloggs-rice-krispies-multi-grain-shapes-breakfast-cereal-350g/388173-170215-170216","rice krispies","2026-04-10T14:48:05.188Z","waitrose","8.15","per kg","350 g"
,"https://ecom-su-static-prod.wtrecom.com/images/products/3/LN_981940_BP_3.jpg","Kellogg's Rice Krispies Cereal Bars",,"false","1.25","981940-850028-850029","https://www.waitrose.com/ecom/products/kelloggs-rice-krispies-cereal-bars/981940-850028-850029","rice krispies","2026-04-10T14:48:05.188Z","waitrose","15.63","per kg","4x20 g"
,"https://ecom-su-static-prod.wtrecom.com/images/products/3/LN_011110_BP_3.jpg","Kellogg's Rice Krispies Squares Marshmallow Cereal Snack Bars","Save 50p. Was £2.35","true","1.85","011110-5520-5521","https://www.waitrose.com/ecom/products/kelloggs-rice-krispies-squares-marshmallow-cereal-snack-bars/011110-5520-5521","rice krispies","2026-04-10T14:48:05.188Z","waitrose","16.52","per kg","4x28 g"
,"https://ecom-su-static-prod.wtrecom.com/images/products/3/LN_949862_BP_3.jpg","Omega Pressery Extra Virgin Macadamia Oil","20% Off. Was £8.50","true","6.8","949862-1-2","https://www.waitrose.com/ecom/products/omega-pressery-extra-virgin-macadamia-oil/949862-1-2","olive oil extra virgin","2026-04-10T14:48:14.488Z","waitrose","27.2","per litre","250 ml"
,"https://ecom-su-static-prod.wtrecom.com/images/products/3/LN_075833_BP_3.jpg","Olio del Castello Extra Virgin Olive Oil",,"false","13.5","075833-38488-38489","https://www.waitrose.com/ecom/products/olio-del-castello-extra-virgin-olive-oil/075833-38488-38489","olive oil extra virgin","2026-04-10T14:48:14.488Z","waitrose","13.5","per litre","1 litre"
,"https://ecom-su-static-prod.wtrecom.com/images/products/3/LN_882204_BP_3.jpg","Citizens of Soil Extra Virgin Olive Oil Bottle",,"false","19.25","882204-805851-805852","https://www.waitrose.com/ecom/products/citizens-of-soil-extra-virgin-olive-oil-bottle/882204-805851-805852","olive oil extra virgin","2026-04-10T14:48:14.488Z","waitrose","38.5","per litre","500 ml"
,"https://ecom-su-static-prod.wtrecom.com/images/products/3/LN_658971_BP_3.jpg","Citizens of Soil Extra Virgin Olive Oil Refill",,"false","16.5","658971-805797-805798","https://www.waitrose.com/ecom/products/citizens-of-soil-extra-virgin-olive-oil-refill/658971-805797-805798","olive oil extra virgin","2026-04-10T14:48:14.488Z","waitrose","33","per litre","500 ml"
,"https://ecom-su-static-prod.wtrecom.com/images/products/3/LN_460757_BP_3.jpg","La Espanola Organic Extra Virgin Olive Oil",,"false","9","460757-805751-805752","https://www.waitrose.com/ecom/products/la-espanola-organic-extra-virgin-olive-oil/460757-805751-805752","olive oil extra virgin","2026-04-10T14:48:14.488Z","waitrose","18","per litre","500 ml"
,"https://ecom-su-static-prod.wtrecom.com/images/products/3/LN_034128_BP_3.jpg","Essential Vegetable Oil",,"false","2.1","034128-17079-17080","https://www.waitrose.com/ecom/products/essential-vegetable-oil/034128-17079-17080","vegetable oil","2026-04-10T14:48:23.908Z","waitrose","2.1","per litre","1 litre"
,"https://ecom-su-static-prod.wtrecom.com/images/products/3/LN_034124_BP_3.jpg","Mazola Corn Oil","Save £1.25. Was £4.50","true","3.25","034124-17075-17076","https://www.waitrose.com/ecom/products/mazola-corn-oil/034124-17075-17076","vegetable oil","2026-04-10T14:48:23.908Z","waitrose","3.25","per litre","1 litre"
,"https://ecom-su-static-prod.wtrecom.com/images/products/3/LN_011606_BP_3.jpg","Waitrose wok oil",,"false","2.45","011606-5760-5761","https://www.waitrose.com/ecom/products/waitrose-wok-oil/011606-5760-5761","vegetable oil","2026-04-10T14:48:23.908Z","waitrose","9.8","per litre","250 ml"
,"https://ecom-su-static-prod.wtrecom.com/images/products/3/LN_019710_BP_3.jpg","Waitrose Chopped Tomatoes with Olive Oil & Garlic",,"false","2.38","019710-9581-9582","https://www.waitrose.com/ecom/products/waitrose-chopped-tomatoes-with-olive-oil-garlic/019710-9581-9582","vegetable oil","2026-04-10T14:48:23.908Z","waitrose","2.38","per kg","400 g"
,"https://ecom-su-static-prod.wtrecom.com/images/products/3/LN_651057_BP_3.jpg","Waitrose Aged Balsamic & Olive Oil Dressing",,"false","1.55","651057-420329-420330","https://www.waitrose.com/ecom/products/waitrose-aged-balsamic-olive-oil-dressing/651057-420329-420330","vegetable oil","2026-04-10T14:48:23.908Z","waitrose","10.33","per litre","150 ml"
,"https://ecom-su-static-prod.wtrecom.com/images/products/3/LN_658888_BP_3.jpg","Innocent Pure Smooth Orange Fruit Juice Family Size","Save £1.65. Was £5.15","true","3.5","658888-790931-790932","https://www.waitrose.com/ecom/products/innocent-pure-smooth-orange-fruit-juice-family-size/658888-790931-790932","orange juice","2026-04-10T14:48:33.676Z","waitrose","2","per litre","1750 ml"
,"https://ecom-su-static-prod.wtrecom.com/images/products/3/LN_081995_BP_3.jpg","Waitrose Smooth Orange Juice","Add 2 for £4","true","2.2","081995-41701-41702","https://www.waitrose.com/ecom/products/waitrose-smooth-orange-juice/081995-41701-41702","orange juice","2026-04-10T14:48:33.676Z","waitrose","2","per litre","1 litre"
,"https://ecom-su-static-prod.wtrecom.com/images/products/3/LN_021405_BP_3.jpg","No. 1 Freshly Squeezed Orange Juice with Bits",,"false","3.75","021405-10464-10465","https://www.waitrose.com/ecom/products/no-1-freshly-squeezed-orange-juice-with-bits/021405-10464-10465","orange juice","2026-04-10T14:48:33.676Z","waitrose","3.75","per litre","1 litre"
,"https://ecom-su-static-prod.wtrecom.com/images/products/3/LN_006597_BP_3.jpg","Waitrose Smooth Orange Juice Large",,"false","3.4","006597-2939-2940","https://www.waitrose.com/ecom/products/waitrose-smooth-orange-juice-large/006597-2939-2940","orange juice","2026-04-10T14:48:33.676Z","waitrose","1.94","per litre","1.75 litre"
,"https://ecom-su-static-prod.wtrecom.com/images/products/3/LN_080735_BP_3.jpg","Waitrose Orange Juice with Bits","Add 2 for £4","true","2.2","080735-41091-41092","https://www.waitrose.com/ecom/products/waitrose-orange-juice-with-bits/080735-41091-41092","orange juice","2026-04-10T14:48:33.676Z","waitrose","2","per litre","1 litre"
,"https://ecom-su-static-prod.wtrecom.com/images/products/3/LN_846995_BP_3.jpg","innocent Pure Apple Fruit Juice Family Size","Save £1.65. Was £5.15","true","3.5","846995-790967-790968","https://www.waitrose.com/ecom/products/innocent-pure-apple-fruit-juice-family-size/846995-790967-790968","apple juice","2026-04-10T14:48:43.368Z","waitrose","2","per litre","1750 ml"
,"https://ecom-su-static-prod.wtrecom.com/images/products/3/LN_021417_BP_3.jpg","Waitrose Pressed Apple Juice","Add 2 for £4","true","2.2","021417-10476-10477","https://www.waitrose.com/ecom/products/waitrose-pressed-apple-juice/021417-10476-10477","apple juice","2026-04-10T14:48:43.368Z","waitrose","2","per litre","1 litre"
,"https://ecom-su-static-prod.wtrecom.com/images/products/3/LN_922914_BP_3.jpg","Daily Dose Orchard Apple Juice 900ml","Save 1/3. Was £3.50","true","2.33","922914-1-2","https://www.waitrose.com/ecom/products/daily-dose-orchard-apple-juice-900ml/922914-1-2","apple juice","2026-04-10T14:48:43.368Z","waitrose","2.59","per litre","900 ml"
,"https://ecom-su-static-prod.wtrecom.com/images/products/3/LN_927577_BP_3.jpg","Daily Dose Cold Pressed Strawberry & Apple Juice",,"false","4","927577-834031-834032","https://www.waitrose.com/ecom/products/daily-dose-cold-pressed-strawberry-apple-juice/927577-834031-834032","apple juice","2026-04-10T14:48:43.368Z","waitrose","5.33","per litre","750 ml"
,"https://ecom-su-static-prod.wtrecom.com/images/products/3/LN_021106_BP_3.jpg","Essential Pure Apple Juice",,"false","1.75","021106-10281-10282","https://www.waitrose.com/ecom/products/essential-pure-apple-juice/021106-10281-10282","apple juice","2026-04-10T14:48:43.368Z","waitrose","1.75","per litre","1 litre"
,"https://ecom-su-static-prod.wtrecom.com/images/products/3/LN_034106_BP_3.jpg","Essential Sunflower Oil",,"false","2.4","034106-17065-17066","https://www.waitrose.com/ecom/products/essential-sunflower-oil/034106-17065-17066","sunflower oil","2026-04-10T14:48:52.094Z","waitrose","2.4","per litre","1 litre"
,"https://ecom-su-static-prod.wtrecom.com/images/products/3/LN_034105_BP_3.jpg","Waitrose sunflower oil",,"false","1.4","034105-17063-17064","https://www.waitrose.com/ecom/products/waitrose-sunflower-oil/034105-17063-17064","sunflower oil","2026-04-10T14:48:52.094Z","waitrose","2.8","per litre","500 ml"
,"https://ecom-su-static-prod.wtrecom.com/images/products/3/LN_034114_BP_3.jpg","Flora Sunflower Oil",,"false","3.75","034114-17071-17072","https://www.waitrose.com/ecom/products/flora-sunflower-oil/034114-17071-17072","sunflower oil","2026-04-10T14:48:52.094Z","waitrose","3.75","per litre","1 litre"
,"https://ecom-su-static-prod.wtrecom.com/images/products/3/LN_683861_BP_3.jpg","Flora Sunflower Oil","Save £2.75. Was £7.25","true","4.5","683861-771909-771910","https://www.waitrose.com/ecom/products/flora-sunflower-oil/683861-771909-771910","sunflower oil","2026-04-10T14:48:52.094Z","waitrose","2.25","per litre","2 litre"
,"https://ecom-su-static-prod.wtrecom.com/images/products/3/LN_584511_BP_3.jpg","Fry Light Sunflower Oil Spray","Save £1.15. Was £2.90","true","1.75","584511-82870-82871","https://www.waitrose.com/ecom/products/fry-light-sunflower-oil-spray/584511-82870-82871","sunflower oil","2026-04-10T14:48:52.094Z","waitrose","9.22","per litre","190 ml"
,"https://ecom-su-static-prod.wtrecom.com/images/products/3/LN_701829_BP_3.jpg","McDougalls Plain Flour",,"false","2.25","701829-810766-810767","https://www.waitrose.com/ecom/products/mcdougalls-plain-flour/701829-810766-810767","plain flour","2026-04-10T14:49:00.803Z","waitrose","2.05","per kg","1.1 Kg"
,"https://ecom-su-static-prod.wtrecom.com/images/products/3/LN_006221_BP_3.jpg","Duchy Organic Plain White Flour",,"false","2.6","006221-2738-2739","https://www.waitrose.com/ecom/products/duchy-organic-plain-white-flour/006221-2738-2739","plain flour","2026-04-10T14:49:00.803Z","waitrose","1.73","per kg","1.5 kg"
,"https://ecom-su-static-prod.wtrecom.com/images/products/3/LN_005369_BP_3.jpg","Leckford Estate Plain White Flour",,"false","2.3","005369-2323-2324","https://www.waitrose.com/ecom/products/leckford-estate-plain-white-flour/005369-2323-2324","plain flour","2026-04-10T14:49:00.803Z","waitrose","1.53","per kg","1.5 kg"
,"https://ecom-su-static-prod.wtrecom.com/images/products/3/LN_410524_BP_3.jpg","Homepride Plain Flour",,"false","2","410524-818239-818240","https://www.waitrose.com/ecom/products/homepride-plain-flour/410524-818239-818240","plain flour","2026-04-10T14:49:00.803Z","waitrose","1.33","per kg","1.5 Kg"
,"https://ecom-su-static-prod.wtrecom.com/images/products/3/LN_006223_BP_3.jpg","Duchy Organic Stoneground Wholemeal Plain Flour",,"false","2.6","006223-2742-2743","https://www.waitrose.com/ecom/products/duchy-organic-stoneground-wholemeal-plain-flour/006223-2742-2743","plain flour","2026-04-10T14:49:00.803Z","waitrose","1.73","per kg","1.5 kg"
,"https://ecom-su-static-prod.wtrecom.com/images/products/3/LN_687555_BP_3.jpg","Twinings English Breakfast 80 Tea Bags","Save £2.25. Was £5.25","true","3","687555-801190-801191","https://www.waitrose.com/ecom/products/twinings-english-breakfast-80-tea-bags/687555-801190-801191","tea bags","2026-04-10T14:49:09.931Z","waitrose","15","per kg","200 g"
,"https://ecom-su-static-prod.wtrecom.com/images/products/3/LN_027119_BP_3.jpg","Essential Original Blend 160 Tea Bags",,"false","2.5","027119-13181-13182","https://www.waitrose.com/ecom/products/essential-original-blend-160-tea-bags/027119-13181-13182","tea bags","2026-04-10T14:49:09.931Z","waitrose","5","per kg","500 g"
,"https://ecom-su-static-prod.wtrecom.com/images/products/3/LN_574614_BP_3.jpg","Twinings Superblends Wind Down Collection 20 Tea Bags",,"false","3.85","574614-801138-801138","https://www.waitrose.com/ecom/products/twinings-superblends-wind-down-collection-20-tea-bags/574614-801138-801138","tea bags","2026-04-10T14:49:09.931Z","waitrose","115.96","per kg","33.2 g"
,"https://ecom-su-static-prod.wtrecom.com/images/products/3/LN_661740_BP_3.jpg","Clipper Organic Fairtrade 80 Tea Bags",,"false","4.5","661740-693050-693051","https://www.waitrose.com/ecom/products/clipper-organic-fairtrade-80-tea-bags/661740-693050-693051","tea bags","2026-04-10T14:49:09.931Z","waitrose","19.4","per kg","232 g"
,"https://ecom-su-static-prod.wtrecom.com/images/products/3/LN_064449_BP_3.jpg","Waitrose Gold 80 Tea Bags","Save 50p. Was £2.65","true","2.15","064449-32714-32715","https://www.waitrose.com/ecom/products/waitrose-gold-80-tea-bags/064449-32714-32715","tea bags","2026-04-10T14:49:09.931Z","waitrose","8.6","per kg","250 g"
,"https://ecom-su-static-prod.wtrecom.com/images/products/3/LN_006222_BP_3.jpg","Duchy Organic Self Raising White Flour",,"false","2.6","006222-2740-2741","https://www.waitrose.com/ecom/products/duchy-organic-self-raising-white-flour/006222-2740-2741","self raising flour","2026-04-10T14:49:17.993Z","waitrose","1.73","per kg","1.5 kg"
,"https://ecom-su-static-prod.wtrecom.com/images/products/3/LN_804936_BP_3.jpg","McDougalls Self Raising Flour",,"false","2.25","804936-810804-810805","https://www.waitrose.com/ecom/products/mcdougalls-self-raising-flour/804936-810804-810805","self raising flour","2026-04-10T14:49:17.993Z","waitrose","2.05","per kg","1.1 Kg"
,"https://ecom-su-static-prod.wtrecom.com/images/products/3/LN_818709_BP_3.jpg","Homepride Self Raising Flour",,"false","2","818709-819119-819120","https://www.waitrose.com/ecom/products/homepride-self-raising-flour/818709-819119-819120","self raising flour","2026-04-10T14:49:17.993Z","waitrose","1.33","per kg","1.5 Kg"
,"https://ecom-su-static-prod.wtrecom.com/images/products/3/LN_041476_BP_3.jpg","Leckford Estate Self-Raising White Flour",,"false","2.3","041476-20536-20537","https://www.waitrose.com/ecom/products/leckford-estate-self-raising-white-flour/041476-20536-20537","self raising flour","2026-04-10T14:49:17.993Z","waitrose","1.53","per kg","1.5 kg"
,"https://ecom-su-static-prod.wtrecom.com/images/products/3/LN_578805_BP_3.jpg","Freee Gluten Free Self Raising Flour",,"false","2.1","578805-81990-81991","https://www.waitrose.com/ecom/products/freee-gluten-free-self-raising-flour/578805-81990-81991","self raising flour","2026-04-10T14:49:17.993Z","waitrose","2.1","per kg","1 kg"
,"https://ecom-su-static-prod.wtrecom.com/images/products/3/LN_981929_BP_3.jpg","Grind Craft Instant Coffee Smooth Barista Blend",,"false","6.5","981929-1-2","https://www.waitrose.com/ecom/products/grind-craft-instant-coffee-smooth-barista-blend/981929-1-2","instant coffee","2026-04-10T14:49:27.334Z","waitrose","72.22","per kg","90 g"
,"https://ecom-su-static-prod.wtrecom.com/images/products/3/LN_430914_BP_3.jpg","Waitrose Italian Style Instant Coffee","20% Off. Was £4.00","true","3.2","430914-156161-156162","https://www.waitrose.com/ecom/products/waitrose-italian-style-instant-coffee/430914-156161-156162","instant coffee","2026-04-10T14:49:27.334Z","waitrose","32","per kg","100 g"
,"https://ecom-su-static-prod.wtrecom.com/images/products/3/LN_882945_BP_3.jpg","Waitrose Gold Roast Instant Coffee",,"false","3.7","882945-719087-719088","https://www.waitrose.com/ecom/products/waitrose-gold-roast-instant-coffee/882945-719087-719088","instant coffee","2026-04-10T14:49:27.334Z","waitrose","37","per kg","100 g"
,"https://ecom-su-static-prod.wtrecom.com/images/products/3/LN_016810_BP_3.jpg","Waitrose Gold Colombian Instant Coffee",,"false","4.65","016810-8095-8096","https://www.waitrose.com/ecom/products/waitrose-gold-colombian-instant-coffee/016810-8095-8096","instant coffee","2026-04-10T14:49:27.334Z","waitrose","46.5","per kg","100 g"
,"https://ecom-su-static-prod.wtrecom.com/images/products/3/LN_843900_BP_3.jpg","Waitrose Gold Roast Instant Coffee",,"false","6.5","843900-718637-718638","https://www.waitrose.com/ecom/products/waitrose-gold-roast-instant-coffee/843900-718637-718638","instant coffee","2026-04-10T14:49:27.334Z","waitrose","32.5","per kg","200 g"
,"https://ecom-su-static-prod.wtrecom.com/images/products/3/LN_701829_BP_3.jpg","McDougalls Plain Flour",,"false","2.25","701829-810766-810767","https://www.waitrose.com/ecom/products/mcdougalls-plain-flour/701829-810766-810767","bread flour","2026-04-10T14:49:35.823Z","waitrose","2.05","per kg","1.1 Kg"
,"https://ecom-su-static-prod.wtrecom.com/images/products/3/LN_006217_BP_3.jpg","Essential Strong White Bread Flour",,"false","1.4","006217-2734-2735","https://www.waitrose.com/ecom/products/essential-strong-white-bread-flour/006217-2734-2735","bread flour","2026-04-10T14:49:35.823Z","waitrose","0.93","per kg","1.5 kg"
,"https://ecom-su-static-prod.wtrecom.com/images/products/3/LN_804936_BP_3.jpg","McDougalls Self Raising Flour",,"false","2.25","804936-810804-810805","https://www.waitrose.com/ecom/products/mcdougalls-self-raising-flour/804936-810804-810805","bread flour","2026-04-10T14:49:35.823Z","waitrose","2.05","per kg","1.1 Kg"
,"https://ecom-su-static-prod.wtrecom.com/images/products/3/LN_476719_BP_3.jpg","Hovis Granary Bread Flour",,"false","2.3","476719-729900-729901","https://www.waitrose.com/ecom/products/hovis-granary-bread-flour/476719-729900-729901","bread flour","2026-04-10T14:49:35.823Z","waitrose","2.3","per kg","1 kg"
,"https://ecom-su-static-prod.wtrecom.com/images/products/3/LN_006224_BP_3.jpg","Waitrose White Canadian Bread Flour",,"false","2.3","006224-2744-2745","https://www.waitrose.com/ecom/products/waitrose-white-canadian-bread-flour/006224-2744-2745","bread flour","2026-04-10T14:49:35.823Z","waitrose","1.53","per kg","1.5 kg"
,"https://ecom-su-static-prod.wtrecom.com/images/products/3/LN_008111_BP_3.jpg","Tate & Lyle Fairtrade Cane Sugar Caster Sugar",,"false","3","008111-3848-3849","https://www.waitrose.com/ecom/products/tate-lyle-fairtrade-cane-sugar-caster-sugar/008111-3848-3849","caster sugar","2026-04-10T14:50:07.481Z","waitrose","3","per kg","1 kg"
,"https://ecom-su-static-prod.wtrecom.com/images/products/3/LN_008521_BP_3.jpg","Waitrose Fairtrade Golden Caster Sugar",,"false","3","008521-4055-4056","https://www.waitrose.com/ecom/products/waitrose-fairtrade-golden-caster-sugar/008521-4055-4056","caster sugar","2026-04-10T14:50:07.481Z","waitrose","3","per kg","1 kg"
,"https://ecom-su-static-prod.wtrecom.com/images/products/3/LN_008106_BP_3.jpg","Tate & Lyle Fairtrade Caster Sugar",,"false","1.9","008106-3844-3845","https://www.waitrose.com/ecom/products/tate-lyle-fairtrade-caster-sugar/008106-3844-3845","caster sugar","2026-04-10T14:50:07.481Z","waitrose","3.8","per kg","500 g"
,"https://ecom-su-static-prod.wtrecom.com/images/products/3/LN_629679_BP_3.jpg","Billington's Golden Caster Sugar",,"false","2.95","629679-343214-343215","https://www.waitrose.com/ecom/products/billingtons-golden-caster-sugar/629679-343214-343215","caster sugar","2026-04-10T14:50:07.481Z","waitrose","2.95","per kg","1 kg"
,"https://ecom-su-static-prod.wtrecom.com/images/products/3/LN_008116_BP_3.jpg","Tate & Lyle Fairtrade Caster Sugar",,"false","4.35","008116-3854-3855","https://www.waitrose.com/ecom/products/tate-lyle-fairtrade-caster-sugar/008116-3854-3855","caster sugar","2026-04-10T14:50:07.481Z","waitrose","2.18","per kg","2 kg"
,"https://ecom-su-static-prod.wtrecom.com/images/products/3/LN_027926_BP_3.jpg","Cadbury Drinking Chocolate Hot Chocolate",,"false","4.8","027926-13589-13590","https://www.waitrose.com/ecom/products/cadbury-drinking-chocolate-hot-chocolate/027926-13589-13590","hot chocolate","2026-04-10T14:50:09.078Z","waitrose","9.6","per kg","500 g"
,"https://ecom-su-static-prod.wtrecom.com/images/products/3/LN_027549_BP_3.jpg","Clipper Fairtrade Instant Hot Chocolate",,"false","5.25","027549-13409-13410","https://www.waitrose.com/ecom/products/clipper-fairtrade-instant-hot-chocolate/027549-13409-13410","hot chocolate","2026-04-10T14:50:09.078Z","waitrose","15","per kg","350 g"
,"https://ecom-su-static-prod.wtrecom.com/images/products/3/LN_027928_BP_3.jpg","Cadbury Instant Hot Chocolate Jar",,"false","4.2","027928-13591-13592","https://www.waitrose.com/ecom/products/cadbury-instant-hot-chocolate-jar/027928-13591-13592","hot chocolate","2026-04-10T14:50:09.078Z","waitrose","14","per kg","300 g"
,"https://ecom-su-static-prod.wtrecom.com/images/products/3/LN_060276_BP_3.jpg","Options Instant Belgian Hot Chocolate Drink",,"false","5.65","060276-30456-30457","https://www.waitrose.com/ecom/products/options-instant-belgian-hot-chocolate-drink/060276-30456-30457","hot chocolate","2026-04-10T14:50:09.078Z","waitrose","25.68","per kg","220 g"
,"https://ecom-su-static-prod.wtrecom.com/images/products/3/LN_024711_BP_3.jpg","Galaxy Instant Hot Chocolate",,"false","4.2","024711-11972-11973","https://www.waitrose.com/ecom/products/galaxy-instant-hot-chocolate/024711-11972-11973","hot chocolate","2026-04-10T14:50:09.078Z","waitrose","11.35","per kg","370 g"
,"https://ecom-su-static-prod.wtrecom.com/images/products/3/LN_620646_BP_3.jpg","Coca-Cola Original Taste Can",,"false","15.25","620646-723866-723867","https://www.waitrose.com/ecom/products/coca-cola-original-taste-can/620646-723866-723867","coca cola","2026-04-10T14:50:19.892Z","waitrose","1.93","per litre","24x330 ml"
,"https://ecom-su-static-prod.wtrecom.com/images/products/3/LN_058786_BP_3.jpg","Coca-Cola Original Taste - 12x150ml Can","Save £1.85. Was £6.85","true","5","058786-29586-29587","https://www.waitrose.com/ecom/products/coca-cola-original-taste-12x150ml-can/058786-29586-29587","coca cola","2026-04-10T14:50:19.892Z","waitrose","2.78","per litre","12x150 ml"
,"https://ecom-su-static-prod.wtrecom.com/images/products/3/LN_881209_BP_3.jpg","Coca-Cola Original Taste Regular Can 330ml 8 Pack",,"false","5.75","881209-767317-767318","https://www.waitrose.com/ecom/products/coca-cola-original-taste-regular-can-330ml-8-pack/881209-767317-767318","coca cola","2026-04-10T14:50:19.892Z","waitrose","2.18","per litre","8x330 ml"
,"https://ecom-su-static-prod.wtrecom.com/images/products/3/LN_449893_BP_3.jpg","Coca-Cola Original Taste Bottle 4x250ml",,"false","5.25","449893-721845-721846","https://www.waitrose.com/ecom/products/coca-cola-original-taste-bottle-4x250ml/449893-721845-721846","coca cola","2026-04-10T14:50:19.892Z","waitrose","5.25","per litre","4x250 ml"
,"https://ecom-su-static-prod.wtrecom.com/images/products/3/LN_849951_BP_3.jpg","Coca-Cola Zero Sugar Bottle 4x250ml",,"false","4.8","849951-653881-653882","https://www.waitrose.com/ecom/products/coca-cola-zero-sugar-bottle-4x250ml/849951-653881-653882","coca cola","2026-04-10T14:50:19.892Z","waitrose","4.8","per litre","4x250 ml"
,"https://ecom-su-static-prod.wtrecom.com/images/products/3/LN_670194_BP_3.jpg","Waitrose Fairtrade Light Brown Soft Sugar",,"false","3.75","670194-260838-260839","https://www.waitrose.com/ecom/products/waitrose-fairtrade-light-brown-soft-sugar/670194-260838-260839","brown sugar","2026-04-10T14:50:29.600Z","waitrose","3.75","per kg","1 kg"
,"https://ecom-su-static-prod.wtrecom.com/images/products/3/LN_878781_BP_3.jpg","Tate & Lyle Fairtrade Light Soft Brown Sugar",,"false","2.9","878781-519145-519146","https://www.waitrose.com/ecom/products/tate-lyle-fairtrade-light-soft-brown-sugar/878781-519145-519146","brown sugar","2026-04-10T14:50:29.600Z","waitrose","2.9","per kg","1 kg"
,"https://ecom-su-static-prod.wtrecom.com/images/products/3/LN_814790_BP_3.jpg","Waitrose Fairtrade Dark Brown Soft Sugar",,"false","3.75","814790-260928-260929","https://www.waitrose.com/ecom/products/waitrose-fairtrade-dark-brown-soft-sugar/814790-260928-260929","brown sugar","2026-04-10T14:50:29.600Z","waitrose","3.75","per kg","1 kg"
,"https://ecom-su-static-prod.wtrecom.com/images/products/3/LN_008627_BP_3.jpg","Waitrose Fairtrade Dark Brown Muscovado Sugar",,"false","3.75","008627-581109-4114","https://www.waitrose.com/ecom/products/waitrose-fairtrade-dark-brown-muscovado-sugar/008627-581109-4114","brown sugar","2026-04-10T14:50:29.600Z","waitrose","3.75","per kg","1 kg"
,"https://ecom-su-static-prod.wtrecom.com/images/products/3/LN_008623_BP_3.jpg","Waitrose Fairtrade Light Brown Muscovado Sugar",,"false","3.75","008623-4109-4110","https://www.waitrose.com/ecom/products/waitrose-fairtrade-light-brown-muscovado-sugar/008623-4109-4110","brown sugar","2026-04-10T14:50:29.600Z","waitrose","3.75","per kg","1 kg"
,"https://ecom-su-static-prod.wtrecom.com/images/products/3/LN_008253_BP_3.jpg","Tate & Lyle Fairtrade Icing Sugar",,"false","2.65","008253-3925-3926","https://www.waitrose.com/ecom/products/tate-lyle-fairtrade-icing-sugar/008253-3925-3926","icing sugar","2026-04-10T14:50:39.588Z","waitrose","2.65","per kg","1 kg"
,"https://ecom-su-static-prod.wtrecom.com/images/products/3/LN_008251_BP_3.jpg","Tate & Lyle Fairtrade Icing Sugar",,"false","1.75","008251-3923-3924","https://www.waitrose.com/ecom/products/tate-lyle-fairtrade-icing-sugar/008251-3923-3924","icing sugar","2026-04-10T14:50:39.588Z","waitrose","3.5","per kg","500 g"
,"https://ecom-su-static-prod.wtrecom.com/images/products/3/LN_020643_BP_3.jpg","Billington's Golden Icing Sugar",,"false","2","020643-10057-10058","https://www.waitrose.com/ecom/products/billingtons-golden-icing-sugar/020643-10057-10058","icing sugar","2026-04-10T14:50:39.588Z","waitrose","4","per kg","500 g"
,"https://ecom-su-static-prod.wtrecom.com/images/products/3/LN_068003_BP_3.jpg","Tate & Lyle Fairtrade Fondant Icing Sugar",,"false","1.35","068003-34515-34516","https://www.waitrose.com/ecom/products/tate-lyle-fairtrade-fondant-icing-sugar/068003-34515-34516","icing sugar","2026-04-10T14:50:39.588Z","waitrose","2.7","per kg","500 g"
,"https://ecom-su-static-prod.wtrecom.com/images/products/3/LN_394829_BP_3.jpg","Betty Crocker Vanilla Buttercream Style Icing","Add 2 for £5","true","3.35","394829-55485-55486","https://www.waitrose.com/ecom/products/betty-crocker-vanilla-buttercream-style-icing/394829-55485-55486","icing sugar","2026-04-10T14:50:39.588Z","waitrose","6.25","per kg","400 g"
,"https://ecom-su-static-prod.wtrecom.com/images/products/3/LN_676436_BP_3.jpg","Pepsi Max No Sugar Cola Cans","Save £4.45. Was £12.45","true","8","676436-727462-727463","https://www.waitrose.com/ecom/products/pepsi-max-no-sugar-cola-cans/676436-727462-727463","pepsi","2026-04-10T14:50:51.422Z","waitrose","1.02","per litre","24x330 ml"
,"https://ecom-su-static-prod.wtrecom.com/images/products/3/LN_566713_BP_3.jpg","Pepsi Max No Sugar Cola Bottle","Add 2 for £3.50","true","2.55","566713-80291-80292","https://www.waitrose.com/ecom/products/pepsi-max-no-sugar-cola-bottle/566713-80291-80292","pepsi","2026-04-10T14:50:51.422Z","waitrose","0.88","per litre","2 litre"
,"https://ecom-su-static-prod.wtrecom.com/images/products/3/LN_473411_BP_3.jpg","Pepsi Cola Bottle","Add 2 for £3.50","true","2.55","473411-66774-66775","https://www.waitrose.com/ecom/products/pepsi-cola-bottle/473411-66774-66775","pepsi","2026-04-10T14:50:51.422Z","waitrose","0.88","per litre","2 litre"
,"https://ecom-su-static-prod.wtrecom.com/images/products/3/LN_814592_BP_3.jpg","Pepsi Max No Caffeine No Sugar Cola Bottle","Add 2 for £3.50","true","2.55","814592-767179-767180","https://www.waitrose.com/ecom/products/pepsi-max-no-caffeine-no-sugar-cola-bottle/814592-767179-767180","pepsi","2026-04-10T14:50:51.422Z","waitrose","0.88","per litre","2 litre"
,"https://ecom-su-static-prod.wtrecom.com/images/products/3/LN_828515_BP_3.jpg","Diet Pepsi Cola Cans","Save £1.40. Was £5.15","true","3.75","828515-381462-381463","https://www.waitrose.com/ecom/products/diet-pepsi-cola-cans/828515-381462-381463","pepsi","2026-04-10T14:50:51.422Z","waitrose","1.43","per litre","8x330 ml"
,"https://ecom-su-static-prod.wtrecom.com/images/products/3/LN_646705_BP_3.jpg","Sanex Moisturising Shower Gel","Save 1/3. Was £3.95","true","2.63","646705-762052-762053","https://www.waitrose.com/ecom/products/sanex-moisturising-shower-gel/646705-762052-762053","shower gel","2026-04-10T14:51:02.590Z","waitrose","5.85","per litre","450 ml"
,"https://ecom-su-static-prod.wtrecom.com/images/products/3/LN_485528_BP_3.jpg","Essential Seamoss Shower Gel",,"false","1","485528-761958-761959","https://www.waitrose.com/ecom/products/essential-seamoss-shower-gel/485528-761958-761959","shower gel","2026-04-10T14:51:02.590Z","waitrose","4","per litre","250 ml"
,"https://ecom-su-static-prod.wtrecom.com/images/products/3/LN_537215_BP_3.jpg","Sanex Zero% Sensitive Shower Gel","Save 1/3. Was £3.95","true","2.63","537215-761984-761985","https://www.waitrose.com/ecom/products/sanex-zero-sensitive-shower-gel/537215-761984-761985","shower gel","2026-04-10T14:51:02.590Z","waitrose","5.85","per litre","450 ml"
,"https://ecom-su-static-prod.wtrecom.com/images/products/3/LN_726166_BP_3.jpg","Faith in Nature Grapefruit & Orange Body Wash",,"false","6.5","726166-719734-719735","https://www.waitrose.com/ecom/products/faith-in-nature-grapefruit-orange-body-wash/726166-719734-719735","shower gel","2026-04-10T14:51:02.590Z","waitrose","16.25","per litre","400 ml"
,"https://ecom-su-static-prod.wtrecom.com/images/products/3/LN_985446_BP_3.jpg","Original Source Coconut & Shea Shower Gel","Add 2 for the price of 1","true","1.65","985446-825768-825769","https://www.waitrose.com/ecom/products/original-source-coconut-shea-shower-gel/985446-825768-825769","shower gel","2026-04-10T14:51:02.590Z","waitrose","3.3","per litre","250 ml"
,"https://ecom-su-static-prod.wtrecom.com/images/products/3/LN_985222_BP_3.jpg","All Dressed Up Miso & Sesame Dressing","20% Off. Was £5.00","true","4","985222-1-2","https://www.waitrose.com/ecom/products/all-dressed-up-miso-sesame-dressing/985222-1-2","honey","2026-04-10T14:51:12.717Z","waitrose","16","per litre","250 ml"
,"https://ecom-su-static-prod.wtrecom.com/images/products/3/LN_885230_BP_3.jpg","No.1 British Summer Honey",,"false","5","885230-830649-830650","https://www.waitrose.com/ecom/products/no1-british-summer-honey/885230-830649-830650","honey","2026-04-10T14:51:12.717Z","waitrose","20","per kg","250 g"
,"https://ecom-su-static-prod.wtrecom.com/images/products/3/LN_986231_BP_3.jpg","All Dressed Up Everyday House Dressing","20% Off. Was £5.00","true","4","986231-1-2","https://www.waitrose.com/ecom/products/all-dressed-up-everyday-house-dressing/986231-1-2","honey","2026-04-10T14:51:12.717Z","waitrose","16","per litre","250 ml"
,"https://ecom-su-static-prod.wtrecom.com/images/products/3/LN_024699_BP_3.jpg","Essential Squeezy Honey",,"false","2","024699-11962-11963","https://www.waitrose.com/ecom/products/essential-squeezy-honey/024699-11962-11963","honey","2026-04-10T14:51:12.717Z","waitrose","4.41","per kg","454 g"
,"https://ecom-su-static-prod.wtrecom.com/images/products/3/LN_080127_BP_3.jpg","Rowse Runny Honey Squeezy",,"false","3.15","080127-40743-40744","https://www.waitrose.com/ecom/products/rowse-runny-honey-squeezy/080127-40743-40744","honey","2026-04-10T14:51:12.717Z","waitrose","9.26","per kg","340 g"
,"https://ecom-su-static-prod.wtrecom.com/images/products/3/LN_873001_BP_3.jpg","Cawston Press Elderflower Lemonade Cans",,"false","4.75","873001-820153-820154","https://www.waitrose.com/ecom/products/cawston-press-elderflower-lemonade-cans/873001-820153-820154","lemonade","2026-04-10T14:51:23.292Z","waitrose","4.75","per litre","4x250 ml"
,"https://ecom-su-static-prod.wtrecom.com/images/products/3/LN_058906_BP_3.jpg","R.White's Lemonade Bottle","Add 2 for £2.50","true","1.55","058906-29644-29645","https://www.waitrose.com/ecom/products/rwhites-lemonade-bottle/058906-29644-29645","lemonade","2026-04-10T14:51:23.292Z","waitrose","0.63","per litre","2 litre"
,"https://ecom-su-static-prod.wtrecom.com/images/products/3/LN_944729_BP_3.jpg","FIX8 Water Kefir Raspberry Lemonade Live Sparkling Soda","25% Off. Was £2.85","true","2.13","944729-1-2","https://www.waitrose.com/ecom/products/fix8-water-kefir-raspberry-lemonade-live-sparkling-soda/944729-1-2","lemonade","2026-04-10T14:51:23.292Z","waitrose","6.46","per litre","330 ml"
,"https://ecom-su-static-prod.wtrecom.com/images/products/3/LN_922025_BP_3.jpg","FIX8 Pink Lemonade Water Kefir Multipack","Save £1.00. Was £6.00","true","5","922025-1-2","https://www.waitrose.com/ecom/products/fix8-pink-lemonade-water-kefir-multipack/922025-1-2","lemonade","2026-04-10T14:51:23.292Z","waitrose","5","per litre","4x250 ml"
,"https://ecom-su-static-prod.wtrecom.com/images/products/3/LN_676409_BP_3.jpg","Waitrose Lemonade with No Added Sugar",,"false","2.3","676409-96055-96056","https://www.waitrose.com/ecom/products/waitrose-lemonade-with-no-added-sugar/676409-96055-96056","lemonade","2026-04-10T14:51:23.292Z","waitrose","1.16","per litre","6x330 ml"
,"https://ecom-su-static-prod.wtrecom.com/images/products/3/LN_986859_BP_3.jpg","DASH Water Mixed Pack","Save £3.55. Was £13.50","true","9.95","986859-1-2","https://www.waitrose.com/ecom/products/dash-water-mixed-pack/986859-1-2","sparkling water","2026-04-10T14:51:34.881Z","waitrose","2.52","per litre","12x330 ml"
,"https://ecom-su-static-prod.wtrecom.com/images/products/3/LN_058455_BP_3.jpg","Essential Sparkling Natural Mineral Water",,"false","2.25","058455-29411-29412","https://www.waitrose.com/ecom/products/essential-sparkling-natural-mineral-water/058455-29411-29412","sparkling water","2026-04-10T14:51:34.881Z","waitrose","0.28","per litre","4x2 litre"
,"https://ecom-su-static-prod.wtrecom.com/images/products/3/LN_956136_BP_3.jpg","Goodrays Re:Focus Wild Mixed Berry","Add 2 for £12","true","7.5","956136-1-2","https://www.waitrose.com/ecom/products/goodrays-re-focus-wild-mixed-berry/956136-1-2","sparkling water","2026-04-10T14:51:34.881Z","waitrose","5.68","per litre","4x330 ml"
,"https://ecom-su-static-prod.wtrecom.com/images/products/3/LN_863828_BP_3.jpg","Agua De Madre Raspberry & Passion Fruit Water Kefir",,"false","7.5","863828-1-2","https://www.waitrose.com/ecom/products/agua-de-madre-raspberry-passion-fruit-water-kefir/863828-1-2","sparkling water","2026-04-10T14:51:34.881Z","waitrose","0.08","per litre","4x25 cl"
,"https://ecom-su-static-prod.wtrecom.com/images/products/3/LN_480775_BP_3.jpg","Highland Spring Sparkling Water",,"false","4.5","480775-585479-585480","https://www.waitrose.com/ecom/products/highland-spring-sparkling-water/480775-585479-585480","sparkling water","2026-04-10T14:51:34.881Z","waitrose","0.75","per litre","6x1 litre"
,"https://ecom-su-static-prod.wtrecom.com/images/products/3/LN_982326_BP_3.jpg","Colgate Total Active Prevention Fresh Mint Toothpaste","Half Price. Was £7.35","true","3.65","982326-836980-836981","https://www.waitrose.com/ecom/products/colgate-total-active-prevention-fresh-mint-toothpaste/982326-836980-836981","toothpaste","2026-04-10T14:51:45.320Z","waitrose","29.2","per litre","125 ml"
,"https://ecom-su-static-prod.wtrecom.com/images/products/3/LN_886732_BP_3.jpg","Colgate Triple Action Toothpaste",,"false","1.35","886732-804622-804623","https://www.waitrose.com/ecom/products/colgate-triple-action-toothpaste/886732-804622-804623","toothpaste","2026-04-10T14:51:45.320Z","waitrose","18","per litre","75 ml"
,"https://ecom-su-static-prod.wtrecom.com/images/products/3/LN_649964_BP_3.jpg","Aquafresh Kids Little Teeth Toothpaste 3-5 Years, 75ml","Add 2 for £3.50","true","2.3","649964-494908-494909","https://www.waitrose.com/ecom/products/aquafresh-kids-little-teeth-toothpaste-3-5-years-75ml/649964-494908-494909","toothpaste","2026-04-10T14:51:45.320Z","waitrose","30.67","per litre","75 ml"
,"https://ecom-su-static-prod.wtrecom.com/images/products/3/LN_684559_BP_3.jpg","Aquafresh Kids Big Teeth Toothpaste 6-8 Years, 75ml","Add 2 for £3.50","true","2.3","684559-494942-494943","https://www.waitrose.com/ecom/products/aquafresh-kids-big-teeth-toothpaste-6-8-years-75ml/684559-494942-494943","toothpaste","2026-04-10T14:51:45.320Z","waitrose","30.67","per litre","75 ml"
,"https://ecom-su-static-prod.wtrecom.com/images/products/3/LN_625341_BP_3.jpg","Oral-B Pro Expert Protection Toothpaste","Half Price. Was £8.00","true","4","625341-804580-804581","https://www.waitrose.com/ecom/products/oral-b-pro-expert-protection-toothpaste/625341-804580-804581","toothpaste","2026-04-10T14:51:45.320Z","waitrose","26.67","per litre","2x75 ml"
,"https://ecom-su-static-prod.wtrecom.com/images/products/3/LN_096232_BP_3.jpg","Aussie Mega Shampoo",,"false","5.25","096232-49248-49249","https://www.waitrose.com/ecom/products/aussie-mega-shampoo/096232-49248-49249","shampoo","2026-04-10T14:51:55.489Z","waitrose","17.5","per litre","300 ml"
,"https://ecom-su-static-prod.wtrecom.com/images/products/3/LN_701301_BP_3.jpg","Essential Daily Care Shampoo",,"false","1.75","701301-99532-99533","https://www.waitrose.com/ecom/products/essential-daily-care-shampoo/701301-99532-99533","shampoo","2026-04-10T14:51:55.489Z","waitrose","5.83","per litre","300 ml"
,"https://ecom-su-static-prod.wtrecom.com/images/products/3/LN_778297_BP_3.jpg","Pantene Grow Strong Shampoo",,"false","6.8","778297-720309-720310","https://www.waitrose.com/ecom/products/pantene-grow-strong-shampoo/778297-720309-720310","shampoo","2026-04-10T14:51:55.489Z","waitrose","17","per litre","400 ml"
,"https://ecom-su-static-prod.wtrecom.com/images/products/3/LN_887660_BP_3.jpg","Head & Shoulders Classic Clean Shampoo","Add 2 for £7","true","5.25","887660-793656-793657","https://www.waitrose.com/ecom/products/head-shoulders-classic-clean-shampoo/887660-793656-793657","shampoo","2026-04-10T14:51:55.489Z","waitrose","13.13","per litre","400 ml"
,"https://ecom-su-static-prod.wtrecom.com/images/products/3/LN_472240_BP_3.jpg","Herbal Essence Argan Oil Repair Shampoo","Half Price. Was £6.30","true","3.15","472240-591833-591834","https://www.waitrose.com/ecom/products/herbal-essence-argan-oil-repair-shampoo/472240-591833-591834","shampoo","2026-04-10T14:51:55.489Z","waitrose","9","per litre","350 ml"
,"https://ecom-su-static-prod.wtrecom.com/images/products/3/LN_058019_BP_3.jpg","Evian Still Mineral Water",,"false","6.25","058019-29118-29119","https://www.waitrose.com/ecom/products/evian-still-mineral-water/058019-29118-29119","still water","2026-04-10T14:52:38.281Z","waitrose","0.69","per litre","6x1.5 litre"
,"https://ecom-su-static-prod.wtrecom.com/images/products/3/LN_058459_BP_3.jpg","Essential Still Natural Mineral Water",,"false","2.15","058459-29415-29416","https://www.waitrose.com/ecom/products/essential-still-natural-mineral-water/058459-29415-29416","still water","2026-04-10T14:52:38.281Z","waitrose","0.27","per litre","4x2 litre"
,"https://ecom-su-static-prod.wtrecom.com/images/products/3/LN_058021_BP_3.jpg","Evian Still Mineral Water",,"false","3.6","058021-29122-29123","https://www.waitrose.com/ecom/products/evian-still-mineral-water/058021-29122-29123","still water","2026-04-10T14:52:38.281Z","waitrose","1.2","per litre","6x500 ml"
,"https://ecom-su-static-prod.wtrecom.com/images/products/3/LN_005156_BP_3.jpg","Evian Still Mineral Water Sportscap","Save £1.35. Was £4.15","true","2.8","005156-2225-2226","https://www.waitrose.com/ecom/products/evian-still-mineral-water-sportscap/005156-2225-2226","still water","2026-04-10T14:52:38.281Z","waitrose","0.03","per litre","4x750 ml"
,"https://ecom-su-static-prod.wtrecom.com/images/products/3/LN_093118_BP_3.jpg","Highland Spring Still Water",,"false","4.75","093118-47837-47838","https://www.waitrose.com/ecom/products/highland-spring-still-water/093118-47837-47838","still water","2026-04-10T14:52:38.281Z","waitrose","0.53","per litre","6x1.5 litre"
,"https://ecom-su-static-prod.wtrecom.com/images/products/3/LN_017547_BP_3.jpg","Aussie Mega Hair Conditioner",,"false","5.25","017547-8530-8531","https://www.waitrose.com/ecom/products/aussie-mega-hair-conditioner/017547-8530-8531","conditioner hair","2026-04-10T14:52:39.080Z","waitrose","26.25","per litre","200 ml"
,"https://ecom-su-static-prod.wtrecom.com/images/products/3/LN_045915_BP_3.jpg","Aussie Miracle Moist Hair Conditioner",,"false","5.25","045915-22611-22612","https://www.waitrose.com/ecom/products/aussie-miracle-moist-hair-conditioner/045915-22611-22612","conditioner hair","2026-04-10T14:52:39.080Z","waitrose","26.25","per litre","200 ml"
,"https://ecom-su-static-prod.wtrecom.com/images/products/3/LN_516311_BP_3.jpg","Pantene Miracles Bond Repair Conditioner",,"false","6.8","516311-820596-820597","https://www.waitrose.com/ecom/products/pantene-miracles-bond-repair-conditioner/516311-820596-820597","conditioner hair","2026-04-10T14:52:39.080Z","waitrose","42.5","per litre","160 ml"
,"https://ecom-su-static-prod.wtrecom.com/images/products/3/LN_502555_BP_3.jpg","Head & Shoulders Supreme Moisture Conditioner","Add 2 for £7","true","5.25","502555-652294-652295","https://www.waitrose.com/ecom/products/head-shoulders-supreme-moisture-conditioner/502555-652294-652295","conditioner hair","2026-04-10T14:52:39.081Z","waitrose","19.09","per litre","275 ml"
,"https://ecom-su-static-prod.wtrecom.com/images/products/3/LN_427668_BP_3.jpg","Herbal Essences Coconut Hydrate Shampoo","Half Price. Was £6.30","true","3.15","427668-591713-591714","https://www.waitrose.com/ecom/products/herbal-essences-coconut-hydrate-shampoo/427668-591713-591714","conditioner hair","2026-04-10T14:52:39.081Z","waitrose","9","per litre","350 ml"
,"https://ecom-su-static-prod.wtrecom.com/images/products/3/LN_058361_BP_3.jpg","Robinsons Orange No Added Sugar Squash","Add 2 for £2.50","true","2.1","058361-29335-29336","https://www.waitrose.com/ecom/products/robinsons-orange-no-added-sugar-squash/058361-29335-29336","squash cordial","2026-04-10T14:52:52.362Z","waitrose","2.1","per litre","1 litre"
,"https://ecom-su-static-prod.wtrecom.com/images/products/3/LN_412389_BP_3.jpg","Essential No Added Sugar Apple & Blackcurrant Squash",,"false","1.5","412389-776616-776617","https://www.waitrose.com/ecom/products/essential-no-added-sugar-apple-blackcurrant-squash/412389-776616-776617","squash cordial","2026-04-10T14:52:52.362Z","waitrose","1","per litre","1.5 litre"
,"https://ecom-su-static-prod.wtrecom.com/images/products/3/LN_058360_BP_3.jpg","Robinsons Apple & Blackcurrant No Added Sugar Squash","Add 2 for £2.50","true","2.1","058360-29333-29334","https://www.waitrose.com/ecom/products/robinsons-apple-blackcurrant-no-added-sugar-squash/058360-29333-29334","squash cordial","2026-04-10T14:52:52.362Z","waitrose","2.1","per litre","1 litre"
,"https://ecom-su-static-prod.wtrecom.com/images/products/3/LN_021868_BP_3.jpg","Robinsons Fruit & Barley Apple & Pear Squash","Add 2 for £2.50","true","2.3","021868-10658-10659","https://www.waitrose.com/ecom/products/robinsons-fruit-barley-apple-pear-squash/021868-10658-10659","squash cordial","2026-04-10T14:52:52.362Z","waitrose","2.3","per litre","1 litre"
,"https://ecom-su-static-prod.wtrecom.com/images/products/3/LN_887186_BP_3.jpg","Essential No Added Sugar Orange Squash",,"false","1.5","887186-776918-776919","https://www.waitrose.com/ecom/products/essential-no-added-sugar-orange-squash/887186-776918-776919","squash cordial","2026-04-10T14:52:52.362Z","waitrose","1","per litre","1.5 litre"
,"https://ecom-su-static-prod.wtrecom.com/images/products/3/LN_715639_BP_3.jpg","Faith in Nature Grapefruit & Orange Hand Wash",,"false","5","715639-741302-741303","https://www.waitrose.com/ecom/products/faith-in-nature-grapefruit-orange-hand-wash/715639-741302-741303","hand soap","2026-04-10T14:53:05.684Z","waitrose","12.5","per litre","400 ml"
,"https://ecom-su-static-prod.wtrecom.com/images/products/3/LN_566194_BP_3.jpg","Ecover Hand Soap Citrus","20% Off. Was £3.00","true","2.4","566194-690198-690199","https://www.waitrose.com/ecom/products/ecover-hand-soap-citrus/566194-690198-690199","hand soap","2026-04-10T14:53:05.684Z","waitrose","9.6","per litre","250 ml"
,"https://ecom-su-static-prod.wtrecom.com/images/products/3/LN_656835_BP_3.jpg","Faith in Nature Wild Rose Hand Wash",,"false","5","656835-805793-805794","https://www.waitrose.com/ecom/products/faith-in-nature-wild-rose-hand-wash/656835-805793-805794","hand soap","2026-04-10T14:53:05.684Z","waitrose","12.5","per litre","400 ml"
,"https://ecom-su-static-prod.wtrecom.com/images/products/3/LN_019740_BP_3.jpg","Ecover Hand Soap Lavender & Aloe Vera","20% Off. Was £3.00","true","2.4","019740-9613-9614","https://www.waitrose.com/ecom/products/ecover-hand-soap-lavender-aloe-vera/019740-9613-9614","hand soap","2026-04-10T14:53:05.684Z","waitrose","9.6","per litre","250 ml"
,"https://ecom-su-static-prod.wtrecom.com/images/products/3/LN_871108_BP_3.jpg","Faith in Nature Aloe Vera Soap",,"false","3.5","871108-719961-719962","https://www.waitrose.com/ecom/products/faith-in-nature-aloe-vera-soap/871108-719961-719962","hand soap","2026-04-10T14:53:05.684Z","waitrose","35","per kg","100 g"
,"https://ecom-su-static-prod.wtrecom.com/images/products/3/LN_054003_BP_3.jpg","Essential Frozen British Garden Peas",,"false","1.25","054003-27079-27080","https://www.waitrose.com/ecom/products/essential-frozen-british-garden-peas/054003-27079-27080","frozen peas","2026-04-10T14:53:16.619Z","waitrose","1.72","per kg","725 g"
,"https://ecom-su-static-prod.wtrecom.com/images/products/3/LN_054004_BP_3.jpg","Essential Frozen British Garden Peas",,"false","2.25","054004-27081-27082","https://www.waitrose.com/ecom/products/essential-frozen-british-garden-peas/054004-27081-27082","frozen peas","2026-04-10T14:53:16.619Z","waitrose","1.8","per kg","1.25 Kg"
,"https://ecom-su-static-prod.wtrecom.com/images/products/3/LN_684799_BP_3.jpg","Birds Eye Petits Pois","Save £1.00. Was £4.00","true","3","684799-239473-239474","https://www.waitrose.com/ecom/products/birds-eye-petits-pois/684799-239473-239474","frozen peas","2026-04-10T14:53:16.619Z","waitrose","3.13","per kg","960 g"
,"https://ecom-su-static-prod.wtrecom.com/images/products/3/LN_591747_BP_3.jpg","Birds Eye Petits Pois",,"false","3","591747-239421-239422","https://www.waitrose.com/ecom/products/birds-eye-petits-pois/591747-239421-239422","frozen peas","2026-04-10T14:53:16.619Z","waitrose","5.5","per kg","545 g"
,"https://ecom-su-static-prod.wtrecom.com/images/products/3/LN_054027_BP_3.jpg","Essential Frozen British Petits Pois",,"false","1.65","054027-27091-27092","https://www.waitrose.com/ecom/products/essential-frozen-british-petits-pois/054027-27091-27092","frozen peas","2026-04-10T14:53:16.619Z","waitrose","2.28","per kg","725 g"
,"https://ecom-su-static-prod.wtrecom.com/images/products/3/LN_781605_BP_3.jpg","Rock Face Antiperspirant Deodorant",,"false","4","781605-759507-759508","https://www.waitrose.com/ecom/products/rock-face-antiperspirant-deodorant/781605-759507-759508","deodorant","2026-04-10T14:53:26.999Z","waitrose","20","per litre","200 ml"
,"https://ecom-su-static-prod.wtrecom.com/images/products/3/LN_073587_BP_3.jpg","Sure Women Cotton Dry Roll-On Deodorant","Save 1/3. Was £1.75","true","1.16","073587-37322-37323","https://www.waitrose.com/ecom/products/sure-women-cotton-dry-roll-on-deodorant/073587-37322-37323","deodorant","2026-04-10T14:53:26.999Z","waitrose","23.2","per litre","50 ml"
,"https://ecom-su-static-prod.wtrecom.com/images/products/3/LN_998874_BP_3.jpg","Wild Navy Case and Sandalwood & Cedar Deodorant Refill",,"false","13.65","998874-1-2","https://www.waitrose.com/ecom/products/wild-navy-case-and-sandalwood-cedar-deodorant-refill/998874-1-2","deodorant","2026-04-10T14:53:26.999Z","waitrose","341.25","per kg","40 g"
,"https://ecom-su-static-prod.wtrecom.com/images/products/3/LN_498546_BP_3.jpg","Dove Anti-perspirant Deodorant Fresh",,"false","4.1","498546-802539-802540","https://www.waitrose.com/ecom/products/dove-anti-perspirant-deodorant-fresh/498546-802539-802540","deodorant","2026-04-10T14:53:26.999Z","waitrose","20.5","per litre","200 ml"
,"https://ecom-su-static-prod.wtrecom.com/images/products/3/LN_951161_BP_3.jpg","Wild Marble Ditsy Case with Amber & Oud Refill",,"false","15.65","951161-1-2","https://www.waitrose.com/ecom/products/wild-marble-ditsy-case-with-amber-oud-refill/951161-1-2","deodorant","2026-04-10T14:53:26.999Z","waitrose","391.25","per kg","40 g"
,"https://ecom-su-static-prod.wtrecom.com/images/products/3/LN_059990_BP_3.jpg","Essential Frozen Supersweet Sweetcorn",,"false","1.4","059990-30307-30308","https://www.waitrose.com/ecom/products/essential-frozen-supersweet-sweetcorn/059990-30307-30308","frozen sweetcorn","2026-04-10T14:53:36.520Z","waitrose","1.87","per kg","750 g"
,"https://ecom-su-static-prod.wtrecom.com/images/products/3/LN_090788_BP_3.jpg","Duchy Organic Frozen Sweetcorn",,"false","2.1","090788-46761-46762","https://www.waitrose.com/ecom/products/duchy-organic-frozen-sweetcorn/090788-46761-46762","frozen sweetcorn","2026-04-10T14:53:36.520Z","waitrose","4.2","per kg","500 g"
,"https://ecom-su-static-prod.wtrecom.com/images/products/3/LN_444496_BP_3.jpg","Birds Eye Supersweet Sweetcorn","Save 90p. Was £3.15","true","2.25","444496-824341-824342","https://www.waitrose.com/ecom/products/birds-eye-supersweet-sweetcorn/444496-824341-824342","frozen sweetcorn","2026-04-10T14:53:36.520Z","waitrose","3.52","per kg","640 g"
,"https://ecom-su-static-prod.wtrecom.com/images/products/3/LN_936856_BP_3.jpg","Essential Frozen Sliced Carrots",,"false","1.1","936856-851898-851899","https://www.waitrose.com/ecom/products/essential-frozen-sliced-carrots/936856-851898-851899","frozen sweetcorn","2026-04-10T14:53:36.520Z","waitrose","1.22","per kg","900 g"
,"https://ecom-su-static-prod.wtrecom.com/images/products/3/LN_675657_BP_3.jpg","Birds Eye Garden Peas & Sweetcorn","Save 90p. Was £3.15","true","2.25","675657-824385-824386","https://www.waitrose.com/ecom/products/birds-eye-garden-peas-sweetcorn/675657-824385-824386","frozen sweetcorn","2026-04-10T14:53:36.520Z","waitrose","3.52","per kg","640 g"
,"https://ecom-su-static-prod.wtrecom.com/images/products/3/LN_067082_BP_3.jpg","Duchy Organic Frozen Vegetable Mix",,"false","2.95","067082-33976-33977","https://www.waitrose.com/ecom/products/duchy-organic-frozen-vegetable-mix/067082-33976-33977","frozen mixed vegetables","2026-04-10T14:53:46.105Z","waitrose","3.93","per kg","750 g"
,"https://ecom-su-static-prod.wtrecom.com/images/products/3/LN_640620_BP_3.jpg","Waitrose Frozen Grilled Vegetable Mix",,"false","2.9","640620-823062-823063","https://www.waitrose.com/ecom/products/waitrose-frozen-grilled-vegetable-mix/640620-823062-823063","frozen mixed vegetables","2026-04-10T14:53:46.105Z","waitrose","5.8","per kg","500 g"
,"https://ecom-su-static-prod.wtrecom.com/images/products/3/LN_054331_BP_3.jpg","Essential Frozen British Chunky Vegetable Mix",,"false","1.6","054331-27281-27282","https://www.waitrose.com/ecom/products/essential-frozen-british-chunky-vegetable-mix/054331-27281-27282","frozen mixed vegetables","2026-04-10T14:53:46.105Z","waitrose","2.13","per kg","750 g"
,"https://ecom-su-static-prod.wtrecom.com/images/products/3/LN_982076_BP_3.jpg","Essential Mixed Vegetables",,"false","1.65","982076-844368-844369","https://www.waitrose.com/ecom/products/essential-mixed-vegetables/982076-844368-844369","frozen mixed vegetables","2026-04-10T14:53:46.105Z","waitrose","1.65","per kg","1 Kg"
,"https://ecom-su-static-prod.wtrecom.com/images/products/3/LN_832230_BP_3.jpg","Waitrose Frozen Fine Cut Vegetable Steamers",,"false","2.75","832230-581574-581575","https://www.waitrose.com/ecom/products/waitrose-frozen-fine-cut-vegetable-steamers/832230-581574-581575","frozen mixed vegetables","2026-04-10T14:53:46.105Z","waitrose","4.3","per kg","4x160 g"
,"https://ecom-su-static-prod.wtrecom.com/images/products/3/LN_050103_BP_3.jpg","Gillette Fusion Blades",,"false","13.65","050103-24953-24954","https://www.waitrose.com/ecom/products/gillette-fusion-blades/050103-24953-24954","razor blades","2026-04-10T14:53:56.410Z","waitrose",,,"4s"
,"https://ecom-su-static-prod.wtrecom.com/images/products/3/LN_913112_BP_3.jpg","Gillette Fusion 5, 11 Razor Blade Refills",,"false","28.35","913112-826242-826243","https://www.waitrose.com/ecom/products/gillette-fusion-5-11-razor-blade-refills/913112-826242-826243","razor blades","2026-04-10T14:53:56.410Z","waitrose",,,"11Each"
,"https://ecom-su-static-prod.wtrecom.com/images/products/3/LN_464774_BP_3.jpg","Gillette Fusion 5 Starter Pack",,"false","21","464774-711596-711597","https://www.waitrose.com/ecom/products/gillette-fusion-5-starter-pack/464774-711596-711597","razor blades","2026-04-10T14:53:56.410Z","waitrose",,,"Each"
,"https://ecom-su-static-prod.wtrecom.com/images/products/3/LN_974874_BP_3.jpg","Gillette Mach 3 Razor Blades",,"false","23.1","974874-826318-826319","https://www.waitrose.com/ecom/products/gillette-mach-3-razor-blades/974874-826318-826319","razor blades","2026-04-10T14:53:56.410Z","waitrose",,,"12Each"
,"https://ecom-su-static-prod.wtrecom.com/images/products/3/LN_579008_BP_3.jpg","Gillette Fusion Proglide 5",,"false","23.65","579008-716565-716566","https://www.waitrose.com/ecom/products/gillette-fusion-proglide-5/579008-716565-716566","razor blades","2026-04-10T14:53:56.410Z","waitrose",,,"Each"
,"https://ecom-su-static-prod.wtrecom.com/images/products/3/LN_786795_BP_3.jpg","Essential Frozen Straight Cut Oven Chips",,"false","1.75","786795-645003-645004","https://www.waitrose.com/ecom/products/essential-frozen-straight-cut-oven-chips/786795-645003-645004","frozen chips oven","2026-04-10T14:54:05.605Z","waitrose","1.94","per kg","900 g"
,"https://ecom-su-static-prod.wtrecom.com/images/products/3/LN_512640_BP_3.jpg","Essential Frozen Crinkle Cut Oven Chips",,"false","1.75","512640-644887-644888","https://www.waitrose.com/ecom/products/essential-frozen-crinkle-cut-oven-chips/512640-644887-644888","frozen chips oven","2026-04-10T14:54:05.605Z","waitrose","1.94","per kg","900 g"
,"https://ecom-su-static-prod.wtrecom.com/images/products/3/LN_806238_BP_3.jpg","Strong Roots Oven Baked Sweet Potato Fries",,"false","3.85","806238-568250-568251","https://www.waitrose.com/ecom/products/strong-roots-oven-baked-sweet-potato-fries/806238-568250-568251","frozen chips oven","2026-04-10T14:54:05.605Z","waitrose","7.7","per kg","500 g"
,"https://ecom-su-static-prod.wtrecom.com/images/products/3/LN_964176_BP_3.jpg","Crosta Mollica Pizza Margherita","Save £1.35. Was £5.75","true","4.4","964176-843760-843761","https://www.waitrose.com/ecom/products/crosta-mollica-pizza-margherita/964176-843760-843761","frozen pizza","2026-04-10T14:54:15.807Z","waitrose","10.92","per kg","403 g"
,"https://ecom-su-static-prod.wtrecom.com/images/products/3/LN_838664_BP_3.jpg","Crosta Mollica 2 Frozen Stromboli Sourdough Pizzas",,"false","6","838664-762574-762575","https://www.waitrose.com/ecom/products/crosta-mollica-2-frozen-stromboli-sourdough-pizzas/838664-762574-762575","frozen pizza","2026-04-10T14:54:15.807Z","waitrose","13.82","per kg","434 g"
,"https://ecom-su-static-prod.wtrecom.com/images/products/3/LN_948644_BP_3.jpg","Crosta Mollica Frozen Regina Sourdough Pizza",,"false","6","948644-834291-834292","https://www.waitrose.com/ecom/products/crosta-mollica-frozen-regina-sourdough-pizza/948644-834291-834292","frozen pizza","2026-04-10T14:54:15.807Z","waitrose","11.72","per kg","512 g"
,"https://ecom-su-static-prod.wtrecom.com/images/products/3/LN_475893_BP_3.jpg","Crosta Mollica 2 Frozen Vegana Sourdough Pizzas",,"false","6","475893-782761-782762","https://www.waitrose.com/ecom/products/crosta-mollica-2-frozen-vegana-sourdough-pizzas/475893-782761-782762","frozen pizza","2026-04-10T14:54:15.807Z","waitrose","11.95","per kg","502 g"
,"https://ecom-su-static-prod.wtrecom.com/images/products/3/LN_927827_BP_3.jpg","Crosta Mollica Pizza Stromboli","Save £1.35. Was £5.75","true","4.4","927827-843670-843671","https://www.waitrose.com/ecom/products/crosta-mollica-pizza-stromboli/927827-843670-843671","frozen pizza","2026-04-10T14:54:15.807Z","waitrose","9.85","per kg","447 g"
,"https://ecom-su-static-prod.wtrecom.com/images/products/3/LN_673284_BP_3.jpg","Whole Creations Gluten Free Garlic Bread Baguette",,"false","2.1","673284-753250-753251","https://www.waitrose.com/ecom/products/whole-creations-gluten-free-garlic-bread-baguette/673284-753250-753251","frozen garlic bread","2026-04-10T14:54:25.237Z","waitrose","11.05","per kg","190 g"
,"https://ecom-su-static-prod.wtrecom.com/images/products/3/LN_380031_BP_3.jpg","Essential 2 Garlic Baguettes",,"false","1.25","380031-843542-843543","https://www.waitrose.com/ecom/products/essential-2-garlic-baguettes/380031-843542-843543","frozen garlic bread","2026-04-10T14:54:25.237Z","waitrose","3.7","per kg","338 g"
,"https://ecom-su-static-prod.wtrecom.com/images/products/3/LN_956097_BP_3.jpg","Crosta Mollica Roast Garlic & Mozzarella Flatbread",,"false","3.25","956097-834301-834302","https://www.waitrose.com/ecom/products/crosta-mollica-roast-garlic-mozzarella-flatbread/956097-834301-834302","frozen garlic bread","2026-04-10T14:54:25.237Z","waitrose","14.19","per kg","229 g"
,"https://ecom-su-static-prod.wtrecom.com/images/products/3/LN_990978_BP_3.jpg","Crosta Mollica Salami Vesuvio Pizza Bites",,"false","4.75","990978-1-2","https://www.waitrose.com/ecom/products/crosta-mollica-salami-vesuvio-pizza-bites/990978-1-2","frozen garlic bread","2026-04-10T14:54:25.237Z","waitrose","17.59","per kg","270 g"
,"https://ecom-su-static-prod.wtrecom.com/images/products/3/LN_096512_BP_3.jpg","Carte D'Or Madagascan Vanilla Ice Cream Tub","Save £1.60. Was £4.10","true","2.5","096512-49366-49367","https://www.waitrose.com/ecom/products/carte-dor-madagascan-vanilla-ice-cream-tub/096512-49366-49367","vanilla ice cream","2026-04-10T14:54:35.026Z","waitrose","2.78","per litre","900 ml"
,"https://ecom-su-static-prod.wtrecom.com/images/products/3/LN_089682_BP_3.jpg","No.1 Madagascan Vanilla Ice Cream","20% Off. Was £4.50","true","3.5","089682-46236-46237","https://www.waitrose.com/ecom/products/no1-madagascan-vanilla-ice-cream/089682-46236-46237","vanilla ice cream","2026-04-10T14:54:35.026Z","waitrose","7","per litre","500 ml"
,"https://ecom-su-static-prod.wtrecom.com/images/products/3/LN_853369_BP_3.jpg","Remeo Gelato Stracciatella Di Bergamo",,"false","6.1","853369-575874-575875","https://www.waitrose.com/ecom/products/remeo-gelato-stracciatella-di-bergamo/853369-575874-575875","vanilla ice cream","2026-04-10T14:54:35.026Z","waitrose","13.2","per litre","462 ml"
,"https://ecom-su-static-prod.wtrecom.com/images/products/3/LN_524052_BP_3.jpg","Duchy Organic Vanilla Ice Cream",,"false","3.75","524052-752937-752938","https://www.waitrose.com/ecom/products/duchy-organic-vanilla-ice-cream/524052-752937-752938","vanilla ice cream","2026-04-10T14:54:35.026Z","waitrose","7.81","per litre","480 ml"
,"https://ecom-su-static-prod.wtrecom.com/images/products/3/LN_687643_BP_3.jpg","Remeo Gelato Pistacchio Siciliano",,"false","6.1","687643-575702-575703","https://www.waitrose.com/ecom/products/remeo-gelato-pistacchio-siciliano/687643-575702-575703","vanilla ice cream","2026-04-10T14:54:35.026Z","waitrose","13.2","per litre","462 ml"
,"https://ecom-su-static-prod.wtrecom.com/images/products/3/LN_784172_BP_3.jpg","Halo Top Gooey Brownie Ice Cream",,"false","5.5","784172-802074-802075","https://www.waitrose.com/ecom/products/halo-top-gooey-brownie-ice-cream/784172-802074-802075","chocolate ice cream","2026-04-10T14:54:45.411Z","waitrose","11.96","per litre","460 ml"
,"https://ecom-su-static-prod.wtrecom.com/images/products/3/LN_406516_BP_3.jpg","No.1 Santo Domingo Chocolate Ice Cream","20% Off. Was £4.50","true","3.5","406516-336017-336018","https://www.waitrose.com/ecom/products/no1-santo-domingo-chocolate-ice-cream/406516-336017-336018","chocolate ice cream","2026-04-10T14:54:45.411Z","waitrose","7.3","per litre","480 ml"
,"https://ecom-su-static-prod.wtrecom.com/images/products/3/LN_471551_BP_3.jpg","Halo Top Honeycomb Crunch Ice Cream",,"false","5.5","471551-824347-824348","https://www.waitrose.com/ecom/products/halo-top-honeycomb-crunch-ice-cream/471551-824347-824348","chocolate ice cream","2026-04-10T14:54:45.411Z","waitrose","11.96","per litre","460 ml"
,"https://ecom-su-static-prod.wtrecom.com/images/products/3/LN_380741_BP_3.jpg","Waitrose Chocolate Dairy Ice Cream",,"false","3.55","380741-834621-834622","https://www.waitrose.com/ecom/products/waitrose-chocolate-dairy-ice-cream/380741-834621-834622","chocolate ice cream","2026-04-10T14:54:45.411Z","waitrose","3.55","per litre","1 litre"
,"https://ecom-su-static-prod.wtrecom.com/images/products/3/LN_317426_BP_3.jpg","Jude's Chocolate Guinness Cake Ice Cream",,"false","5.75","317426-1-2","https://www.waitrose.com/ecom/products/judes-chocolate-guinness-cake-ice-cream/317426-1-2","chocolate ice cream","2026-04-10T14:54:45.411Z","waitrose","12.5","per litre","460 ml"
,"https://ecom-su-static-prod.wtrecom.com/images/products/3/LN_967379_BP_3.jpg","Solero Mini Exotic & Berry Bliss Ice Cream Lollies",,"false","3.5","967379-1-2","https://www.waitrose.com/ecom/products/solero-mini-exotic-berry-bliss-ice-cream-lollies/967379-1-2","ice lollies","2026-04-10T14:54:55.606Z","waitrose","11.67","per litre","6x50 ml"
,"https://ecom-su-static-prod.wtrecom.com/images/products/3/LN_711167_BP_3.jpg","Remeo Mango Ice Lollies","Add 2 for £7","true","4.5","711167-753058-753059","https://www.waitrose.com/ecom/products/remeo-mango-ice-lollies/711167-753058-753059","ice lollies","2026-04-10T14:54:55.606Z","waitrose","16.67","per kg","3x70 g"
,"https://ecom-su-static-prod.wtrecom.com/images/products/3/LN_411322_BP_3.jpg","Little Moons Refreshos Very Berry Mochi Sorbet","Save £1.50. Was £5.25","true","3.75","411322-801728-801729","https://www.waitrose.com/ecom/products/little-moons-refreshos-very-berry-mochi-sorbet/411322-801728-801729","ice lollies","2026-04-10T14:54:55.607Z","waitrose","19.54","per kg","192 g"
,"https://ecom-su-static-prod.wtrecom.com/images/products/3/LN_972131_BP_3.jpg","Little Jude's Milk Ice Lollies",,"false","3.5","972131-1-2","https://www.waitrose.com/ecom/products/little-judes-milk-ice-lollies/972131-1-2","ice lollies","2026-04-10T14:54:55.607Z","waitrose","12.96","per litre","6x45 ml"
,"https://ecom-su-static-prod.wtrecom.com/images/products/3/LN_831973_BP_3.jpg","Calippo Mini Orange & Lemon-Lime Ice Lollies",,"false","3","831973-688722-688723","https://www.waitrose.com/ecom/products/calippo-mini-orange-lemon-lime-ice-lollies/831973-688722-688723","ice lollies","2026-04-10T14:54:55.607Z","waitrose","7.5","per litre","5x80 ml"
,"https://ecom-su-static-prod.wtrecom.com/images/products/3/LN_073603_BP_3.jpg","Essential 10 Frozen Cod Fish Fingers MSC",,"false","3","073603-37332-37333","https://www.waitrose.com/ecom/products/essential-10-frozen-cod-fish-fingers-msc/073603-37332-37333","frozen fish fingers","2026-04-10T14:55:05.617Z","waitrose","10","per kg","300 g"
,"https://ecom-su-static-prod.wtrecom.com/images/products/3/LN_542268_BP_3.jpg","Birds Eye 32 Omega 3 Fish Fingers",,"false","5.35","542268-76646-76647","https://www.waitrose.com/ecom/products/birds-eye-32-omega-3-fish-fingers/542268-76646-76647","frozen fish fingers","2026-04-10T14:55:05.617Z","waitrose","5.97","per kg","896 g"
,"https://ecom-su-static-prod.wtrecom.com/images/products/3/LN_870287_BP_3.jpg","Waitrose Frozen 6 Battered Haddock Fish Fingers","Mix & Match Add 4 for 3 Cheapest Item Free","true","4.5","870287-762604-762605","https://www.waitrose.com/ecom/products/waitrose-frozen-6-battered-haddock-fish-fingers/870287-762604-762605","frozen fish fingers","2026-04-10T14:55:05.617Z","waitrose","13.64","per kg","330 g"
,"https://ecom-su-static-prod.wtrecom.com/images/products/3/LN_091661_BP_3.jpg","Waitrose 6 Frozen Breaded Cod Fingers","Mix & Match Add 4 for 3 Cheapest Item Free","true","4.5","091661-47200-47201","https://www.waitrose.com/ecom/products/waitrose-6-frozen-breaded-cod-fingers/091661-47200-47201","frozen fish fingers","2026-04-10T14:55:05.617Z","waitrose","13.64","per kg","330 g"
,"https://ecom-su-static-prod.wtrecom.com/images/products/3/LN_618561_BP_3.jpg","Birds Eye 10 Cod Fish Fingers",,"false","4.7","618561-130834-130835","https://www.waitrose.com/ecom/products/birds-eye-10-cod-fish-fingers/618561-130834-130835","frozen fish fingers","2026-04-10T14:55:05.617Z","waitrose","16.79","per kg","280 g"
,"https://ecom-su-static-prod.wtrecom.com/images/products/3/LN_221794_BP_3.jpg","The Good Crisp Co Original","Buyers Choice","true","3.4","221794-1-2","https://www.waitrose.com/ecom/products/the-good-crisp-co-original/221794-1-2","ready salted crisps","2026-04-10T14:55:15.581Z","waitrose","21.25","per kg","160 g"
,"https://ecom-su-static-prod.wtrecom.com/images/products/3/LN_003354_BP_3.jpg","Walkers Ready Salted Multipack Crisps",,"false","2.35","003354-1301-1302","https://www.waitrose.com/ecom/products/walkers-ready-salted-multipack-crisps/003354-1301-1302","ready salted crisps","2026-04-10T14:55:15.581Z","waitrose","15.67","per kg","6x25 g"
,"https://ecom-su-static-prod.wtrecom.com/images/products/3/LN_003380_BP_3.jpg","Essential Ready Salted Multipack Crisps",,"false","1.2","003380-1329-1330","https://www.waitrose.com/ecom/products/essential-ready-salted-multipack-crisps/003380-1329-1330","ready salted crisps","2026-04-10T14:55:15.581Z","waitrose","8","per kg","6x25 g"
,"https://ecom-su-static-prod.wtrecom.com/images/products/3/LN_571802_BP_3.jpg","Walkers Ready Salted Multipack Crisps",,"false","3.35","571802-80998-80999","https://www.waitrose.com/ecom/products/walkers-ready-salted-multipack-crisps/571802-80998-80999","ready salted crisps","2026-04-10T14:55:15.581Z","waitrose","11.17","per kg","12x25 g"
,"https://ecom-su-static-prod.wtrecom.com/images/products/3/LN_414748_BP_3.jpg","Walkers Sharing Bag Ready Salted Crisps",,"false","1.5","414748-803636-803637","https://www.waitrose.com/ecom/products/walkers-sharing-bag-ready-salted-crisps/414748-803636-803637","ready salted crisps","2026-04-10T14:55:15.581Z","waitrose","10","per kg","150 g"
,"https://ecom-su-static-prod.wtrecom.com/images/products/3/LN_003232_BP_3.jpg","Walkers Cheese & Onion Multipack Crisps",,"false","2.35","003232-1231-1232","https://www.waitrose.com/ecom/products/walkers-cheese-onion-multipack-crisps/003232-1231-1232","cheese onion crisps","2026-04-10T14:55:25.210Z","waitrose","15.67","per kg","6x25 g"
,"https://ecom-su-static-prod.wtrecom.com/images/products/3/LN_003384_BP_3.jpg","Essential Cheese & Onion Multipack Crisps",,"false","1.2","003384-1337-1338","https://www.waitrose.com/ecom/products/essential-cheese-onion-multipack-crisps/003384-1337-1338","cheese onion crisps","2026-04-10T14:55:25.210Z","waitrose","8","per kg","6x25 g"
,"https://ecom-su-static-prod.wtrecom.com/images/products/3/LN_479395_BP_3.jpg","Walkers Less Salt Mild Cheese & Onion Multipack Crisps","Add 2 for £3.50","true","2.35","479395-780231-780232","https://www.waitrose.com/ecom/products/walkers-less-salt-mild-cheese-onion-multipack-crisps/479395-780231-780232","cheese onion crisps","2026-04-10T14:55:25.210Z","waitrose","15.67","per kg","6x25 g"
,"https://ecom-su-static-prod.wtrecom.com/images/products/3/LN_981441_BP_3.jpg","Hula Hoops Cheese & Onion Multipack","Save 65p. Was £2.40","true","1.75","981441-847345-847346","https://www.waitrose.com/ecom/products/hula-hoops-cheese-onion-multipack/981441-847345-847346","cheese onion crisps","2026-04-10T14:55:25.210Z","waitrose","12.16","per kg","6x24 g"
,"https://ecom-su-static-prod.wtrecom.com/images/products/3/LN_081107_BP_3.jpg","Kettle Chips Mature Cheddar & Red Onion","Save £1.00. Was £2.65","true","1.65","081107-41271-41272","https://www.waitrose.com/ecom/products/kettle-chips-mature-cheddar-red-onion/081107-41271-41272","cheese onion crisps","2026-04-10T14:55:25.210Z","waitrose","12.7","per kg","130 g"
,"https://ecom-su-static-prod.wtrecom.com/images/products/3/LN_065398_BP_3.jpg","Tyrrells Sea Salt & Cider Vinegar Crisps",,"false","2.75","065398-33151-33152","https://www.waitrose.com/ecom/products/tyrrells-sea-salt-cider-vinegar-crisps/065398-33151-33152","salt vinegar crisps","2026-04-10T14:55:35.422Z","waitrose","18.33","per kg","150 g"
,"https://ecom-su-static-prod.wtrecom.com/images/products/3/LN_003231_BP_3.jpg","Walkers Salt & Vinegar Multipack Crisps","Add 2 for £3.50","true","2.35","003231-1229-1230","https://www.waitrose.com/ecom/products/walkers-salt-vinegar-multipack-crisps/003231-1229-1230","salt vinegar crisps","2026-04-10T14:55:35.422Z","waitrose","15.67","per kg","6x25 g"
,"https://ecom-su-static-prod.wtrecom.com/images/products/3/LN_666733_BP_3.jpg","Tyrrells Furrows Salt & Vinegar Crisps","Save £1.00. Was £2.75","true","1.75","666733-94624-94625","https://www.waitrose.com/ecom/products/tyrrells-furrows-salt-vinegar-crisps/666733-94624-94625","salt vinegar crisps","2026-04-10T14:55:35.422Z","waitrose","11.67","per kg","150 g"
,"https://ecom-su-static-prod.wtrecom.com/images/products/3/LN_959182_BP_3.jpg","Chipsticks Salt & Vinegar Multipack Crisps",,"false","1.5","959182-833209-833210","https://www.waitrose.com/ecom/products/chipsticks-salt-vinegar-multipack-crisps/959182-833209-833210","salt vinegar crisps","2026-04-10T14:55:35.422Z","waitrose","14.71","per kg","6x17 g"
,"https://ecom-su-static-prod.wtrecom.com/images/products/3/LN_475765_BP_3.jpg","Walkers Squares Salt & Vinegar Crisps Multipack Snacks","Save 60p. Was £2.35","true","1.75","475765-117653-117654","https://www.waitrose.com/ecom/products/walkers-squares-salt-vinegar-crisps-multipack-snacks/475765-117653-117654","salt vinegar crisps","2026-04-10T14:55:35.422Z","waitrose",,,"6s"
,"https://ecom-su-static-prod.wtrecom.com/images/products/3/LN_415757_BP_3.jpg","Doritos Cool Original Tortilla Chips Sharing Bag Crisps 180g",,"false","2.5","415757-306728-306729","https://www.waitrose.com/ecom/products/doritos-cool-original-tortilla-chips-sharing-bag-crisps-180g/415757-306728-306729","tortilla chips","2026-04-10T14:55:50.609Z","waitrose","13.89","per kg","180 g"
,"https://ecom-su-static-prod.wtrecom.com/images/products/3/LN_011506_BP_3.jpg","Essential Tortilla Chips Salted",,"false","1.1","011506-5710-5711","https://www.waitrose.com/ecom/products/essential-tortilla-chips-salted/011506-5710-5711","tortilla chips","2026-04-10T14:55:50.609Z","waitrose","5.5","per kg","200 g"
,"https://ecom-su-static-prod.wtrecom.com/images/products/3/LN_872837_BP_3.jpg","Doritos Dip or Load Salted Tortilla Chips Sharing Crisps","Save 75p. Was £2.50","true","1.75","872837-307420-307421","https://www.waitrose.com/ecom/products/doritos-dip-or-load-salted-tortilla-chips-sharing-crisps/872837-307420-307421","tortilla chips","2026-04-10T14:55:50.609Z","waitrose","7.61","per kg","230 g"
,"https://ecom-su-static-prod.wtrecom.com/images/products/3/LN_944942_BP_3.jpg","Blanco Niño Lightly Salted Tortilla Chips","25% Off. Was £3.00","true","2.25","944942-847273-847274","https://www.waitrose.com/ecom/products/blanco-nino-lightly-salted-tortilla-chips/944942-847273-847274","tortilla chips","2026-04-10T14:55:50.609Z","waitrose","13.24","per kg","170 g"
,"https://ecom-su-static-prod.wtrecom.com/images/products/3/LN_822298_BP_3.jpg","Doritos Tangy Cheese Tortilla Chips Sharing Bag Crisps",,"false","2.5","822298-307234-307235","https://www.waitrose.com/ecom/products/doritos-tangy-cheese-tortilla-chips-sharing-bag-crisps/822298-307234-307235","tortilla chips","2026-04-10T14:55:50.609Z","waitrose","13.89","per kg","180 g"
,"https://ecom-su-static-prod.wtrecom.com/images/products/3/LN_873655_BP_3.jpg","Waitrose Mixed Nuts",,"false","11","873655-487474-487475","https://www.waitrose.com/ecom/products/waitrose-mixed-nuts/873655-487474-487475","mixed nuts","2026-04-10T14:56:03.097Z","waitrose","14.67","per kg","750 g"
,"https://ecom-su-static-prod.wtrecom.com/images/products/3/LN_062241_BP_3.jpg","Waitrose Mixed Nuts",,"false","6.75","062241-31581-31582","https://www.waitrose.com/ecom/products/waitrose-mixed-nuts/062241-31581-31582","mixed nuts","2026-04-10T14:56:03.097Z","waitrose","16.88","per kg","400 g"
,"https://ecom-su-static-prod.wtrecom.com/images/products/3/LN_545717_BP_3.jpg","Waitrose Mixed Nuts",,"false","5","545717-782787-782788","https://www.waitrose.com/ecom/products/waitrose-mixed-nuts/545717-782787-782788","mixed nuts","2026-04-10T14:56:03.097Z","waitrose","20","per kg","250 g"
,"https://ecom-su-static-prod.wtrecom.com/images/products/3/LN_799396_BP_3.jpg","Waitrose Roasted & Salted Mixed Nuts Can",,"false","5.75","799396-819047-819048","https://www.waitrose.com/ecom/products/waitrose-roasted-salted-mixed-nuts-can/799396-819047-819048","mixed nuts","2026-04-10T14:56:03.097Z","waitrose","19.17","per kg","300 g"
,"https://ecom-su-static-prod.wtrecom.com/images/products/3/LN_448025_BP_3.jpg","Waitrose Essential Roasted Salted Mixed Nuts",,"false","3","448025-782779-782780","https://www.waitrose.com/ecom/products/waitrose-essential-roasted-salted-mixed-nuts/448025-782779-782780","mixed nuts","2026-04-10T14:56:03.097Z","waitrose","15","per kg","200 g"
,"https://ecom-su-static-prod.wtrecom.com/images/products/3/LN_669570_BP_3.jpg","Proper Corn Sweet & Salty Popcorn",,"false","2.1","669570-347808-347809","https://www.waitrose.com/ecom/products/proper-corn-sweet-salty-popcorn/669570-347808-347809","popcorn","2026-04-10T14:56:14.009Z","waitrose","23.33","per kg","90 g"
,"https://ecom-su-static-prod.wtrecom.com/images/products/3/LN_431441_BP_3.jpg","Waitrose Sweet & Salty Popcorn Sharing Bag",,"false","1.2","431441-756687-756688","https://www.waitrose.com/ecom/products/waitrose-sweet-salty-popcorn-sharing-bag/431441-756687-756688","popcorn","2026-04-10T14:56:14.009Z","waitrose","12","per kg","100 g"
,"https://ecom-su-static-prod.wtrecom.com/images/products/3/LN_907801_BP_3.jpg","Joe & Seph's Toffee Gourmet Popcorn",,"false","2.75","907801-1-2","https://www.waitrose.com/ecom/products/joe-sephs-toffee-gourmet-popcorn/907801-1-2","popcorn","2026-04-10T14:56:14.009Z","waitrose","20.37","per kg","135 g"
,"https://ecom-su-static-prod.wtrecom.com/images/products/3/LN_792139_BP_3.jpg","Proper Corn Sweet & Salty Popcorn","Save 75p. Was £2.25","true","1.5","792139-658633-658634","https://www.waitrose.com/ecom/products/proper-corn-sweet-salty-popcorn/792139-658633-658634","popcorn","2026-04-10T14:56:14.009Z","waitrose","17.86","per kg","6x14 g"
,"https://ecom-su-static-prod.wtrecom.com/images/products/3/LN_773646_BP_3.jpg","Proper Corn Lightly Sea Salted Popcorn",,"false","2.1","773646-485837-485838","https://www.waitrose.com/ecom/products/proper-corn-lightly-sea-salted-popcorn/773646-485837-485838","popcorn","2026-04-10T14:56:14.009Z","waitrose","30","per kg","70 g"
,"https://ecom-su-static-prod.wtrecom.com/images/products/3/LN_412190_BP_3.jpg","FATSO Morn'n Glory",,"false","7.5","412190-1-2","https://www.waitrose.com/ecom/products/fatso-mornn-glory/412190-1-2","chocolate bar","2026-04-10T14:56:25.109Z","waitrose","50","per kg","150 g"
,"https://ecom-su-static-prod.wtrecom.com/images/products/3/LN_074236_BP_3.jpg","Green & Black's Organic Ginger Dark Chocolate Bar",,"false","3.5","074236-37690-37691","https://www.waitrose.com/ecom/products/green-blacks-organic-ginger-dark-chocolate-bar/074236-37690-37691","chocolate bar","2026-04-10T14:56:25.109Z","waitrose","38.89","per kg","90 g"
,"https://ecom-su-static-prod.wtrecom.com/images/products/3/LN_972618_BP_3.jpg","FATSO Home Run",,"false","7.5","972618-1-2","https://www.waitrose.com/ecom/products/fatso-home-run/972618-1-2","chocolate bar","2026-04-10T14:56:25.109Z","waitrose","50","per kg","150 g"
,"https://ecom-su-static-prod.wtrecom.com/images/products/3/LN_009924_BP_3.jpg","Lindt Excellence Milk Extra Creamy Chocolate Bar","Save 50p. Was £3.75","true","3.25","009924-4936-4937","https://www.waitrose.com/ecom/products/lindt-excellence-milk-extra-creamy-chocolate-bar/009924-4936-4937","chocolate bar","2026-04-10T14:56:25.109Z","waitrose","32.5","per kg","100 g"
,"https://ecom-su-static-prod.wtrecom.com/images/products/3/LN_992237_BP_3.jpg","FATSO Nan's Stash",,"false","7.5","992237-1-2","https://www.waitrose.com/ecom/products/fatso-nans-stash/992237-1-2","chocolate bar","2026-04-10T14:56:25.109Z","waitrose","50","per kg","150 g"
,"https://ecom-su-static-prod.wtrecom.com/images/products/3/LN_805966_BP_3.jpg","Essential Dark Chocolate Digestive Biscuits",,"false","1.3","805966-801494-801495","https://www.waitrose.com/ecom/products/essential-dark-chocolate-digestive-biscuits/805966-801494-801495","biscuits digestive","2026-04-10T14:56:35.418Z","waitrose","4.33","per kg","300 g"
,"https://ecom-su-static-prod.wtrecom.com/images/products/3/LN_937611_BP_3.jpg","Essential Digestive Biscuits",,"false","1.88","937611-848463-848464","https://www.waitrose.com/ecom/products/essential-digestive-biscuits/937611-848463-848464","biscuits digestive","2026-04-10T14:56:35.419Z","waitrose","1.88","per kg","400 g"
,"https://ecom-su-static-prod.wtrecom.com/images/products/3/LN_466953_BP_3.jpg","Essential Milk Chocolate Digestive Biscuits",,"false","1.3","466953-801332-801333","https://www.waitrose.com/ecom/products/essential-milk-chocolate-digestive-biscuits/466953-801332-801333","biscuits digestive","2026-04-10T14:56:35.419Z","waitrose","4.33","per kg","300 g"
,"https://ecom-su-static-prod.wtrecom.com/images/products/3/LN_857661_BP_3.jpg","McVitie's Dark Chocolate Digestive Biscuits",,"false","2.35","857661-280821-280822","https://www.waitrose.com/ecom/products/mcvities-dark-chocolate-digestive-biscuits/857661-280821-280822","biscuits digestive","2026-04-10T14:56:35.419Z","waitrose","8.83","per kg","266 g"
,"https://ecom-su-static-prod.wtrecom.com/images/products/3/LN_541664_BP_3.jpg","McVitie's Milk Chocolate Digestive Biscuits",,"false","2.35","541664-280723-280724","https://www.waitrose.com/ecom/products/mcvities-milk-chocolate-digestive-biscuits/541664-280723-280724","biscuits digestive","2026-04-10T14:56:35.419Z","waitrose","8.83","per kg","266 g"
,"https://ecom-su-static-prod.wtrecom.com/images/products/3/LN_690571_BP_3.jpg","Border Dark Chocolate Gingers",,"false","2.35","690571-727488-727489","https://www.waitrose.com/ecom/products/border-dark-chocolate-gingers/690571-727488-727489","biscuits chocolate","2026-04-10T14:56:46.201Z","waitrose","15.67","per kg","150 g"
,"https://ecom-su-static-prod.wtrecom.com/images/products/3/LN_653188_BP_3.jpg","Bahlsen PiCK UP! Dark Chocolate Biscuits","Save 60p. Was £2.10","true","1.5","653188-492063-492064","https://www.waitrose.com/ecom/products/bahlsen-pick-up-dark-chocolate-biscuits/653188-492063-492064","biscuits chocolate","2026-04-10T14:56:46.201Z","waitrose","10.72","per kg","5x28 g"
,"https://ecom-su-static-prod.wtrecom.com/images/products/3/LN_755103_BP_3.jpg","Border Biscuit Sharing Pack","Save 50p. Was £4.50","true","4","755103-511918-511919","https://www.waitrose.com/ecom/products/border-biscuit-sharing-pack/755103-511918-511919","biscuits chocolate","2026-04-10T14:56:46.201Z","waitrose","10","per kg","400 g"
,"https://ecom-su-static-prod.wtrecom.com/images/products/3/LN_869198_BP_3.jpg","Bahlsen PiCK UP! Milk Chocolate Biscuits","Save 60p. Was £2.10","true","1.5","869198-311470-311471","https://www.waitrose.com/ecom/products/bahlsen-pick-up-milk-chocolate-biscuits/869198-311470-311471","biscuits chocolate","2026-04-10T14:56:46.201Z","waitrose","10.72","per kg","5x28 g"
,"https://ecom-su-static-prod.wtrecom.com/images/products/3/LN_562831_BP_3.jpg","Border Chocolate & Ginger Bars",,"false","2.1","562831-793104-793105","https://www.waitrose.com/ecom/products/border-chocolate-ginger-bars/562831-793104-793105","biscuits chocolate","2026-04-10T14:56:46.201Z","waitrose","14.58","per kg","6x24 g"
,"https://ecom-su-static-prod.wtrecom.com/images/products/3/LN_996954_BP_3.jpg","Fairy Platinum Quick wash Original Washing Up Liquid","25% Off. Was £4.00","true","3","996954-835924-835925","https://www.waitrose.com/ecom/products/fairy-platinum-quick-wash-original-washing-up-liquid/996954-835924-835925","washing up liquid","2026-04-10T14:56:56.129Z","waitrose","3.34","per litre","900 ml"
,"https://ecom-su-static-prod.wtrecom.com/images/products/3/LN_787688_BP_3.jpg","Essential Washing Up Liquid Citrus",,"false","1.6","787688-803228-803229","https://www.waitrose.com/ecom/products/essential-washing-up-liquid-citrus/787688-803228-803229","washing up liquid","2026-04-10T14:56:56.129Z","waitrose","1.6","per litre","500 ml"
,"https://ecom-su-static-prod.wtrecom.com/images/products/3/LN_836823_BP_3.jpg","Fairy Max Power Anti-Bac Hand Dishwashing Liquid","Save £1.00. Was £4.50","true","3.5","836823-778460-778461","https://www.waitrose.com/ecom/products/fairy-max-power-anti-bac-hand-dishwashing-liquid/836823-778460-778461","washing up liquid","2026-04-10T14:56:56.129Z","waitrose","4.8","per litre","730 ml"
,"https://ecom-su-static-prod.wtrecom.com/images/products/3/LN_593936_BP_3.jpg","Fairy Original Washing Up Liquid","20% Off. Was £1.25","true","1","593936-84197-84198","https://www.waitrose.com/ecom/products/fairy-original-washing-up-liquid/593936-84197-84198","washing up liquid","2026-04-10T14:56:56.129Z","waitrose","3.13","per litre","320 ml"
,"https://ecom-su-static-prod.wtrecom.com/images/products/3/LN_900395_BP_3.jpg","Ecover Power Washing Up Liquid 950ml","20% Off. Was £4.95","true","3.96","900395-1-2","https://www.waitrose.com/ecom/products/ecover-power-washing-up-liquid-950ml/900395-1-2","washing up liquid","2026-04-10T14:56:56.129Z","waitrose","4.17","per litre","950 ml"
,"https://ecom-su-static-prod.wtrecom.com/images/products/3/LN_696010_BP_3.jpg","Dettol Antibacterial Kitchen Surface Hob Cleaner Spray","Save 1/3. Was £3.45","true","2.3","696010-762462-762463","https://www.waitrose.com/ecom/products/dettol-antibacterial-kitchen-surface-hob-cleaner-spray/696010-762462-762463","surface cleaner antibacterial","2026-04-10T14:57:05.998Z","waitrose","3.07","per litre","750 ml"
,"https://ecom-su-static-prod.wtrecom.com/images/products/3/LN_778748_BP_3.jpg","Dettol Antibacterial Multi Surface Cleaning Wipes","Save 1/3. Was £3.75","true","2.5","778748-110795-110796","https://www.waitrose.com/ecom/products/dettol-antibacterial-multi-surface-cleaning-wipes/778748-110795-110796","surface cleaner antibacterial","2026-04-10T14:57:05.998Z","waitrose",,,"72s"
,"https://ecom-su-static-prod.wtrecom.com/images/products/3/LN_410436_BP_3.jpg","Dettol Antibacterial Multi Surface Cleaning Spray","Save 60p. Was £2.90","true","2.3","410436-526412-526413","https://www.waitrose.com/ecom/products/dettol-antibacterial-multi-surface-cleaning-spray/410436-526412-526413","surface cleaner antibacterial","2026-04-10T14:57:05.998Z","waitrose","3.07","per litre","750 ml"
,"https://ecom-su-static-prod.wtrecom.com/images/products/3/LN_430816_BP_3.jpg","Dettol Antibacterial Multi Surface Cleaning Spray Lime & Mint",,"false","2.9","430816-744258-744259","https://www.waitrose.com/ecom/products/dettol-antibacterial-multi-surface-cleaning-spray-lime-mint/430816-744258-744259","surface cleaner antibacterial","2026-04-10T14:57:05.998Z","waitrose","3.87","per litre","750 ml"
,"https://ecom-su-static-prod.wtrecom.com/images/products/3/LN_896865_BP_3.jpg","Dettol Antibacterial Multi Surface Cleaning Wipes Citrus",,"false","4.2","896865-803438-803439","https://www.waitrose.com/ecom/products/dettol-antibacterial-multi-surface-cleaning-wipes-citrus/896865-803438-803439","surface cleaner antibacterial","2026-04-10T14:57:05.998Z","waitrose",,,"70"
,"https://ecom-su-static-prod.wtrecom.com/images/products/3/LN_662229_BP_3.jpg","Persil Non Bio Fabric Cleaning Washing Powder 60W","Save £3.00. Was £13.00","true","10","662229-692363-692364","https://www.waitrose.com/ecom/products/persil-non-bio-fabric-cleaning-washing-powder-60w/662229-692363-692364","washing capsules laundry","2026-04-10T14:57:15.794Z","waitrose","3.34","per kg","3.0 kg"
,"https://ecom-su-static-prod.wtrecom.com/images/products/3/LN_742502_BP_3.jpg","Persil 3 in 1 Non Bio Laundry Washing Capsules",,"false","8.95","742502-728750-728751","https://www.waitrose.com/ecom/products/persil-3-in-1-non-bio-laundry-washing-capsules/742502-728750-728751","washing capsules laundry","2026-04-10T14:57:15.794Z","waitrose",,,"36w"
,"https://ecom-su-static-prod.wtrecom.com/images/products/3/LN_723178_BP_3.jpg","Persil 3 in 1 Bio Laundry Washing Capsules",,"false","8.95","723178-728746-728747","https://www.waitrose.com/ecom/products/persil-3-in-1-bio-laundry-washing-capsules/723178-728746-728747","washing capsules laundry","2026-04-10T14:57:15.794Z","waitrose",,,"36s"
,"https://ecom-su-static-prod.wtrecom.com/images/products/3/LN_233980_BP_3.jpg","Persil Pure Heaven Scent Non Bio Laundry Washing Detergent Capsules 44 Washes",,"false","11","233980-848775-848776","https://www.waitrose.com/ecom/products/persil-pure-heaven-scent-non-bio-laundry-washing-detergent-capsules-44-washes/233980-848775-848776","washing capsules laundry","2026-04-10T14:57:15.794Z","waitrose",,,"44Each"
,"https://ecom-su-static-prod.wtrecom.com/images/products/3/LN_513494_BP_3.jpg","Fairy Non Bio Washing Capsules",,"false","10.5","513494-271169-271170","https://www.waitrose.com/ecom/products/fairy-non-bio-washing-capsules/513494-271169-271170","washing capsules laundry","2026-04-10T14:57:15.794Z","waitrose",,,"33Each"
,"https://ecom-su-static-prod.wtrecom.com/images/products/3/LN_790526_BP_3.jpg","Lenor Outdoorable Spring Awakening Fabric Conditioner","Save 1/3. Was £5.25","true","3.5","790526-753104-753105","https://www.waitrose.com/ecom/products/lenor-outdoorable-spring-awakening-fabric-conditioner/790526-753104-753105","fabric conditioner","2026-04-10T14:57:26.613Z","waitrose","4.17","per litre","840 ml"
,"https://ecom-su-static-prod.wtrecom.com/images/products/3/LN_814747_BP_3.jpg","Comfort Pure Fabric Conditioner for Sensitive Skin Large",,"false","5.5","814747-162219-162220","https://www.waitrose.com/ecom/products/comfort-pure-fabric-conditioner-for-sensitive-skin-large/814747-162219-162220","fabric conditioner","2026-04-10T14:57:26.613Z","waitrose","2.29","per litre","2400 ml"
,"https://ecom-su-static-prod.wtrecom.com/images/products/3/LN_273965_BP_3.jpg","Lenor Summer Breeze 48W","Save £2.25. Was £5.25","true","3","273965-1-2","https://www.waitrose.com/ecom/products/lenor-summer-breeze-48w/273965-1-2","fabric conditioner","2026-04-10T14:57:26.613Z","waitrose","2.02","per litre","1.488 litre"
,"https://ecom-su-static-prod.wtrecom.com/images/products/3/LN_502978_BP_3.jpg","Fairy Fabric Conditioner for Sensitive Skin 85W",,"false","6","502978-522322-522323","https://www.waitrose.com/ecom/products/fairy-fabric-conditioner-for-sensitive-skin-85w/502978-522322-522323","fabric conditioner","2026-04-10T14:57:26.613Z","waitrose","2.28","per litre","2.635 litre"
,"https://ecom-su-static-prod.wtrecom.com/images/products/3/LN_552074_BP_3.jpg","Fairy Outdoorable Fabric Conditioner","Save 1/3. Was £6.75","true","4.5","552074-803178-803179","https://www.waitrose.com/ecom/products/fairy-outdoorable-fabric-conditioner/552074-803178-803179","fabric conditioner","2026-04-10T14:57:26.613Z","waitrose","3.83","per litre","1.176 litre"
,"https://ecom-su-static-prod.wtrecom.com/images/products/3/LN_956529_BP_3.jpg","Who Gives A Crap 50% Longer Kitchen Roll",,"false","3.25","956529-836463-836464","https://www.waitrose.com/ecom/products/who-gives-a-crap-50-longer-kitchen-roll/956529-836463-836464","kitchen roll","2026-04-10T14:57:36.596Z","waitrose","2.17","per 100","150Sheet"
,"https://ecom-su-static-prod.wtrecom.com/images/products/3/LN_760378_BP_3.jpg","Essential Kitchen Rolls",,"false","4.3","760378-698132-698133","https://www.waitrose.com/ecom/products/essential-kitchen-rolls/760378-698132-698133","kitchen roll","2026-04-10T14:57:36.596Z","waitrose","1.08","per 100","4x100 sheets"
,"https://ecom-su-static-prod.wtrecom.com/images/products/3/LN_616207_BP_3.jpg","Waitrose Essential Kitchen Rolls 2s",,"false","2.7","616207-698054-698055","https://www.waitrose.com/ecom/products/waitrose-essential-kitchen-rolls-2s/616207-698054-698055","kitchen roll","2026-04-10T14:57:36.596Z","waitrose","1.35","per 100","2x100 sheets"
,"https://ecom-su-static-prod.wtrecom.com/images/products/3/LN_669732_BP_3.jpg","Plenty Original Kitchen 2 Rolls","Better Than Half Price. Was £6.00","true","2.7","669732-596437-596438","https://www.waitrose.com/ecom/products/plenty-original-kitchen-2-rolls/669732-596437-596438","kitchen roll","2026-04-10T14:57:36.596Z","waitrose","1.43","per 100","2x95Sheet"
,"https://ecom-su-static-prod.wtrecom.com/images/products/3/LN_474089_BP_3.jpg","Plenty Original Kitchen Roll 4 Rolls",,"false","9.2","474089-596429-596430","https://www.waitrose.com/ecom/products/plenty-original-kitchen-roll-4-rolls/474089-596429-596430","kitchen roll","2026-04-10T14:57:36.596Z","waitrose","2.42","per 100","4x95Sheet"
,"https://ecom-su-static-prod.wtrecom.com/images/products/3/LN_014407_BP_3.jpg","Andrex Ultimate Quilts Toilet Tissue Standard Roll","Save £2.10. Was £7.10","true","5","014407-6924-6925","https://www.waitrose.com/ecom/products/andrex-ultimate-quilts-toilet-tissue-standard-roll/014407-6924-6925","toilet roll","2026-04-10T14:57:47.504Z","waitrose","0.08","per 100","9x155 sheets"
,"https://ecom-su-static-prod.wtrecom.com/images/products/3/LN_272321_BP_3.jpg","Waitrose Ultra Soft & Smooth Classic Bathroom Tissue",,"false","5.5","272321-836423-836424","https://www.waitrose.com/ecom/products/waitrose-ultra-soft-smooth-classic-bathroom-tissue/272321-836423-836424","toilet roll","2026-04-10T14:57:47.504Z","waitrose","0.25","per 100","9 x 240 sheets"
,"https://ecom-su-static-prod.wtrecom.com/images/products/3/LN_071469_BP_3.jpg","Andrex Complete Clean Toilet Tissue Standard Roll","Add 2 for £10","true","6.6","071469-36254-36255","https://www.waitrose.com/ecom/products/andrex-complete-clean-toilet-tissue-standard-roll/071469-36254-36255","toilet roll","2026-04-10T14:57:47.504Z","waitrose","0.39","per 100","9x190 sheets"
,"https://ecom-su-static-prod.wtrecom.com/images/products/3/LN_274387_BP_3.jpg","Andrex Complete Clean Toilet Tissue MEGA Roll 12 Rolls","Save £4.50. Was £12.50","true","8","274387-827432-827433","https://www.waitrose.com/ecom/products/andrex-complete-clean-toilet-tissue-mega-roll-12-rolls/274387-827432-827433","toilet roll","2026-04-10T14:57:47.504Z","waitrose","0.23","per 100","12x290 Sheets"
,"https://ecom-su-static-prod.wtrecom.com/images/products/3/LN_933731_BP_3.jpg","Who Gives A Crap Extra Soft Toilet Tissue 12 Mega Rolls",,"false","12.85","933731-849683-849684","https://www.waitrose.com/ecom/products/who-gives-a-crap-extra-soft-toilet-tissue-12-mega-rolls/933731-849683-849684","toilet roll","2026-04-10T14:57:47.504Z","waitrose","0.4","per 100","12x270Sheet"
,"https://ecom-su-static-prod.wtrecom.com/images/products/3/LN_882076_BP_3.jpg","BEAST Super Strong Drawstring Bin Bags 70L",,"false","3.95","882076-794792-794793","https://www.waitrose.com/ecom/products/beast-super-strong-drawstring-bin-bags-70l/882076-794792-794793","bin bags","2026-04-10T14:57:56.992Z","waitrose",,,"10s"
,"https://ecom-su-static-prod.wtrecom.com/images/products/3/LN_572199_BP_3.jpg","Waitrose Tie Handle Refuse Bags",,"false","2.95","572199-795094-795095","https://www.waitrose.com/ecom/products/waitrose-tie-handle-refuse-bags/572199-795094-795095","bin bags","2026-04-10T14:57:56.992Z","waitrose",,,"20s"
,"https://ecom-su-static-prod.wtrecom.com/images/products/3/LN_515703_BP_3.jpg","Waitrose Swing Bin Liners",,"false","2.25","515703-795070-795071","https://www.waitrose.com/ecom/products/waitrose-swing-bin-liners/515703-795070-795071","bin bags","2026-04-10T14:57:56.992Z","waitrose",,,"20s"
,"https://ecom-su-static-prod.wtrecom.com/images/products/3/LN_522601_BP_3.jpg","Essential Pedal Bin Liners Tie Handles",,"false","2.35","522601-156201-156202","https://www.waitrose.com/ecom/products/essential-pedal-bin-liners-tie-handles/522601-156201-156202","bin bags","2026-04-10T14:57:56.992Z","waitrose",,,"30s"
,"https://ecom-su-static-prod.wtrecom.com/images/products/3/LN_709309_BP_3.jpg","Essential Tie Handle Swing Bin Liners",,"false","2.95","709309-795130-795131","https://www.waitrose.com/ecom/products/essential-tie-handle-swing-bin-liners/709309-795130-795131","bin bags","2026-04-10T14:57:56.992Z","waitrose",,,"30s"
,"https://ecom-su-static-prod.wtrecom.com/images/products/3/LN_480470_BP_3.jpg","Waitrose 40m x 350mm NON PVC Cling Film",,"false","2.4","480470-549873-549874","https://www.waitrose.com/ecom/products/waitrose-40m-x-350mm-non-pvc-cling-film/480470-549873-549874","cling film","2026-04-10T14:58:07.114Z","waitrose",,,"1 Each"
,"https://ecom-su-static-prod.wtrecom.com/images/products/3/LN_870390_BP_3.jpg","Bacofoil Cling Film PVC Free","Save 50p. Was £3.50","true","3","870390-744370-744371","https://www.waitrose.com/ecom/products/bacofoil-cling-film-pvc-free/870390-744370-744371","cling film","2026-04-10T14:58:07.114Z","waitrose",,,"Each"
,"https://ecom-su-static-prod.wtrecom.com/images/products/3/LN_750529_BP_3.jpg","Waitrose 75m x 350mm Non-PVC Cling Film",,"false","4.15","750529-795148-795149","https://www.waitrose.com/ecom/products/waitrose-75m-x-350mm-non-pvc-cling-film/750529-795148-795149","cling film","2026-04-10T14:58:07.114Z","waitrose",,,"1 Each"
,"https://ecom-su-static-prod.wtrecom.com/images/products/3/LN_003521_BP_3.jpg","Essential Aluminium Foil 10m x 300mm",,"false","1.6","003521-1413-1414","https://www.waitrose.com/ecom/products/essential-aluminium-foil-10m-x-300mm/003521-1413-1414","cling film","2026-04-10T14:58:07.114Z","waitrose",,,"1Each"
,"https://ecom-su-static-prod.wtrecom.com/images/products/3/LN_888059_BP_3.jpg","Bacofoil All Purpose Zipper Bags","Save 50p. Was £2.75","true","2.25","888059-552400-552401","https://www.waitrose.com/ecom/products/bacofoil-all-purpose-zipper-bags/888059-552400-552401","cling film","2026-04-10T14:58:07.114Z","waitrose",,,"15s"
,"https://ecom-su-static-prod.wtrecom.com/images/products/3/LN_003521_BP_3.jpg","Essential Aluminium Foil 10m x 300mm",,"false","1.6","003521-1413-1414","https://www.waitrose.com/ecom/products/essential-aluminium-foil-10m-x-300mm/003521-1413-1414","tin foil","2026-04-10T14:58:16.464Z","waitrose",,,"1Each"
,"https://ecom-su-static-prod.wtrecom.com/images/products/3/LN_006270_BP_3.jpg","Waitrose 20m Extra Strong Kitchen Foil",,"false","3.8","006270-2780-2781","https://www.waitrose.com/ecom/products/waitrose-20m-extra-strong-kitchen-foil/006270-2780-2781","tin foil","2026-04-10T14:58:16.464Z","waitrose",,,"1Each"
,"https://ecom-su-static-prod.wtrecom.com/images/products/3/LN_434439_BP_3.jpg","Waitrose 10M Kitchen Foil",,"false","3.6","434439-815970-815971","https://www.waitrose.com/ecom/products/waitrose-10m-kitchen-foil/434439-815970-815971","tin foil","2026-04-10T14:58:16.464Z","waitrose",,,"1Each"
,"https://ecom-su-static-prod.wtrecom.com/images/products/3/LN_552761_BP_3.jpg","Waitrose Extra Strong Kitchen Foil 10m x 300mm",,"false","2.25","552761-795088-795089","https://www.waitrose.com/ecom/products/waitrose-extra-strong-kitchen-foil-10m-x-300mm/552761-795088-795089","tin foil","2026-04-10T14:58:16.464Z","waitrose",,,"1Each"
,"https://ecom-su-static-prod.wtrecom.com/images/products/3/LN_887499_BP_3.jpg","Bacofoil Non-Stick Kitchen Foil 5m","Save 65p. Was £4.40","true","3.75","887499-653229-653230","https://www.waitrose.com/ecom/products/bacofoil-non-stick-kitchen-foil-5m/887499-653229-653230","tin foil","2026-04-10T14:58:16.464Z","waitrose",,,"each"
