name,store,brand,price,price_per_100,query
Whole Milk 3.6% Fat,aldi,COWBELLE,1.65,0.073,whole milk
Filtered British Whole Milk,aldi,COWBELLE,1.75,0.088,whole milk
British Whole Milk 3.7% Fat,aldi,COWBELLE,1.2,0.106,whole milk
British Whole Milk 3.7% Fat,aldi,COWBELLE,0.85,0.15,whole milk
Whole Almonds,aldi,THE FOODIE MARKET,1.69,0.845,whole milk
UHT Semi Skimmed Milk,aldi,COWBELLE,0.99,0.099,semi skimmed milk
Semi Skimmed Milk 1.7% Fat,aldi,COWBELLE,2.4,0.0699999999999999,semi skimmed milk
Semi Skimmed Milk 1.7% Fat,aldi,COWBELLE,1.65,0.073,semi skimmed milk
Filtered British Semi Skimmed Milk,aldi,COWBELLE,1.75,0.088,semi skimmed milk
Organic Semi Skimmed Milk 1.7% Fat,aldi,COWBELLE,2.09,0.092,semi skimmed milk
UHT Semi Skimmed Milk,aldi,COWBELLE,0.99,0.099,skimmed milk
UHT Red Skimmed Milk,aldi,COWBELLE,0.99,0.099,skimmed milk
Skimmed Milk <0.5% Fat,aldi,COWBELLE,1.65,0.073,skimmed milk
Semi Skimmed Milk 1.7% Fat,aldi,COWBELLE,2.4,0.0699999999999999,skimmed milk
Semi Skimmed Milk 1.7% Fat,aldi,COWBELLE,1.65,0.073,skimmed milk
Low Fat Cottage Cheese,aldi,EVERYDAY ESSENTIALS,0.89,0.297,cottage cheese
Full Fat Plain Cottage Cheese,aldi,EMPORIUM,1.39,0.4629999999999999,cottage cheese
Fat Free Plain Cottage Cheese,aldi,EMPORIUM,1.39,0.4629999999999999,cottage cheese
Cottage Pie,aldi,CRESTWOOD,5.49,0.458,cottage cheese
Cottage Pie,aldi,SPECIALLY SELECTED,4.99,0.624,cottage cheese
Free Range Eggs 6 Pack,aldi,MEREVALE,0.99,,free range eggs
British Large Free Range Eggs 6 Pack,aldi,MEREVALE,1.79,,free range eggs
British Medium Free Range Eggs 6 Pack,aldi,MEREVALE,1.55,,free range eggs
British Large Free Range Eggs  12 Pack,aldi,MEREVALE,2.89,,free range eggs
British Medium Free Range Eggs 12 Pack,aldi,MEREVALE,2.49,,free range eggs
No Sugars Oat Drink,aldi,ACTILEAF,1.09,0.109,oat milk
Barista Style Oat Drink,aldi,ACTILEAF,1.25,0.125,oat milk
Milk Almond Chocolate,aldi,CHOCEUR,2.25,1.125,almond milk
UHT Unsweetened Almond Drink,aldi,ACTILEAF,0.99,0.099,almond milk
Milk Chocolate Almonds & Honey Swiss Mountain Bar,aldi,SPECIALLY SELECTED,0.99,0.99,almond milk
Brown Onions,aldi,NATURE'S PICK,0.99,0.099,brown onions
Large Brown Onions,aldi,NATURE'S PICK,0.95,,brown onions
British Wonky Brown Onions,aldi,EVERYDAY ESSENTIALS,0.8,0.08,brown onions
Brown Rice,aldi,WORLDWIDE FOODS,1.39,0.1389999999999999,brown onions
British Medium Free Range Eggs 6 Pack,aldi,MEREVALE,1.55,,medium eggs
British Medium Free Range Eggs 12 Pack,aldi,MEREVALE,2.49,,medium eggs
Avocado Medium,aldi,NATURE'S PICK,0.69,,medium eggs
Medium Whole Chicken,aldi,ASHFIELDS,4.25,0.274,medium eggs
Medium Mixed Bouquet,aldi,BEAUTIFUL BLOOMS,3.99,,medium eggs
Red Onions,aldi,NATURE'S PICK,0.95,0.095,red onions
Large Red Onions,aldi,NATURE'S PICK,0.95,,red onions
Caramelised Red Onion Chutney,aldi,SPECIALLY SELECTED,1.89,0.61,red onions
Red Onion Baking Camembert,aldi,SPECIALLY SELECTED,2.49,0.889,red onions
Caramelised Red Onion Flavoured Pork Burgers,aldi,SPECIALLY SELECTED,1.99,0.663,red onions
Dark Soy Sauce,aldi,ASIA SPECIALITIES,0.55,0.367,soy milk
Light Soy Sauce,aldi,ASIA SPECIALITIES,0.55,0.367,soy milk
Soy & Ginger Fusions Tuna,aldi,THE FISHMONGER,0.89,1.113,soy milk
Milk Chocolate Malted Milk Biscuits,aldi,BELMONT,1.29,0.52,soy milk
Spring Onions,aldi,NATURE'S PICK,0.69,0.6900000000000001,spring onions
Jumbo Spring Onions,aldi,NATURE'S PICK,0.89,0.6849999999999999,spring onions
Brown Onions,aldi,NATURE'S PICK,0.99,0.099,spring onions
Red Onions,aldi,NATURE'S PICK,0.95,0.095,spring onions
British Organic Eggs 6 Pack,aldi,MEREVALE,2.25,,organic eggs
Organic Carrots,aldi,ORGANIC,1.09,0.156,organic eggs
Organic Porridge Oats,aldi,KAVANAGH'S,2.25,0.23,organic eggs
Lactose Free Milk,aldi,COWBELLE,0.99,0.099,lactose free milk
Milk Chocolate Malted Milk Biscuits,aldi,BELMONT,1.29,0.52,lactose free milk
Evaporated Milk,aldi,DESSERT MENU,0.55,0.13,lactose free milk
Milk Chocolate,aldi,CHOCEUR,2.25,1.125,lactose free milk
Milk Chocolate,aldi,DAIRYFINE,1.95,0.98,lactose free milk
West Country Salted Butter,aldi,SPECIALLY SELECTED,2.29,0.916,salted butter
British Salted Butter 250g,aldi,COWBELLE,1.99,0.796,salted butter
Salt & Pepper Parmentier Potatoes Coated in Butter with Salt & Crushed Black Pepper,aldi,FOUR SEASONS,1.89,0.378,salted butter
Slightly Salted Spreadable Butter Blended with Rapeseed Oil,aldi,NORDPAK,2.18,0.436,salted butter
Garlic & Herb Parmentier Potatoes with Salted Parsley Butter,aldi,FOUR SEASONS,1.89,0.378,salted butter
Mango Authentic Greek Yogurt,aldi,BROOKLEA,0.89,0.59,greek yoghurt
Honey Authentic Greek Yogurt,aldi,BROOKLEA,0.89,0.59,greek yoghurt
Greek Yoghurt 0% Fat,aldi,BROOKLEA,1.99,0.4,greek yoghurt
Greek Yoghurt 10% Fat,aldi,LYTTOS,1.99,0.4,greek yoghurt
Vanilla Flavoured Authentic Greek Yogurt,aldi,BROOKLEA,0.89,0.59,greek yoghurt
Original Bagels,aldi,VILLAGE BAKERY,0.99,,bagels
Sesame Bagels 5 Pack,aldi,VILLAGE BAKERY,0.99,,bagels
Cinnamon & Raisin Bagels 5 Pack,aldi,VILLAGE BAKERY,0.99,,bagels
Garlic,aldi,NATURE'S PICK,0.87,,garlic
Loose Garlic,aldi,NATURE'S PICK,0.42,,garlic
Garlic Flatbread,aldi,CARLOS,1.65,0.66,garlic
Garlic Granules,aldi,"READY, SET…COOK!",0.69,1.3,garlic
Garlic Purée,aldi,"READY, SET…COOK!",0.85,1.133,garlic
Ginger,aldi,NATURE'S PICK,0.99,0.792,ginger root
Ginger Nuts,aldi,BELMONT,0.59,0.2,ginger root
Ginger Parkin,aldi,PETERS CRAFT BAKERY,1.19,,ginger root
Ginger Purée,aldi,"READY, SET…COOK!",0.85,1.133,ginger root
Stem Ginger Cookies,aldi,SPECIALLY SELECTED,1.99,0.995,ginger root
Croissants,aldi,BON APPETIT!,1.49,,croissants
All Butter Croissants,aldi,SPECIALLY SELECTED,2.09,,croissants
Bake from Frozen All Butter Croissants 8 Pack,aldi,BON APPETIT!,2.79,0.63,croissants
Butter Mintoes,aldi,DOMINION,0.89,0.396,unsalted butter
Butter Chicken,aldi,SPECIALLY SELECTED DINE IN,3.99,0.867,unsalted butter
All Butter Croissants,aldi,SPECIALLY SELECTED,2.09,,unsalted butter
Fat Free Natural Yogurt,aldi,EVERYDAY ESSENTIALS,0.55,0.11,natural yoghurt
Natural Kefir Yogurt,aldi,GRAHAM'S THE FAMILY DAIRY,1.09,0.31,natural yoghurt
Natural Kefir Drink,aldi,BIO-TIFUL DAIRY LTD,2.09,0.279,natural yoghurt
Sliced Brioche Burger Buns,aldi,SPECIALLY SELECTED,1.09,,burger buns
Seeded Brioche Burger Bun,aldi,SPECIALLY SELECTED,1.09,,burger buns
Sliced Plain Burger Buns,aldi,VILLAGE BAKERY,1.29,,burger buns
Sliced Seeded Burger Buns 6 Pack,aldi,VILLAGE BAKERY,1.29,,burger buns
Belgian Buns,aldi,VILLAGE BAKERY,1.49,,burger buns
Carrots,aldi,NATURE'S PICK,0.69,0.0689999999999999,carrots
British Carrots,aldi,NATURE'S PICK,0.44,0.088,carrots
Organic Carrots,aldi,ORGANIC,1.09,0.156,carrots
Sliced Carrots in Water,aldi,FOUR SEASONS,0.49,0.16,carrots
British Chantenay Carrots,aldi,NATURE'S PICK,0.99,0.198,carrots
Vanilla Flavoured Authentic Greek Yogurt,aldi,BROOKLEA,0.89,0.59,flavoured yoghurt
Raspberry Flavoured Authentic Greek Yogurt,aldi,BROOKLEA,0.89,0.59,flavoured yoghurt
British Parsnips,aldi,NATURE'S PICK,0.74,0.148,parsnips
"Organic Apples, Carrots & Parsnips Pouch",aldi,MAMIA,0.59,0.492,parsnips
Lighter Spreadable Butter Blended with Rapeseed Oil,aldi,NORDPAK,2.18,0.436,spreadable butter
Slightly Salted Spreadable Butter Blended with Rapeseed Oil,aldi,NORDPAK,2.18,0.436,spreadable butter
Valley Spreadable,aldi,GREENVALE,1.99,0.398,spreadable butter
Lurpak Spreadable,aldi,LURPAK,4.39,0.8779999999999999,spreadable butter
Original Spreadable Cheese,aldi,SERIOUSLY,1.19,1.082,spreadable butter
Passionfruit  Skyr Yogurt Pouch,aldi,BROOKLEA,0.69,0.4599999999999999,skyr yoghurt
Raspberry  Skyr Yogurt Pouch,aldi,BROOKLEA,0.69,0.4599999999999999,skyr yoghurt
Superberry  Skyr Yogurt Pouch,aldi,BROOKLEA,0.69,0.4599999999999999,skyr yoghurt
Raisin Brioche Swirls,aldi,BON APPETIT!,1.89,,brioche
Sliced Brioche Loaf,aldi,BON APPETIT!,1.69,0.3379999999999999,brioche
Milk Brioche Rolls,aldi,BON APPETIT,1.65,,brioche
Sliced Brioche Burger Buns,aldi,SPECIALLY SELECTED,1.09,,brioche
Seeded Brioche Burger Bun,aldi,SPECIALLY SELECTED,1.09,,brioche
Olive Spread,aldi,GREENVALE,1.29,0.258,olive spread
Light Olive Spread,aldi,GREENVALE,1.29,0.258,olive spread
Fresh British Double Cream,aldi,COWBELLE,1.39,0.46,double cream
Double Elmlea,aldi,ELMLEA,1.25,0.46,double cream
Double Concentrate Tomato Purée,aldi,CUCINA,0.59,0.3,double cream
Double Strength Orange Squash,aldi,SUN QUENCH,0.99,0.066,double cream
Double Strength Lemon Squash,aldi,SUN QUENCH FRUITY BLAST,0.99,0.066,double cream
Broccoli,aldi,ORGANIC,1.25,0.417,broccoli
British Broccoli,aldi,NATURE'S PICK,0.79,0.219,broccoli
Broccoli Florets,aldi,FOUR SEASONS,1.19,0.119,broccoli
British Tenderstem Broccoli,aldi,NATURE'S PICK,1.49,0.745,broccoli
British Broccoli & Cauliflower Florets,aldi,NATURE'S PICK,1.35,0.3379999999999999,broccoli
Bananas,aldi,NATURE'S PICK,0.78,,bananas
Mini Bananas,aldi,NATURE'S PICK,0.88,,bananas
Organic Fairtrade Bananas 6 Pack,aldi,ORGANIC,1.59,,bananas
Grated Mature Cheddar,aldi,EMPORIUM,1.99,0.796,mature cheddar
Mature Cheddar Cheese,aldi,CATHEDRAL CITY,2.99,0.8539999999999999,mature cheddar
British Mature Cheddar Cheese,aldi,EMPORIUM,2.49,0.623,mature cheddar
Extra Mature Cheddar Cheese,aldi,CATHEDRAL CITY,2.99,0.8539999999999999,mature cheddar
British Extra Mature Cheddar Cheese,aldi,EMPORIUM,2.49,0.623,mature cheddar
Strawberries,aldi,NATURE'S PICK,1.99,0.877,strawberries
Wonky Strawberries,aldi,EVERYDAY ESSENTIALS,1.79,0.7889999999999999,strawberries
Fresh British Single Cream,aldi,COWBELLE,1.09,0.36,single cream
Peppered Steak Single Slices,aldi,CRESTWOOD,0.99,0.6599999999999999,single cream
Chicken & Bacon Single Slices,aldi,CRESTWOOD,0.99,0.6599999999999999,single cream
Speyside Single Malt Scotch Whisky,aldi,SPECIALLY SELECTED,18.49,2.641,single cream
British Cauliflower,aldi,NATURE'S PICK,1.19,,cauliflower
Cauliflower Cheese,aldi,FOUR SEASONS,1.99,0.265,cauliflower
Cauliflower Cheese,aldi,INSPIRED CUISINE,1.65,0.413,cauliflower
British Broccoli & Cauliflower Florets,aldi,NATURE'S PICK,1.35,0.3379999999999999,cauliflower
Cauliflower Cheese Grills 4 Pack,aldi,VEGGIE MENU,1.79,0.45,cauliflower
British Mild Cheddar Cheese,aldi,EMPORIUM,2.49,0.623,mild cheddar
Mild Cheddar Slices 10 Pack,aldi,EVERYDAY ESSENTIALS,1.39,0.6950000000000001,mild cheddar
Mild Cheddar Cheese Sticks 6 Pack,aldi,EMPORIUM,1.25,1.042,mild cheddar
British Mild White Cheddar Cheese,aldi,EVERYDAY ESSENTIALS,4.99,0.554,mild cheddar
Mild Salsa Dip,aldi,SNACKRITE,0.95,0.32,mild cheddar
Extra Mature Cheddar Cheese,aldi,CATHEDRAL CITY,2.99,0.8539999999999999,extra mature cheddar
British Extra Mature Cheddar Cheese,aldi,EMPORIUM,2.49,0.623,extra mature cheddar
West Country Extra Mature Cheddar Cheese,aldi,SPECIALLY SELECTED,3.39,0.969,extra mature cheddar
Caramelised Red Onion & Extra Mature Cheddar Flatbread,aldi,SPECIALLY SELECTED,1.99,0.765,extra mature cheddar
Grated Mature Cheddar,aldi,EMPORIUM,1.99,0.796,extra mature cheddar
Sour Cream Dip,aldi,SNACKRITE,0.95,0.34,sour cream
Sour Cream & Chive Dip,aldi,THE DELI,0.99,0.6599999999999999,sour cream
Sour Cream & Onion Stackz,aldi,SNACKRITE,1.29,0.782,sour cream
Reduced Fat Sour Cream,aldi,THE DELI,0.99,0.5,sour cream
Fresh British Soured Cream,aldi,COWBELLE,0.85,0.28,sour cream
Blueberries,aldi,NATURE'S PICK,1.59,1.06,blueberries
Blueberries,aldi,NATURE'S PICK,2.55,0.85,blueberries
Wonky Blueberries,aldi,EVERYDAY ESSENTIALS,1.19,0.952,blueberries
Frozen Blueberries,aldi,FOUR SEASONS,1.99,0.498,blueberries
Premium Blueberries,aldi,SPECIALLY SELECTED,1.75,1.167,blueberries
Cucumber,aldi,NATURE'S PICK,0.79,,cucumber
Cucumber,aldi,ORGANIC,1.09,,cucumber
Cucumber,aldi,NATURE'S PICK,0.89,,cucumber
Squishy Snacks Pear & Cucumber,aldi,MAMIA,1.99,0.5,cucumber
Regal Vine Tomatoes,aldi,SPECIALLY SELECTED,1.89,0.42,vine tomatoes
Vine Ripened Tomatoes,aldi,NATURE'S PICK,1.29,0.258,vine tomatoes
Chopped Tomatoes in Tomato Juice,aldi,EVERYDAY ESSENTIALS,0.43,0.11,vine tomatoes
Chopped Tomatoes in a Rich Tomato Juice,aldi,CUCINA,0.47,0.12,vine tomatoes
Peeled Plum Tomatoes in Tomato Juice,aldi,EVERYDAY ESSENTIALS,0.43,0.11,vine tomatoes
Raspberries,aldi,NATURE'S PICK,2.99,1.329,raspberries
British Raspberries,aldi,NATURE'S PICK,1.99,1.327,raspberries
Frozen Raspberries,aldi,FOUR SEASONS,1.99,0.5690000000000001,raspberries
British Red Leicester Cheese 400g,aldi,EMPORIUM,2.49,0.623,red leicester
British Grated Red Leicester Cheese,aldi,EMPORIUM,1.99,0.796,red leicester
Bombay Spiced Red Leicester Cheese,aldi,SPECIALLY SELECTED,1.79,0.8949999999999999,red leicester
Red Leicester & Harissa Burger Melts,aldi,SPECIALLY SELECTED,0.49,0.49,red leicester
Belton Farm Red Fox Vintage Red Leicester Cheese,aldi,SPECIALLY SELECTED,2.45,1.114,red leicester
Braeburn Apples,aldi,NATURE'S PICK,1.59,,braeburn apples
Jazz Apples,aldi,NATURE'S PICK,2.19,,braeburn apples
Wonky Apples,aldi,EVERYDAY ESSENTIALS,0.99,,braeburn apples
Grated Mozzarella,aldi,EMPORIUM,1.99,0.796,mozzarella
Classic Mozzarella,aldi,EVERYDAY ESSENTIALS,0.69,0.5519999999999999,mozzarella
Light Mozzarella,aldi,EVERYDAY ESSENTIALS,0.69,0.5519999999999999,mozzarella
Pepperoni and Mozzarella Selection,aldi,THE DELI,1.89,1.45,mozzarella
Tomato & Mozzarella Salad,aldi,EAT & GO,2.29,1.145,mozzarella
Chicken Breast Fillets,aldi,EVERYDAY ESSENTIALS,4.25,0.425,chicken breast
Chicken Breast Fillets,aldi,ASHFIELDS,4.49,0.6910000000000001,chicken breast
Hunters Chicken Breasts,aldi,ASHFIELDS,3.59,0.835,chicken breast
Diced Chicken Breast,aldi,ASHFIELDS,2.99,0.748,chicken breast
Chicken Breast Fillets,aldi,ASHFIELDS,12.29,0.615,chicken breast
Cherry Tomatoes,aldi,NATURE'S PICK,0.99,0.3,cherry tomatoes
Cherry Tomatoes,aldi,EVERYDAY ESSENTIALS,0.62,0.248,cherry tomatoes
Cherry Tomatoes in Rich Tomato Juice,aldi,SPECIALLY SELECTED,0.75,0.19,cherry tomatoes
Mozzarella & Semi-Dried Cherry Tomato Wood Fired Pizza,aldi,SPECIALLY SELECTED,3.99,0.8140000000000001,cherry tomatoes
Cherry Bakewells,aldi,HOLLY LANE,1.19,,cherry tomatoes
French Soft Goat's Cheese,aldi,EMPORIUM,1.99,1.327,cream cheese
Full Fat Soft Cheese,aldi,THE CHEESE EMPORIUM,0.95,0.475,cream cheese
Reduced Fat Soft Cheese Lighter,aldi,EMPORIUM,0.95,0.475,cream cheese
Reduced Fat Soft Cheese Garlic & Herbs,aldi,EMPORIUM,0.95,0.475,cream cheese
Garlic & Herb Coconut Oil Based Vegan Cheese Soft Spread,aldi,PLANT MENU,1.95,1.147,cream cheese
British Royal Gala Apples,aldi,NATURE'S PICK,1.59,,gala apples
Jazz Apples,aldi,NATURE'S PICK,2.19,,gala apples
Braeburn Apples,aldi,NATURE'S PICK,1.59,,gala apples
Chicken Thighs,aldi,ASHFIELDS,2.99,0.299,chicken thighs
Chicken Thigh Fillets,aldi,ASHFIELDS,5.69,0.632,chicken thighs
Chicken Thigh Fillets,aldi,ASHFIELDS,4.59,0.765,chicken thighs
Katsu Chicken Thigh Bites,aldi,GASTRO BY ROOSTERS,2.39,0.7969999999999999,chicken thighs
Peri Peri Chicken Thigh,aldi,ROOSTERS,3.29,1.371,chicken thighs
Baby Spinach,aldi,NATURE'S PICK,1.15,0.479,baby spinach
British Baby Spinach,aldi,NATURE'S PICK,1.59,0.353,baby spinach
Spinach & Ricotta Tortelloni,aldi,CUCINA,1.69,0.563,baby spinach
Spinach & Ricotta Cannelloni,aldi,CUCINA,2.79,0.6980000000000001,baby spinach
Spinach & Ricotta Mezzaluna,aldi,SPECIALLY SELECTED GASTRO,3.29,0.8230000000000001,baby spinach
Large Whole Chicken,aldi,ASHFIELDS,4.79,0.259,whole chicken
Medium Whole Chicken,aldi,ASHFIELDS,4.25,0.274,whole chicken
Extra Large Whole Chicken,aldi,ASHFIELDS,5.49,0.255,whole chicken
Ready To Eat Roast Whole Chicken,aldi,DELIMORE,4.99,0.55,whole chicken
Free Range Corn Fed Whole Chicken,aldi,SPECIALLY SELECTED,2.63,0.525,whole chicken
Oranges,aldi,NATURE'S PICK,0.99,,oranges
Large Oranges,aldi,NATURE'S PICK,1.79,,oranges
Wonky Oranges,aldi,EVERYDAY ESSENTIALS,0.99,,oranges
Garlic & Parmesan Chicken En Croûte,aldi,ASHFIELDS,3.59,0.884,parmesan
Somerset Brie Cheese,aldi,EMPORIUM,1.69,1.252,brie
Brie de Meaux A.O.P French Cheese,aldi,SPECIALLY SELECTED,2.59,1.5699999999999998,brie
Brie & Bacon with Tomato & Chilli Relish Sandwich,aldi,EAT & GO,1.99,,brie
Iceberg Lettuce,aldi,NATURE'S PICK,0.89,,iceberg lettuce
Chopped Iceberg Lettuce,aldi,NATURE'S PICK,0.64,0.32,iceberg lettuce
British Romaine Lettuce,aldi,NATURE'S PICK,1.15,,iceberg lettuce
British Sweet Gem Lettuce,aldi,NATURE'S PICK,0.95,,iceberg lettuce
British Little Gem Lettuce 2 Pack,aldi,NATURE'S PICK,0.77,,iceberg lettuce
Watercress Spinach & Rocket Salad,aldi,NATURE'S PICK,0.85,1.0630000000000002,rocket salad
Rocket & Baby Leaf Salad,aldi,NATURE'S PICK,0.99,1.1,rocket salad
Wild Rocket,aldi,NATURE'S PICK,0.89,1.483,rocket salad
Beef Rocket Racers,aldi,SNACKRITE,1.15,1.474,rocket salad
Rocket Lollies 8 Pack,aldi,GIANNI'S,1.39,0.3,rocket salad
Chicken Drumsticks,aldi,ASHFIELDS,2.15,0.215,chicken drumsticks
Ready To Eat Roast Chicken Drumsticks,aldi,ASHFIELD,2.59,0.58,chicken drumsticks
Southern Fried Chicken Thighs & Drumsticks,aldi,ROOSTERS,3.79,0.474,chicken drumsticks
Halloumi Burger,aldi,CRESTWOOD,1.85,1.23,halloumi
Halloumi Style Nuggets,aldi,CRESTWOOD,1.85,1.23,halloumi
Halloumi Style Fries 10 Pack,aldi,CRESTWOOD,1.85,1.09,halloumi
Slow Roasted Tomato & Halloumi Vegetable Burgers 2 Pack,aldi,SPECIALLY SELECTED,1.99,0.877,halloumi
Chicken Wings,aldi,ASHFIELDS,2.19,0.219,chicken wings
BBQ Cooked Chicken Wings,aldi,ROOSTERS,2.79,0.372,chicken wings
Hot & Spicy Cooked Chicken Wings,aldi,ROOSTERS,2.79,0.372,chicken wings
Chicken Legs,aldi,ASHFIELDS,2.25,0.225,chicken wings
British Romaine Lettuce,aldi,NATURE'S PICK,1.15,,romaine lettuce
Iceberg Lettuce,aldi,NATURE'S PICK,0.89,,romaine lettuce
Chopped Iceberg Lettuce,aldi,NATURE'S PICK,0.64,0.32,romaine lettuce
British Sweet Gem Lettuce,aldi,NATURE'S PICK,0.95,,romaine lettuce
British Little Gem Lettuce 2 Pack,aldi,NATURE'S PICK,0.77,,romaine lettuce
Lemons,aldi,NATURE'S PICK,1.45,0.193,lemons
Wonky Lemons,aldi,EVERYDAY ESSENTIALS,0.89,,lemons
Pork Chops,aldi,EVERYDAY ESSENTIALS,2.38,0.475,pork chops
British Pork Chops 4 Pack,aldi,ASHFIELDS,4.49,0.641,pork chops
British Lamb Chops,aldi,ASHFIELDS,5.49,1.6149999999999998,pork chops
Sliced Mushrooms,aldi,NATURE'S PICK,0.95,0.38,mushrooms
Sliced Mushrooms,aldi,"READY, SET…COOK!",0.99,0.198,mushrooms
British Chestnut Mushrooms,aldi,NATURE'S PICK,0.95,0.38,mushrooms
British Wonky Mushrooms,aldi,EVERYDAY ESSENTIALS,1.69,0.26,mushrooms
Smoked Bacon Lardons,aldi,OAKHURST,1.99,0.995,smoked bacon
Lean Smoked Bacon 8 Pack,aldi,OAKHURST,1.99,0.796,smoked bacon
Cherrywood Smoked Bacon & Cheddar Quiche,aldi,SPECIALLY SELECTED,3.49,0.87,smoked bacon
Smoked Back Bacon Rashers,aldi,EVERYDAY ESSENTIALS,1.25,0.434,smoked bacon
XXL Back Bacon Smoked,aldi,OAKHURST,3.29,,smoked bacon
Beef Mince 25% Fat,aldi,EVERYDAY ESSENTIALS,3.09,0.618,beef mince
British Beef Mince 10% Fat,aldi,ASHFIELDS,4.39,0.8779999999999999,beef mince
British Beef Mince 20% Fat,aldi,ASHFIELDS,3.25,0.65,beef mince
British Beef Mince 3% Fat,aldi,ASHFIELDS,5.29,1.058,beef mince
Beef and Pork Mince XXL,aldi,ASHFIELDS,5.69,0.5690000000000001,beef mince
Limes,aldi,NATURE'S PICK,0.79,,limes
British Lean Beef Steak Mince 5% Fat,aldi,ASHFIELDS,2.69,1.076,lean beef mince
British Lean Beef Steak Mince 5% Fat,aldi,ASHFIELDS,5.19,1.038,lean beef mince
British Lean Beef Steak Mince 5% Fat,aldi,ASHFIELDS,7.15,0.953,lean beef mince
3% Lean Diced Beef,aldi,ASHFIELDS,4.39,1.254,lean beef mince
Beef and Pork Mince XXL,aldi,ASHFIELDS,5.69,0.5690000000000001,lean beef mince
Long Clawson Mature Stilton Blue Stilton,aldi,SPECIALLY SELECTED,2.79,1.268,stilton
Shropshire Blue Blue Stilton,aldi,SPECIALLY SELECTED,2.79,1.395,stilton
Blue Stilton Cheese Burger Melts,aldi,SPECIALLY SELECTED,0.49,0.49,stilton
Avocado,aldi,NATURE'S PICK,1.45,0.29,avocado
Avocado Medium,aldi,NATURE'S PICK,0.69,,avocado
Classic Smashed Avocado,aldi,SPECIALLY SELECTED,1.49,0.99,avocado
Smashed Spicy Avocado,aldi,SPECIALLY SELECTED,1.49,0.99,avocado
Mixed Peppers,aldi,NATURE'S PICK,1.79,,peppers mixed
Wonky Mixed Peppers,aldi,EVERYDAY ESSENTIALS,1.69,0.282,peppers mixed
Mixed Pepper Stir Fry,aldi,"READY, SET…COOK!",0.95,0.297,peppers mixed
Special Mixed Pepper Rice Pouch,aldi,WORLDWIDE FOODS,0.75,0.3,peppers mixed
Unsmoked Bacon Lardons,aldi,OAKHURST,1.99,0.995,unsmoked bacon
Unsmoked Bacon 16 Pack,aldi,OAKHURST,2.39,0.478,unsmoked bacon
Lean Unsmoked Bacon 8 Pack,aldi,OAKHURST,1.99,0.796,unsmoked bacon
Unsmoked Back Bacon Rashers,aldi,EVERYDAY ESSENTIALS,1.25,0.434,unsmoked bacon
XXL Back Bacon Unsmoked,aldi,OAKHURST,3.29,,unsmoked bacon
Chorizo & Gouda Rollitos 8 Pack,aldi,THE DELI,1.89,2.36,gouda
Serrano & Gouda Rollitos 8 Pack,aldi,THE DELI,1.89,2.36,gouda
Dutch Gouda Cheese 16 Slices,aldi,EMPORIUM,2.99,0.748,gouda
Extra Mature Gouda Holland P.G.I Cheese,aldi,SPECIALLY SELECTED,2.99,1.661,gouda
Red Chillies,aldi,NATURE'S PICK,0.55,0.8460000000000001,red chillies
Midly Spiced Red Kidney Beans in Chilli Sauce,aldi,FOUR SEASONS,0.69,0.18,red chillies
Red Grapefruit,aldi,NATURE'S PICK,0.44,,red chillies
Red Pepper,aldi,NATURE'S PICK,0.7,,red chillies
Red Lentils,aldi,WORLDWIDE FOODS,0.99,0.198,red chillies
Large Mango,aldi,NATURE'S PICK,0.95,,mango
Mango Chunks,aldi,NATURE'S PICK,2.19,0.913,mango
Mango Sorbet,aldi,GIANNI'S,1.99,0.398,mango
Sugared Mango,aldi,THE FOODIE MARKET,1.25,,mango
Smoked Streaky Bacon 14 Pack,aldi,OAKHURST,2.29,0.763,streaky bacon
Unsmoked Streaky Bacon 14 Pack,aldi,OAKHURST,2.29,0.763,streaky bacon
Smoked Streaky Bacon Rashers 12 Pack*,aldi,EVERYDAY ESSENTIALS,1.25,0.434,streaky bacon
Unsmoked Streaky Bacon Rashers 12 Pack*,aldi,EVERYDAY ESSENTIALS,1.25,0.434,streaky bacon
100% British Pork Dry Cured Smoked Streaky Bacon 14 Pack,aldi,SPECIALLY SELECTED,2.29,1.041,streaky bacon
Sirloin Steaks with Peppercorn Sauce,aldi,ASHFIELDS,12.99,2.855,sirloin steak
British Sirloin Steak 21 Day Matured,aldi,ASHFIELDS,5.29,2.713,sirloin steak
100% British Beef Wagyu Sirloin Steak,aldi,SPECIALLY SELECTED,9.49,4.181,sirloin steak
100% British Sirloin Steak 30 Day Matured,aldi,ASHFIELDS,6.49,2.859,sirloin steak
King of Steaks 12oz Thick Cut Sirloin Steak 30 Day Matured,aldi,ASHFIELDS,8.99,2.644,sirloin steak
Dutch Edam Cheese 16 Slices,aldi,EMPORIUM,2.99,0.748,edam
Courgettes,aldi,NATURE'S PICK,1.39,0.2779999999999999,courgettes
Grated Cheddar Cheese,aldi,EVERYDAY ESSENTIALS,2.99,0.5980000000000001,grated cheddar
Grated Cheddar & Mozzarella Cheese Mix,aldi,EMPORIUM,1.99,0.796,grated cheddar
Grated Mature Cheddar,aldi,EMPORIUM,1.99,0.796,grated cheddar
Grated Lighter Cheddar Cheese,aldi,EMPORIUM,1.99,0.796,grated cheddar
Grated Half Fat Cheddar Cheese,aldi,EMPORIUM,1.99,0.796,grated cheddar
White Seedless Grapes,aldi,NATURE'S PICK,1.89,0.378,grapes
Seedless Red Grapes,aldi,NATURE'S PICK,1.89,0.378,grapes
Black Seedless Grapes,aldi,NATURE'S PICK,1.89,0.378,grapes
Seedless Sable Grapes,aldi,SPECIALLY SELECTED,1.79,0.448,grapes
Mixed Seedless Grapes,aldi,NATURE'S PICK,1.89,0.378,grapes
Cumberland Pork Sausages,aldi,SPECIALLY SELECTED,3.69,0.553,pork sausages
Battered No-Pork Sausages,aldi,PLANT MENU,1.99,1.106,pork sausages
The Ultimate Pork Sausages,aldi,SPECIALLY SELECTED,3.49,0.727,pork sausages
Pork Sausages 6 Pack,aldi,SPECIALLY SELECTED,2.49,0.623,pork sausages
Pork Sausages 10 Pack,aldi,SPECIALLY SELECTED,3.69,0.553,pork sausages
British Ribeye Steak 21 Day Matured,aldi,ASHFIELDS,5.39,2.764,ribeye steak
100% British Beef Wagyu Ribeye Steak,aldi,SPECIALLY SELECTED,9.99,4.401,ribeye steak
100% British Ribeye Steak 30 Day Matured,aldi,ASHFIELDS,6.69,2.947,ribeye steak
100% British Beef Salt Dry Aged Aberdeen Angus 8oz Ribeye Steak,aldi,SPECIALLY SELECTED,7.29,3.211,ribeye steak
100% Scotch Beef Salt Dry Aged Aberdeen Angus 8oz Ribeye Steak,aldi,SPECIALLY SELECTED,7.29,3.211,ribeye steak
Cheese Slices 8 Pack,aldi,EMPORIUM,0.99,0.495,cheese slices
Light Cheese Slices 8 Pack,aldi,EMPORIUM,0.99,0.495,cheese slices
Puff Pastry Ham & Cheese Slices 2 Pack,aldi,CRESTWOOD,1.65,0.55,cheese slices
Mozzarella Cheese 10 Slices,aldi,EMPORIUM,1.99,0.796,cheese slices
Welsh Rarebit Slices,aldi,EMPORIUM,0.99,0.7070000000000001,cheese slices
Beef Stew & Dumplings,aldi,CRESTWOOD,2.79,0.6980000000000001,beef stewing steak
Beef Medallion Steaks,aldi,ASHFIELDS,4.49,1.3210000000000002,beef stewing steak
British Beef Braising Steaks,aldi,ASHFIELDS,3.89,1.111,beef stewing steak
Chicken Sausages 6 Pack,aldi,SPECIALLY SELECTED,2.09,0.615,chicken sausages
Italian Style Chicken Chipolatas 10 Pack,aldi,ASHFIELD FARM,2.49,0.732,chicken sausages
Chicken Kabanos,aldi,THE DELI,1.89,1.58,chicken sausages
Bockwurst Sausages,aldi,BRAMWELLS,1.99,0.55,chicken sausages
Pineapple Chunks,aldi,NATURE'S PICK,1.49,0.497,pineapple
Pineapple Cocktail,aldi,COCOBAY,0.95,0.38,pineapple
Pineapple & Lime,aldi,THE JUICE COMPANY,1.79,0.179,pineapple
Pineapple Slices in Juice,aldi,FOUR SEASONS,0.95,0.373,pineapple
"Apple, Pineapple & Grape",aldi,NATURE'S PICK,1.19,0.595,pineapple
Aubergine,aldi,NATURE'S PICK,0.99,,aubergine
British Green Beans,aldi,NATURE'S PICK,0.69,0.314,green beans
Whole Green Beans,aldi,FOUR SEASONS,1.19,0.119,green beans
British Stringless Beans,aldi,NATURE'S PICK,1.19,0.529,green beans
Galia Melon,aldi,NATURE'S PICK,1.85,,melon
Honeydew Melon,aldi,NATURE'S PICK,1.87,,melon
Melon Medley,aldi,NATURE'S PICK,1.69,0.563,melon
20% Lamb Mince,aldi,ASHFIELDS,2.99,0.498,lamb mince
British Lamb Mince 20% Fat,aldi,ASHFIELDS,5.49,1.156,lamb mince
Wagyu Mince,aldi,SPECIALLY SELECTED,5.99,1.198,lamb mince
Diced Lamb,aldi,ASHFIELDS,5.49,1.83,lamb mince
Meat-Free Mince,aldi,PLANT MENU,1.39,0.35,lamb mince
Chorizo Mac & Cheese,aldi,SPECIALLY SELECTED GASTRO,3.59,0.898,chorizo
Spanish Chorizo 24 Slices,aldi,THE DELI,0.99,0.83,chorizo
Classic Spanish Chorizo Ring,aldi,SPECIALLY SELECTED,1.89,0.945,chorizo
Spicy Spanish Chorizo Ring,aldi,SPECIALLY SELECTED,1.89,0.945,chorizo
Cod & Chorizo Fishcakes 2 Pack,aldi,SPECIALLY SELECTED,2.39,0.8240000000000001,chorizo
Pepperoni  Pizza,aldi,EVERYDAY ESSENTIALS,1.1,0.35,pepperoni
Pepperoni Pasta,aldi,CUCINA,2.69,0.673,pepperoni
Pepperoni and Mozzarella Selection,aldi,THE DELI,1.89,1.45,pepperoni
Hot Pepperoni 24 Slices,aldi,CUCINA,1.09,0.91,pepperoni
Mild Pepperoni 24 Slices,aldi,CUCINA,1.09,0.91,pepperoni
British Sweetcorn,aldi,NATURE'S PICK,1.29,,sweetcorn
Sweetcorn,aldi,FOUR SEASONS,1.49,0.149,sweetcorn
Supersweet Sweetcorn in Water,aldi,FOUR SEASONS,0.55,0.19,sweetcorn
Cupshotz Chicken & Sweetcorn,aldi,BRAMWELLS EXPRESS,0.49,0.91,sweetcorn
Chicken & Sweetcorn,aldi,THE DELI,1.45,0.66,sweetcorn
British Lamb Chops,aldi,ASHFIELDS,5.49,1.6149999999999998,lamb chops
Minted Lamb Shoulder Chops,aldi,ASHFIELDS,5.49,1.307,lamb chops
Pork Chops,aldi,EVERYDAY ESSENTIALS,2.38,0.475,lamb chops
Vegetarian Ham Slices,aldi,QUORN,1.45,1.45,ham sliced
Finely Sliced Wiltshire Ham,aldi,SPECIALLY SELECTED,3.19,1.329,ham sliced
French Torchon Ham 4 Slices,aldi,THE DELI,1.89,0.95,ham sliced
British Breaded Ham 14 Slices,aldi,ASHFIELDS,1.79,0.6,ham sliced
British Cooked Ham 10 Slices,aldi,ASHFIELDS,0.75,0.6519999999999999,ham sliced
Seasonal Pears 1kg,aldi,NATURE'S PICK,1.79,,pears
Organic Pears Pouch,aldi,MAMIA,0.45,0.643,pears
Ripe & Ready Conference Pears,aldi,NATURE'S PICK,1.85,,pears
Asparagus Tips,aldi,NATURE'S PICK,1.4,1.4,asparagus
Asparagus Bundles,aldi,NATURE'S PICK,2.15,0.86,asparagus
Plums,aldi,NATURE'S PICK,2.19,0.219,plums
Beef and Pork Mince XXL,aldi,ASHFIELDS,5.69,0.5690000000000001,pork mince
British Beef & Pork Mince,aldi,ASHFIELDS,4.49,0.599,pork mince
British Pork Mince 12% Fat,aldi,ASHFIELDS,2.25,0.45,pork mince
British Lean Pork Mince 5% Fat,aldi,ASHFIELDS,2.55,0.51,pork mince
Wagyu Mince,aldi,SPECIALLY SELECTED,5.99,1.198,pork mince
Celery,aldi,NATURE'S PICK,0.75,,celery
Celery Sticks,aldi,NATURE'S PICK,1.19,0.3399999999999999,celery
Steamed Salmon Fillets,aldi,THE FISHMONGER,4.29,2.383,salmon fillets
Boneless Salmon Fillets 2 Pack,aldi,THE FISHMONGER,3.59,1.496,salmon fillets
Boneless Salmon Fillets 4 Pack,aldi,THE FISHMONGER,6.85,1.427,salmon fillets
Scottish Salmon Fillets 2 Pack,aldi,SPECIALLY SELECTED,4.29,1.7879999999999998,salmon fillets
Boneless Wild Pink Salmon Fillets,aldi,THE FISHMONGER,3.49,0.873,salmon fillets
Cod Fillets,aldi,THE FISHMONGER,3.79,1.053,cod fillets
Boneless Cod Fillets 2 Pack,aldi,THE FISHMONGER,4.79,1.916,cod fillets
Chip Shop Style Extra Large Battered Cod Fillets 2 Pack,aldi,SPECIALLY SELECTED,5.49,1.193,cod fillets
Breaded Cod 4 Pack,aldi,THE FISHMONGER,3.39,0.678,cod fillets
Battered Cod 4 Pack,aldi,THE FISHMONGER,3.39,0.678,cod fillets
Sweet Potatoes,aldi,NATURE'S PICK,1.19,0.119,potatoes
Sweet Potatoes,aldi,NATURE'S PICK,1.19,0.119,sweet potatoes
Sweet Potato,aldi,NATURE'S PICK,0.69,,sweet potatoes
Sweet Potato Fries,aldi,FOUR SEASONS,2.15,0.43,sweet potatoes
Onion & Sweet Potato Bhaji,aldi,SPECIALLY SELECTED,2.75,1.019,sweet potatoes
Ready to Eat Sweet Potato Pakora,aldi,THE DELI,1.49,0.87,sweet potatoes
Haddock Fillets,aldi,THE FISHMONGER,3.79,1.053,haddock fillets
Boneless Smoked Haddock Fillets 2 Pack,aldi,THE FISHMONGER,4.29,1.865,haddock fillets
Chip Shop Style Extra Large Beer Battered Haddock Fillets 2 Pack,aldi,SPECIALLY SELECTED,5.49,1.193,haddock fillets
Smoked Haddock,aldi,THE FISHMONGER,3.79,1.053,haddock fillets
Battered Haddock 4 Pack,aldi,THE FISHMONGER,3.39,0.678,haddock fillets
British Baby Potatoes,aldi,NATURE'S PICK,0.79,0.079,baby potatoes
Prepped Baby Potatoes,aldi,INSPIRED CUISINE,0.89,0.231,baby potatoes
Baby Jacket Potatoes,aldi,INSPIRED CUISINE,1.49,0.373,baby potatoes
British Potatoes Mashed Potato,aldi,SPECIALLY SELECTED GASTRO,1.59,0.398,baby potatoes
Boneless Mediterranean Sea Bass Fillets 2 Pack,aldi,THE FISHMONGER,3.79,2.106,sea bass
Sea Salt Chocolate,aldi,MOSER ROTH,1.99,1.592,sea bass
Dark Sea Salt Chocolate,aldi,MOSER ROTH,2.49,1.992,sea bass
Gourmet Sea Salt Savoury Crackers,aldi,SPECIALLY SELECTED,0.99,0.5349999999999999,sea bass
Rosemary & Sea Salt Flatbread Thins,aldi,SAVOUR BAKES,1.19,0.952,sea bass
King Prawn Bhuna,aldi,SPECIALLY SELECTED DINE IN,3.99,0.867,king prawns
Cooked & Peeled King Prawns,aldi,THE FISHMONGER,2.49,1.66,king prawns
Raw Jumbo King Prawns,aldi,THE FISHMONGER,2.69,1.582,king prawns
King Prawn & Seafood Cocktail Sandwich,aldi,SPECIALLY SELECTED,2.79,,king prawns
"King Prawn, Chicken & Chorizo Paella",aldi,SPECIALLY SELECTED,5.69,0.7110000000000001,king prawns
Smoked Salmon Slices,aldi,THE FISHMONGER,4.49,2.245,smoked salmon
Smoked Salmon Slices,aldi,THE FISHMONGER,2.49,2.49,smoked salmon
Mild & Delicate Smoked Salmon,aldi,SPECIALLY SELECTED,3.09,3.09,smoked salmon
Strong & Robust Smoked Salmon,aldi,SPECIALLY SELECTED,3.09,3.09,smoked salmon
Smoked Salmon Sushi Snack,aldi,EAT & GO,1.09,,smoked salmon
Breaded Cod Fish Fingers 10 Pack,aldi,THE FISHMONGER,1.99,0.663,fish fingers
Milk Chocolate Fingers,aldi,DAIRYFINE,0.99,0.792,fish fingers
White Chocolate Fingers,aldi,DAIRYFINE,0.99,0.792,fish fingers
Medium Sliced White Bread,aldi,VILLAGE BAKERY,0.55,0.07,white sliced bread
Sliced White Rolls,aldi,VILLAGE BAKERY,1.19,,white sliced bread
White Toastie Sliced Loaf,aldi,VILLAGE BAKERY,0.75,0.09,white sliced bread
White Toastie Sliced Loaf,aldi,VILLAGE BAKERY,0.59,0.15,white sliced bread
Gluten Free Sliced White Bread,aldi,FREE FROM,1.55,0.31,white sliced bread
Wholemeal Bread Flour,aldi,THE PANTRY,0.99,0.066,wholemeal bread
Medium Sliced Wholemeal Bread,aldi,EVERYDAY ESSENTIALS,0.55,0.07,wholemeal bread
Wholemeal Rolls,aldi,VILLAGE BAKERY,0.45,,wholemeal bread
Wholemeal Baps,aldi,VILLAGE BAKERY,0.69,,wholemeal bread
Wholemeal Sliced Loaf,aldi,VILLAGE BAKERY,0.75,0.09,wholemeal bread
Wild Caught Yellowfin Tuna Steak,aldi,SPECIALLY SELECTED,4.49,2.245,tuna steaks
Skinless & Boneless Yellowfin Tuna Steaks,aldi,THE FISHMONGER,3.49,0.969,tuna steaks
Drained & Ready to Eat Tuna Steaks in Brine,aldi,THE FISHMONGER,0.99,0.9,tuna steaks
Drained & Ready to Eat Tuna Steaks in Water,aldi,THE FISHMONGER,0.99,0.9,tuna steaks
Drained & Ready to Eat Tuna Steaks in Sunflower Oil,aldi,THE FISHMONGER,0.99,0.9,tuna steaks
Sourdough Breaded Wild Garlic & Jersey Butter Chicken Kievs 2 Pack,aldi,SPECIALLY SELECTED,3.99,1.064,sourdough bread
Protein Sourdough,aldi,SPECIALLY SELECTED,1.99,0.4,sourdough bread
White Sourdough Loaf,aldi,SPECIALLY SELECTED,1.59,0.32,sourdough bread
Seeded Sourdough Sliced Loaf,aldi,SPECIALLY SELECTED,1.89,0.38,sourdough bread
Part Baked Bloomer with Sourdough,aldi,SPECIALLY SELECTED,1.15,0.33,sourdough bread
Lightly Seeded Sliced Loaf,aldi,VILLAGE BAKERY,0.79,0.1,seeded bread
Wholemeal Seeded Loaf,aldi,SPECIALLY SELECTED,1.09,0.14,seeded bread
The Honey Soaked Sliced Seeded Bloomer,aldi,VILLAGE BAKERY,1.49,0.19,seeded bread
Seeded Sourdough Sliced Loaf,aldi,SPECIALLY SELECTED,1.89,0.38,seeded bread
Super Seeded Farmhouse Sliced Loaf,aldi,SPECIALLY SELECTED,1.09,0.14,seeded bread
White Pitta Bread,aldi,VILLAGE BAKERY,0.5,,pitta bread
Plain Naan Breads,aldi,BILASH,0.69,,naan bread
Garlic & Coriander Naan Breads,aldi,BILASH,0.69,,naan bread
Giant Plain Naan Breads,aldi,BILASH,1.49,,naan bread
Giant Garlic & Coriander Naan Breads,aldi,BILASH,1.49,,naan bread
White Pitta Bread,aldi,VILLAGE BAKERY,0.5,,naan bread
White Tortilla Wraps,aldi,VILLAGE BAKERY,0.99,,wraps tortilla
Seeded Tortilla Wraps,aldi,VILLAGE BAKERY,0.99,,wraps tortilla
Mini White Tortilla Wraps,aldi,VILLAGE BAKERY,0.79,,wraps tortilla
Both In One Tortilla Wraps,aldi,VILLAGE BAKERY,0.99,,wraps tortilla
Tortilla Protein Wrap 6 Pack,aldi,VILLAGE BAKERY,0.99,,wraps tortilla
Sourdough Crumpets,aldi,SPECIALLY SELECTED,0.99,,crumpets
Crumpets 6 Pack,aldi,VILLAGE BAKERY,0.45,,crumpets
Crumpets 9 Pack,aldi,WARBURTONS,1.15,,crumpets
Strawberry Jam,aldi,EVERYDAY ESSENTIALS,0.49,0.11,jam strawberry
Strawberry Jam,aldi,GRANDESSA,0.89,0.2,jam strawberry
Strawberry Conserve,aldi,SPECIALLY SELECTED,1.59,0.35,jam strawberry
Jam Tarts,aldi,HOLLY LANE,0.89,,jam strawberry
Apricot Jam,aldi,GRANDESSA,0.89,0.196,jam strawberry
Smooth Peanut Butter,aldi,GRANDESSA,0.99,0.291,peanut butter
Crunchy Peanut Butter,aldi,GRANDESSA,0.99,0.291,peanut butter
Creamy 100% Peanut Butter,aldi,GRANDESSA,1.59,0.4679999999999999,peanut butter
Crunchy 100% Peanut Butter,aldi,GRANDESSA,1.59,0.4679999999999999,peanut butter
Cocoa Peanut Butter Balls Cereal,aldi,HARVEST MORN,1.89,0.504,peanut butter
Porridge Oats,aldi,EVERYDAY ESSENTIALS,0.85,0.09,porridge oats
Organic Porridge Oats,aldi,KAVANAGH'S,2.25,0.23,porridge oats
Chocolate Protein Porridge Sachet,aldi,HARVEST MORN,1.39,0.483,porridge oats
Butternut Squash Each,aldi,NATURE'S PICK,1.09,,butternut squash
Butternut Squash Soup,aldi,SPECIALLY SELECTED,2.49,0.415,butternut squash
Butternut Squash & Pine Nut Girasoli,aldi,SPECIALLY SELECTED,2.49,0.996,butternut squash
Organic Butternut Squash Mac & Cheese Pouch,aldi,MAMIA,0.65,0.5,butternut squash
Spicy Butternut Squash & Chipotle Feta Bakes 2 Pack,aldi,VEGGIE MENU,1.79,0.81,butternut squash
Fine Cut Orange Marmalade,aldi,GRANDESSA,0.85,0.187,marmalade
Thick Cut Orange Marmalade,aldi,GRANDESSA,0.85,0.187,marmalade
Cooked Beetroot,aldi,NATURE'S PICK,0.66,0.132,beetroot
Just Beetroot,aldi,,0.59,0.118,beetroot
Pickled Sliced Beetroot,aldi,THE DELI,0.75,0.1699999999999999,beetroot
Pickled Baby Beetroot,aldi,THE DELI,0.75,0.1699999999999999,beetroot
Beetroot Side Salad,aldi,THE DELI,1.49,0.497,beetroot
Honey Nut Crunchy Cornflakes,aldi,HARVEST MORN,1.49,0.2,cornflakes
Cornflakes Cereal Bars 6 Pack,aldi,HARVEST MORN,1.09,0.727,cornflakes
Supersweet Sweetcorn in Water,aldi,FOUR SEASONS,0.55,0.19,tinned sweetcorn
Sweetcorn,aldi,FOUR SEASONS,1.49,0.149,tinned sweetcorn
Sweetcorn in Water 4 Pack,aldi,FOUR SEASONS,1.85,1.12,tinned sweetcorn
Cupshotz Chicken & Sweetcorn,aldi,BRAMWELLS EXPRESS,0.49,0.91,tinned sweetcorn
British Sweetcorn,aldi,NATURE'S PICK,1.29,,tinned sweetcorn
Cut Basil,aldi,"READY, SET…COOK!",0.5,1.6670000000000005,fresh basil
Basil,aldi,"READY, SET…COOK!",0.75,5.0,fresh basil
Basil Pesto,aldi,CUCINA,0.89,0.4679999999999999,fresh basil
Tomato & Basil Side Salad,aldi,THE DELI,1.49,0.497,fresh basil
Tomato & Basil Soup,aldi,SOUPREME,1.49,0.248,fresh basil
Oxtail Soup,aldi,BRAMWELLS,0.59,0.15,tinned soup
Vegetable Soup,aldi,BRAMWELLS,0.59,0.148,tinned soup
Minestrone Soup,aldi,BRAMWELLS,0.59,0.148,tinned soup
Cream of Tomato Soup,aldi,BRAMWELLS,0.59,0.15,tinned soup
Cream Of Chicken Soup,aldi,BRAMWELLS,0.59,0.148,tinned soup
Really Nutty Granola,aldi,SPECIALLY SELECTED,1.99,0.4,granola
Very Berry Granola,aldi,SPECIALLY SELECTED,1.99,0.4,granola
Raisin & Almond Granola,aldi,HARVEST MORN,1.99,0.199,granola
Tropical Fruits Granola,aldi,HARVEST MORN,1.99,0.199,granola
Mango Yogurt Granola,aldi,SPECIALLY SELECTED,1.09,0.727,granola
Chunky Oven Chips,aldi,SPECIALLY SELECTED,3.29,0.219,frozen chips oven
Oven Bottom Muffins,aldi,VILLAGE BAKERY,0.69,,frozen chips oven
Coconut & Milk Shower Cream,aldi,LACURA,1.39,0.2779999999999999,coconut milk
Coconut Milk 400ml Full Fat,aldi,ASIA GREEN GARDEN,0.75,0.188,coconut milk
Coconut Milk 400ml Reduced Fat,aldi,ASIA GREEN GARDEN,0.75,0.188,coconut milk
Coconut Water,aldi,COCO LOCO,1.99,0.2,coconut milk
Coconut Breaded Prawns,aldi,LET'S PARTY,1.69,1.28,coconut milk
British Cut Coriander,aldi,"READY, SET…COOK!",0.5,1.6670000000000005,fresh coriander
Ground Coriander,aldi,"READY, SET…COOK!",0.65,2.2,fresh coriander
Carrot & Coriander Soup,aldi,BRAMWELLS,0.59,0.148,fresh coriander
Carrot & Coriander Soup,aldi,SOUPREME,1.49,0.248,fresh coriander
Garlic & Coriander Naan Breads,aldi,BILASH,0.69,,fresh coriander
Weetabix Cereal 36 Pack,aldi,WEETABIX,3.99,,weetabix
Original Swiss Style Muesli,aldi,HARVEST MORN,2.29,0.208,muesli
No Added Sugar Swiss Style Muesli,aldi,HARVEST MORN,2.29,0.208,muesli
Cut Mint,aldi,"READY, SET…COOK!",0.5,1.6670000000000005,fresh mint
Mint Sauce,aldi,BRAMWELLS,0.59,0.33,fresh mint
Mint Humbugs,aldi,DOMINION,0.89,0.396,fresh mint
Mint Poppets,aldi,POPPETS,1.09,1.09,fresh mint
"Pasta & Sauce Tomato, Onion & Herb",aldi,BRAMWELLS EXPRESS,0.45,0.41,pasta sauce tomato
Tomato Lasagne Sauce,aldi,CUCINA,0.79,0.16,pasta sauce tomato
Smooth Tomato Pasta Sauce,aldi,CUCINA,0.69,0.1379999999999999,pasta sauce tomato
Tomato & Mascarpone Pasta Sauce,aldi,INSPIRED CUISINE,1.49,0.426,pasta sauce tomato
Tomato & Basil Pasta Sauce,aldi,INSPIRED CUISINE,1.49,0.426,pasta sauce tomato
Pepperoni  Pizza,aldi,EVERYDAY ESSENTIALS,1.1,0.35,frozen pizza
Cheese & Tomato Pizza,aldi,EVERYDAY ESSENTIALS,1.1,0.35,frozen pizza
Garlic & Cheese Pizza Bread,aldi,CARLOS,1.09,0.462,frozen pizza
Deep Pan Pepperoni Pizza,aldi,CARLOS,1.35,0.358,frozen pizza
Pepperoni Pizza Subs 2 Pack,aldi,CARLOS,0.99,0.381,frozen pizza
Cut Parsley,aldi,"READY, SET…COOK!",0.5,1.6670000000000005,fresh parsley
Parsley,aldi,"READY, SET…COOK!",0.65,8.100000000000001,fresh parsley
Parsley Simmer Sauce Mix,aldi,BRAMWELLS,0.29,1.45,fresh parsley
Smoked Garlic & Parsley Flatbreads,aldi,VILLAGE BAKERY,1.49,,fresh parsley
Melt In The Middle Cod Fishcake with Parsley Sauce 2 Pack,aldi,SPECIALLY SELECTED,2.39,0.8240000000000001,fresh parsley
Garlic & Cheese Pizza Bread,aldi,CARLOS,1.09,0.462,frozen garlic bread
Garlic Bread Crisps,aldi,CUCINA,1.15,0.767,frozen garlic bread
Garlic Bread Slices 10 Pack,aldi,CARLOS,1.05,0.404,frozen garlic bread
Garlic & Coriander Naan Breads,aldi,BILASH,0.69,,frozen garlic bread
Garlic Baguettes 2 Pack,aldi,CARLOS,0.85,0.251,frozen garlic bread
Basmati Rice,aldi,WORLDWIDE FOODS,1.79,0.179,rice krispies
Arborio Rice,aldi,CUCINA,2.49,0.249,rice krispies
Rice Pudding,aldi,DESSERT MENU,0.75,0.19,rice krispies
Rice Pudding,aldi,EVERYDAY ESSENTIALS,0.35,0.09,rice krispies
Brown Rice,aldi,WORLDWIDE FOODS,1.39,0.1389999999999999,rice krispies
Basil Pesto,aldi,CUCINA,0.89,0.4679999999999999,pesto green
Pesto Rosso,aldi,SPECIALLY SELECTED,1.99,1.0470000000000002,pesto green
Pesto Filled Gnocchi,aldi,CUCINA,1.69,0.423,pesto green
Pesto Alla Genovese,aldi,SPECIALLY SELECTED,1.99,1.0470000000000002,pesto green
Pesto Chicken Toastie,aldi,HEAT TO EAT,2.19,,pesto green
Shower Gel,aldi,LACURA,0.99,0.198,shower gel
Shower Gel,aldi,ORIGINAL SOURCE,1.69,0.3379999999999999,shower gel
Family Shower Gel,aldi,LACURA,0.39,0.13,shower gel
Men's Shower Gel,aldi,LACURA FOR MEN,0.69,0.2299999999999999,shower gel
Herbal Shower Gel,aldi,LACURA,0.99,0.198,shower gel
Smooth Orange Juice,aldi,THE JUICE COMPANY,1.15,0.12,orange juice
Smooth Orange Juice From Concentrate,aldi,THE JUICE COMPANY,1.45,0.15,orange juice
Smooth Orange Juice From Concentrate,aldi,THE JUICE COMPANY,2.19,0.11,orange juice
100% Pure Pressed Orange Juice with Bits,aldi,THE JUICE COMPANY,2.69,0.15,orange juice
100% Pure Pressed Smooth Orange Juice,aldi,THE JUICE COMPANY,2.69,0.15,orange juice
Spaghetti,aldi,CUCINA,0.75,0.15,spaghetti
Spaghetti Bolognese,aldi,EVERYDAY ESSENTIALS,0.99,0.248,spaghetti
Spaghetti & Meatballs,aldi,CUCINA,2.79,0.6980000000000001,spaghetti
Spaghetti Carbonara,aldi,CUCINA,2.79,0.6980000000000001,spaghetti
Spaghetti Bolognese,aldi,CUCINA,2.79,0.6980000000000001,spaghetti
Toothpaste,aldi,DENTITEX,0.69,0.5519999999999999,toothpaste
Toothpaste,aldi,SENSODYNE,2.09,2.787,toothpaste
Triple Action Toothpaste,aldi,COLGATE,1.24,1.653,toothpaste
Madagascan Vanilla Ice Cream,aldi,SPECIALLY SELECTED,2.49,0.519,vanilla ice cream
Madagascan Vanilla Ice Cream,aldi,GIANNI'S,2.45,2.45,vanilla ice cream
Soft Scoop Vanilla Ice Cream,aldi,GIANNI'S,1.65,0.0829999999999999,vanilla ice cream
Vanilla Ice Cream Cones 6 Pack,aldi,GIANNI'S,2.19,0.3,vanilla ice cream
Strawberry & Vanilla Ice Cream Cones 4 Pack,aldi,GIANNI'S,1.25,0.284,vanilla ice cream
Tikka Masala Curry Paste,aldi,"READY, SET…COOK!",1.49,0.805,curry paste tikka
Korma Curry Paste,aldi,"READY, SET…COOK!",1.49,0.805,curry paste tikka
Tikka Curry in a Naan,aldi,EAT & GO,1.99,1.076,curry paste tikka
Thai Red Curry Paste,aldi,"READY, SET…COOK!",1.29,0.717,curry paste tikka
Thai Green Curry Paste,aldi,"READY, SET…COOK!",1.29,0.717,curry paste tikka
Mint Chocolate Ice Creams 4 Pack,aldi,GIANNI'S,1.79,0.407,chocolate ice cream
Mint & Chocolate Ice Cream Cones 4 Pack,aldi,GIANNI'S,1.25,0.284,chocolate ice cream
Chocolate Brownie Ice Cream,aldi,GIANNI'S,1.99,0.398,chocolate ice cream
Cornish Ice Cream,aldi,GIANNI'S,3.29,0.1649999999999999,chocolate ice cream
Strawberry Ice Cream,aldi,GIANNI'S,2.45,2.45,chocolate ice cream
Apple Juice,aldi,THE JUICE COMPANY,1.09,0.11,apple juice
Apple Juice,aldi,THE JUICE COMPANY,1.75,0.18,apple juice
100% Pressed Apple Juice,aldi,THE JUICE COMPANY,0.99,0.3,apple juice
Apple Juice 1 Litre,aldi,THE JUICE COMPANY,0.99,0.1,apple juice
Apple Juice From Concentrate 6 Pack,aldi,THE JUICE COMPANY,1.89,0.158,apple juice
Korma Curry Paste,aldi,"READY, SET…COOK!",1.49,0.805,curry paste korma
Tikka Masala Curry Paste,aldi,"READY, SET…COOK!",1.49,0.805,curry paste korma
Thai Red Curry Paste,aldi,"READY, SET…COOK!",1.29,0.717,curry paste korma
Thai Green Curry Paste,aldi,"READY, SET…COOK!",1.29,0.717,curry paste korma
2 Step Korma Curry Sauce,aldi,SPECIALLY SELECTED,1.69,0.469,curry paste korma
Penne Pasta 500g,aldi,CUCINA,0.69,0.1379999999999999,penne pasta
Everyday Essentials Penne Pasta 500g,aldi,EVERYDAY ESSENTIALS,0.41,0.0819999999999999,penne pasta
Green Pea Penne,aldi,FREE FROM,0.69,0.2759999999999999,penne pasta
Classic Ice Lollies,aldi,GIANNI'S,1.85,0.4629999999999999,ice lollies
White Ice Lollies,aldi,GIANNI'S,1.85,0.4629999999999999,ice lollies
Cola Bottle Ice Lollies 6 Pack,aldi,GIANNI'S,2.29,0.636,ice lollies
Mango Fruit Sticks Ice Lollies 12 Pack,aldi,GIANNI'S,2.29,0.382,ice lollies
Pineapple Fruit Sticks Ice Lollies 12 Pack,aldi,GIANNI'S,2.29,0.382,ice lollies
Fusilli Pasta 1kg,aldi,CUCINA,1.19,0.119,fusilli pasta
Heat & Eat Tomato & Basil Fusilli Pasta Pouch,aldi,WORLDWIDE FOODS,0.95,0.48,fusilli pasta
Fusilli,aldi,NAPOLINA,0.99,0.198,fusilli pasta
Chickpea Fusilli,aldi,FREE FROM,0.69,0.2759999999999999,fusilli pasta
Glutenfree Fusilli,aldi,FREE FROM,0.29,0.0579999999999999,fusilli pasta
Hair Culture Shampoo/Conditioner,aldi,LACURA,1.79,0.358,conditioner hair
Teriyaki Stir Fry Sauce,aldi,ASIA SPECIALITIES,0.55,0.458,stir fry sauce
Teriyaki Stir Fry Sauce,aldi,"READY, SET…COOK!",0.85,0.486,stir fry sauce
Katsu Stir Fry Sauce,aldi,"READY, SET…COOK!",0.85,0.486,stir fry sauce
Chow Mein Stir Fry Sauce,aldi,ASIA SPECIALITIES,0.55,0.458,stir fry sauce
Sweet & Sour Stir Fry Sauce,aldi,ASIA SPECIALITIES,0.55,0.458,stir fry sauce
Decaf Tea Bags 80 Pack,aldi,DIPLOMAT,1.39,0.56,tea bags
Yorkshire Tea Bags 210 Pack,aldi,TAYLORS OF HARROGATE,5.99,0.91,tea bags
Original Tea Bags 210 Pack,aldi,PG TIPS,4.85,0.8,tea bags
Original Tea Bags 240 Pack,aldi,TETLEY,4.99,0.67,tea bags
Decaf Tea Bags 160 Pack,aldi,TETLEY,4.99,1.0,tea bags
Instant Coffee,aldi,BARISSIMO,2.65,1.33,instant coffee
Original Instant Coffee,aldi,NESCAFE,7.25,2.42,instant coffee
Alta Rica 100% Arabica Instant Coffee,aldi,NESCAFÉ,6.39,3.36,instant coffee
Latte Instant Sachets 8 Pack,aldi,ALCAFÉ,0.99,0.63,instant coffee
Cappuccino Instant Sachets 8 Pack,aldi,ALCAFÉ,0.95,0.6990000000000001,instant coffee
Luxurious Hand Wash,aldi,ABBOTT & BROOME,1.49,0.298,hand soap
Luxury Hand & Body Wash/Lotion,aldi,LACURA,1.99,0.796,hand soap
Hand Cream,aldi,LACURA,0.75,1.0,hand soap
Hand Mixer/Food Chopper,aldi,AMBIANO,9.99,,hand soap
Sea Salt & Chardonnay Vinegar Hand Cooked Crisps,aldi,SPECIALLY SELECTED,1.15,0.767,hand soap
Tomato Ketchup,aldi,BRAMWELLS,0.89,0.162,tomato ketchup
Tomato Ketchup,aldi,HEINZ,2.85,0.438,tomato ketchup
Less Sugar & Salt Tomato Ketchup,aldi,HEINZ,2.85,0.438,tomato ketchup
Reduced Salt & Sugar Ketchup,aldi,BRAMWELLS,0.89,0.17,tomato ketchup
Chopped Tomatoes in Tomato Juice,aldi,EVERYDAY ESSENTIALS,0.43,0.11,tomato ketchup
Egg Tagliatelle,aldi,SPECIALLY SELECTED,1.45,0.29,tagliatelle
Chicken Tagliatelle,aldi,CUCINA,2.69,0.673,tagliatelle
Tagliatelle Fresh Pasta,aldi,CUCINA,1.65,0.3299999999999999,tagliatelle
Ham & Mushroom Tagliatelle,aldi,CUCINA,2.79,0.6980000000000001,tagliatelle
Breaded Cod Fish Fingers 10 Pack,aldi,THE FISHMONGER,1.99,0.663,frozen fish fingers
Vegetable Fingers 16 Pack,aldi,PLANT MENU,1.39,0.31,frozen fish fingers
Ladies' Anti-Perspirant Deodorant,aldi,LACURA,1.09,0.436,deodorant
Men's Anti-Perspirant Deodorant,aldi,LACURA FOR MEN,1.09,0.436,deodorant
Ladies' Roll On Anti-Perspirant Deodorant,aldi,LACURA,1.09,2.18,deodorant
Men's Roll On Anti-Perspirant Deodorant,aldi,LACURA FOR MEN,1.09,2.18,deodorant
Real Mayonnaise,aldi,BRAMWELLS,0.89,0.178,mayonnaise
Squeezy Real Mayonnaise,aldi,BRAMWELLS,0.95,0.19,mayonnaise
Squeezy Light Mayonnaise,aldi,BRAMWELLS,0.95,0.19,mayonnaise
Ready Salted Crisps 6 Pack,aldi,SNACKRITE,0.85,0.57,ready salted crisps
Ready Salted Potato Hoops 8 Pack,aldi,SNACKRITE,1.45,0.73,ready salted crisps
Ready Salted Ridged Lights Crisps 6 Pack,aldi,SNACKRITE,1.29,0.86,ready salted crisps
Lightly Salted Handcooked Crisps,aldi,SPECIALLY SELECTED,1.15,0.767,ready salted crisps
Salt & Vinegar Crisps 6 Pack,aldi,SNACKRITE,0.85,0.567,ready salted crisps
Ground Almonds,aldi,THE PANTRY,0.99,0.6599999999999999,ground coffee
Ground Cinnamon,aldi,"READY, SET…COOK!",0.89,2.2,ground coffee
Ground Coriander,aldi,"READY, SET…COOK!",0.65,2.2,ground coffee
Ground Turmeric,aldi,"READY, SET…COOK!",0.75,1.875,ground coffee
Ground Black Pepper,aldi,"READY, SET…COOK!",1.59,1.59,ground coffee
Lasagne Al Forno,aldi,SPECIALLY SELECTED GASTRO,3.59,0.898,lasagne sheets
Lasagne Al Forno,aldi,SPECIALLY SELECTED GASTRO,4.99,0.713,lasagne sheets
Creamy Lasagne Sauce,aldi,CUCINA,0.79,0.17,lasagne sheets
Tomato Lasagne Sauce,aldi,CUCINA,0.79,0.16,lasagne sheets
Beef & Pancetta Lasagne,aldi,SPECIALLY SELECTED,2.49,0.623,lasagne sheets
Men's Razor Handle & Blade/Refills,aldi,LACURA,3.59,,razor blades
3 Blade Disposable Razor 4 Pack,aldi,LACURA,1.45,,razor blades
Men's 3 Blade Disposable Razor 4 Pack,aldi,LACURA FOR MEN,1.45,,razor blades
Squeezy Brown Sauce,aldi,BRAMWELLS,0.99,0.22,brown sauce
Brown Onions,aldi,NATURE'S PICK,0.99,0.099,brown sauce
Brown Rice,aldi,WORLDWIDE FOODS,1.39,0.1389999999999999,brown sauce
Large Brown Onions,aldi,NATURE'S PICK,0.95,,brown sauce
Cheese & Onion Crisps 6 Pack,aldi,SNACKRITE,0.85,0.57,cheese onion crisps
Cheese & Onion Twists,aldi,SAVOUR BAKES,0.79,0.632,cheese onion crisps
Cheese & Onion Sandwich,aldi,EAT & GO,1.29,,cheese onion crisps
Cheddar & Onion Handcooked Crisps,aldi,SPECIALLY SELECTED,1.15,0.767,cheese onion crisps
Cheese & Onion Quiche,aldi,CRESTWOOD,1.99,0.5,cheese onion crisps
Instant Hot Chocolate Drink,aldi,CHOCEUR,1.69,0.423,hot chocolate
Light Mint Hot Chocolate,aldi,DAIRYFINE,1.69,0.563,hot chocolate
Light Instant Hot Chocolate Salted Caramel,aldi,DAIRYFINE,1.69,0.563,hot chocolate
Light Instant Hot Choloate Original,aldi,DAIRYFINE,1.69,0.563,hot chocolate
Hot Chilli Peanuts,aldi,SNACKRITE,0.99,0.495,hot chocolate
Basmati Rice,aldi,WORLDWIDE FOODS,1.79,0.179,basmati rice
Basmati Rice Pouch,aldi,WORLDWIDE FOODS,0.49,0.196,basmati rice
Steamed Basmati Rice,aldi,WORLDWIDE FOODS,0.89,0.318,basmati rice
Arborio Rice,aldi,CUCINA,2.49,0.249,basmati rice
Rice Pudding,aldi,DESSERT MENU,0.75,0.19,basmati rice
Salt & Vinegar Crisps 6 Pack,aldi,SNACKRITE,0.85,0.567,salt vinegar crisps
Salt & Vinegar Starry Night Mix,aldi,SNACKRITE,1.29,1.032,salt vinegar crisps
Salt & Vinegar Crunchy Sticks 24 Pack,aldi,SNACKRITE,2.79,0.65,salt vinegar crisps
Sea Salt & Chardonnay Vinegar Hand Cooked Crisps,aldi,SPECIALLY SELECTED,1.15,0.767,salt vinegar crisps
Salt & Vinegar Flavour Potato Hoops 6 Pack,aldi,SNACKRITE,1.19,0.7929999999999999,salt vinegar crisps
Dark Soy Sauce,aldi,ASIA SPECIALITIES,0.55,0.367,soy sauce
Light Soy Sauce,aldi,ASIA SPECIALITIES,0.55,0.367,soy sauce
Soy & Ginger Fusions Tuna,aldi,THE FISHMONGER,0.89,1.113,soy sauce
Mint Sauce,aldi,BRAMWELLS,0.59,0.33,soy sauce
Pepsi Max 8 pack,aldi,PEPSI MAX,3.75,0.14,pepsi
Long Grain Rice Pouch,aldi,WORLDWIDE FOODS,0.49,0.196,long grain rice
Steamed Long Grain Rice,aldi,WORLDWIDE FOODS,0.99,0.3299999999999999,long grain rice
Easy Cook Long Grain Rice,aldi,WORLDWIDE FOODS,1.25,0.125,long grain rice
Long Grain White Rice,aldi,EVERYDAY ESSENTIALS,0.52,0.052,long grain rice
Lightly Salted Tortilla Chips,aldi,EVERYDAY ESSENTIALS,0.57,0.29,tortilla chips
Deltas Cool Tortilla Chips,aldi,SNACKRITE,0.89,0.445,tortilla chips
Deltas Salted Tortilla Chips,aldi,SNACKRITE,0.89,0.445,tortilla chips
Deltas Chilli Flavour Tortilla Chips,aldi,SNACKRITE,0.89,0.445,tortilla chips
Deltas Tangy Cheese Tortilla Chips,aldi,SNACKRITE,0.89,0.445,tortilla chips
Lemonade,aldi,VIVE,0.49,0.025,lemonade
Diet Lemonade,aldi,VIVE,0.49,0.025,lemonade
Raspberry Crush with Lemonade,aldi,STEFANOFF,0.99,0.396,lemonade
Diet Lemonade 6 Pack,aldi,VIVE,1.45,0.07,lemonade
Alcohol Free Pink & Lemonade,aldi,GREYSON'S,0.59,0.236,lemonade
Mixed Nuts,aldi,THE FOODIE MARKET,1.75,0.875,mixed nuts
Mint Sauce,aldi,BRAMWELLS,0.59,0.33,worcestershire sauce
Brandy Sauce,aldi,COWBELLE,0.29,0.06,worcestershire sauce
BBQ Sauce,aldi,BRAMWELLS,0.75,0.16,worcestershire sauce
Tartare Sauce,aldi,BRAMWELLS,0.65,0.371,worcestershire sauce
Horseradish Sauce,aldi,BRAMWELLS,0.65,0.371,worcestershire sauce
Hot Peri Peri Sauce & Marinade,aldi,BRAMWELLS,1.39,0.525,hot sauce
Hot Chilli Con Carne Cooking Sauce,aldi,FIESTA,0.89,0.178,hot sauce
Hot Chilli Peanuts,aldi,SNACKRITE,0.99,0.495,hot sauce
Lamb Hot Pot,aldi,INSPIRED CUISINE,2.79,0.6980000000000001,hot sauce
Beef Hot Pot,aldi,INSPIRED CUISINE,2.79,0.6980000000000001,hot sauce
Wholegrain Mustard,aldi,BRAMWELLS,0.49,0.245,mustard
English Mustard,aldi,BRAMWELLS,0.49,0.245,mustard
Dijon Mustard,aldi,BRAMWELLS,0.49,0.245,mustard
Honey & Mustard Salad Dressing,aldi,BRAMWELLS,0.99,0.396,mustard
Gammon Steaks Honey & Mustard,aldi,ASHFIELDS,3.49,1.163,mustard
Ready-To-Heat Sticky Jasmine Rice,aldi,WORLDWIDE FOODS,0.65,0.26,jasmine rice
Ready-To-Heat Sticky Jasmine Rice,aldi,WORLDWIDE FOODS,0.65,0.26,jasmine rice
Basmati Rice,aldi,WORLDWIDE FOODS,1.79,0.179,jasmine rice
Arborio Rice,aldi,CUCINA,2.49,0.249,jasmine rice
Rice Pudding,aldi,DESSERT MENU,0.75,0.19,jasmine rice
Sparkling Water 6 Pack,aldi,AQUA VALE,1.19,0.04,sparkling water
Sparkling Water 4 Pack,aldi,AQUA VALE,1.55,0.19,sparkling water
Lemon & Lime Flavoured Sparkling Water,aldi,AQUEO,0.55,0.055,sparkling water
Peach & Passion Fruit Flavoured Sparkling Water,aldi,AQUEO,0.55,0.055,sparkling water
Sparkling Spring Water,aldi,EVERYDAY ESSENTIALS,0.39,0.02,sparkling water
Basmati Rice,aldi,WORLDWIDE FOODS,1.79,0.179,risotto rice
Arborio Rice,aldi,CUCINA,2.49,0.249,risotto rice
Rice Pudding,aldi,DESSERT MENU,0.75,0.19,risotto rice
Rice Pudding,aldi,EVERYDAY ESSENTIALS,0.35,0.09,risotto rice
Brown Rice,aldi,WORLDWIDE FOODS,1.39,0.1389999999999999,risotto rice
Sweet Popcorn Share Bag,aldi,SNACKRITE,0.99,0.9,popcorn
Sweet Popcorn 6 Pack,aldi,SNACKRITE,1.09,1.514,popcorn
Sweet & Salty Popcorn Share Bag,aldi,SNACKRITE,0.99,0.9,popcorn
Sweet & Salty Popcorn 6 Pack,aldi,SNACKRITE,1.09,1.514,popcorn
Dark Chocolate Bar 100g,aldi,EVERYDAY ESSENTIALS,0.65,0.65,chocolate bar
White Chocolate Bar 100g,aldi,EVERYDAY ESSENTIALS,0.65,0.65,chocolate bar
Milk Chocolate Bar 100g,aldi,EVERYDAY ESSENTIALS,0.65,0.65,chocolate bar
Romeo Chocolate Bars 4 Pack,aldi,DAIRYFINE,1.49,0.75,chocolate bar
Caramel Crunch Chocolate Bars 4 Pack,aldi,DAIRYFINE,1.49,0.98,chocolate bar
Egg Noodles,aldi,"READY, SET…COOK!",1.19,0.29,egg noodles
Protein Egg Noodles,aldi,"READY, SET…COOK!",0.99,0.3299999999999999,egg noodles
Egg Pappardelle,aldi,CUCINA,1.19,0.476,egg noodles
Egg Tagliatelle,aldi,SPECIALLY SELECTED,1.45,0.29,egg noodles
Ready-to-Heat Egg Fried Rice,aldi,WORLDWIDE FOODS,0.55,0.22,egg noodles
Extra Virgin Olive Oil,aldi,SOLESTA,6.19,0.62,olive oil extra virgin
Anchovies in Extra Virgin Olive Oil,aldi,THE FISHMONGER,0.69,1.38,olive oil extra virgin
Virgin Olive Oil 10%,aldi,SOLESTA,5.69,0.5690000000000001,olive oil extra virgin
Light in Colour Virgin Olive Oil 2%,aldi,SOLESTA,5.69,0.5690000000000001,olive oil extra virgin
Spray Light Olive Oil,aldi,SOLESTA,1.29,0.679,olive oil extra virgin
Still Water 6 Pack,aldi,AQUA VALE,2.25,0.02,still water
Strawberry Flavoured Still Water,aldi,AQUA VALE,0.55,0.055,still water
Orange & Peach Flavoured Still Water,aldi,AQUA VALE,0.55,0.055,still water
Lemon & Lime Flavoured Still Water,aldi,AQUA VALE,0.55,0.055,still water
Still Spring Water,aldi,EVERYDAY ESSENTIALS,0.39,0.02,still water
Butternut Squash Each,aldi,NATURE'S PICK,1.09,,squash cordial
Mixed Fruit Squash,aldi,SUN QUENCH,1.09,0.109,squash cordial
Butternut Squash Soup,aldi,SPECIALLY SELECTED,2.49,0.415,squash cordial
Double Strength Orange Squash,aldi,SUN QUENCH,0.99,0.066,squash cordial
Double Strength Lemon Squash,aldi,SUN QUENCH FRUITY BLAST,0.99,0.066,squash cordial
Digestive Biscuits,aldi,BELMONT,0.59,0.15,biscuits digestive
Milk Chocolate Digestive Biscuits,aldi,MCVITIE'S,2.39,0.55,biscuits digestive
Caramelised Biscuits,aldi,BELMONT,0.99,0.4,biscuits digestive
Dog Biscuits,aldi,EARLS,0.89,0.178,biscuits digestive
Vegetable Oil,aldi,SOLESTA,1.45,0.15,vegetable oil
Sunflower Oil,aldi,SOLESTA,1.49,0.15,vegetable oil
British Rapeseed Oil,aldi,SPECIALLY SELECTED,2.75,0.55,vegetable oil
Vegetable Soup,aldi,BRAMWELLS,0.59,0.148,vegetable oil
Rice Noodles,aldi,"READY, SET…COOK!",0.99,0.3299999999999999,rice noodles
Basmati Rice,aldi,WORLDWIDE FOODS,1.79,0.179,rice noodles
Arborio Rice,aldi,CUCINA,2.49,0.249,rice noodles
Brown Rice,aldi,WORLDWIDE FOODS,1.39,0.1389999999999999,rice noodles
Pilau Rice,aldi,WORLDWIDE FOODS,0.45,0.18,rice noodles
Sunflower Oil,aldi,SOLESTA,1.49,0.15,sunflower oil
Mackerel Fillets in Sunflower Oil,aldi,THE FISHMONGER,0.89,1.01,sunflower oil
Spray Light Sunflower Oil,aldi,SOLESTA,1.29,0.679,sunflower oil
Tuna Chunks in Sunflower Oil 4 Pack,aldi,THE FISHMONGER,2.49,0.61,sunflower oil
Tuna Chunks In Sunflower Oil 4 Pack,aldi,THE FISHMONGER,0.65,0.64,sunflower oil
Baked Beans with Sausages,aldi,BRAMWELLS,0.55,0.14,baked beans
Baked Beans in Tomato Sauce,aldi,EVERYDAY ESSENTIALS,0.27,0.07,baked beans
Baked Beans in a Rich Tomato Sauce,aldi,BRAMWELLS,0.4,0.1,baked beans
Garden Peas,aldi,FOUR SEASONS,1.15,0.128,frozen peas
Garden Peas,aldi,BIRDSEYE,2.25,0.281,frozen peas
Marrowfat Peas,aldi,FOUR SEASONS,0.39,0.13,frozen peas
Mushy Peas,aldi,FOUR SEASONS,0.39,0.13,frozen peas
Garden Peas in Water,aldi,EVERYDAY ESSENTIALS,0.28,0.15,frozen peas
Cookies & Chocolate Whippy Cones 4 Pack,aldi,GIANNI'S,2.69,0.48,biscuits chocolate
Chocolate Chunk Cookies,aldi,BELMONT,0.99,0.5,biscuits chocolate
Chocolate Chip Cookies,aldi,EVERYDAY ESSENTIALS,0.65,0.26,biscuits chocolate
Quadruple Chocolate Cookies,aldi,SPECIALLY SELECTED,1.99,0.995,biscuits chocolate
Triple Chocolate Cookies,aldi,BELMONT,0.99,0.495,biscuits chocolate
Plain Flour,aldi,THE PANTRY,0.7,0.047,plain flour
Self Raising Flour,aldi,THE PANTRY,0.7,0.047,plain flour
Wholemeal Bread Flour,aldi,THE PANTRY,0.99,0.066,plain flour
Strong White Bread Flour,aldi,THE PANTRY,1.09,0.073,plain flour
Plain Naan Breads,aldi,BILASH,0.69,,plain flour
Chopped Tomatoes in Tomato Juice,aldi,EVERYDAY ESSENTIALS,0.43,0.11,chopped tomatoes
Chopped Tomatoes in a Rich Tomato Juice,aldi,CUCINA,0.47,0.12,chopped tomatoes
Chunky Chopped Tomatoes with Herbs in Tomato Juice,aldi,CUCINA,0.69,0.17,chopped tomatoes
Peeled Plum Tomatoes in Tomato Juice,aldi,EVERYDAY ESSENTIALS,0.43,0.11,chopped tomatoes
Cherry Tomatoes in Rich Tomato Juice,aldi,SPECIALLY SELECTED,0.75,0.19,chopped tomatoes
Washing Up Liquid,aldi,POWER FORCE,1.09,0.109,washing up liquid
Washing Up Liquid,aldi,POWER FORCE,0.62,0.124,washing up liquid
Washing Up Liquid,aldi,FAIRY,0.89,0.2779999999999999,washing up liquid
Anti-Bacterial Washing Up Liquid Eucalyptus,aldi,POWER FORCE,0.79,,washing up liquid
Washing Up Bowl,aldi,PREMIER,1.29,,washing up liquid
Chickpeas,aldi,FOUR SEASONS,0.45,0.19,chickpeas tinned
Tinned Black Beans/Green Lentils,aldi,FOUR SEASONS,0.49,0.123,chickpeas tinned
Tinned Black Beans/Green Lentils,aldi,FOUR SEASONS,0.49,0.123,chickpeas tinned
Sweetcorn,aldi,FOUR SEASONS,1.49,0.149,frozen sweetcorn
British Sweetcorn,aldi,NATURE'S PICK,1.29,,frozen sweetcorn
Chicken & Sweetcorn,aldi,THE DELI,1.45,0.66,frozen sweetcorn
Supersweet Sweetcorn in Water,aldi,FOUR SEASONS,0.55,0.19,frozen sweetcorn
Sweetcorn in Water 4 Pack,aldi,FOUR SEASONS,1.85,1.12,frozen sweetcorn
Antibacterial Handwash,aldi,LACURA,0.55,0.11,surface cleaner antibacterial
Biodegradable Surface Wipes,aldi,POWER FORCE,1.15,,surface cleaner antibacterial
Cleaner,aldi,POWER FORCE,0.85,0.1129999999999999,surface cleaner antibacterial
Patio and Wall Cleaner,aldi,FERREX,19.99,,surface cleaner antibacterial
Mites Vacuum Cleaner,aldi,AMBIANO,24.99,,surface cleaner antibacterial
Self Raising Flour,aldi,THE PANTRY,0.7,0.047,self raising flour
Plain Flour,aldi,THE PANTRY,0.7,0.047,self raising flour
Wholemeal Bread Flour,aldi,THE PANTRY,0.99,0.066,self raising flour
Strong White Bread Flour,aldi,THE PANTRY,1.09,0.073,self raising flour
Mixed Vegetables,aldi,FOUR SEASONS,0.99,0.099,frozen mixed vegetables
Mixed Chillies,aldi,NATURE'S PICK,0.55,0.8460000000000001,frozen mixed vegetables
Mixed Peppers,aldi,NATURE'S PICK,1.79,,frozen mixed vegetables
Frozen Green Smoothie Mix,aldi,FOUR SEASONS,1.75,0.35,frozen mixed vegetables
Red Kidney Beans,aldi,EVERYDAY ESSENTIALS,0.33,0.13,kidney beans tinned
Red Kidney Beans in Water,aldi,FOUR SEASONS,0.42,0.18,kidney beans tinned
Midly Spiced Red Kidney Beans in Chilli Sauce,aldi,FOUR SEASONS,0.69,0.18,kidney beans tinned
Tinned Black Beans/Green Lentils,aldi,FOUR SEASONS,0.49,0.123,kidney beans tinned
Tinned Black Beans/Green Lentils,aldi,FOUR SEASONS,0.49,0.123,kidney beans tinned
Laundry Capsules,aldi,ALMAT,3.15,1.01,washing capsules laundry
Washing Powder,aldi,ALMAT,3.89,0.195,washing capsules laundry
Laundry Pods 29 Washes,aldi,PERSIL,6.25,1.134,washing capsules laundry
Washing Machine Cleaner,aldi,MAGNUM (ALDI),0.95,0.38,washing capsules laundry
Wholemeal Bread Flour,aldi,THE PANTRY,0.99,0.066,bread flour
Strong White Bread Flour,aldi,THE PANTRY,1.09,0.073,bread flour
Plain Flour,aldi,THE PANTRY,0.7,0.047,bread flour
Self Raising Flour,aldi,THE PANTRY,0.7,0.047,bread flour
Tinned Black Beans/Green Lentils,aldi,FOUR SEASONS,0.49,0.123,lentils tinned
Tinned Black Beans/Green Lentils,aldi,FOUR SEASONS,0.49,0.123,lentils tinned
Red Lentils,aldi,WORLDWIDE FOODS,0.99,0.198,lentils tinned
Fabric Conditioner,aldi,ALMAT SO SOFT,1.35,0.107,fabric conditioner
Fabric Conditioner,aldi,LENOR,1.89,0.212,fabric conditioner
Premium Fabric Conditioner,aldi,ALMAT SO SOFT,1.79,0.1699999999999999,fabric conditioner
Caster Sugar,aldi,THE PANTRY,1.49,0.149,caster sugar
Icing Sugar,aldi,THE PANTRY,0.89,0.178,caster sugar
Demerara Sugar,aldi,THE PANTRY,1.09,0.218,caster sugar
Granulated Sugar,aldi,THE PANTRY,1.09,0.109,caster sugar
Tinned Black Beans/Green Lentils,aldi,FOUR SEASONS,0.49,0.123,butter beans tinned
Tinned Black Beans/Green Lentils,aldi,FOUR SEASONS,0.49,0.123,butter beans tinned
Baked Beans with Sausages,aldi,BRAMWELLS,0.55,0.14,butter beans tinned
Mixed Beans in Water,aldi,FOUR SEASONS,0.69,0.288,butter beans tinned
Red Kidney Beans,aldi,EVERYDAY ESSENTIALS,0.33,0.13,butter beans tinned
Dark Brown Soft Sugar,aldi,THE PANTRY,1.09,0.218,brown sugar
Light Brown Soft Sugar,aldi,THE PANTRY,1.09,0.218,brown sugar
Brown Onions,aldi,NATURE'S PICK,0.99,0.099,brown sugar
Brown Rice,aldi,WORLDWIDE FOODS,1.39,0.1389999999999999,brown sugar
Jumbo Kitchen Towel,aldi,EVERYDAY ESSENTIALS,1.15,,kitchen roll
Blast Kitchen Towel 3 Pack,aldi,POWER FORCE,3.99,,kitchen roll
Standard Kitchen Towel 2 Pack,aldi,POWER FORCE,1.75,,kitchen roll
Ultra Kitchen Towel 2 Pack,aldi,POWER FORCE,2.55,,kitchen roll
Tuna Chunks In Brine,aldi,THE FISHMONGER,0.65,0.64,tinned tuna
Tuna Chunks In Brine,aldi,EVERYDAY ESSENTIALS,0.55,0.38,tinned tuna
Jalapeño Fusions Tuna,aldi,THE FISHMONGER,0.89,1.113,tinned tuna
Tuna Chunks In Spring Water,aldi,THE FISHMONGER,0.65,0.64,tinned tuna
Chilli & Garlic Fusions Tuna,aldi,THE FISHMONGER,0.89,1.113,tinned tuna
Icing Sugar,aldi,THE PANTRY,0.89,0.178,icing sugar
Caster Sugar,aldi,THE PANTRY,1.49,0.149,icing sugar
Demerara Sugar,aldi,THE PANTRY,1.09,0.218,icing sugar
Granulated Sugar,aldi,THE PANTRY,1.09,0.109,icing sugar
Cushelle Toilet Roll,aldi,CUSHELLE,11.75,,toilet roll
Toilet Tissue Wipes,aldi,SAXON,0.43,,toilet roll
Premium Toilet Paper 12 Pack,aldi,SAXON,5.29,,toilet roll
Standard Toilet Paper 6 Pack,aldi,SAXON,2.49,,toilet roll
Luxury Toilet Paper 4 Pack,aldi,SAXON,1.29,,toilet roll
Manuka Honey,aldi,SPECIALLY SELECTED,4.15,1.84,honey
Squeezy Honey,aldi,GRANDESSA,1.39,0.31,honey
Clear Honey,aldi,EVERYDAY ESSENTIALS,0.99,0.22,honey
Acacia Squeezy Honey,aldi,SPECIALLY SELECTED,2.19,0.644,honey
Orange Blossom Squeezy Honey,aldi,SPECIALLY SELECTED,2.19,0.644,honey
Swing Bin Liners 20 Pack,aldi,POWER FORCE,0.99,,bin bags
Laundry Bags,aldi,EASY HOME,1.49,,bin bags
Dog Poop Bags,aldi,EARLS,1.65,,bin bags
Wrapping Foil 20M,aldi,EVERYDAY ESSENTIALS,1.09,,tin foil
Easter Munch Mix Tin,aldi,DAIRYFINE,2.99,0.8539999999999999,tin foil
The BAKERY at ASDA The Bakery 6 Croissants 240g,asda,The,1.78,,croissants
The BAKERY at ASDA The Bakery 10 All-Butter Croissants,asda,The,2.72,,croissants
Exceptional by ASDA 4 All-Butter Croissants,asda,Exceptional,2.38,,croissants
The BAKERY at ASDA The Bakery 4 All-Butter Croissants,asda,The,1.44,,croissants
ASDA British Milk Semi Skimmed 4 Pints,asda,ASDA,1.65,,semi skimmed milk
ASDA British Milk Semi Skimmed 2 Pints,asda,ASDA,1.2,0.106,semi skimmed milk
ASDA British Milk Semi Skimmed 6 Pints,asda,ASDA,2.4,,semi skimmed milk
ASDA Northern Irish Semi Skimmed Milk 1 Pint,asda,ASDA,0.85,0.15,semi skimmed milk
Cravendale Arla  Filtered Fresh Semi Skimmed Milk 2L Fresher for Longer,asda,Cravendale,2.5,0.125,semi skimmed milk
Exceptional by ASDA Exceptional by  4 Brioche Burger Buns,asda,Exceptional,1.42,,burger buns
The BAKERY at ASDA The Bakery 4 Sliced Brioche Burger Buns,asda,The,0.98,,burger buns
Arla BOB Semi-Skimmed Milk 2L That Tastes Like Whole,asda,Arla,2.49,0.125,whole milk
Arla BOB Skimmed Milk 2L Tastes like Semi Skimmed,asda,Arla,2.49,0.125,whole milk
ASDA Whole British Milk 4 Pints,asda,ASDA,1.65,,whole milk
ASDA British Whole Milk 6 Pints,asda,ASDA,2.4,,whole milk
ASDA British Whole Milk 2 Pints,asda,ASDA,1.2,0.106,whole milk
ASDA 8 Tender Pork Loin Steaks 800g,asda,ASDA,4.73,0.591,pork chops
ASDA 4 Tender Pork Chops 700g,asda,ASDA,4.97,0.71,pork chops
ASDA 6 Tender Pork Loin Steaks 600g,asda,ASDA,4.48,0.58,pork chops
JUST ESSENTIALS by ASDA Pork Chops (Typically 0.78KG),asda,ASDA,3.71,0.476,pork chops
ASDA Sticky 6 Chinese Style Pork Loin Sizzle Steaks 600g,asda,ASDA,4.74,0.79,pork chops
The BAKERY at ASDA The Bakery 6 Chocolate Chip Brioche Swirls 300g,asda,The,2.14,,brioche
The BAKERY at ASDA The Bakery Brioche Rolls 280g,asda,The,1.57,,brioche
The BAKERY at ASDA 8 Chocolate Chip Brioche Rolls 280g,asda,The,1.57,,brioche
Exceptional by ASDA Exceptional by  4 Brioche Burger Buns,asda,Exceptional,1.42,,brioche
Exceptional by ASDA 6 Sliced Brioche Hot Dog Rolls,asda,Exceptional,2.16,,brioche
Arla BOB Skimmed Milk 2L Tastes like Semi Skimmed,asda,Arla,2.49,0.125,skimmed milk
Arla BOB Semi-Skimmed Milk 2L That Tastes Like Whole,asda,Arla,2.49,0.125,skimmed milk
ASDA British Milk Skimmed 4 Pints,asda,ASDA,1.65,,skimmed milk
ASDA British Milk Skimmed 2 Pints,asda,ASDA,1.2,0.106,skimmed milk
JUST ESSENTIALS by ASDA Skimmed Long Life Milk 1 Litre,asda,ASDA,0.69,,skimmed milk
ASDA Flavoursome 12 Thick Cut Smoked Back Bacon Rashers 500g,asda,ASDA,3.07,0.614,smoked bacon
ASDA Flavoursome 6 Thick Cut Smoked Back Bacon Rashers 300g,asda,ASDA,1.64,0.5469999999999999,smoked bacon
ASDA Flavoursome 10 Smoked Back Bacon Rashers 300g,asda,ASDA,1.64,0.5469999999999999,smoked bacon
JUST ESSENTIALS by ASDA Smoked Back Bacon 300g,asda,ASDA,1.25,0.417,smoked bacon
Exceptional by ASDA Exceptional 8 Oak Smoked Back Bacon Rashers 240g,asda,Exceptional,3.47,1.4460000000000002,smoked bacon
ASDA 6 Sweet & Creamy Bananas,asda,ASDA,0.94,,bananas
ASDA 7 Brilliant Bananas,asda,ASDA,0.88,,bananas
ASDA Organic Organic 5 Fairtrade Bananas,asda,ASDA,1.47,,bananas
Exceptional by ASDA Strawberries 227g,asda,Exceptional,2.97,1.308,strawberries
ASDA Ripe & Sweet Strawberries 227g,asda,ASDA,1.97,0.868,strawberries
ASDA Ripe & Sweet Strawberries 400g,asda,ASDA,2.65,0.663,strawberries
ASDA Organic Strawberries 225g,asda,ASDA,2.53,1.124,strawberries
JUST ESSENTIALS by ASDA Strawberries 227g,asda,ASDA,1.79,0.7889999999999999,strawberries
Alpro Barista Oat Long Life Dairy Free Drink 1L,asda,Alpro,1.58,0.156,oat milk
Alpro Oat No Sugars Plant-Based Chilled Drink Vegan And Dairy Free 1L,asda,Alpro,1.58,0.158,oat milk
Alpro Oat Plant-Based Chilled Drink Vegan & Dairy Free 1L,asda,Alpro,1.58,0.158,oat milk
Alpro Barista Oat 750ml,asda,Alpro,1.62,0.216,oat milk
ASDA Delicious 10 Unsmoked Back Bacon Rashers 300g,asda,ASDA,1.64,0.5469999999999999,unsmoked bacon
ASDA 6 Thick Cut Unsmoked Back Bacon Rashers 300g,asda,ASDA,1.64,0.5469999999999999,unsmoked bacon
Exceptional by ASDA 8 Unsmoked Back Bacon Rashers 240g,asda,Exceptional,3.47,1.4460000000000002,unsmoked bacon
JUST ESSENTIALS by ASDA Unsmoked Back Bacon 300g,asda,ASDA,1.25,0.417,unsmoked bacon
ASDA Delicious 12 Thick Cut Unsmoked Back Bacon Rashers 500g,asda,ASDA,3.07,0.614,unsmoked bacon
ASDA Sweet & Bursting Blueberries 300g,asda,ASDA,3.12,1.04,blueberries
ASDA Sweet & Bursting Blueberries 150g,asda,ASDA,1.67,1.113,blueberries
ASDA Just Essentials Blueberries 150g,asda,ASDA,1.3,0.867,blueberries
Exceptional by ASDA Exceptional by  Hand Picked Blueberries 200g,asda,Exceptional,2.97,1.485,blueberries
ASDA Organic Blueberries,asda,ASDA,2.36,1.888,blueberries
Exceptional by ASDA 14 Dry Cured Oak Smoked Streaky Bacon Rashers 200g,asda,Exceptional,3.47,1.735,streaky bacon
Exceptional by ASDA 14 Dry Cured Unsmoked Streaky Bacon Rashers 200g,asda,Exceptional,3.47,1.735,streaky bacon
Exceptional by ASDA 14 Oak Smoked Streaky Bacon Rashers 200g,asda,Exceptional,3.47,1.735,streaky bacon
ASDA 12 Tasty Smoked Streaky Bacon Rashers 200g,asda,ASDA,2.98,1.49,streaky bacon
Exceptional by ASDA 20 Dry Cured Oak Smoked Streaky Bacon Rashers 180g,asda,Exceptional,3.47,1.928,streaky bacon
Alpro Almond No Sugar Long Life Dairy Free Drink 1L,asda,Alpro,2.08,0.156,almond milk
Alpro Barista Almond Long Life Dairy Free Drink 1L,asda,Alpro,1.58,0.156,almond milk
Alpro Almond Original Long Life Dairy Free Drink 1L,asda,Alpro,2.08,0.156,almond milk
Exceptional by ASDA 6 Classic Pork Sausages 400g,asda,Exceptional,3.17,0.7929999999999999,pork sausages
ASDA 8 Flavourful Pork Sausages 454g,asda,ASDA,1.79,0.394,pork sausages
Exceptional by ASDA 10 Classic Pork Sausages 667g,asda,Exceptional,4.27,0.6,pork sausages
Richmond 8 Thick Pork Sausages 410g,asda,Richmond,2.17,0.329,pork sausages
Exceptional by ASDA 12 Classic Pork Chipolata Sausages 375g,asda,Exceptional,3.17,0.845,pork sausages
Exceptional by ASDA Exceptional by ASDA Hand Picked Raspberries 150g,asda,Exceptional,2.97,1.98,raspberries
ASDA Sweet & Plump Raspberries 250g,asda,ASDA,3.43,1.372,raspberries
ASDA Sweet & Plump Raspberries 150g,asda,ASDA,2.13,1.42,raspberries
Alpro Barista Oat Long Life Dairy Free Drink 1L,asda,Alpro,1.58,0.156,lactose free milk
Alpro Oat No Sugars Plant-Based Chilled Drink Vegan And Dairy Free 1L,asda,Alpro,1.58,0.158,lactose free milk
Alpro Soya Growing Up Long Life Dairy Free Drink 1-3+ Years 1L,asda,Alpro,1.88,0.188,lactose free milk
Alpro Almond No Sugar Long Life Dairy Free Drink 1L,asda,Alpro,2.08,0.156,lactose free milk
Alpro Barista Almond Long Life Dairy Free Drink 1L,asda,Alpro,1.58,0.156,lactose free milk
ASDA Zingy & Crisp Braeburn Apples,asda,ASDA,1.67,,braeburn apples
ASDA Royal Gala Apples,asda,ASDA,1.67,,braeburn apples
ASDA 4 Juicy & Crisp Honeycrunch Apples,asda,ASDA,1.97,,braeburn apples
HECK! HECK! Chicken Italia Gluten Free Chipolatas 10 pack 340g,asda,HECK!,3.17,0.932,chicken sausages
Richmond 8 Roast Chicken Sausages 410g,asda,Richmond,2.48,0.605,chicken sausages
ASDA ASDA 8 Succulent Chicken Sausages 454g,asda,ASDA,2.98,0.6559999999999999,chicken sausages
HECK! HECK! Simply Chicken Chipolatas Gluten Free 10 pack 340g,asda,HECK!,3.17,0.6559999999999999,chicken sausages
ASDA 30 Chicken Cocktail Sausages 246g,asda,ASDA,3.5,0.874,chicken sausages
Flora Buttery Butter Alternative With Natural Ingredients 1kg,asda,Flora,4.75,0.345,salted butter
Flora Original Butter Alternative With Natural Ingredients 1kg,asda,Flora,4.75,0.475,salted butter
ASDA British Salted Butter 250g,asda,ASDA,1.99,0.796,salted butter
ASDA British Salted Butter 500g,asda,ASDA,3.94,0.788,salted butter
ASDA British Unsalted Butter 250g,asda,ASDA,1.99,0.796,salted butter
ASDA Royal Gala Apples,asda,ASDA,1.67,,gala apples
ASDA Zingy & Crisp Braeburn Apples,asda,ASDA,1.67,,gala apples
ASDA 4 Juicy & Crisp Honeycrunch Apples,asda,ASDA,1.97,,gala apples
Exceptional by ASDA Spanish Chorizo 225g,asda,Exceptional,2.65,1.178,chorizo
ASDA Diced Chorizo Twin Pack 130g,asda,ASDA,2.48,1.908,chorizo
ASDA Cured Chorizo 110g,asda,ASDA,1.42,1.291,chorizo
Exceptional by ASDA Spanish Spicy Chorizo 225g,asda,Exceptional,2.65,1.178,chorizo
Argal Chorizo Doux Mild,asda,Argal,2.77,1.385,chorizo
ASDA 5 Sweet & Juicy Medium Oranges,asda,ASDA,1.5,,oranges
JUST ESSENTIALS by ASDA Oranges,asda,ASDA,0.99,,oranges
ASDA 4 Sweet & Juicy Large Oranges,asda,ASDA,2.24,,oranges
ASDA 10 Sweet & Juicy Medium Oranges,asda,ASDA,2.34,,oranges
Exceptional by ASDA 4 Orangegold Oranges,asda,Exceptional,2.28,,oranges
ASDA Pizza Pepperoni 125g,asda,ASDA,1.62,1.296,pepperoni
ASDA Double Pepperoni Stonebaked Pizza by  309g,asda,ASDA,1.65,0.534,pepperoni
JUST ESSENTIALS by ASDA Just Essentials Pepperoni Pizza 314g,asda,ASDA,1.1,0.35,pepperoni
Attack A Snak Pepperoni N'Cheese Wrap Kit with Tomato Ketchup 83g,asda,Attack,1.5,1.205,pepperoni
Chicago Town 2 Deep Dish Pepperoni Mini Pizzas 2 x 155g,asda,Chicago,1.55,0.5,pepperoni
Flora Buttery Butter Alternative With Natural Ingredients 1kg,asda,Flora,4.75,0.345,unsalted butter
Flora Lighter Butter Alternative With Natural Ingredients 1kg,asda,Flora,4.75,0.345,unsalted butter
Flora Plant Butter Spreadable Butter Alternative 400g,asda,Flora,2.0,0.488,unsalted butter
Flora Original Butter Alternative With Natural Ingredients 1kg,asda,Flora,4.75,0.475,unsalted butter
ASDA British Unsalted Butter 500g,asda,ASDA,3.94,0.788,unsalted butter
Dairly High Protein Cottage Cheese 200g,asda,Dairly,1.2,0.6,cottage cheese
Dairly Cottage Cheese Natural 200g,asda,Dairly,1.2,0.6,cottage cheese
Boursin Garlic & Herbs Soft French Cream Cheese 150g,asda,Boursin,2.94,1.96,cottage cheese
Boursin Black Pepper Soft French Cream Cheese 150g,asda,Boursin,2.94,1.96,cottage cheese
ASDA Cottage Cheese 300g,asda,ASDA,1.58,0.5269999999999999,cottage cheese
ASDA Wafer Thin Honey Roast Ham 200g,asda,ASDA,1.97,0.985,ham sliced
ASDA 10 Slices Honey Roast Dry Cured Ham 250g,asda,ASDA,2.74,1.096,ham sliced
ASDA Wafer Thin Cooked Ham 400g,asda,ASDA,2.24,0.5,ham sliced
ASDA Sliced Cured Ham on the Bone 120g,asda,ASDA,2.24,1.867,ham sliced
ASDA Cooked Ham 125g,asda,ASDA,1.0,0.8,ham sliced
Flora Buttery Butter Alternative With Natural Ingredients 1kg,asda,Flora,4.75,0.345,spreadable butter
Flora Plant Butter Spreadable Butter Alternative 400g,asda,Flora,2.0,0.488,spreadable butter
Flora Lighter Butter Alternative With Natural Ingredients 1kg,asda,Flora,4.75,0.345,spreadable butter
Flora Original Butter Alternative With Natural Ingredients 1kg,asda,Flora,4.75,0.475,spreadable butter
Lurpak Lighter Spreadable Blend of Butter and Rapeseed Oil 400g,asda,Lurpak,4.0,1.0,spreadable butter
ASDA Tangy & Zesty Lemons,asda,ASDA,1.33,,lemons
ASDA Lemons,asda,ASDA,0.35,,lemons
ASDA 3 Large Unwaxed Lemons,asda,ASDA,1.47,,lemons
MOWI Superior Scottish Salmon Fillets 230g,asda,MOWI,5.57,2.4219999999999997,salmon fillets
Mowi Infusions Garlic & Herb Scottish Salmon Fillets 220g,asda,Mowi,5.43,2.468,salmon fillets
MOWI Piri Piri Scottish Salmon Fillets 180g,asda,MOWI,5.63,3.128,salmon fillets
Leap Wild Sockeye Salmon 220g,asda,Leap,9.25,3.136,salmon fillets
MOWI Superior Scottish Smoked Salmon 100g,asda,MOWI,5.46,5.46,salmon fillets
ASDA 12 Free Range Medium Eggs,asda,ASDA,2.85,,free range eggs
ASDA 12 Free Range Large Eggs,asda,ASDA,3.3,,free range eggs
ASDA Free Range 6 Medium Eggs,asda,ASDA,1.8,,free range eggs
ASDA Free Range 6 Large Eggs,asda,ASDA,2.1,,free range eggs
Exceptional by ASDA 6 Free Range Golden Yolk Eggs 328g,asda,Exceptional,1.97,,free range eggs
ASDA Olive Spread 500g,asda,ASDA,1.4,0.2799999999999999,olive spread
Bertolli Olive Oil Alternative to Spreadable Butter 450G,asda,Bertolli,2.85,0.633,olive spread
Bertolli Olive Oil Light Spread Alternative to Spreadable Butter 450g,asda,Bertolli,2.44,0.542,olive spread
Bertolli Olive Oil Alternative to Spreadable Butter 1Kg,asda,Bertolli,5.25,0.525,olive spread
ASDA 2 Flaky Cod Fillets 260g,asda,ASDA,7.24,2.785,cod fillets
ASDA Delicate 2 Hake Fillets 240g,asda,ASDA,4.4,1.8329999999999995,cod fillets
Young's 4 Breaded Haddock Fillets 400g,asda,Young's,6.45,1.613,cod fillets
ASDA Tender 2 Sea Bream Fillets 180g,asda,ASDA,4.4,2.444,cod fillets
ASDA Cod Fillets by  320g,asda,ASDA,5.0,1.5630000000000002,cod fillets
ASDA 12 Free Range Medium Eggs,asda,ASDA,2.85,,medium eggs
ASDA Free Range 6 Medium Eggs,asda,ASDA,1.8,,medium eggs
Sharwood's Medium Egg Noodles 226g,asda,Sharwood's,1.6,0.553,medium eggs
Blue Dragon Medium Egg Noodles 250g,asda,Blue,1.33,0.532,medium eggs
ASDA Medium Egg Noodles 250g,asda,ASDA,1.15,0.4599999999999999,medium eggs
ASDA Zingy & Zesty Limes,asda,ASDA,1.18,,limes
Pilgrims Choice Extra Mature Cheddar 550g,asda,Pilgrims,3.98,0.724,mature cheddar
Pilgrims Choice Mature Cheddar 550g,asda,Pilgrims,3.98,0.724,mature cheddar
Pilgrims Choice Extra Mature Cheddar 350g,asda,Pilgrims,3.08,0.8800000000000001,mature cheddar
Pilgrims Choice The Crumbly & Creamy One Extra Mature Grated Cheddar 180g,asda,Pilgrims,1.75,0.972,mature cheddar
Pilgrims Choice The Crumbly & Creamy One Extra Mature Sliced Cheddar 150g,asda,Pilgrims,1.75,1.167,mature cheddar
ASDA Large Avocado,asda,ASDA,0.88,,avocado
ASDA Organic Ripe Avocado,asda,ASDA,1.36,,avocado
Holy Moly Smashed Avocado 3 x 57g,asda,Holy,2.7,1.579,avocado
Pilgrims Choice Mature Cheddar 550g,asda,Pilgrims,3.98,0.724,mild cheddar
Pilgrims Choice Mature Cheddar 350g,asda,Pilgrims,3.08,0.8800000000000001,mild cheddar
JUST ESSENTIALS by ASDA White Cheddar 400g,asda,ASDA,2.49,0.623,mild cheddar
ASDA British Mild Cheddar 400g,asda,ASDA,3.0,0.75,mild cheddar
ASDA Mild British Cheddar 750g,asda,ASDA,4.98,0.6639999999999999,mild cheddar
ASDA Organic Organic 6 Free Range Mixed Eggs 328g,asda,ASDA,2.47,,organic eggs
Purely Organic 6 Mixed Size Organic Eggs 328g,asda,Purely,2.84,,organic eggs
Califia Farms Simple & Organic Oat 750ml,asda,Califia,2.24,0.299,organic eggs
Young's 4 Breaded Haddock Fillets 400g,asda,Young's,6.45,1.613,haddock fillets
ASDA Delicate 2 Hake Fillets 240g,asda,ASDA,4.4,1.8329999999999995,haddock fillets
ASDA 2 Flaky Cod Fillets 260g,asda,ASDA,7.24,2.785,haddock fillets
ASDA Haddock Fillets 320g,asda,ASDA,5.0,1.5630000000000002,haddock fillets
ASDA 2 Delicate Smoked Haddock Fillets 220g,asda,ASDA,5.97,2.714,haddock fillets
ASDA Tender 2 Sea Bream Fillets 180g,asda,ASDA,4.4,2.444,sea bass
ASDA 2 Sea Bass Fillets 180g,asda,ASDA,5.75,3.194,sea bass
ASDA Juicy & Sweet Mango Fingers 140g,asda,ASDA,1.63,1.164,mango
ASDA Tropical & Sweet Large Mango,asda,ASDA,0.88,,mango
ASDA Dried Mango 75g,asda,ASDA,1.87,2.493,mango
ASDA Juicy & Sweet Mango Chunks 275g,asda,ASDA,2.73,0.993,mango
Pilgrims Choice Extra Mature Cheddar 550g,asda,Pilgrims,3.98,0.724,extra mature cheddar
Pilgrims Choice Extra Mature Cheddar 350g,asda,Pilgrims,3.08,0.8800000000000001,extra mature cheddar
Pilgrims Choice Mature Cheddar 550g,asda,Pilgrims,3.98,0.724,extra mature cheddar
Pilgrims Choice The Crumbly & Creamy One Extra Mature Sliced Cheddar 150g,asda,Pilgrims,1.75,1.167,extra mature cheddar
Pilgrims Choice Mature Cheddar 350g,asda,Pilgrims,3.08,0.8800000000000001,extra mature cheddar
Danone Skyr Icelandic Style Yoghurt 450g,asda,Danone,2.25,0.2779999999999999,greek yoghurt
Alpro Greek Style Plain Dairy Free Yoghurt Alternative 400g,asda,Alpro,2.48,0.445,greek yoghurt
Yeo Valley Organic Natural Greek Style Yogurt 450g,asda,Yeo,1.92,0.384,greek yoghurt
JUST ESSENTIALS by ASDA Red Leicester 400g,asda,ASDA,2.49,0.623,red leicester
ASDA British Red Leicester 400g,asda,ASDA,3.0,0.75,red leicester
ASDA British Red Leicester 250g,asda,ASDA,2.82,1.128,red leicester
ASDA Grated Red Leicester British Cheese 250g,asda,ASDA,4.5,0.98,red leicester
ASDA 10 British Red Leicester Slices 250g,asda,ASDA,4.5,0.98,red leicester
Exceptional by ASDA Exceptional by  Cooked & Peeled Jumbo King Prawns 150g,asda,Exceptional,4.25,2.8329999999999997,king prawns
ASDA King Prawns 200g,asda,ASDA,3.68,1.84,king prawns
ASDA King Prawns 200g,asda,ASDA,3.66,1.83,king prawns
ASDA Succulent Raw & Peeled King Prawns 160g,asda,ASDA,3.12,1.95,king prawns
ASDA Cooked & Peeled King Prawns 150g,asda,ASDA,3.75,2.5,king prawns
Yeo Valley Organic Natural Greek Style Yogurt 450g,asda,Yeo,1.92,0.384,natural yoghurt
Danone Skyr Icelandic Style Yoghurt 450g,asda,Danone,2.25,0.2779999999999999,natural yoghurt
Arla LactoFREE Natural Yogurt 400g,asda,Arla,1.47,0.368,natural yoghurt
Yeo Valley Kefir Natural 350g,asda,Yeo,1.51,0.4309999999999999,natural yoghurt
ASDA Refreshing & Sweet Seedless Red Grapes 500g,asda,ASDA,1.77,0.354,grapes
ASDA Crisp & Juicy Seedless Green Grapes 500g,asda,ASDA,1.77,0.354,grapes
ASDA Sweet & Juicy Seedless Mixed Grapes 500g,asda,ASDA,1.87,0.374,grapes
ASDA Sweet & Crisp Seedless Black Grapes 500g,asda,ASDA,1.77,0.354,grapes
JUST ESSENTIALS by ASDA Just Essentials Seedless Grapes 500g,asda,ASDA,1.37,0.274,grapes
MOWI Superior Scottish Smoked Salmon 100g,asda,MOWI,5.46,5.46,smoked salmon
MOWI Piri Piri Scottish Salmon Fillets 180g,asda,MOWI,5.63,3.128,smoked salmon
Leap Wild Sockeye Salmon 220g,asda,Leap,9.25,3.136,smoked salmon
Leap Wild Smoked Sockeye Salmon 100g,asda,Leap,8.5,6.35,smoked salmon
ASDA Boneless Salmon Side 800g,asda,ASDA,18.24,2.28,smoked salmon
ASDA Tangy & Tropical Pineapple,asda,ASDA,0.98,,pineapple
ASDA Giant Pineapple,asda,ASDA,1.88,,pineapple
ASDA Pineapple Chunks 450g,asda,ASDA,2.82,0.627,pineapple
ASDA Juicy & Sweet Pineapple Chunks 400g,asda,ASDA,2.67,0.6679999999999999,pineapple
ASDA Grated Mozzarella 250g,asda,ASDA,4.5,0.98,mozzarella
ASDA Mozzarella 215g,asda,ASDA,1.24,0.992,mozzarella
JUST ESSENTIALS by ASDA Mozzarella 210g,asda,ASDA,0.69,0.5519999999999999,mozzarella
ASDA Light Mozzarella 215g,asda,ASDA,1.24,0.992,mozzarella
Galbani Mini Italian Mozzarella Cheese&nbsp;150g,asda,Galbani,2.35,1.567,mozzarella
Lindahls Kvarg Raspberry Flavoured 150g,asda,Lindahls,1.0,0.667,flavoured yoghurt
Lindahls Protein+ Immunity Lemon Flavoured 150g,asda,Lindahls,1.0,0.667,flavoured yoghurt
Arla Protein Vanilla Flavoured Milk 482ml,asda,Arla,1.72,0.357,flavoured yoghurt
Arla Protein Strawberry and Raspberry Flavoured Milk 482ml,asda,Arla,1.72,0.357,flavoured yoghurt
Arla Protein Food To Go Vanilla Hazelnut Flavoured Meal Replacement Shake 500ml,asda,Arla,3.42,0.6839999999999999,flavoured yoghurt
Young's 2 Chip Shop Succulent Jumbo Fish 480g,asda,Young's,4.97,0.771,fish fingers
Exceptional by ASDA 6 Chunky Breaded Fish Fingers 400g,asda,Exceptional,3.56,0.89,fish fingers
ASDA Sweet & Refreshing Honeydew Melon,asda,ASDA,1.87,,melon
ASDA Cantaloupe Melon,asda,ASDA,1.94,,melon
ASDA Galia Melon,asda,ASDA,1.97,,melon
ASDA Sweet & Juicy Melon Slices 400g,asda,ASDA,2.17,0.5429999999999999,melon
Danone Skyr Icelandic Style Yoghurt 450g,asda,Danone,2.25,0.2779999999999999,skyr yoghurt
Arla Skyr High Protein Natural Icelandic Style Yogurt 450g,asda,Arla,1.52,0.3379999999999999,skyr yoghurt
Arla Skyr High Protein Natural Icelandic Style Yogurt 1kg,asda,Arla,2.97,0.297,skyr yoghurt
Arla Skyr High Protein Vanilla Icelandic Style Yogurt 450g,asda,Arla,1.52,0.3379999999999999,skyr yoghurt
Arla Skyr High Protein Coconut Icelandic Style Yogurt 450g,asda,Arla,1.52,0.3379999999999999,skyr yoghurt
Boursin Garlic & Herbs Soft French Cream Cheese 150g,asda,Boursin,2.94,1.96,cream cheese
Boursin Black Pepper Soft French Cream Cheese 150g,asda,Boursin,2.94,1.96,cream cheese
Philadelphia Garlic & Herbs Soft Cream Cheese 165g,asda,Philadelphia,2.08,0.606,cream cheese
Philadelphia Original Soft Cream Cheese 165G,asda,Philadelphia,2.08,0.606,cream cheese
Philadelphia Chives Soft Cream Cheese Tub 165 g,asda,Philadelphia,2.08,0.606,cream cheese
Leap Wild Yellowfin Tuna 2 Steaks 240g,asda,Leap,9.3,3.875,tuna steaks
ASDA 2 Tuna Steaks 280g,asda,ASDA,3.68,1.314,tuna steaks
ASDA Tuna Steak in a Little Spring Water 3 x 110g (330g),asda,ASDA,3.15,0.955,tuna steaks
ASDA Tuna Steak in a Little Sunflower Oil 3 x 110g (330g),asda,ASDA,3.15,0.955,tuna steaks
ASDA Tuna Steak in a Little Brine 3 x 110g (330g),asda,ASDA,3.15,0.955,tuna steaks
ASDA Fresh Double Cream 300ml,asda,ASDA,1.6,0.533,double cream
ASDA Fresh Double Cream 600ml,asda,ASDA,2.9,0.483,double cream
Elmlea Double Cream Alternative,asda,Elmlea,1.25,0.4629999999999999,double cream
Elmlea Double Light Alternative to Cream 270ml,asda,Elmlea,1.25,0.4629999999999999,double cream
ASDA Extra Thick Fresh Double Cream 300ml,asda,ASDA,2.0,0.667,double cream
ASDA 4 Soft & Sweet Kiwi Fruit,asda,ASDA,1.47,,kiwi
ASDA Organic 4 Kiwi Fruit,asda,ASDA,1.88,,kiwi
ASDA Fresh Single Cream 300ml,asda,ASDA,1.3,0.433,single cream
Elmlea Single Cream Alternative 270ml,asda,Elmlea,1.25,0.4629999999999999,single cream
ASDA Fresh Double Cream 300ml,asda,ASDA,1.6,0.533,single cream
ASDA Fresh Double Cream 600ml,asda,ASDA,2.9,0.483,single cream
Rodda's Classic Cornish Clotted Cream 227g,asda,Rodda's,3.1,1.366,single cream
The BAKERY at ASDA The Bakery Soft White Medium Sliced 800g,asda,The,0.74,,white sliced bread
Kingsmill Soft White Bread Medium Sliced Loaf 800g,asda,Kingsmill,1.23,0.154,white sliced bread
The BAKERY at ASDA The Bakery Soft White Toastie Thick Sliced 800g,asda,The,0.75,,white sliced bread
The BAKERY at ASDA The Bakery Sliced White Farmhouse Loaf 800g,asda,The,1.48,0.185,white sliced bread
Kingsmill Soft White Bread Thick Sliced Loaf 800g,asda,Kingsmill,1.23,0.154,white sliced bread
ASDA Sweet & Delicate Conference Pears,asda,ASDA,1.57,0.257,pears
ASDA Sweet & Crisp Dessert Pears 610g,asda,ASDA,1.57,0.257,pears
ASDA Garden Gang Incredible Pears,asda,ASDA,1.17,0.2339999999999999,pears
ASDA Sweet & Delicate Conference Pears 4 Pack,asda,ASDA,1.97,,pears
Exceptional by ASDA Hand Picked Seasonally Selected Pears,asda,Exceptional,2.34,,pears
President French Brie Cheese 200g,asda,President,2.4,1.2,brie
ASDA Somerset Brie 160g,asda,ASDA,2.2,1.375,brie
JUST ESSENTIALS by ASDA French Brie 200g,asda,ASDA,1.65,0.825,brie
ASDA Fresh Soured Cream 300ml,asda,ASDA,0.85,0.283,sour cream
ASDA Sour Cream 280g,asda,ASDA,1.65,0.589,sour cream
ASDA Reduced Fat Fresh Soured Cream 300ml,asda,ASDA,0.85,0.283,sour cream
ASDA Sour Cream & Chive 290g,asda,ASDA,1.28,0.441,sour cream
ASDA Sour Cream & Onion Flavour Party Mix 150g,asda,ASDA,1.25,0.833,sour cream
ASDA Tart & Sweet Plums 400g,asda,ASDA,1.47,0.368,plums
JUST ESSENTIALS by ASDA Plums,asda,ASDA,0.9,0.225,plums
ASDA Tart & Sweet Plums 400g,asda,ASDA,2.48,0.62,plums
ASDA 10 Party Breaded Halloumi Fries 170g,asda,ASDA,2.48,1.459,halloumi
Exceptional by ASDA Traditional Halloumi 225g,asda,Exceptional,3.55,1.5779999999999998,halloumi
The BAKERY at ASDA The Bakery Wholemeal Medium Sliced 800g,asda,The,0.75,,wholemeal bread
The BAKERY at ASDA The Bakery Wholemeal Toastie Thick Sliced 800g,asda,The,0.75,,wholemeal bread
Warburtons The True Taste of Wholemeal 800g,asda,Warburtons,1.35,0.1689999999999999,wholemeal bread
Kingsmill Tasty Wholemeal Bread Medium Sliced Loaf 800g,asda,Kingsmill,1.23,0.154,wholemeal bread
Exceptional by ASDA Wholemeal & Rye Farmhouse Loaf 800g,asda,Exceptional,1.47,0.184,wholemeal bread
ASDA Blue Stilton 220g,asda,ASDA,2.76,1.255,stilton
Exceptional by ASDA Blue Stilton 200g,asda,Exceptional,3.15,1.575,stilton
Jason's No 06 Majestic Malted Sourdough 450g,asda,Jason's,2.13,0.473,sourdough bread
Jason's No1 The Great White Sourdough 450g,asda,Jason's,2.13,0.473,sourdough bread
ASDA Easter White Potatoes 2kg,asda,ASDA,0.3,,potatoes
ASDA Organic White Potatoes 1.5kg,asda,ASDA,1.77,0.118,potatoes
Exceptional by ASDA British Potatoes 2kg,asda,Exceptional,1.97,,potatoes
Exceptional by ASDA 4 British Baking Potatoes,asda,Exceptional,1.67,,potatoes
Albert Bartlett Sweet Potatoes,asda,Albert,1.78,,potatoes
ASDA Tender Chicken Breast Fillets 1kg,asda,ASDA,6.94,0.646,chicken breast
ASDA Tender Diced Chicken Breast 400g,asda,ASDA,3.65,0.913,chicken breast
ASDA Tender Chicken Breast Fillets 650g,asda,ASDA,4.77,0.734,chicken breast
ASDA Tender Chicken Breast Fillets 1.6kg,asda,ASDA,10.76,0.673,chicken breast
ASDA Tender Chicken Breast Portions 320g,asda,ASDA,2.4,0.75,chicken breast
ASDA 10 Dutch Gouda Sliced 250g,asda,ASDA,4.5,0.98,gouda
ASDA Gouda Nutty & Mellow 200g,asda,ASDA,1.96,0.98,gouda
Mlekovita Gouda Cheese Slices 150g,asda,Mlekovita,1.8,1.2,gouda
ASDA Creamy & Flavoursome Sweet Potatoes 1kg,asda,ASDA,1.24,0.124,sweet potatoes
ASDA Seasoned Sweet Potato Fries 500g,asda,ASDA,2.18,0.436,sweet potatoes
Albert Bartlett Sweet Potatoes,asda,Albert,1.78,,sweet potatoes
Albert Bartlett Sweet Potato Mash 300g,asda,Albert,2.5,0.4469999999999999,sweet potatoes
ASDA Smooth & Rich Red Potatoes 2kg,asda,ASDA,1.55,,sweet potatoes
Warburtons Warburtons Seeded Batch Bread 800G,asda,Warburtons,1.9,0.238,seeded bread
The BAKERY at ASDA The Bakery Seeded Thick Sliced 800g,asda,The,1.24,0.155,seeded bread
Warburtons Original Seeded Batch 400g,asda,Warburtons,1.18,0.295,seeded bread
ASDA Succulent Boneless Chicken Thigh Fillets 1kg,asda,ASDA,6.84,0.617,chicken thighs
ASDA Succulent Chicken Thighs 2kg,asda,ASDA,5.43,0.272,chicken thighs
ASDA Succulent Boneless Chicken Thigh Fillets 650g,asda,ASDA,5.67,0.8720000000000001,chicken thighs
ASDA Succulent Chicken Thighs 1.1kg,asda,ASDA,3.53,0.321,chicken thighs
Shazans Chicken Thighs 1kg,asda,Shazans,4.33,0.433,chicken thighs
Exceptional by ASDA British Baby Potatoes 1kg,asda,Exceptional,1.52,0.152,baby potatoes
ASDA Firm & Flavoursome Baby Potatoes 1kg,asda,ASDA,1.07,0.107,baby potatoes
ASDA Organic Organic Baby Potatoes 750g,asda,ASDA,1.32,0.176,baby potatoes
Exceptional by ASDA British Baby Potatoes 500g,asda,Exceptional,0.9,0.18,baby potatoes
Exceptional by ASDA Creamy Baby Potato Salad 275g,asda,Exceptional,2.27,0.782,baby potatoes
ASDA Edam 220g,asda,ASDA,2.3,1.045,edam
ASDA 10 Dutch Edam Slices 250g,asda,ASDA,4.5,0.98,edam
JUST ESSENTIALS by ASDA Grated Cheddar 500g,asda,ASDA,2.99,0.5980000000000001,grated cheddar
ASDA Grated Mature British Cheddar 250g,asda,ASDA,4.5,0.98,grated cheddar
ASDA Grated Mild British Cheddar 250g,asda,ASDA,4.5,0.98,grated cheddar
ASDA British Extra Mature Grated Cheddar 250g,asda,ASDA,4.5,0.98,grated cheddar
Cathedral City Cathedral City Grated Mature Cheddar Cheese 180g,asda,Cathedral,2.36,1.111,grated cheddar
ASDA Side for Two 2 Flame-Baked Plain Naan 320g,asda,ASDA,2.0,0.625,naan bread
Patak's Plain Naan Breads x 2,asda,Patak's,1.54,0.7,naan bread
ASDA Succulent Extra Tasty Large Chicken,asda,ASDA,6.5,0.354,whole chicken
ASDA Succulent Large Chicken 1.7kg,asda,ASDA,5.14,0.302,whole chicken
ASDA Succulent Medium Chicken,asda,ASDA,4.53,0.312,whole chicken
ASDA Succulent Extra Tasty Small Chicken,asda,ASDA,5.07,0.4059999999999999,whole chicken
ASDA Succulent Extra Large Chicken (Typically 2.1KG),asda,ASDA,6.43,0.282,whole chicken
Mission Original Mini Tortilla Wraps 6 Pack,asda,Mission,1.03,,wraps tortilla
Mission Mission Chargrilled Tortilla Wraps 6 Pack,asda,Mission,1.4,,wraps tortilla
Mission Deli Mission Wheat & White Tortilla Wraps 6 Pack,asda,Mission,1.4,,wraps tortilla
Old El Paso Regular Super Soft Flour Tortillas Wraps 8Pk 326G,asda,Old,3.0,0.491,wraps tortilla
Mission Original XL Tortilla Wraps 6 Pack,asda,Mission,1.66,,wraps tortilla
JUST ESSENTIALS by ASDA 10 Mild Cheddar Slices 200g,asda,ASDA,1.39,0.6950000000000001,cheese slices
ASDA Succulent Chicken Drumsticks 1.1kg,asda,ASDA,2.42,0.22,chicken drumsticks
ASDA Succulent Chicken Drumsticks 2kg,asda,ASDA,4.68,0.222,chicken drumsticks
ASDA Roast Chicken Drumsticks 450g,asda,ASDA,3.3,0.733,chicken drumsticks
ASDA Summer Grill by  Chinese Inspired Chicken Thighs & Drumsticks 700g,asda,ASDA,4.74,0.6769999999999999,chicken drumsticks
ASDA Smoky BBQ Chicken Wings 525g,asda,ASDA,4.68,0.891,chicken drumsticks
JUST ESSENTIALS by ASDA Chicken Wings 1.1kg,asda,ASDA,2.41,0.219,chicken wings
ASDA BBQ Chicken Wings 1kg,asda,ASDA,3.92,0.392,chicken wings
ASDA Hot & Spicy Chicken Wings 1kg,asda,ASDA,3.92,0.392,chicken wings
ASDA Smoky BBQ Chicken Wings 525g,asda,ASDA,4.68,0.891,chicken wings
ASDA Buffalo Chicken Wings with Ranch Dip 525g,asda,ASDA,4.68,0.883,chicken wings
The BAKERY at ASDA The Bakery 9 Crumpets,asda,The,0.68,,crumpets
The BAKERY at ASDA 6 Crumpets,asda,The,0.48,,crumpets
Warburtons 9 Original Crumpets,asda,Warburtons,1.15,,crumpets
Warburtons 6 Original Crumpets,asda,Warburtons,0.9,,crumpets
HECK! HECK! Steak & Butter Gluten Free Beef Meatballs 12 pack 300g,asda,HECK!,4.32,1.44,beef mince
ASDA Beef & Pork Mince 750g,asda,ASDA,4.88,0.651,beef mince
ASDA Full-Flavoured 24 Beef Meatballs 672g,asda,ASDA,6.17,0.808,beef mince
ASDA 15% Fat Beef Mince 500g,asda,ASDA,4.74,0.948,beef mince
Exceptional by ASDA British Aberdeen Angus Lean Beef Mince 5% Fat,asda,Exceptional,6.27,1.254,lean beef mince
ASDA Sirloin Beef Steak 227g,asda,ASDA,5.33,2.348,sirloin steak
Exceptional by ASDA Aberdeen Angus 8oz Sirloin Steak 227g,asda,Exceptional,7.78,3.4270000000000005,sirloin steak
ASDA Sirloin Thin Cut 2 Beef Steaks,asda,ASDA,9.28,2.994,sirloin steak
ASDA Ribeye Beef Steak,asda,ASDA,6.84,3.013,sirloin steak
Exceptional by ASDA Aberdeen Angus 8oz Sirloin Steak with Wild Garlic & Parsley Butter,asda,Exceptional,7.41,3.0,sirloin steak
ASDA Ribeye Beef Steak,asda,ASDA,6.84,3.013,ribeye steak
Exceptional by ASDA Aberdeen Angus 8oz Ribeye Steak 227g,asda,Exceptional,8.14,3.586,ribeye steak
Exceptional by ASDA Aberdeen Angus 8oz Sirloin Steak 227g,asda,Exceptional,7.78,3.4270000000000005,ribeye steak
ASDA Sirloin Beef Steak 227g,asda,ASDA,5.33,2.348,ribeye steak
Exceptional by ASDA Aberdeen Angus 8oz Sirloin Steak with Wild Garlic & Parsley Butter,asda,Exceptional,7.41,3.0,ribeye steak
ASDA Tender Lean Diced Beef 400g,asda,ASDA,5.22,1.3050000000000002,beef stewing steak
ASDA Tender Lean Diced Beef 700g,asda,ASDA,8.86,1.266,beef stewing steak
ASDA Tender Beef Braising Steak,asda,ASDA,5.12,1.28,beef stewing steak
ASDA Tender Lean Diced Beef 250g,asda,ASDA,3.97,1.588,beef stewing steak
Exceptional by ASDA British Aberdeen Angus Diced Beef,asda,Exceptional,6.06,1.731,beef stewing steak
ASDA Flavourful Lamb Mince 20% Fat 500g,asda,ASDA,6.97,1.394,lamb mince
ASDA Lamb Mince 400g,asda,ASDA,4.96,1.24,lamb mince
ASDA Flavourful Lamb Mince 10% Fat 500g,asda,ASDA,8.14,1.496,lamb mince
ASDA 20 Delicious Garlic & Herb Lamb Mini Meatballs 340g,asda,ASDA,3.97,1.168,lamb mince
ASDA 5% Fat Beef Mince 400g,asda,ASDA,4.68,1.17,lamb mince
ASDA 4 Tender Lamb Chops 300g,asda,ASDA,5.97,1.99,lamb chops
ASDA Tender Thin Cut Lamb Rump Steaks 200g,asda,ASDA,3.74,1.66,lamb chops
ASDA 2 Tender Lamb Leg Chops 320g,asda,ASDA,5.62,1.7559999999999998,lamb chops
ASDA 2 Tender Lamb Rump Steaks 300g,asda,ASDA,5.62,1.873,lamb chops
ASDA Slow Cooked Lamb Shank with Mint Gravy 390g,asda,ASDA,5.47,1.403,lamb chops
ASDA Succulent Lean Pork Mince 5% Fat 500g,asda,ASDA,2.57,0.514,pork mince
ASDA Flavourful 10% Fat Pork Mince 750g,asda,ASDA,3.97,0.529,pork mince
JUST ESSENTIALS by ASDA Pork Mince 15% Fat 500g,asda,ASDA,2.47,0.494,pork mince
ASDA Beef & Pork Mince 750g,asda,ASDA,4.88,0.651,pork mince
ASDA Lamb Mince 400g,asda,ASDA,4.96,1.24,pork mince
ASDA 3 Crunchy & Fragrant Brown Onions,asda,ASDA,0.95,,brown onions
ASDA Brown Onions 1kg,asda,ASDA,0.99,,brown onions
ASDA Organic Brown Onions,asda,ASDA,1.0,0.2,brown onions
McCain Air Fryer Hash Brown Bites 600g,asda,McCain,2.24,0.373,brown onions
ASDA 3 Sweet & Crunchy Red Onions,asda,ASDA,0.95,,red onions
ASDA Sweet & Crunchy Sliced Red Onion 150g,asda,ASDA,0.6,0.4,red onions
ASDA Sweet & Crunchy Red Onions 1kg,asda,ASDA,0.98,,red onions
ASDA Organic Organic Red Onions,asda,ASDA,1.24,0.248,red onions
ASDA Sliced Red Onion 650g,asda,ASDA,1.65,0.254,red onions
ASDA Fragrant & Crunchy Spring Onions,asda,ASDA,0.69,,spring onions
ASDA Fragrant & Crunchy Spring Onions 125g,asda,ASDA,0.88,0.704,spring onions
ASDA Fragrant & Punchy Jumbo Spring Onions,asda,ASDA,0.97,,spring onions
ASDA Organic Spring Onions,asda,ASDA,1.05,,spring onions
ASDA Garlic 5 Bulbs,asda,ASDA,2.1,,garlic
Exceptional by ASDA Oak Smoked Garlic,asda,Exceptional,0.82,2.343,garlic
ASDA 4 Fragrant & Bold Garlic,asda,ASDA,0.87,,garlic
ASDA Garlic,asda,ASDA,0.47,,garlic
ASDA Cook Garlic Granules 60g,asda,ASDA,1.1,1.8329999999999995,garlic
Twinings 20 Superblends Detox Lemon & Ginger with Burdock Root & Fennel 40g,asda,Twinings,3.49,8.725,ginger root
ASDA Crunchy & Sweet Carrots 1kg,asda,ASDA,0.69,,carrots
ASDA Crunchy & Sweet Carrots 500g,asda,ASDA,0.55,0.11,carrots
ASDA Sweet & Crunchy Sliced Carrots 300g,asda,ASDA,0.6,0.2,carrots
ASDA Sliced Carrots in Water 300g,asda,ASDA,0.5,0.313,carrots
ASDA Sweet & Earthy Parsnips 500g,asda,ASDA,0.74,0.148,parsnips
JUST ESSENTIALS by ASDA Just Essentials Parsnips 500g,asda,ASDA,0.55,0.11,parsnips
Ella's Kitchen Apples Carrots + Parsnips 6+ Months 120g,asda,Ella's,1.26,1.05,parsnips
Aunt Bessie's Honey Glazed Parsnips 500g,asda,Aunt,2.98,0.5,parsnips
ASDA Tender & Crunchy Broccoli,asda,ASDA,0.79,0.219,broccoli
ASDA Sweet & Crunchy Tenderstem Broccoli 160g,asda,ASDA,1.28,0.8,broccoli
ASDA Earthy & Crisp Cauliflower & Broccoli Florets 400g,asda,ASDA,1.37,0.343,broccoli
ASDA Broccoli Florets 1kg,asda,ASDA,1.44,0.144,broccoli
"ASDA Crisp & Colourful Carrots, Cauliflower & Broccoli 240g",asda,ASDA,1.0,0.417,broccoli
ASDA Light & Nutty Cauliflower,asda,ASDA,1.19,,cauliflower
ASDA Large Cauliflower,asda,ASDA,2.0,,cauliflower
ASDA Cauliflower Florets 1kg,asda,ASDA,1.54,0.154,cauliflower
ASDA Light & Nutty Cauliflower Florets 250g,asda,ASDA,1.0,0.4,cauliflower
ASDA Earthy & Crisp Cauliflower & Broccoli Florets 400g,asda,ASDA,1.37,0.343,cauliflower
ASDA Whole Cucumber,asda,ASDA,0.99,,cucumber
ASDA Cool & Crunchy Cucumber Portion,asda,ASDA,0.68,,cucumber
ASDA Organic Organic Cucumber,asda,ASDA,1.14,,cucumber
ASDA Butternut Squash (Typically 1.2KG),asda,ASDA,1.42,0.118,butternut squash
COOK by ASDA Butternut Squash Chunks 700g,asda,COOK,2.1,0.3,butternut squash
Exceptional by ASDA Butternut Squash & Sage Girasoli 250g,asda,Exceptional,3.5,1.4,butternut squash
Heinz Curried Butternut Squash Soup 400g,asda,Heinz,5.0,0.41,butternut squash
Yorkshire Provender Chicken & Lentil with Butternut Squash 560g,asda,Yorkshire,3.44,0.614,butternut squash
ASDA Fragrant & Juicy Sweet Vine Ripened Tomatoes 250g,asda,ASDA,0.98,0.392,vine tomatoes
ASDA Crunchy & Fragrant Vine Ripened Tomatoes,asda,ASDA,1.37,,vine tomatoes
Exceptional by ASDA Vine Ripened Tomatoes,asda,Exceptional,2.06,,vine tomatoes
Exceptional by ASDA Petite Plum Vine Tomatoes 220g,asda,Exceptional,2.07,0.941,vine tomatoes
ASDA Crunchy & Juicy Cherry Tomatoes 300g,asda,ASDA,0.99,0.3299999999999999,vine tomatoes
ASDA Sweet & Juicy Cooked Beetroot 300g,asda,ASDA,0.78,0.26,beetroot
ASDA Sliced Beetroot in Vinegar 440g,asda,ASDA,1.35,0.472,beetroot
ASDA Sliced Beetroot in Vinegar 710g,asda,ASDA,1.52,0.329,beetroot
Baxters Crinkled Beetroot 340g,asda,Baxters,1.77,0.77,beetroot
ASDA Extra Special Extra Special Apple Balsamic Vinegar Infused Beetroot 175g,asda,ASDA,1.08,0.617,beetroot
Exceptional by ASDA Exceptional by  Basil Pesto 130g,asda,Exceptional,2.75,2.115,fresh basil
ASDA Sweet Tomato & Basil Sauce 350g,asda,ASDA,1.9,0.5429999999999999,fresh basil
"Exceptional by ASDA Burrata, Roasted Cherry Tomato & Basil Ravioli 250g",asda,Exceptional,3.5,1.4,fresh basil
Exceptional by ASDA Woodfired Margherita with Basil Pesto Pizza 475g,asda,Exceptional,4.75,1.0,fresh basil
Exceptional by ASDA Woodfired Margherita with Basil Pesto Pizza 235g,asda,Exceptional,3.25,1.383,fresh basil
ASDA Crunchy & Juicy Cherry Tomatoes 300g,asda,ASDA,0.99,0.3299999999999999,cherry tomatoes
JUST ESSENTIALS by ASDA Cherry Tomatoes 250g,asda,ASDA,0.62,0.248,cherry tomatoes
ASDA Fragrant & Juicy Sweet Vine Ripened Tomatoes 250g,asda,ASDA,0.98,0.392,cherry tomatoes
Exceptional by ASDA Petite Plum Vine Tomatoes 220g,asda,Exceptional,2.07,0.941,cherry tomatoes
Exceptional by ASDA Pomodorini Cherry Tomatoes 400g,asda,Exceptional,0.94,0.235,cherry tomatoes
ASDA Carrot & Coriander Soup 600g,asda,ASDA,1.84,0.307,fresh coriander
Cravendale Arla  Filtered Fresh Semi Skimmed Milk 2L Fresher for Longer,asda,Cravendale,2.5,0.125,fresh coriander
ASDA Mild & Tender Baby Spinach 180g,asda,ASDA,1.08,0.6,baby spinach
"ASDA Mild Beetroot, Baby Spinach & Baby Kale Salad 120g",asda,ASDA,1.08,0.9,baby spinach
"LITTLE ANGELS by ASDA by  Organic Sweet Potato, Red Lentil & Spinach Dhal 7m+ 130g",asda,LITTLE,0.72,0.554,baby spinach
ASDA Delicate & Peppery Baby Leaf & Rocket Salad 75g,asda,ASDA,1.08,1.44,rocket salad
ASDA Strong & Peppery Wild Rocket 60g,asda,ASDA,1.0,1.6670000000000005,rocket salad
"ASDA Strong & Peppery Watercress, Spinach & Rocket 80g",asda,ASDA,1.08,1.35,rocket salad
Sensodyne Pronamel Pronamel Active Enamel Shield Fresh Mint Toothpaste 75ml,asda,Sensodyne,5.5,7.333,fresh mint
"Corsodyl Medicated Antibacterial Mouthwash Fresh Mint, 300ml",asda,Corsodyl,5.23,1.743,fresh mint
Tetley Herbal Fresh Mint Tea Bags x20,asda,Tetley,1.56,4.875,fresh mint
JUST ESSENTIALS by ASDA Just Essentials by  Fresh Mint Toothpaste 100ml,asda,ASDA,0.47,0.47,fresh mint
Colgate Total Active Prevention Fresh Mint Toothpaste 75ml,asda,Colgate,2.5,3.3329999999999997,fresh mint
ASDA Zesty 2 Lemon & Parsley Kiln Roasted Salmon Fillets 180g,asda,ASDA,5.65,3.139,fresh parsley
ASDA Tasty Garlic & Parsley Marinated King Prawns 150g,asda,ASDA,3.75,2.5,fresh parsley
ASDA Iceberg Lettuce,asda,ASDA,0.89,,iceberg lettuce
ASDA Sweet & Crisp Shredded Iceberg Lettuce 130g,asda,ASDA,0.5,0.385,iceberg lettuce
ASDA Iceberg Lettuce 200g,asda,ASDA,0.64,0.32,iceberg lettuce
ASDA Spaghetti 500g,asda,ASDA,1.2,0.15,spaghetti
ASDA Wholewheat Spaghetti 500g,asda,ASDA,1.2,0.15,spaghetti
Barilla Pasta Spaghetti 500g,asda,Barilla,1.0,0.2,spaghetti
Heinz Spaghetti 400g,asda,Heinz,5.0,0.313,spaghetti
ASDA Sweet & Crisp Romaine Lettuce Hearts,asda,ASDA,1.2,,romaine lettuce
ASDA 2 Crisp & Crunchy Little Gem Lettuce,asda,ASDA,0.77,,romaine lettuce
ASDA Mild & Tender Baby Button Mushrooms 200g,asda,ASDA,1.14,0.5700000000000001,mushrooms
ASDA Mild & Versatile White Mushrooms 400g,asda,ASDA,1.29,0.323,mushrooms
ASDA Nutty & Earthy Chestnut Mushrooms 250g,asda,ASDA,1.07,0.428,mushrooms
Exceptional by ASDA British Shiitake Mushrooms 115g,asda,Exceptional,1.67,1.452,mushrooms
Exceptional by ASDA British Mixed Mushrooms 150g,asda,Exceptional,1.77,1.1800000000000002,mushrooms
ASDA Penne 500g,asda,ASDA,1.2,0.1379999999999999,penne pasta
ASDA Penne 1kg,asda,ASDA,1.28,0.128,penne pasta
ASDA Penne 3kg,asda,ASDA,3.0,0.1,penne pasta
ASDA Wholewheat Penne 500g,asda,ASDA,1.2,0.15,penne pasta
ASDA Fusilli 1kg,asda,ASDA,1.29,0.129,fusilli pasta
ASDA Fusilli 500g,asda,ASDA,1.2,0.15,fusilli pasta
ASDA Fusilli 3kg,asda,ASDA,3.8,0.127,fusilli pasta
ASDA Tricolore Fusilli 500g,asda,ASDA,1.2,0.15,fusilli pasta
Napolina Fusilli 500g,asda,Napolina,1.5,0.3,fusilli pasta
JUST ESSENTIALS by ASDA 3 Mixed Peppers,asda,ASDA,1.79,,peppers mixed
ASDA Crisp & Fragrant Sweet Peppers 3 Pack,asda,ASDA,2.1,,peppers mixed
COOK by ASDA Cook Sliced Mixed Peppers 600g,asda,COOK,1.6,0.267,peppers mixed
ASDA Warm & Fruity Mixed Chillies 60g,asda,ASDA,0.53,0.883,peppers mixed
Ben's Original Mixed Pepper Microwave Rice 220g,asda,Ben's,1.32,0.6,peppers mixed
ASDA Tagliatelle 500g,asda,ASDA,1.2,0.15,tagliatelle
ASDA Fresh Egg Tagliatelle 500g,asda,ASDA,1.9,0.38,tagliatelle
ASDA Ham & Mushroom Tagliatelle 400g,asda,ASDA,8.5,0.8300000000000001,tagliatelle
ASDA ASDA Chicken Tagliatelle 400g,asda,ASDA,8.5,0.8300000000000001,tagliatelle
COOK by ASDA Cook Easy Red Chilli 95g,asda,COOK,1.55,1.632,red chillies
Very Lazy Chopped Red Chillies 190g,asda,Very,1.94,0.8210000000000001,red chillies
Tyrrells Sweet Chilli & Red Pepper Sharing Crisps 150g,asda,Tyrrells,2.5,1.167,red chillies
ASDA Red Pepper & Chilli Houmous 200g,asda,ASDA,1.4,0.7,red chillies
Rajah Red Chillies Crushed Spices 200g,asda,Rajah,3.0,1.5,red chillies
ASDA Linguine 500g,asda,ASDA,1.2,0.15,linguine
ASDA Calorie Controlled Garlic Mushroom Linguine 380g,asda,ASDA,3.5,0.921,linguine
ASDA Mild & Delicate Courgettes 330g,asda,ASDA,1.07,0.324,courgettes
ASDA Courgettes (Typically 0.35KG),asda,ASDA,0.78,0.222,courgettes
ASDA Aubergine,asda,ASDA,0.99,,aubergine
Dolmio Lasagne Creamy White Pasta Sauce 440g,asda,Dolmio,3.5,0.561,lasagne sheets
Dolmio Lasagne Red Tomato Pasta Sauce 450g,asda,Dolmio,3.5,0.549,lasagne sheets
ASDA Italian Inspired Lasagne Sheets 375g,asda,ASDA,1.2,0.187,lasagne sheets
ASDA Fresh Egg Lasagne Sheets 300g,asda,ASDA,1.9,0.633,lasagne sheets
Napolina Lasagne 375g,asda,Napolina,1.23,0.3279999999999999,lasagne sheets
Tilda Pure Original Basmati Rice 1kg,asda,Tilda,4.88,0.4,basmati rice
Ben's Original Basmati Microwave Rice 220g,asda,Ben's,0.97,0.441,basmati rice
ASDA Basmati White Rice 1kg,asda,ASDA,1.85,0.185,basmati rice
Salaam Basmati Rice 5kg,asda,Salaam,11.0,0.22,basmati rice
Trophy Basmati Rice 10kg,asda,Trophy,20.0,0.2,basmati rice
JUST ESSENTIALS by ASDA Green Beans 240g,asda,ASDA,0.93,0.388,green beans
ASDA Whole Green Beans 750g,asda,ASDA,1.08,0.144,green beans
ASDA Cut Green Beans in Water 400g,asda,ASDA,1.26,0.615,green beans
"ASDA Crisp & Colourful Broccoli, Carrots Baby Corn & Green Beans 240g",asda,ASDA,2.5,0.567,green beans
ASDA 4 Sweet & Juicy Sweetcorn Cobettes,asda,ASDA,1.37,,sweetcorn
ASDA Sweet & Juicy Sweetcorn Twin Pack,asda,ASDA,1.37,,sweetcorn
ASDA Sweetcorn in Water 198g,asda,ASDA,0.5,0.316,sweetcorn
Tilda Pure Original Basmati Rice 1kg,asda,Tilda,4.88,0.4,long grain rice
ASDA Easy Cook Long Grain White Rice,asda,ASDA,1.25,0.125,long grain rice
ASDA Long Grain Micro Rice 250g,asda,ASDA,0.64,0.256,long grain rice
ASDA Easy Cook Long Grain White Rice,asda,ASDA,2.4,0.12,long grain rice
ASDA Long Grain White Rice 500g,asda,ASDA,1.12,0.224,long grain rice
McCain Naked Oven Chips Straight Cut 900g,asda,McCain,2.0,0.222,frozen chips oven
McCain Naked Oven Chips Straight Cut 1.7kg,asda,McCain,3.7,0.218,frozen chips oven
McCain Home Chips Straight Cut 1kg,asda,McCain,3.18,0.25,frozen chips oven
McCain Home Chips Crinkle Cut 1.6kg,asda,McCain,4.28,0.231,frozen chips oven
ASDA Double Pepperoni Stonebaked Pizza by  309g,asda,ASDA,1.65,0.534,frozen pizza
ASDA Four Cheese Stonebaked Pizza 315g,asda,ASDA,1.65,0.524,frozen pizza
ASDA BBQ Chicken Stonebaked Pizza 340g,asda,ASDA,1.65,0.485,frozen pizza
ASDA Sweet Chilli Chicken Stonebaked Pizza 340g,asda,ASDA,1.65,0.485,frozen pizza
ASDA Ham & Pineapple Stonebaked Pizza 335g,asda,ASDA,1.65,0.493,frozen pizza
ASDA Tender & Nutty Asparagus 180g,asda,ASDA,1.65,0.917,asparagus
Exceptional by ASDA Asparagus Tips 100g,asda,Exceptional,1.48,1.48,asparagus
ASDA Jasmine Micro Rice 250g,asda,ASDA,0.64,0.256,jasmine rice
ASDA Thai Jasmine Rice 500g,asda,ASDA,1.76,0.352,jasmine rice
Mai Thai AAA Jasmine Fragrant Rice 5kg,asda,Mai,7.97,0.159,jasmine rice
Tilda Microwave Fragrant Jasmine Rice 250g,asda,Tilda,1.0,0.38,jasmine rice
Tilda Fragrant Jasmine 500g,asda,Tilda,2.0,0.4,jasmine rice
ASDA Risotto Arborio Rice 500g,asda,ASDA,2.47,0.494,risotto rice
Gallo Traditional Risotto Rice 500g,asda,Gallo,2.78,0.43,risotto rice
ASDA Spanish Paella Rice 500g,asda,ASDA,2.4,0.48,risotto rice
ASDA Thai Jasmine Rice 500g,asda,ASDA,1.76,0.352,risotto rice
ASDA Table Celery,asda,ASDA,0.75,,celery
ASDA Mild & Crunchy Celery Sticks 350g,asda,ASDA,1.26,0.36,celery
ASDA 10 Garlic Baguette Slices 260g,asda,ASDA,1.23,0.473,frozen garlic bread
ASDA Party Breaded Garlic Mushrooms 400g,asda,ASDA,2.6,0.65,frozen garlic bread
Discover-In Garlic & Herb Chicken Grills 450g,asda,Discover-In,3.98,0.884,frozen garlic bread
Birds Eye 2 Garlic & Herb Chicken Kievs 204g,asda,Birds,2.98,1.461,frozen garlic bread
ASDA Free From Free From Garlic Baguette 170g,asda,ASDA,2.0,1.176,frozen garlic bread
ASDA Soft & Savoury Free Range Egg Noodles 300g,asda,ASDA,2.5,0.357,egg noodles
Blue Dragon Medium Egg Noodles 250g,asda,Blue,1.33,0.532,egg noodles
ASDA Medium Egg Noodles 250g,asda,ASDA,1.15,0.4599999999999999,egg noodles
ASDA Soft & Savoury Free Range Egg Noodles 600g,asda,ASDA,1.52,0.253,egg noodles
Sharwood's Medium Egg Noodles 226g,asda,Sharwood's,1.6,0.553,egg noodles
Carte D'Or Madagascan Vanilla Light Ice Cream Tub 900 ml,asda,Carte,3.74,0.2779999999999999,vanilla ice cream
ASDA Soft Scoop Vanilla Flavour Ice Cream 2 Litres,asda,ASDA,1.85,,vanilla ice cream
ASDA Really Creamy Vanilla Ice Cream 900ml,asda,ASDA,2.52,0.2799999999999999,vanilla ice cream
Wall's Soft Scoop Vanilla Ice Cream Dessert Tub 1800ml,asda,Wall's,2.75,0.133,vanilla ice cream
Carte D'Or Madagascan Vanilla Ice Cream Tub 900ml,asda,Carte,3.74,0.2779999999999999,vanilla ice cream
ASDA Really Creamy Triple Chocolate Ice Cream 900ml,asda,ASDA,2.52,0.2799999999999999,chocolate ice cream
ASDA Milk Chocolate Coated Ice Creams 3 x 110ml (330ml),asda,ASDA,2.1,0.636,chocolate ice cream
Carte D'Or Indulgent Chocolate Ice Cream Tub 900ml,asda,Carte,3.74,0.2779999999999999,chocolate ice cream
Snickers Chocolate Peanut Ice Cream Bars 4pack (4 x 45.6g),asda,Snickers,2.85,1.113,chocolate ice cream
ASDA Chocolate Almond Coated Ice Creams 3 x 110ml (330ml),asda,ASDA,2.1,0.636,chocolate ice cream
Pot Noodle Chicken Fajita Instant Noodles 90 g,asda,Pot,1.18,1.311,rice noodles
ASDA Rice Noodles 250g,asda,ASDA,1.15,0.4599999999999999,rice noodles
ASDA Mild & Delicate Rice Noodles 225g,asda,ASDA,2.5,0.476,rice noodles
Haribo Haribo Push-Up Strawberry & Vanilla Ice Cream Lollies 4 x 85ml,asda,Haribo,2.98,0.876,ice lollies
Calippo Mini Orange and Lemon-Lime Ice Lollies 5 x 80ml,asda,Calippo,2.86,0.7150000000000001,ice lollies
Calippo Mini Cola Ice Lollies 5 x 80ml,asda,Calippo,2.47,0.618,ice lollies
Solero Exotic Ice Cream Sticks 3 x 90ml,asda,Solero,2.74,1.015,ice lollies
ASDA Sweetcorn in Water 198g,asda,ASDA,0.5,0.316,tinned sweetcorn
ASDA Sweetcorn in Water 326g,asda,ASDA,0.56,0.215,tinned sweetcorn
JUST ESSENTIALS by ASDA Just Essentials Sweetcorn 326g,asda,ASDA,0.5,0.192,tinned sweetcorn
John West Cracker Toppers Mayo & Sweetcorn Tuna 80g,asda,John,1.68,2.1,tinned sweetcorn
Rio Mare Insalatissime Sweetcorn Tuna Salad 160g,asda,Rio,1.7,1.0630000000000002,tinned sweetcorn
Heinz Baked Beans Pizza Flavour 390g,asda,Heinz,5.0,0.359,baked beans
Merchant Gourmet Gourmet Baked Beans 200g,asda,Merchant,1.5,0.75,baked beans
Merchant Gourmet Barbecue Baked Beans 200g,asda,Merchant,1.5,0.75,baked beans
Bold Bean Co Rich Tomato Baked Beans 390g,asda,Bold,3.5,0.897,baked beans
Bold Bean Co Smoky Chilli Baked Beans 390g,asda,Bold,3.5,0.897,baked beans
Heinz Cream of Tomato Soup 6 x 400g,asda,Heinz,5.24,0.218,tinned soup
Heinz Cream of Tomato Soup  4 x 400g,asda,Heinz,3.75,0.2339999999999999,tinned soup
Heinz Cream of Chicken Soup 4 x 400g,asda,Heinz,3.75,0.2339999999999999,tinned soup
Heinz Cream of Tomato Soup 400g,asda,Heinz,5.0,0.41,tinned soup
Heinz Cream of Chicken Soup 290g,asda,Heinz,5.0,0.41,tinned soup
Mutti Finely Chopped Tomatoes 4x400g,asda,Mutti,5.85,0.25,chopped tomatoes
Napolina Chopped Tomatoes in a Rich Tomato Juice 4 x 400g,asda,Napolina,3.5,0.219,chopped tomatoes
Napolina Peeled Plum Tomatoes in a Rich Tomato Juice 4 x 400g,asda,Napolina,3.5,0.219,chopped tomatoes
ASDA 30 Omega 3 Fish Fingers 900g,asda,ASDA,3.28,0.364,frozen fish fingers
ASDA 10 Omega 3 Fish Fingers 300g,asda,ASDA,1.12,0.373,frozen fish fingers
Birds Eye 10 Breaded Cod Fish Fingers 280g,asda,Birds,4.48,1.3210000000000002,frozen fish fingers
JUST ESSENTIALS by ASDA Just Essentials by  10 Fish Fingers 250g,asda,ASDA,0.8,0.32,frozen fish fingers
Birds Eye 32 Breaded Omega 3 Fish Fingers 896g,asda,Birds,5.0,0.558,frozen fish fingers
Alpro Barista Coconut Long Life Dairy Free Drink 1L,asda,Alpro,2.1,0.21,coconut milk
Alpro Coconut Long Life Dairy Free Drink 1L,asda,Alpro,2.07,0.207,coconut milk
Alpro Coconut Original Chilled Dairy Free Drink 1L,asda,Alpro,2.07,0.207,coconut milk
KTC Coconut Milk 400ml,asda,KTC,1.57,0.393,coconut milk
Amoy Coconut Milk 400ml,asda,Amoy,2.0,0.5,coconut milk
Walkers Baked Sea Salt Multipack Snacks Crisps 6 x 22g,asda,Walkers,2.15,1.629,ready salted crisps
Walkers Sensations Salt & Black Peppercorn Sharing Crisps 150g,asda,Walkers,2.5,1.1,ready salted crisps
Walkers Salt & Vinegar Multipack Crisps 6x25g,asda,Walkers,2.15,1.433,ready salted crisps
Walkers Baked Salt & Vinegar Multipack Snacks Crisps 6 x 22g,asda,Walkers,2.15,1.629,ready salted crisps
ASDA Ready Salted Crisps 6 x 25g (150g),asda,ASDA,1.0,0.667,ready salted crisps
Bold Bean Co Queen Chickpeas 570g,asda,Bold,3.25,0.8130000000000001,chickpeas tinned
ASDA Organic Organic Chickpeas in Water 400g,asda,ASDA,1.24,0.517,chickpeas tinned
Napolina Chickpeas in Water 240g,asda,Napolina,1.5,0.417,chickpeas tinned
ASDA Chickpeas in Water 400g,asda,ASDA,0.54,0.225,chickpeas tinned
ASDA Red Kidney Beans in Water 400g,asda,ASDA,0.45,0.188,kidney beans tinned
Napolina Red Kidney Beans in Water 400g,asda,Napolina,1.5,0.417,kidney beans tinned
ASDA Chilli Beans in Chilli Sauce 390g,asda,ASDA,0.94,0.241,kidney beans tinned
ASDA Organic Organic Red Kidney Beans in Water 400g,asda,ASDA,1.24,0.517,kidney beans tinned
Heinz Tomato Grana Padano Mascarpone Pasta Sauce 350G,asda,Heinz,1.56,0.446,pasta sauce tomato
ASDA Tomato & Garlic Pasta Sauce 500g,asda,ASDA,0.69,0.1379999999999999,pasta sauce tomato
ASDA Creamy Tomato Pasta Bake 500g,asda,ASDA,0.69,0.1379999999999999,pasta sauce tomato
ASDA Tomato & Basil Stir-In Sauce 190g,asda,ASDA,1.48,0.779,pasta sauce tomato
ASDA Chunky Veg & Tomato Pasta Sauce 500g,asda,ASDA,0.75,0.15,pasta sauce tomato
Walkers Baked Cheese & Onion Multipack Snacks Crisps 6 x 22g,asda,Walkers,2.15,1.629,cheese onion crisps
Walkers Sensations Mature Cheddar Cheese & Chilli Sharing Crisps 150g,asda,Walkers,2.5,1.1,cheese onion crisps
"Walkers Crisps Picked Onion, 6x25g",asda,Walkers,2.15,1.433,cheese onion crisps
Sensations Balsamic Vinegar & Caramelised Onion Sharing Crisps 150g,asda,Sensations,2.5,1.1,cheese onion crisps
Walkers Baked Variety Multipack Snacks Crisps 6 x 22g,asda,Walkers,2.15,1.629,cheese onion crisps
Napolina Lentils in Water 400g,asda,Napolina,1.5,0.377,lentils tinned
Walkers Salt & Vinegar Multipack Crisps 6x25g,asda,Walkers,2.15,1.433,salt vinegar crisps
Walkers Salt & Vinegar Sharing Crisps 150g,asda,Walkers,1.35,0.9,salt vinegar crisps
Sensations Balsamic Vinegar & Caramelised Onion Sharing Crisps 150g,asda,Sensations,2.5,1.1,salt vinegar crisps
Walkers Baked Salt & Vinegar Multipack Snacks Crisps 6 x 22g,asda,Walkers,2.15,1.629,salt vinegar crisps
Doritos Zingy Salt & Vinegar Tortilla Chips Sharing Bag Crisps 180g,asda,Doritos,2.5,0.972,salt vinegar crisps
ASDA Green Pesto 190g,asda,ASDA,0.99,0.521,pesto green
ASDA Italian Inspired Green Pesto 190g,asda,ASDA,1.3,0.6839999999999999,pesto green
ASDA Green Pesto Micro Pasta 200g,asda,ASDA,1.25,0.625,pesto green
ASDA Free From Free From by  Green Pesto 190g,asda,ASDA,1.05,0.553,pesto green
Loyd Grossman Italian Green Pesto Alla Genovese 190g,asda,Loyd,2.95,1.316,pesto green
COOK by ASDA Tikka Masala Curry Paste 200g,asda,COOK,2.23,1.115,curry paste tikka
Sharwood's Indian Tikka Masala Reduced Fat Curry Paste 280g,asda,Sharwood's,2.17,0.775,curry paste tikka
Patak's Tikka Masala Curry Spice Paste 283g,asda,Patak's,2.86,1.011,curry paste tikka
Patak's Tikka Masala Paste Pots 2 x 70g,asda,Patak's,1.43,1.021,curry paste tikka
The Spice Tailor Tikka Masala Indian Curry Sauce Meal Kit 300g,asda,The,3.78,1.26,curry paste tikka
Doritos Cool Original Tortilla Chips Sharing Bag Crisps 180g,asda,Doritos,2.5,1.389,tortilla chips
Doritos Chilli Heatwave Tortilla Chips Sharing Bag Crisps 180g,asda,Doritos,2.5,1.389,tortilla chips
Doritos Tangy Cheese Tortilla Chips Sharing Bag Crisps 180g,asda,Doritos,2.5,1.389,tortilla chips
Doritos Zingy Salt & Vinegar Tortilla Chips Sharing Bag Crisps 180g,asda,Doritos,2.5,0.972,tortilla chips
Doritos Cool Original Tortilla Chips Multipack Crisps 5x30g,asda,Doritos,2.15,1.167,tortilla chips
ASDA Butter Beans in Water 400g,asda,ASDA,0.45,0.191,butter beans tinned
Napolina Butter Beans in Water 400g,asda,Napolina,1.5,0.417,butter beans tinned
Bold Bean Co Queen Butter Beans 570g,asda,Bold,3.25,0.8130000000000001,butter beans tinned
ASDA Mixed Nut Selection 190g,asda,ASDA,2.02,1.0630000000000002,mixed nuts
ASDA Chopped Mixed Nuts 150g,asda,ASDA,1.28,0.853,mixed nuts
ASDA Roasted & Salted Mixed Nuts 200g,asda,ASDA,2.25,1.125,mixed nuts
ASDA Mixed Fruit 500g,asda,ASDA,1.8,0.36,mixed nuts
ASDA Mixed Fruit Snack Boxes 10 x 14g (140g),asda,ASDA,1.1,0.714,mixed nuts
ASDA Tuna Chunks in Spring Water 4 x 145g (580g),asda,ASDA,2.49,0.61,tinned tuna
ASDA Tuna Chunks in Brine 4 x 145g (580g),asda,ASDA,2.49,0.61,tinned tuna
John West Tuna Chunks in Spring Water 4x125g (102g drained),asda,John,4.24,0.858,tinned tuna
John West Tuna Chunks in Sunflower Oil 4x125g (95g drained),asda,John,4.24,0.921,tinned tuna
ASDA Tuna Chunks in Spring Water 145g,asda,ASDA,0.72,0.706,tinned tuna
Patak's Korma Paste Pots 2 x 70g,asda,Patak's,1.43,1.021,curry paste korma
Patak's Korma Curry Spice Paste 290g,asda,Patak's,2.86,0.986,curry paste korma
ASDA Korma Curry Paste 220g,asda,ASDA,2.34,1.064,curry paste korma
Patak's Korma Curry Sauce 450g,asda,Patak's,3.5,0.5269999999999999,curry paste korma
Sharwood's Indian Korma Reduced Fat Curry Paste 280g,asda,Sharwood's,2.17,0.775,curry paste korma
Butterkist Crunchy Toffee Popcorn 170g,asda,Butterkist,1.94,1.029,popcorn
Butterkist Sweet & Salty Popcorn 100g,asda,Butterkist,1.35,1.35,popcorn
Sephra Sweet Popcorn 140g,asda,Sephra,2.5,1.786,popcorn
Sephra Sweet & Salty Popcorn 140g,asda,Sephra,2.5,1.786,popcorn
Butterkist Cookies & Cream Toffee Popcorn 155g,asda,Butterkist,1.94,1.129,popcorn
ASDA Sweet Chilli & Garlic Stir-Fry Sauce 120g,asda,ASDA,0.67,0.558,stir fry sauce
ASDA Chow Mein Stir-Fry Sauce 120g,asda,ASDA,0.65,0.542,stir fry sauce
Blue Dragon Hoisin and Garlic Stir Fry Sauce 120g,asda,Blue,1.4,0.792,stir fry sauce
Blue Dragon Blue Dragon Teriyaki Stir Fry Sauce 120g,asda,Blue,1.4,0.792,stir fry sauce
Blue Dragon Chow Mein Stir Fry Sauce 120g,asda,Blue,1.4,0.792,stir fry sauce
Cadbury Dairy Milk Caramel Chocolate Bar 4 Pack Multipack 148g (4 x 37g),asda,Cadbury,1.75,1.182,chocolate bar
Cadbury Dairy Milk Little Bars Chocolate Bar 4 Pack Multipack 72g (4 x 18g),asda,Cadbury,1.37,1.903,chocolate bar
Cadbury Dairy Milk Chocolate Bar 4 Pack Multipack 134g (4 x 33.5g),asda,Cadbury,2.24,1.306,chocolate bar
Cadbury Crunchie Chocolate Bar 4 Pack Multipack 128g (4 x 32g),asda,Cadbury,2.24,1.367,chocolate bar
Cadbury Dairy Milk Classic Chocolate Bar 180 g,asda,Cadbury,2.74,1.25,chocolate bar
Heinz Tomato Ketchup 700g,asda,Heinz,3.65,0.521,tomato ketchup
Heinz Tomato Ketchup 460g,asda,Heinz,2.98,0.648,tomato ketchup
Heinz Tomato Ketchup 910g,asda,Heinz,4.48,0.492,tomato ketchup
Heinz 50% Less Sugar & Salt Tomato Ketchup 665g,asda,Heinz,3.61,0.5429999999999999,tomato ketchup
ASDA Classic Tomato Ketchup 970g,asda,ASDA,1.35,0.1389999999999999,tomato ketchup
Hellmann's Real Mayonnaise 600 g,asda,Hellmann's,3.25,0.542,mayonnaise
Hellmann's Mayonnaise Light 600 g,asda,Hellmann's,3.25,0.542,mayonnaise
Hellmann's Condiment Roasted Garlic Mayonnaise 250 ml,asda,Hellmann's,2.58,1.098,mayonnaise
Hellmann's Condiment Chilli Charger Mayonnaise 250 ml,asda,Hellmann's,2.68,1.072,mayonnaise
Heinz Seriously Good Mayonnaise 775g,asda,Heinz,3.88,0.501,mayonnaise
ASDA Digestive Biscuits 400g,asda,ASDA,0.65,0.1629999999999999,biscuits digestive
"McVitie's Digestives The Original Biscuits Twin Pack 2 x 360g, 720g",asda,McVitie's,3.18,0.442,biscuits digestive
McVitie's Digestives The Original Biscuits 360g,asda,McVitie's,1.88,0.522,biscuits digestive
McVitie's Milk Chocolate Digestive Biscuits Twin Pack 2 x 266g,asda,McVitie's,3.48,0.654,biscuits digestive
Blue Riband Original Milk Chocolate Wafer Biscuit Bar 6 Pack Multipack 108g,asda,Blue,0.97,0.898,biscuits chocolate
ASDA Milk Chocolate Digestives 300g,asda,ASDA,1.2,0.4,biscuits chocolate
Toffee Crisp Milk Chocolate Biscuit Bar 7 Pack Multipack 130.9g,asda,Toffee,1.34,1.024,biscuits chocolate
Tunnock's Milk Chocolate Tea Cakes 6 x 24g,asda,Tunnock's,1.14,,biscuits chocolate
ASDA Classic Brown Sauce 460g,asda,ASDA,1.16,0.252,brown sauce
HP Brown Sauce 450g,asda,HP,2.98,0.662,brown sauce
ASDA Just Essentials Brown Sauce 460g,asda,ASDA,1.0,0.217,brown sauce
HP Brown Sauce 285g,asda,HP,2.28,0.6950000000000001,brown sauce
Daddies Favourite Brown Sauce 400g,asda,Daddies,1.98,0.495,brown sauce
ASDA Dark Soy Sauce 150ml,asda,ASDA,0.55,0.367,soy sauce
ASDA Light Soy Sauce 150ml,asda,ASDA,0.55,0.367,soy sauce
Blue Dragon Soy Light Sauce 375ml,asda,Blue,3.0,0.544,soy sauce
Blue Dragon Soy Sauce 375ml,asda,Blue,3.0,0.544,soy sauce
Amoy Dark Soy Sauce 150ml,asda,Amoy,2.0,0.987,soy sauce
Fairy Original Washing Up Liquid Green with LiftAction 1015ML,asda,Fairy,2.84,0.257,washing up liquid
Fairy MaxPower Liquid Antibacterial 660 ML,asda,Fairy,3.74,0.4549999999999999,washing up liquid
Fairy Max Power Washing Up Liquid 660ML,asda,Fairy,3.74,0.4549999999999999,washing up liquid
Fairy Washing Up Liquid Pomegranate & Grapefruit 1015ML,asda,Fairy,3.0,0.257,washing up liquid
Fairy MaxPower Washing Up  Liquid 660 ML,asda,Fairy,3.74,0.4549999999999999,washing up liquid
Lea & Perrins Lea and Perrins Worcester Sauce 290ml,asda,Lea,3.28,1.131,worcestershire sauce
Lea & Perrins Lea and Perrins Worcester Sauce 150ml,asda,Lea,2.28,1.3199999999999998,worcestershire sauce
Walkers Worcester Sauce Lea & Perrins  Multipack Crisps 6x25g,asda,Walkers,2.15,1.433,worcestershire sauce
Walkers French Fries Worcester Sauce Multipack Snacks Crisps 6x18g,asda,Walkers,2.15,1.991,worcestershire sauce
Zoflora 70 Large Lemon Zing Antibacterial Multi-Surface Cleaning Wipes,asda,Zoflora,2.5,,surface cleaner antibacterial
Zoflora 70 Midnight Blooms Antibacterial Multi-Surface Cleaning Large Wipes,asda,Zoflora,2.5,,surface cleaner antibacterial
ASDA Multi Surface Cleaning Spray 750ml,asda,ASDA,0.85,0.1129999999999999,surface cleaner antibacterial
Zoflora Linen Fresh Multipurpose Disinfectant Cleaner 800ml,asda,Zoflora,2.24,0.2799999999999999,surface cleaner antibacterial
Astonish Pomegranate & Raspberry Antibacterial Surface Cleanser 750ml,asda,Astonish,1.0,0.133,surface cleaner antibacterial
Surf 3 in 1 Tropical Lily Laundry Washing Detergent Capsules 29 washes,asda,Surf,5.5,0.844,washing capsules laundry
Surf 3 in 1 Tropical Lily Laundry Washing Detergent Capsules 39 washes,asda,Surf,6.25,0.882,washing capsules laundry
Encona West Indian Original Hot Pepper Sauce 220ml,asda,Encona,1.68,0.764,hot sauce
Cholula Original Mexican Hot Sauce 150ml,asda,Cholula,2.48,1.653,hot sauce
Frank's RedHot Original Cayenne Pepper Hot Sauce 148ml,asda,Frank's,2.48,1.6760000000000002,hot sauce
Encona Jamaican Scotch Bonnet Sauce 220ml,asda,Encona,1.68,0.764,hot sauce
Dunn's River Jamaican-Style Hot Sauce 85g,asda,Dunn's,0.8,0.941,hot sauce
Comfort Fresh Fabric Conditioner Blue Skies 80 washes (2.4 L),asda,Comfort,4.74,0.19,fabric conditioner
Comfort Fresh Fabric Conditioner Sunshiny Days 80 washes (2.4 L),asda,Comfort,4.74,0.19,fabric conditioner
Lenor Fabric Conditioner 48 Washes,asda,Lenor,3.98,0.202,fabric conditioner
Comfort Fresh Fabric Conditioner Blue Skies 31 washes (930 ml),asda,Comfort,1.74,0.187,fabric conditioner
"Fairy Outdoorable Fabric Conditioner, 53 Washes, 742ml Cherry Blossom & Nordic Cotton",asda,Fairy,4.98,0.404,fabric conditioner
Colman's Mustard Original English 100 g,asda,Colman's,1.67,1.5,mustard
Maille Mustard Dijon Original 215 g,asda,Maille,3.25,1.279,mustard
ASDA Wholegrain Mustard 165g,asda,ASDA,0.4,0.242,mustard
Maille Mustard Wholegrain 210 g,asda,Maille,3.25,1.31,mustard
Colman's Original Mustard Powder English 57 g,asda,Colman's,2.5,4.386,mustard
ASDA Extra Virgin Olive Oil 1 Litre,asda,ASDA,7.13,0.713,olive oil extra virgin
Napolina Extra Virgin Olive Oil 250ml,asda,Napolina,2.73,1.092,olive oil extra virgin
Filippo Berio Extra Virgin Olive Oil 500ml,asda,Filippo,4.98,0.996,olive oil extra virgin
Filippo Berio Extra Virgin Olive Oil 250ml,asda,Filippo,3.98,1.592,olive oil extra virgin
Filippo Berio Extra Virgin Olive Oil 1Litre,asda,Filippo,12.48,0.898,olive oil extra virgin
Regina Absorb 4R Kitchen Roll,asda,Regina,4.95,,kitchen roll
Regina Blitz Household Towel 3 Roll,asda,Regina,6.64,,kitchen roll
Plenty Original Kitchen Roll 2 Rolls,asda,Plenty,2.75,,kitchen roll
ASDA Shades 2 Durable Kitchen Towels Rolls,asda,ASDA,2.48,,kitchen roll
Nicky Elite Toilet Tissue,asda,Nicky,3.98,,toilet roll
Regina Soft Bamboo 9R Toilet Tissue,asda,Regina,3.98,,toilet roll
Regina Absorb 4R Kitchen Roll,asda,Regina,4.95,,toilet roll
Andrex Family Soft Toilet Tissue 24 Rolls,asda,Andrex,11.16,,toilet roll
Andrex Ultimate Quilts Toilet Tissue 9 Rolls,asda,Andrex,6.5,,toilet roll
ASDA Vegetable Oil 1 Litre,asda,ASDA,1.6,0.16,vegetable oil
ASDA Vegetable Oil 3 Litres,asda,ASDA,4.7,0.157,vegetable oil
KTC Extended Life Vegetable Oil 5Litres,asda,KTC,7.5,0.15,vegetable oil
KTC Extended Life Vegetable Oil 1 Litre,asda,KTC,2.52,0.252,vegetable oil
ASDA 20 Tie Top Bin Bags 75 Litres,asda,ASDA,2.28,,bin bags
ASDA 20 Drawstring Bin Bags 75 Litres,asda,ASDA,2.54,,bin bags
ASDA 10 Flat Top Wheelie Bin Liners 240 Litres,asda,ASDA,2.5,,bin bags
ASDA 15 Extra Strong Tie Handle Bin Bags 75 Litres,asda,ASDA,2.98,,bin bags
ASDA Sunflower Oil 1 Litre,asda,ASDA,1.6,0.16,sunflower oil
KTC Pure Sunflower Oil 5 Litres,asda,KTC,7.5,0.15,sunflower oil
ASDA Sunflower Oil 3 Litres,asda,ASDA,4.7,0.157,sunflower oil
Flora Pure Sunflower Oil 1 Litre,asda,Flora,3.48,0.348,sunflower oil
ASDA Sunflower Oil Spray 200ml,asda,ASDA,1.71,0.8550000000000001,sunflower oil
JUST ESSENTIALS by ASDA Just Essentials Plain Flour 1.5kg,asda,ASDA,0.7,,plain flour
McDougalls Pre Sifted Plain Flour,asda,McDougalls,1.88,0.1709999999999999,plain flour
Be-Ro Plain Flour 1.1kg,asda,Be-Ro,1.88,0.1709999999999999,plain flour
BAKE by ASDA Bake by Plain Flour 1.5kg,asda,BAKE,0.78,,plain flour
ASDA Free From Free From by  Plain Flour 1kg,asda,ASDA,1.52,0.152,plain flour
ASDA Non-PVC Cling Film 50 Metres,asda,ASDA,1.96,,cling film
Bacofoil Non-Stick Kitchen Foil with BacoLift Surface and Easy Cut System 30cm x 20m,asda,Bacofoil,5.65,,tin foil
ASDA Kitchen Foil 10 Metres,asda,ASDA,1.46,,tin foil
ASDA Extra Strong Kitchen Foil 10 Metres,asda,ASDA,2.22,,tin foil
ASDA Strong Kitchen Foil 20 Metres,asda,ASDA,3.0,,tin foil
Bacofoil The Original Kitchen Foil with Easy-Cut System 30cm x 10m,asda,Bacofoil,3.75,,tin foil
McDougalls Pre-Sifted Self Raising Flour 1.1kg,asda,McDougalls,1.88,0.1709999999999999,self raising flour
ASDA Free From Free From by  Self Raising Flour 1kg,asda,ASDA,1.52,0.152,self raising flour
Allinson's Self Raising Flour 1kg,asda,Allinson's,1.18,0.1,self raising flour
FREEE by Doves Farm FREEE Gluten Free Self Raising White Flour 1kg,asda,FREEE,1.84,0.184,self raising flour
McDougalls Self Raising Flour 500g,asda,McDougalls,1.34,0.268,self raising flour
Allinson Strong White Bread Flour 3kg,asda,Allinson,3.4,0.1129999999999999,bread flour
Allinson Very Strong Wholemeal Bread Flour 1kg,asda,Allinson,1.7,0.1699999999999999,bread flour
Allinson Very Strong White Bread Flour 1kg,asda,Allinson,1.6,0.16,bread flour
Africa's Finest Cassava Flour 1kg,asda,Africa's,2.98,0.298,bread flour
Silver Spoon Caster Sugar 1kg,asda,Silver,2.25,0.2,caster sugar
ASDA Caster Sugar 1kg,asda,ASDA,1.56,0.156,caster sugar
Billington's Golden Caster Natural Unrefined Cane Sugar 1kg,asda,Billington's,2.7,0.27,caster sugar
Silver Spoon Caster Sugar 1kg,asda,Silver,2.25,0.2,brown sugar
ASDA Light Brown Sugar 500g,asda,ASDA,1.9,0.38,brown sugar
ASDA Dark Brown Sugar 500g,asda,ASDA,1.9,0.38,brown sugar
ASDA Demerara Sugar 500g,asda,ASDA,1.8,0.36,brown sugar
Billington's Demerara Natural Unrefined Cane Sugar 1kg,asda,Billington's,3.3,0.3299999999999999,brown sugar
Silver Spoon Caster Sugar 1kg,asda,Silver,2.25,0.2,icing sugar
BAKE by ASDA BAKE by ASDA Icing Sugar 500g,asda,BAKE,1.03,0.206,icing sugar
Silver Spoon Icing Sugar 1kg,asda,Silver,2.55,0.255,icing sugar
Silver Spoon British Icing Sugar 3kg,asda,Silver,6.62,0.221,icing sugar
Silver Spoon Icing Sugar 500g,asda,Silver,1.68,0.3,icing sugar
Rowse Runny Honey 340g,asda,Rowse,2.88,0.735,honey
Hilltop Blossom Honey 720g,asda,Hilltop,3.85,0.5349999999999999,honey
Rowse Runny Honey 680g,asda,Rowse,3.67,0.54,honey
ASDA Classic Runny Honey 720g,asda,ASDA,2.75,0.382,honey
Rowse Runny Honey 250g,asda,Rowse,1.78,0.712,honey
Sanex Skin Therapy Anti-Itchiness & Anti-Irritation Shower Gel Body Wash 450ml,asda,Sanex,5.48,0.667,shower gel
Radox Mineral Therapy Feel Nourished Shower Cream 450 ml,asda,Radox,4.0,0.364,shower gel
Sanex Skin Therapy Oily Skin Shower Gel Body Wash 450ml,asda,Sanex,5.48,0.667,shower gel
Radox Mineral Therapy Feel Restored Shower Cream 450 ml,asda,Radox,4.0,0.364,shower gel
Sensodyne Intensive Enamel Repair Whitening Toothpaste 75ml,asda,Sensodyne,4.0,5.333,toothpaste
Sensodyne Intensive Enamel Repair Toothpaste Extra Fresh 75ml,asda,Sensodyne,4.0,5.333,toothpaste
Colgate Sensitive Instant Relief Repair + Multi-Protection Toothpaste 100ml,asda,Colgate,3.48,3.4799999999999995,toothpaste
Head & Shoulders DermaXPro Soothing Comfort Anti Dandruff Shampoo 300ml with Aloe Vera,asda,Head,5.98,1.333,shampoo
Head & Shoulders DermaXPro Repairing Moisture Anti Dandruff Shampoo 300ml with Coconut Oil,asda,Head,5.98,1.333,shampoo
Head & Shoulders Classic Clean 2in1 Anti-Dandruff Shampoo and Conditioner 1000ml Pump,asda,Head,8.99,0.899,shampoo
Aussie 3 Minute Miracle Reconstructor Deep Conditioner 250ml. Hair Treatment for Dry Hair,asda,Aussie,4.98,1.4,conditioner hair
Palmolive Naturals Milk & Honey Liquid Handwash Soap 300ml,asda,Palmolive,1.48,0.333,hand soap
Palmolive Blushing Rose Scent Liquid Hand Wash Soap 300ml,asda,Palmolive,1.48,0.333,hand soap
Palmolive Aquarium Liquid Handwash Soap 300ml,asda,Palmolive,1.48,0.333,hand soap
Palmolive Hygiene Plus Sensitive Antibacterial Hand Wash Soap 300ml,asda,Palmolive,1.48,0.333,hand soap
Baylis & Harding Goodness Rose & Geranium Natural Hand Wash 500ml,asda,Baylis,3.98,0.596,hand soap
Gillette Proglide 8 Razor Refill for Men,asda,Gillette,28.0,,razor blades
Gillette ProGlide   Razor For Men,asda,Gillette,10.0,,razor blades
Gillette Fusion5 8 Razor Refill for Men,asda,Gillette,23.0,,razor blades
Gillette Fusion5 Razor Refills For Men,asda,Gillette,26.0,,razor blades
Gillette UEFA Champions League Special Edition  Mach3 Razor Blades x12,asda,Gillette,21.0,,razor blades
ASDA Fruity Seedless Strawberry Jam 454g,asda,ASDA,0.89,0.196,jam strawberry
Hartley's Best Strawberry Seedless Jam 300g,asda,Hartley's,1.61,0.333,jam strawberry
Bonne Maman Strawberry and Wild Strawberry Conserve 370g,asda,Bonne,2.88,0.778,jam strawberry
ASDA Fruity Strawberry Jam 454g,asda,ASDA,0.89,0.196,jam strawberry
Hartley's Best Strawberry Jam 300g,asda,Hartley's,1.61,0.333,jam strawberry
Meridian Protein Smooth Peanut Butter 700g,asda,Meridian,5.7,0.8140000000000001,peanut butter
Meridian Crunchy Peanut Butter Palm Oil Free 1Kg,asda,Meridian,6.44,0.55,peanut butter
Nutella Hazelnut Chocolate Spread Jar 630g,asda,Nutella,5.25,0.746,nutella
Nutella Hazelnut Chocolate Spread Jar 1000g,asda,Nutella,6.92,0.692,nutella
Exceptional by ASDA Seville Orange Breakfast Marmalade 340g,asda,Exceptional,1.86,0.5469999999999999,marmalade
Exceptional by ASDA Exceptional by  Three Fruits Marmalade 340g,asda,Exceptional,1.86,0.5469999999999999,marmalade
Exceptional by ASDA Exceptional by  Thick Cut Dark Seville Orange Marmalade 340g,asda,Exceptional,1.86,0.5469999999999999,marmalade
ASDA Thick Cut Orange Marmalade 454g,asda,ASDA,1.02,0.225,marmalade
Scott's Porage Original Porridge Oats 1kg,asda,Scott's,4.5,0.294,porridge oats
Quaker British Porridge Rolled Oats 1kg,asda,Quaker,4.5,0.294,porridge oats
Quaker Oat So Simple Original Big Pack Porridge Sachets 12x27g,asda,Quaker,3.75,1.157,porridge oats
Quaker Oat So Simple Golden Syrup Big Pack Porridge Sachets 20x36g,asda,Quaker,4.75,0.6599999999999999,porridge oats
Quaker Oat So Simple Golden Syrup Porridge Sachets 10x36g,asda,Quaker,3.75,1.042,porridge oats
Jordans No Added Sugar Triple Nut Granola Breakfast Cereal 425g,asda,Jordans,3.58,0.706,granola
Jordans Protein Boost Granola Chocolate & Hazelnut 400g,asda,Jordans,3.6,0.9,granola
Jordans No Added Sugar Apple & Berry Granola Breakfast Cereal 425g,asda,Jordans,3.58,0.706,granola
Jordans Protein Boost Granola Red Berry 400g,asda,Jordans,3.6,0.9,granola
Weetabix Original 24 pack cereal,asda,Weetabix,3.48,,weetabix
Weetabix Crispy Minis Chocolate Chip 500g,asda,Weetabix,3.8,0.76,weetabix
Weetabix Crispy Minis Fruit & Nut 500g,asda,Weetabix,3.8,0.76,weetabix
Weetabix Crispy Minis Caramelised Biscuit 500g,asda,Weetabix,3.8,0.76,weetabix
Weetabix Original 72 pack cereal,asda,Weetabix,7.5,,weetabix
Kellogg's Rice Krispies Breakfast Cereal 660g,asda,Kellogg's,4.0,0.53,rice krispies
ASDA Rice Snaps 375g,asda,ASDA,0.95,0.253,rice krispies
ASDA Orange Juice with Bits 1Litre,asda,ASDA,2.0,0.2,orange juice
ASDA Clementine Juice 1 Litre,asda,ASDA,2.0,0.2,orange juice
ASDA Smooth Orange Juice 1Litre,asda,ASDA,2.0,0.2,orange juice
Innocent innocent pure Orange Juice with Bits 900ml,asda,Innocent,3.18,0.353,orange juice
Innocent innocent pure Orange Juice Smooth 900ml,asda,Innocent,3.18,0.353,orange juice
ASDA Apple Juice 1 Litre,asda,ASDA,2.0,0.2,apple juice
Innocent Apple Juice Family Size 1.35L,asda,Innocent,4.08,0.257,apple juice
Tropicana Orchard Apple Fruit Juice 1.5L,asda,Tropicana,4.28,0.285,apple juice
ASDA Apple Juice from Concentrate 1 Litre,asda,ASDA,1.57,0.157,apple juice
ASDA Apple Juice from Concentrate 150ml,asda,ASDA,1.02,0.227,apple juice
Tetley Original Tea Bags 1.25kg,asda,Tetley,8.75,0.7,tea bags
Taylors of Harrogate Yorkshire Tea 160 Tea Bags 500g,asda,Taylors,6.17,1.234,tea bags
ASDA Extra Strong 80 Tea Bags 232g,asda,ASDA,2.14,0.922,tea bags
Taylors of Harrogate Yorkshire Tea 80 Tea Bags 250g,asda,Taylors,3.74,1.2,tea bags
Taylors of Harrogate Yorkshire Tea Decaf 160 Tea Bags 500g,asda,Taylors,6.28,1.2,tea bags
ASDA Gold Roasted Coffee 200g,asda,ASDA,2.65,1.325,instant coffee
ASDA Extra Special Extra Special Colombian Instant Coffee 100g,asda,ASDA,3.32,3.3200000000000003,instant coffee
Exceptional by ASDA Brazilian Instant Coffee 100g,asda,Exceptional,3.32,3.3200000000000003,instant coffee
ASDA Rich Roasted Coffee Instant Granules 200g,asda,ASDA,2.34,1.17,instant coffee
Nescafe Gold Blend Instant Coffee  95g,asda,Nescafe,4.0,4.0,instant coffee
ASDA Italian Style Roasted Ground 227g,asda,ASDA,3.47,1.529,ground coffee
Exceptional by Asda Ground Colombian Roast Coffee 227g,asda,Exceptional,3.98,1.753,ground coffee
ASDA French Style Roasted Ground 227g,asda,ASDA,3.5,1.542,ground coffee
Exceptional by Asda Javan Volcanic Island Roast Ground Coffee 227g,asda,Exceptional,3.98,1.753,ground coffee
Exceptional by Asda Ethiopian Mocha Limu Roast Coffee 227g,asda,Exceptional,3.98,1.753,ground coffee
Galaxy Instant Hot Chocolate 25g,asda,Galaxy,0.4,1.6,hot chocolate
Cadbury Drinking Hot Chocolate Cocoa Powder Tin 500g,asda,Cadbury,4.49,0.898,hot chocolate
Galaxy Instant Hot Chocolate 370g,asda,Galaxy,3.98,1.076,hot chocolate
ASDA Instant Hot Chocolate 400g,asda,ASDA,1.9,0.475,hot chocolate
ASDA Light Instant Hot Chocolate 300g,asda,ASDA,2.78,0.927,hot chocolate
Pepsi Max No Sugar Cola Cans 8 x 330ml,asda,Pepsi,3.98,0.151,pepsi
Pepsi Cola Zero Sugar Strawberries 'N' Cream Flavour Cans 8 x 330ml,asda,Pepsi,4.24,0.161,pepsi
Pepsi Cola Cans 8 x 330ml,asda,Pepsi,4.48,0.1699999999999999,pepsi
Pepsi Max Cherry No Sugar Cola Cans 8 x 330ml,asda,Pepsi,3.5,0.133,pepsi
Pepsi Cola Zero Sugar Cream Soda Flavour Cans 8 x 330ml,asda,Pepsi,4.24,0.161,pepsi
ASDA Diet Lemonade 2 Litres,asda,ASDA,0.8,,lemonade
ASDA Classic Lemonade 2 Litres,asda,ASDA,0.8,,lemonade
Schweppes Lemonade 2L Bottle,asda,Schweppes,1.38,,lemonade
San Pellegrino Sparkling Natural Mineral Water 6x500ml,asda,San,3.95,0.132,sparkling water
Evian Evian Sparkling Natural Mineral water 1L,asda,Evian,1.43,0.143,sparkling water
ASDA Asda Sparkling Natural Mineral Water 12 x 500ml,asda,ASDA,2.92,,sparkling water
ASDA Sparkling Natural Mineral Water 4 x 2 Litres,asda,ASDA,1.75,,sparkling water
ASDA Sparkling Blueberry & Raspberry Flavour Water 1 Litre,asda,ASDA,0.77,,sparkling water
Evian Natural Bottled Mineral Still Water Multipack 6x1.5L,asda,Evian,5.97,,still water
Evian Evian Natural Mineral Water 6 x 50cl,asda,Evian,3.23,0.108,still water
Volvic Touch of Fruit Strawberry Sugar Free Still Flavoured Water 1.5L,asda,Volvic,1.34,,still water
Evian Evian Natural Bottled Mineral Still Water 1.5L,asda,Evian,1.45,,still water
ASDA Still Natural Mineral Water 12 x 500ml,asda,ASDA,2.0,,still water
ASDA Apple & Strawberry Squash 1.5 Litres,asda,ASDA,1.14,,squash cordial
ASDA Quadruple Strength Apple & Blackcurrant Squash 1.5 Litres,asda,ASDA,1.84,0.123,squash cordial
ASDA Apple Squash 1.5 Litres,asda,ASDA,1.14,,squash cordial
"ASDA Fruity Mandarin, Lemon & Lime Squash 1 Litre",asda,ASDA,1.3,0.13,squash cordial
ASDA Fruity Mango & Raspberry Squash 1 Litre,asda,ASDA,1.3,0.13,squash cordial
ASDA Garden Peas 1kg,asda,ASDA,1.56,0.156,frozen peas
Birds Eye Garden Peas 375g,asda,Birds,1.72,0.4589999999999999,frozen peas
ASDA Sweetcorn 1kg,asda,ASDA,1.68,0.1679999999999999,frozen sweetcorn
"ASDA Steam Bags Carrot, Peas & Sweetcorn 4 x 160g (640g)",asda,ASDA,2.12,0.331,frozen sweetcorn
ASDA Mixed Vegetables 1kg,asda,ASDA,1.15,0.1149999999999999,frozen mixed vegetables
JUST ESSENTIALS by ASDA Just Essentials Mixed Vegetables 1kg,asda,ASDA,0.99,,frozen mixed vegetables
Birds Eye Country Mixed Vegetables 640g,asda,Birds,2.98,0.466,frozen mixed vegetables
ASDA Shredded Mixed Cabbage 750g,asda,ASDA,1.52,0.2029999999999999,frozen mixed vegetables
Birds Eye Select Mixed Vegetables 640g,asda,Birds,2.98,0.466,frozen mixed vegetables
Morrisons British Whole Milk 4 Pint,morrisons,Morrisons,1.65,,whole milk
Morrisons Whole British Milk 4 Pints,morrisons,Morrisons,1.65,,whole milk
Morrisons British Whole Milk 2 Pint,morrisons,Morrisons,1.2,,whole milk
Morrisons Long Life British Whole Milk,morrisons,Morrisons,6.15,,whole milk
Morrisons Whole British Milk 1 Pint,morrisons,Morrisons,0.85,,whole milk
Morrisons British Semi Skimmed Milk 4 Pint,morrisons,Morrisons,1.65,,semi skimmed milk
Morrisons Semi Skimmed British Milk 4 Pints,morrisons,Morrisons,1.65,,semi skimmed milk
Morrisons British Semi Skimmed Milk  2 Pints,morrisons,Morrisons,1.2,,semi skimmed milk
Morrisons Less Than 2% Fat Semi Skimmed Long Life Milk 6 x 1L,morrisons,Morrisons,6.15,,semi skimmed milk
Morrisons British Semi Skimmed Milk 2 Pint,morrisons,Morrisons,1.2,,semi skimmed milk
Morrisons Brown Onions   1kg,morrisons,Morrisons,0.99,,brown onions
Morrisons Onions 3 pk,morrisons,Morrisons,0.95,,brown onions
Morrisons Large Mild Brown Onions,morrisons,Morrisons,2.0,,brown onions
Morrisons Organic Brown Onions 500g,morrisons,Morrisons,1.05,,brown onions
Morrisons British Skimmed Milk 4 Pint,morrisons,Morrisons,1.65,,skimmed milk
Morrisons British Skimmed Milk 2 Pint,morrisons,Morrisons,1.2,,skimmed milk
Morrisons British Skimmed Milk 2 Pints,morrisons,Morrisons,1.2,,skimmed milk
Morrisons British Skimmed Milk 4 Pints,morrisons,Morrisons,1.65,,skimmed milk
Morrisons Long Life British Skimmed Milk,morrisons,Morrisons,6.15,,skimmed milk
Morrisons The Butcher's On Market Street British Pork Loin Chops 400g,morrisons,Morrisons,4.25,,pork chops
Morrisons British Pork Loin Steaks 400g,morrisons,Morrisons,4.25,,pork chops
Morrisons The Best Hampshire Breed 2 Pork Chops,morrisons,Morrisons,5.0,,pork chops
Market Street British Pork Loin Steaks,morrisons,Market,3.0,,pork chops
Morrisons British Pork Loin Steaks 600g,morrisons,Morrisons,5.9,,pork chops
Morrisons Red Onions 3 Pack,morrisons,Morrisons,0.95,,red onions
Morrisons Red Onions 1kg,morrisons,Morrisons,0.95,,red onions
Morrisons Sliced Red Onion,morrisons,Morrisons,1.65,,red onions
Morrisons Market Street Sliced Red Onions,morrisons,Morrisons,0.75,,red onions
Morrisons Onions 3 pk,morrisons,Morrisons,0.95,,red onions
Califia Farms Oat Barista Chilled,morrisons,Califia,1.5,,oat milk
Oatly Oat Drink Barista Edition Long Life 1L,morrisons,Oatly,2.2,,oat milk
Oatly Oat Drink Barista Edition Multi Pack 3x1.5L,morrisons,Oatly,8.1,,oat milk
Oatly Oat Drink Whole Long Life 1L,morrisons,Oatly,1.5,,oat milk
Oatly Oat Drink Semi Long Life 1L,morrisons,Oatly,1.5,,oat milk
Morrisons Salad Onions (minimum 100g),morrisons,Morrisons,0.69,,spring onions
Morrisons Jumbo Salad Onions   130g,morrisons,Morrisons,1.0,,spring onions
Morrisons Spring Greens,morrisons,Morrisons,0.9,,spring onions
Blue Dragon Oyster & Spring Onion Stir Fry Cooking Sauce Mild 120g,morrisons,Blue,0.75,,spring onions
New York Bakery Co. Original Bagels 5 Pack,morrisons,New,1.35,,bagels
Warburtons Seeded Protein Thin Bagels,morrisons,Warburtons,1.4,,bagels
New York Bakery Co. Cinnamon & Raisin Bagels 5 Pack,morrisons,New,1.35,,bagels
New York Bakery Co. Red Onion & Chive Bagels,morrisons,New,1.35,,bagels
Morrisons 10 Pack Smoked Back Bacon Rashers 300g,morrisons,Morrisons,1.49,,smoked bacon
Morrisons 16 Rashers Smoked Back Bacon 500g,morrisons,Morrisons,4.25,,smoked bacon
Morrisons 6 Pack Smoked Back Bacon Rashers 300g,morrisons,Morrisons,1.49,,smoked bacon
Morrisons Smoked Lardons,morrisons,Morrisons,2.75,,smoked bacon
Morrisons 8 Lean Smoked Bacon Medallions,morrisons,Morrisons,3.25,,smoked bacon
Alpro Almond No Sugars Chilled Drink 1L,morrisons,Alpro,2.2,,almond milk
Morrisons Almond Unsweetened Uht,morrisons,Morrisons,1.25,,almond milk
Plenish Organic Almond Milk,morrisons,Plenish,2.25,,almond milk
Blue Diamond Almonds Almond Breeze Unsweetened,morrisons,Blue,1.9,,almond milk
Morrisons Oat Milk,morrisons,Morrisons,1.5,,almond milk
Morrisons Garlic,morrisons,Morrisons,0.87,,garlic
Very Lazy Chopped Garlic,morrisons,Very,1.75,,garlic
Morrisons Organic Garlic 3 Pack,morrisons,Morrisons,1.0,,garlic
Morrisons Garlic Granules,morrisons,Morrisons,1.09,,garlic
Morrisons Chopped Garlic,morrisons,Morrisons,1.5,,garlic
Morrisons 10 Pack Unsmoked Back Bacon Rashers 300g,morrisons,Morrisons,1.49,,unsmoked bacon
Morrisons 16 Rashers Unsmoked Back Bacon 500g,morrisons,Morrisons,4.25,,unsmoked bacon
Morrisons 6 Pack Unsmoked Back Bacon Rashers 300g,morrisons,Morrisons,1.49,,unsmoked bacon
Morrisons The Best 6 Unsmoked Thick Cut Back Bacon 240g,morrisons,Morrisons,3.5,,unsmoked bacon
Morrisons Lean Unsmoked Bacon Medallions,morrisons,Morrisons,3.25,,unsmoked bacon
Morrisons Croissants,morrisons,Morrisons,1.8,,croissants
Morrisons The Best All Butter Croissants 4 Pack,morrisons,Morrisons,2.4,,croissants
Morrisons Bake At Home 6 Croissants 348g,morrisons,Morrisons,3.35,,croissants
Morrisons All Butter Croissants,morrisons,Morrisons,2.25,,croissants
Pret 6 All Butter Croissants 330g,morrisons,Pret,4.15,,croissants
Lindahls Protein Cottage Cheese 175g,morrisons,Lindahls,1.25,,cottage cheese
Morrisons Low Fat Cottage Cheese,morrisons,Morrisons,1.6,,cottage cheese
Morrisons Natural Full Fat Cottage Cheese 300g,morrisons,Morrisons,1.6,,cottage cheese
Longley Farm Yorkshire Natural Cottage Cheese 250g,morrisons,Longley,1.79,,cottage cheese
Morrisons Pineapple Cottage Cheese,morrisons,Morrisons,1.6,,cottage cheese
Morrisons Smoked Streaky Bacon 16 Rashers,morrisons,Morrisons,1.71,,streaky bacon
Spoilt Pig Dry Cured Smoked Streaky Bacon,morrisons,Spoilt,2.5,,streaky bacon
Morrisons Unsmoked Streaky Bacon 16 Rashers,morrisons,Morrisons,1.71,,streaky bacon
Morrisons The Best Dry Cured Smoked Streaky Bacon,morrisons,Morrisons,3.5,,streaky bacon
Morrisons The Best Dry Cured Unsmoked Streaky Bacon,morrisons,Morrisons,3.5,,streaky bacon
Old Jamaica Ginger Beer,morrisons,Old,0.6,,ginger root
Twinings Detox Lemon & Ginger With Burdock Root & Fennel 20 Bags,morrisons,Twinings,2.5,,ginger root
Morrisons Ginger 125g,morrisons,Morrisons,1.55,,ginger root
Morrisons Ginger Nuts,morrisons,Morrisons,0.59,,ginger root
Fentimans Natural Ginger Beer,morrisons,Fentimans,3.6,,ginger root
Arla LactoFREE Semi Skimmed Milk Drink,morrisons,Arla,1.5,,lactose free milk
Arla LactoFREE Whole Milk Drink,morrisons,Arla,1.5,,lactose free milk
Morrisons Lactose Free Semi Skimmed Milk 1L,morrisons,Morrisons,1.35,,lactose free milk
Morrisons Lactose Free Whole Milk,morrisons,Morrisons,1.35,,lactose free milk
Morrisons Lactose Free Skimmed Milk,morrisons,Morrisons,1.35,,lactose free milk
Morrisons The Best 4 Brioche Buns,morrisons,Morrisons,1.45,,burger buns
St Pierre 6 Brioche Buns,morrisons,St,2.25,,burger buns
St. Pierre 4 Seeded Brioche Burger Buns,morrisons,St.,2.9,,burger buns
Baker Street Seeded Burger Buns 6 Pack,morrisons,Baker,1.65,,burger buns
Morrisons Large Free Range Eggs   12 Pack,morrisons,Morrisons,3.3,,free range eggs
Morrisons Large Free Range Eggs   6 Pack,morrisons,Morrisons,2.1,,free range eggs
Morrisons The Best 6 White Golden Yolk Free Range Eggs,morrisons,Morrisons,2.9,,free range eggs
Morrisons Medium Free Range Eggs 12 Pack,morrisons,Morrisons,2.85,,free range eggs
Morrisons Medium Free Range Eggs   6 Pack,morrisons,Morrisons,1.75,,free range eggs
Morrisons The Best 4 Brioche Buns,morrisons,Morrisons,1.45,,brioche
St Pierre 6 Brioche Buns,morrisons,St,2.25,,brioche
St Pierre Brioche Loaf,morrisons,St,3.65,,brioche
Morrisons Choc Chip Brioche Rolls,morrisons,Morrisons,1.7,,brioche
Morrisons Carrots   1kg,morrisons,Morrisons,0.69,,carrots
Morrisons Carrots  500g,morrisons,Morrisons,0.55,,carrots
Morrisons Wonky Carrots 1.45kg,morrisons,Morrisons,0.76,,carrots
Morrisons Chantenay Carrots,morrisons,Morrisons,1.3,,carrots
Morrisons The Best 6 Thick Pork Sausages 400g,morrisons,Morrisons,3.25,,pork sausages
Richmond 12 Thick Pork Sausages 615g,morrisons,Richmond,2.0,,pork sausages
Morrisons  Butcher's Style 8 Pork Sausages 454g,morrisons,Morrisons,2.25,,pork sausages
The Best Signature Collection 4 Ultimate Pork Sausages 360g,morrisons,Morrisons,4.0,,pork sausages
Morrisons The Best 16 Thick Pork Sausages 1kg,morrisons,Morrisons,6.0,,pork sausages
Morrisons Medium Free Range Eggs 12 Pack,morrisons,Morrisons,2.85,,medium eggs
Morrisons Medium Free Range Eggs   6 Pack,morrisons,Morrisons,1.75,,medium eggs
Morrisons Large Free Range Eggs   12 Pack,morrisons,Morrisons,3.3,,medium eggs
Chuckle Medium Free Range Eggs For Farmers,morrisons,Chuckle,3.25,,medium eggs
Chuckle  Medium Free Range Eggs For Farmers,morrisons,Chuckle,1.95,,medium eggs
Morrisons British Salted Butter   250g,morrisons,Morrisons,1.99,,salted butter
Anchor Butter 500g,morrisons,Anchor,4.0,,salted butter
Lurpak Slightly Salted Butter 200g,morrisons,Lurpak,1.95,,salted butter
Kerrygold Salted Pure Irish Butter 200g,morrisons,Kerrygold,2.25,,salted butter
Morrisons The Best West Country Butter,morrisons,Morrisons,2.9,,salted butter
Heck Simply Chicken Sausages,morrisons,Heck,2.75,,chicken sausages
HECK! Chicken Italia Gluten Free Sausage Rashers 6 Pack 300g,morrisons,HECK!,2.5,,chicken sausages
Morrisons 25 Chicken Cocktail Sausages,morrisons,Morrisons,2.25,,chicken sausages
Heck Chicken Italia Sausage,morrisons,Heck,3.2,,chicken sausages
Richmond 8 Roast Chicken Sausages 410g,morrisons,Richmond,2.5,,chicken sausages
Morrisons Unsalted British Butter   250g,morrisons,Morrisons,1.99,,unsalted butter
Lurpak Unsalted Butter,morrisons,Lurpak,1.95,,unsalted butter
Kerrygold Pure Irish Butter Unsalted 200g,morrisons,Kerrygold,2.25,,unsalted butter
Elmlea Creamy & Buttery Blend Unsalted Block   250g,morrisons,Elmlea,1.5,,unsalted butter
Country Life Unsalted Butter   200g,morrisons,Country,2.7,,unsalted butter
Morrisons Parsnips 500g,morrisons,Morrisons,0.74,,parsnips
Morrisons Wonky Parsnips 500g,morrisons,Morrisons,0.55,,parsnips
Aunt Bessie's Honey Glazed Parsnips 500g,morrisons,Aunt,2.5,,parsnips
Morrisons Roasting Parsnips,morrisons,Morrisons,2.5,,parsnips
Fyffes Loose Bananas,morrisons,Fyffes,0.17,,bananas
Freshlay Golden Yolker 10 Mixed Weight Eggs,morrisons,Freshlay,3.8,,organic eggs
Purely Organic 10 Mixed Size Eggs,morrisons,Purely,5.2,,organic eggs
Morrisons Organic 6 Mixed Size British Egg Selection,morrisons,Morrisons,2.8,,organic eggs
Morrisons The Best 6 White Golden Yolk Free Range Eggs,morrisons,Morrisons,2.9,,organic eggs
Clarence Court Assorted Cotswold Legbar Eggs 6 pack,morrisons,Clarence,3.2,,organic eggs
Morrisons Cooking Chorizo,morrisons,Morrisons,3.75,,chorizo
Morrisons Spanish Chorizo Ring 200g,morrisons,Morrisons,2.5,,chorizo
Morrisons Diced Spanish Chorizo,morrisons,Morrisons,2.69,,chorizo
Morrisons Spicy Spanish Chorizo Ring,morrisons,Morrisons,2.5,,chorizo
Elpozo Chorizo Ring   200g,morrisons,Elpozo,4.25,,chorizo
Fage Total 5% Fat Strained Yoghurt,morrisons,Fage,2.95,,greek yoghurt
Morrisons The Best Authentic Luxury Greek Yogurt 1kg,morrisons,Morrisons,4.0,,greek yoghurt
Morrisons Greek Style Yogurt  1kg,morrisons,Morrisons,2.0,,greek yoghurt
Morrisons The Best Greek Yogurt 10% Fat 500g,morrisons,Morrisons,2.29,,greek yoghurt
Morrisons Greek Style Yogurt 500g,morrisons,Morrisons,1.15,,greek yoghurt
Anchor Spreadable Blend of Butter and Rapeseed Oil 400g,morrisons,Anchor,2.75,,spreadable butter
Country Life British Spreadable,morrisons,Country,5.7,,spreadable butter
Morrisons Salted Spreadable With 100% British Butter 500g,morrisons,Morrisons,2.18,,spreadable butter
Morrisons Reduced Fat Spreadable 500g,morrisons,Morrisons,2.18,,spreadable butter
Lurpak Slightly Salted Spreadable Blend of Butter and Rapeseed Oil   750g,morrisons,Lurpak,5.5,,spreadable butter
Morrisons Savers Strawberries  227g,morrisons,Morrisons,1.99,,strawberries
Morrisons Strawberries 400g,morrisons,Morrisons,3.6,,strawberries
Morrisons Savers Low Fat Natural Yogurt 500g,morrisons,Morrisons,0.55,,natural yoghurt
Morrisons Natural Yogurt,morrisons,Morrisons,1.1,,natural yoghurt
Morrisons Fat Free Natural Yogurt,morrisons,Morrisons,1.1,,natural yoghurt
Morrisons Whole Milk Natural Yoghurt,morrisons,Morrisons,2.0,,natural yoghurt
Morrisons Broccoli Florets,morrisons,Morrisons,1.25,,broccoli
Morrisons Broccoli & Cauliflower Florets  375g,morrisons,Morrisons,1.25,,broccoli
Morrisons Broccoli  375g,morrisons,Morrisons,0.82,,broccoli
Market Street Tenderstem Broccoli Tips,morrisons,Market,1.39,,broccoli
Morrisons Carrots Broccoli & Cauliflower,morrisons,Morrisons,1.0,,broccoli
Kerrygold Spreadable Olive Oil   200g,morrisons,Kerrygold,3.5,,olive spread
Morrisons Olive Spread 500g,morrisons,Morrisons,1.45,,olive spread
Bertolli Olive Oil Spread,morrisons,Bertolli,2.25,,olive spread
Bertolli Olive Oil Light Spread,morrisons,Bertolli,2.25,,olive spread
ProActiv Buttery Taste Spread,morrisons,ProActiv,4.75,,olive spread
Morrisons Blueberries    150g,morrisons,Morrisons,1.9,,blueberries
Morrisons Blueberries  350g,morrisons,Morrisons,3.35,,blueberries
Morrisons Savers Blueberries  125g,morrisons,Morrisons,1.08,,blueberries
Morrisons  Blueberries  450g,morrisons,Morrisons,4.25,,blueberries
Morrisons Organic Blueberries,morrisons,Morrisons,2.35,,blueberries
Chicago Town Takeaway Large Stuffed Pepperoni Pizza (Tomato stuffed crust),morrisons,Chicago,3.25,,pepperoni
Morrisons Stonebaked Pepperoni Pizza 285g,morrisons,Morrisons,3.5,,pepperoni
Morrisons The Best Pepperoni Ring,morrisons,Morrisons,2.5,,pepperoni
Morrisons Pepperoni,morrisons,Morrisons,1.75,,pepperoni
Morrisons Pepperoni 100g,morrisons,Morrisons,1.0,,pepperoni
Morrisons Medium Cauliflower,morrisons,Morrisons,1.19,,cauliflower
Morrisons Broccoli & Cauliflower Florets  375g,morrisons,Morrisons,1.25,,cauliflower
Morrisons Large Cauliflower,morrisons,Morrisons,2.1,,cauliflower
Morrisons Cauliflower Florets,morrisons,Morrisons,1.5,,cauliflower
Morrisons Steam & Serve Cauliflower Rice (4x150g),morrisons,Morrisons,2.75,,cauliflower
Peppa Pig Kids Strawberry Yoghurt Pots,morrisons,Peppa,1.0,,flavoured yoghurt
Morrisons The Best Fudge Yoghurt,morrisons,Morrisons,0.85,,flavoured yoghurt
Morrisons The Best Rhubarb And Custard Yoghurt,morrisons,Morrisons,0.85,,flavoured yoghurt
Morrisons Mature Cheddar  400g,morrisons,Morrisons,3.0,,mature cheddar
Morrisons Savers Mature White Cheddar  400g,morrisons,Morrisons,2.49,,mature cheddar
Morrisons Mature Cheddar 750g,morrisons,Morrisons,5.4,,mature cheddar
Morrisons The Best Somerset Cheddar Crunch   300g,morrisons,Morrisons,3.49,,mature cheddar
Morrisons Mature Cheddar 240g,morrisons,Morrisons,2.75,,mature cheddar
Morrisons The Best British Finely Sliced Applewood Smoked Ham 100g,morrisons,Morrisons,3.25,,ham sliced
Morrisons British Honey Roast Ham 120g,morrisons,Morrisons,2.0,,ham sliced
Market Street Deli Breaded Ham,morrisons,Market,2.5,,ham sliced
Morrisons British Thinly Sliced Honey Roast Ham  120g,morrisons,Morrisons,2.0,,ham sliced
Morrisons The Best Finely Sliced Dry Cured Cooked Ham 240g,morrisons,Morrisons,5.0,,ham sliced
Driscoll's Raspberries   125g,morrisons,Driscoll's,3.0,,raspberries
Morrisons Raspberries   250g,morrisons,Morrisons,3.25,,raspberries
Morrisons Raspberries  150g,morrisons,Morrisons,2.15,,raspberries
Morrisons Raspberries 300g,morrisons,Morrisons,3.35,,raspberries
Morrisons Whole Cucumber,morrisons,Morrisons,0.99,,cucumber
Morrisons Market Street Large Cucumber,morrisons,Morrisons,1.15,,cucumber
Mrs Elswood Sweet Cucumber Sandwich Slices  (540g),morrisons,Mrs,2.0,,cucumber
Morrisons Cucumber Portion,morrisons,Morrisons,0.68,,cucumber
Morrisons Mild Cheddar,morrisons,Morrisons,3.0,,mild cheddar
Morrisons Savers Mild White Cheddar  400g,morrisons,Morrisons,2.49,,mild cheddar
Morrisons Savers Mild White Cheddar,morrisons,Morrisons,3.88,,mild cheddar
Morrisons Mild Cheddar 240g,morrisons,Morrisons,2.75,,mild cheddar
Cathedral City Mild Cheddar Cheese,morrisons,Cathedral,3.0,,mild cheddar
Morrisons The Best Piccolina Vine Tomatoes 400g,morrisons,Morrisons,3.3,,vine tomatoes
Morrisons Vine Ripe Cherry Tomatoes  225g,morrisons,Morrisons,1.35,,vine tomatoes
Morrisons The Best Piccolina Vine Tomatoes 220g,morrisons,Morrisons,2.15,,vine tomatoes
Morrisons Vine Ripened Large Tomatoes,morrisons,Morrisons,1.25,,vine tomatoes
Morrisons Sweet Vine Ripened Tomatoes   250g,morrisons,Morrisons,1.15,,vine tomatoes
Arla Skyr High Protein Natural Icelandic Style Yogurt,morrisons,Arla,2.25,,skyr yoghurt
Arla Skyr High Protein Vanilla Icelandic Style Yogurt,morrisons,Arla,2.25,,skyr yoghurt
Arla Skyr High Protein Strawberry Icelandic Style Yogurt,morrisons,Arla,2.25,,skyr yoghurt
Danone Skyr Plain Yoghurt 800g,morrisons,Danone,3.3,,skyr yoghurt
Danone Skyr Strawberry Yoghurt Drink 270g,morrisons,Danone,1.2,,skyr yoghurt
Morrisons 2 Salmon Fillets 220g,morrisons,Morrisons,4.5,,salmon fillets
Morrisons The Best 2 Scottish Salmon Fillets 220g,morrisons,Morrisons,6.1,,salmon fillets
Morrisons 3 Skin on & Boneless Wild Pink Salmon Fillets 330g,morrisons,Morrisons,5.5,,salmon fillets
Morrisons Market Street 4 Boneless Salmon Fillets 440g,morrisons,Morrisons,8.0,,salmon fillets
Morrisons Hot Smoked Sweet Chilli Salmon Fillet 2 Pack,morrisons,Morrisons,5.95,,salmon fillets
Morrisons Loose Braeburn Apples,morrisons,Morrisons,0.5,,braeburn apples
Morrisons Braeburn Apples 6 Pack,morrisons,Morrisons,1.8,,braeburn apples
Morrisons Royal Gala Apples   6 Pack,morrisons,Morrisons,1.89,,braeburn apples
Morrisons Apples 1.2kg,morrisons,Morrisons,2.5,,braeburn apples
Morrisons Bramley Apples (Min 3),morrisons,Morrisons,2.6,,braeburn apples
Morrisons Baby Plum Tomatoes   250g,morrisons,Morrisons,0.68,,cherry tomatoes
Morrisons Cherry Tomatoes 420g,morrisons,Morrisons,1.4,,cherry tomatoes
Organic Cherry Tomatoes On The Vine 200g,morrisons,Organic,2.0,,cherry tomatoes
MorrisonsThe Best San Marzano Cooking Plum Tomatoes 400g,morrisons,Morrisons,2.15,,cherry tomatoes
Morrisons Vine Ripe Cherry Tomatoes  225g,morrisons,Morrisons,1.35,,cherry tomatoes
Morrisons Loose Royal Gala Apples,morrisons,Morrisons,0.5,,gala apples
Morrisons Small Apples,morrisons,Morrisons,0.99,,gala apples
Morrisons Royal Gala Apples   6 Pack,morrisons,Morrisons,1.89,,gala apples
Morrisons Apples 1.2kg,morrisons,Morrisons,2.5,,gala apples
Morrisons Organic Gala Apples 6 Pack,morrisons,Morrisons,2.35,,gala apples
Birds Eye 4 Breaded Cod Fish Fillets 400g,morrisons,Birds,5.0,,cod fillets
Young's 4 Chip Shop Omega 3 Fish Fillets,morrisons,Young's,3.0,,cod fillets
Morrisons 3 Skinless & Boneless Haddock Fillets 320g,morrisons,Morrisons,5.0,,cod fillets
Morrisons 3 Skinless & Boneless Cod Fillets 320g,morrisons,Morrisons,5.0,,cod fillets
Morrisons 2 Cod Fillets 220g,morrisons,Morrisons,6.1,,cod fillets
Morrisons British Double Cream 600ml,morrisons,Morrisons,2.95,,double cream
Morrisons British Double Cream 300ml,morrisons,Morrisons,1.65,,double cream
Morrisons British Double Cream,morrisons,Morrisons,1.2,,double cream
Morrisons British Extra Thick Double Cream,morrisons,Morrisons,2.1,,double cream
Morrisons For Farmers British Double Cream,morrisons,Morrisons,1.85,,double cream
Morrisons Extra Mature Cheddar  400g,morrisons,Morrisons,3.0,,extra mature cheddar
Morrisons Extra Mature Cheddar 750g,morrisons,Morrisons,5.4,,extra mature cheddar
Pilgrims Choice Extra Mature Cheddar,morrisons,Pilgrims,3.7,,extra mature cheddar
Lake District Extra Mature Cheddar 700g,morrisons,Lake,7.0,,extra mature cheddar
Morrisons The Best Somerset Cheddar Crunch   300g,morrisons,Morrisons,3.49,,extra mature cheddar
Birds Eye 4 Large Breaded Haddock Fillets 400g,morrisons,Birds,5.0,,haddock fillets
Young's Chip Shop 4 Haddock Fillets,morrisons,Young's,5.0,,haddock fillets
Morrisons 3 Skinless & Boneless Haddock Fillets 320g,morrisons,Morrisons,5.0,,haddock fillets
Morrisons The Best Breaded Chunky Haddock Fillets,morrisons,Morrisons,5.8,,haddock fillets
Baxters Luxury Cullen Skink Cream of Smoked Haddock Soup,morrisons,Baxters,3.9,,haddock fillets
Morrisons Red Leicester,morrisons,Morrisons,3.0,,red leicester
Morrisons Savers Red Leicester,morrisons,Morrisons,2.49,,red leicester
Morrisons The Best Vintage Red Fox   300g,morrisons,Morrisons,3.25,,red leicester
Morrisons Red Leicester 240g,morrisons,Morrisons,2.75,,red leicester
Morrisons The Best Aged Red Leicester,morrisons,Morrisons,3.75,,red leicester
Morrisons Baby Spinach 160g,morrisons,Morrisons,1.0,,baby spinach
Morrisons Spinach,morrisons,Morrisons,2.25,,baby spinach
Morrisons Baby Leaf Salad 60g,morrisons,Morrisons,0.89,,baby spinach
Morrisons Organic Baby Spinach 100g,morrisons,Morrisons,1.55,,baby spinach
Morrisons Whole Leaf Spinach,morrisons,Morrisons,1.3,,baby spinach
Morrisons Oranges,morrisons,Morrisons,1.39,,oranges
Morrisons Large Oranges 4 Pack,morrisons,Morrisons,2.2,,oranges
Morrisons British Single Cream,morrisons,Morrisons,2.18,,single cream
Elmlea Single Alternative To Cream,morrisons,Elmlea,1.25,,single cream
Elmlea Single Light Alternative To Cream,morrisons,Elmlea,1.25,,single cream
Morrisons British Double Cream 300ml,morrisons,Morrisons,1.65,,single cream
Morrisons British Double Cream,morrisons,Morrisons,1.2,,single cream
Morrisons 2 Sea Bass Fillets 180g,morrisons,Morrisons,5.5,,sea bass
Morrisons Sea Bream Fillets,morrisons,Morrisons,5.5,,sea bass
Morrisons Grated Mozzarella 240g,morrisons,Morrisons,2.75,,mozzarella
Galbani Mozzarella,morrisons,Galbani,1.3,,mozzarella
Morrisons Grated Mozzarella & Cheddar Mix 240g,morrisons,Morrisons,2.75,,mozzarella
Galbani Maxi Mozzarella   250g,morrisons,Galbani,2.5,,mozzarella
Morrisons Grated Mozzarella,morrisons,Morrisons,6.0,,mozzarella
Morrisons Wild Rocket 60g,morrisons,Morrisons,1.0,,rocket salad
"Morrisons Watercress, Spinach & Rocket",morrisons,Morrisons,1.0,,rocket salad
Unbeleafable Rocket & Baby Leaves,morrisons,Unbeleafable,1.5,,rocket salad
Morrisons Rocket & Baby Leaf Salad 60g,morrisons,Morrisons,0.89,,rocket salad
Morrisons  Bistro Salad,morrisons,Morrisons,1.4,,rocket salad
Morrisons British Soured Cream,morrisons,Morrisons,0.99,,sour cream
Morrisons Soured Cream & Chive Dip 170g,morrisons,Morrisons,1.3,,sour cream
Old El Paso Squeezy Soured Cream 230g,morrisons,Old,2.5,,sour cream
Morrisons Creamy Soured Cream Squeezy Topping 280g,morrisons,Morrisons,1.5,,sour cream
Morrisons Sour Cream & Chive Dip,morrisons,Morrisons,1.5,,sour cream
Morrisons Savers Lemons  4 Pack,morrisons,Morrisons,0.89,,lemons
Morrisons Unwaxed Lemons   4 Pack,morrisons,Morrisons,1.4,,lemons
Morrisons Lemons & Limes,morrisons,Morrisons,1.55,,lemons
Morrisons Organic Lemons 3 Pack,morrisons,Morrisons,1.9,,lemons
Philadelphia Original Soft Cream Cheese 165g,morrisons,Philadelphia,1.35,,cream cheese
Morrisons Savers Soft Cheese 200g,morrisons,Morrisons,0.95,,cream cheese
Philadelphia Light Low Fat Soft Cream Cheese 165g,morrisons,Philadelphia,1.35,,cream cheese
Morrisons Full Fat Soft Cheese 200g,morrisons,Morrisons,1.5,,cream cheese
Morrisons 50% Reduced Fat Soft Cheese 200g,morrisons,Morrisons,1.5,,cream cheese
Morrisons British Reduced Fat Creme Fraiche,morrisons,Morrisons,0.85,,creme fraiche
Morrisons British Creme Fraiche,morrisons,Morrisons,1.0,,creme fraiche
Oatly Creamy Oat Fraiche Chilled 200ml,morrisons,Oatly,1.85,,creme fraiche
Morrisons Iceberg Lettuce,morrisons,Morrisons,0.89,,iceberg lettuce
Morrisons Shredded Iceberg Lettuce 80g,morrisons,Morrisons,0.47,,iceberg lettuce
Morrisons Organic Lettuce (2 to 3 heads of lettuce),morrisons,Morrisons,2.0,,iceberg lettuce
Morrisons Chopped Iceberg Lettuce 200g,morrisons,Morrisons,0.85,,iceberg lettuce
Morrisons Cooked & Peeled King Prawns  150g,morrisons,Morrisons,3.75,,king prawns
Morrisons The Best Raw Peeled King Prawns,morrisons,Morrisons,5.25,,king prawns
Morrisons The Best Jumbo King Prawns,morrisons,Morrisons,4.25,,king prawns
Morrisons Raw Peeled King Prawns,morrisons,Morrisons,3.99,,king prawns
Morrisons The Best Peeled & Cooked Jumbo King Prawns,morrisons,Morrisons,5.25,,king prawns
Morrisons British Chicken Breast Fillets 1kg,morrisons,Morrisons,6.84,,chicken breast
Morrisons British Chicken Breast Fillets 2KG,morrisons,Morrisons,12.5,,chicken breast
Morrisons British Chicken Breast Fillets 630g,morrisons,Morrisons,4.65,,chicken breast
Morrisons The Best Corn Fed Free Range Chicken Breast Fillets,morrisons,Morrisons,5.9,,chicken breast
Morrisons British Chicken Diced Breast Fillets 400g,morrisons,Morrisons,3.95,,chicken breast
Morrisons Little Gem Lettuce  2 Pack,morrisons,Morrisons,0.77,,romaine lettuce
Morrisons The Best Sweet Gem Lettuce,morrisons,Morrisons,1.5,,romaine lettuce
Morrisons Romaine Lettuce Hearts,morrisons,Morrisons,1.2,,romaine lettuce
Morrisons Red Gem Lettuce,morrisons,Morrisons,1.2,,romaine lettuce
Morrisons Iceberg Lettuce,morrisons,Morrisons,0.89,,romaine lettuce
Morrisons Limes 4 Pack,morrisons,Morrisons,0.94,,limes
Morrisons Lemons & Limes,morrisons,Morrisons,1.55,,limes
Morrisons Smoked Salmon Slices,morrisons,Morrisons,4.25,,smoked salmon
Big Blue Sea Smoked Salmon Slices,morrisons,Big,3.0,,smoked salmon
Morrisons Ready To Eat Smoked Salmon Slices,morrisons,Morrisons,2.3,,smoked salmon
Morrisons The Best Scottish Mild Smoked Salmon,morrisons,Morrisons,4.75,,smoked salmon
Morrisons The Best Strong & Intense Smoked Scottish Salmon    100g,morrisons,Morrisons,4.75,,smoked salmon
Morrisons Closed Cup Mushrooms 465g,morrisons,Morrisons,1.5,,mushrooms
Morrisons Closed Cup Mushrooms,morrisons,Morrisons,1.0,,mushrooms
Morrisons Chestnut Mushrooms 340g,morrisons,Morrisons,1.5,,mushrooms
Morrisons Button Mushrooms 250g,morrisons,Morrisons,1.5,,mushrooms
Morrisons Family Pack Closed Cup Mushrooms 700g,morrisons,Morrisons,2.0,,mushrooms
Morrisons Large Ripened Avocado Single,morrisons,Morrisons,0.88,,avocado
Morrisons Extra Large Avocado,morrisons,Morrisons,1.5,,avocado
Morrisons Savers Avocado,morrisons,Morrisons,1.29,,avocado
Birds Eye 20 Omega 3 Fish Fingers 560g,morrisons,Birds,3.0,,fish fingers
Birds Eye 8 Breaded Cod Fish Fingers,morrisons,Birds,3.5,,fish fingers
Birds Eye 8 Breaded Haddock Fish Fingers    240g,morrisons,Birds,3.5,,fish fingers
Birds Eye 26 Breaded Cod Fish Fingers    780g,morrisons,Birds,8.5,,fish fingers
Birds Eye 40 Breaded Omega 3 Fish Fingers    1.12kg,morrisons,Birds,6.5,,fish fingers
President French Brie    200g,morrisons,President,2.25,,brie
Castello Extra Creamy Brie Cheese,morrisons,Castello,2.0,,brie
Morrisons French Brie,morrisons,Morrisons,1.65,,brie
Morrisons Somerset Brie,morrisons,Morrisons,2.25,,brie
Market Street Deli Mild & Creamy French Brie,morrisons,Market,1.75,,brie
Morrisons Market Street British Boneless Chicken Thigh Fillets 600g,morrisons,Morrisons,5.5,,chicken thighs
Morrisons Market Street British Boneless Chicken Thigh Fillets 1kg,morrisons,Morrisons,6.95,,chicken thighs
Morrisons Market Street British Chicken Thighs 1kg,morrisons,Morrisons,3.4,,chicken thighs
Morrisons Chicken Thighs,morrisons,Morrisons,3.5,,chicken thighs
Morrisons Mango Chunks 500g,morrisons,Morrisons,3.35,,mango
Morrisons Ripe & Ready To Eat Mango,morrisons,Morrisons,1.75,,mango
Morrisons Mango 240g,morrisons,Morrisons,2.5,,mango
Morrisons Mango Chunks   450g,morrisons,Morrisons,4.0,,mango
Morrisons Ready To Eat Loose Mango,morrisons,Morrisons,0.88,,mango
Morrisons Fishmongers Frozen Yellow Fin Tuna Steaks,morrisons,Morrisons,4.25,,tuna steaks
John West No Drain Fridge Pot Tuna Steak In Sunflower Oil (3x110g),morrisons,John,3.5,,tuna steaks
Morrisons 3 Skinless & Boneless Tuna Steaks 300g,morrisons,Morrisons,5.0,,tuna steaks
Morrisons No Drain Tuna Steak In A Little Spring Water (3x110g),morrisons,Morrisons,3.0,,tuna steaks
Morrisons No Drain Tuna Steak In A Little Brine (3x110g),morrisons,Morrisons,3.0,,tuna steaks
Morrisons Roast In The Bag Extra Tasty Whole Chicken 1.6kg,morrisons,Morrisons,6.8,,whole chicken
Morrisons The Best Corn Fed Free Range Whole Chicken,morrisons,Morrisons,10.99,,whole chicken
Morrisons Market Street Extra Large Whole Chicken   2.15kg,morrisons,Morrisons,7.3,,whole chicken
Morrisons Market Street British Large Whole Chicken   1.7kg,morrisons,Morrisons,5.8,,whole chicken
Morrisons Organic Whole Chicken,morrisons,Morrisons,15.5,,whole chicken
Morrisons Savers Mixed Peppers 3 Pack (Colours May Vary),morrisons,Morrisons,1.79,,peppers mixed
Morrisons Mackerel Strips With Mixed Pepper,morrisons,Morrisons,5.5,,peppers mixed
Morrisons Sliced Mixed Peppers,morrisons,Morrisons,1.25,,peppers mixed
Morrisons Grilled Mixed Peppers (280g),morrisons,Morrisons,2.69,,peppers mixed
Morrisons Halloumi 200g,morrisons,Morrisons,1.77,,halloumi
Olympus Halloumi Cheese  225g,morrisons,Olympus,2.89,,halloumi
Morrisons The Best Halloumi,morrisons,Morrisons,3.65,,halloumi
Morrisons Seedless Red Grapes 400g,morrisons,Morrisons,2.0,,grapes
Morrisons Seedless Green Grapes 400g,morrisons,Morrisons,2.0,,grapes
Explore Cotton Candy Seedless Grapes 400g,morrisons,Explore,2.4,,grapes
Morrisons Seedless Black Grapes 400g,morrisons,Morrisons,2.0,,grapes
Hovis Farmhouse Soft White Bread,morrisons,Hovis,1.0,,white sliced bread
Warburtons Original Farmhouse Bread 800g,morrisons,Warburtons,1.35,,white sliced bread
Morrisons White Medium Sliced Bread 800g,morrisons,Morrisons,0.74,,white sliced bread
Hovis Soft White Medium Bread 800g,morrisons,Hovis,1.39,,white sliced bread
Morrisons Toastie Thick Sliced White Bread 800g,morrisons,Morrisons,0.75,,white sliced bread
1912 Artisan Stilton Cheese,morrisons,1912,2.25,,stilton
Morrisons Blue Stilton,morrisons,Morrisons,2.9,,stilton
Market Street Deli Mature Blue Stilton,morrisons,Market,2.13,,stilton
Morrisons The Best Stilton,morrisons,Morrisons,3.5,,stilton
Very Lazy Red Chillies,morrisons,Very,1.75,,red chillies
Santa Maria Hot Red Jalapenos 200g,morrisons,Santa,1.5,,red chillies
Morrisons Red Chillies,morrisons,Morrisons,0.59,,red chillies
Morrisons Mixed Chillies,morrisons,Morrisons,0.6,,red chillies
Morrisons Bird Eye Chillies,morrisons,Morrisons,1.0,,red chillies
Morrisons  British Chicken Drumsticks 1kg,morrisons,Morrisons,2.15,,chicken drumsticks
Morrisons Chicken Drumsticks,morrisons,Morrisons,1.5,,chicken drumsticks
Morrisons Roast Chicken Drumsticks,morrisons,Morrisons,3.75,,chicken drumsticks
Morrisons Chicken Drumstick Fillets,morrisons,Morrisons,4.92,,chicken drumsticks
Morrisons Market Street British Chicken Drumstick Fillets 600g,morrisons,Morrisons,2.95,,chicken drumsticks
Fyffes Pineapple,morrisons,Fyffes,0.98,,pineapple
Morrisons Pineapple,morrisons,Morrisons,2.5,,pineapple
Morrisons Pineapple   500g,morrisons,Morrisons,3.0,,pineapple
Morrisons Pineapple 450g,morrisons,Morrisons,3.35,,pineapple
Del Monte Pineapple Chunks In Juice (432g),morrisons,Del,1.3,,pineapple
Morrisons British Chicken Wings,morrisons,Morrisons,2.19,,chicken wings
Morrisons Chicken Wings,morrisons,Morrisons,1.5,,chicken wings
Morrisons Smoky BBQ Chicken Wings,morrisons,Morrisons,2.5,,chicken wings
Morrisons Chinese Marinated Chicken Wings,morrisons,Morrisons,2.5,,chicken wings
Morrisons Peri Peri Marinated Chicken Wings,morrisons,Morrisons,2.5,,chicken wings
Morrisons Courgettes,morrisons,Morrisons,1.39,,courgettes
Morrisons Gouda Slices 240g,morrisons,Morrisons,2.75,,gouda
Lindahls Protein Gouda Cheese Slices 125g,morrisons,Lindahls,2.0,,gouda
Old Amsterdam Mature Gouda,morrisons,Old,3.5,,gouda
Morrisons Deli Gouda with Garlic & Cracked Black Pepper   90g,morrisons,Morrisons,2.5,,gouda
Morrisons Wholemeal Medium Sliced Bread,morrisons,Morrisons,0.75,,wholemeal bread
Allinson's Champion Wholemeal,morrisons,Allinson's,1.2,,wholemeal bread
Warburtons Medium Wholemeal Bread,morrisons,Warburtons,0.99,,wholemeal bread
Hovis Tasty Wholemeal Medium Bread,morrisons,Hovis,1.5,,wholemeal bread
Warburtons Wholemeal Medium Bread,morrisons,Warburtons,1.35,,wholemeal bread
Morrisons The Best 12% Fat Matured Scotch Steak Mince   500g,morrisons,Morrisons,6.0,,beef mince
Morrisons Beef Mince 1kg,morrisons,Morrisons,8.0,,beef mince
Morrisons British Beef Steak Mince 5% Fat 500g,morrisons,Morrisons,5.19,,beef mince
Morrisons Beef And Pork Mince 1kg,morrisons,Morrisons,7.5,,beef mince
Morrisons Lean Beef Mince 5% Fat  500g,morrisons,Morrisons,6.5,,beef mince
Warburtons White With Sourdough 400g,morrisons,Warburtons,1.4,,sourdough bread
Jason's Sourdough The Great White Straight Up Sourdough 450g,morrisons,Jason's,2.15,,sourdough bread
Morrisons The Best White Sourdough Bloomer 400g,morrisons,Morrisons,2.35,,sourdough bread
Jason's White Ciabattin Sourdough,morrisons,Jason's,2.2,,sourdough bread
Jason's Grains And Seeds Ciabattin Sourdough,morrisons,Jason's,2.2,,sourdough bread
Morrisons Purple Aubergine,morrisons,Morrisons,0.99,,aubergine
Morrisons The Best Tomato & Aubergine Pasta Sauce 350g,morrisons,Morrisons,2.15,,aubergine
Patak's Authentic Aubergine Pickle 312g,morrisons,Patak's,2.5,,aubergine
Morrisons Edam Slices 240g,morrisons,Morrisons,2.75,,edam
Market Street Deli Dutch Edam,morrisons,Market,1.25,,edam
Morrisons Edam Wedge,morrisons,Morrisons,3.2,,edam
Mlekovita Edam Natural Slices,morrisons,Mlekovita,1.85,,edam
Morrisons Honeydew Melon,morrisons,Morrisons,1.87,,melon
Morrisons Melon Slices,morrisons,Morrisons,2.5,,melon
Morrisons Whole Cantaloupe Melon,morrisons,Morrisons,1.95,,melon
Morrisons Melon Medley,morrisons,Morrisons,2.5,,melon
Hovis Seed Sensations Seven Seeds Bread,morrisons,Hovis,1.0,,seeded bread
Hovis Seed Sensations Seven Seeds Bread 800g,morrisons,Hovis,2.0,,seeded bread
Warburtons Seeded Batch Bread,morrisons,Warburtons,1.9,,seeded bread
Hovis Seeded Batch Bread,morrisons,Hovis,1.5,,seeded bread
Morrisons Savers Green Beans,morrisons,Morrisons,0.77,,green beans
Morrisons The Best Extra Fine Green Beans 200g,morrisons,Morrisons,1.55,,green beans
Morrisons Fine Green Beans 170g,morrisons,Morrisons,1.11,,green beans
Morrisons Stringless Beans,morrisons,Morrisons,1.45,,green beans
Morrisons Fine Green Beans,morrisons,Morrisons,1.05,,green beans
Morrisons Grated Mature White Cheddar 240g,morrisons,Morrisons,2.75,,grated cheddar
Morrisons Extra Mature Grated Cheese,morrisons,Morrisons,2.75,,grated cheddar
Morrisons 50% Reduced Fat Mature Grated Cheddar 200g,morrisons,Morrisons,2.75,,grated cheddar
Morrisons Savers Grated Cheese 1kg,morrisons,Morrisons,5.95,,grated cheddar
Morrisons Grated Medium White Cheddar 240g,morrisons,Morrisons,2.75,,grated cheddar
Morrisons Lean Beef Mince 5% Fat  500g,morrisons,Morrisons,6.5,,lean beef mince
Morrisons The Best 12% Fat Matured Scotch Steak Mince   500g,morrisons,Morrisons,6.0,,lean beef mince
Morrisons British Beef Steak Mince 5% Fat 500g,morrisons,Morrisons,5.19,,lean beef mince
Morrisons British Beef Steak Mince 5% Fat 250g,morrisons,Morrisons,2.75,,lean beef mince
Morrisons British Beef Lean Steak Mince 5% Fat 750g,morrisons,Morrisons,7.5,,lean beef mince
Morrisons Ripe & Ready Conference Pears  4 Pack,morrisons,Morrisons,2.3,,pears
Morrisons Ready To Eat Blush Qtee Pears,morrisons,Morrisons,2.0,,pears
Morrisons Conference Pears,morrisons,Morrisons,1.9,,pears
Morrisons Wonky Pears (Min 4),morrisons,Morrisons,0.99,,pears
Morrisons Pears,morrisons,Morrisons,2.3,,pears
Morrisons Kiwi,morrisons,Morrisons,1.19,,kiwi
"Innocent Green Energise, Kiwi & Cucumber Super Smoothie 750ml",morrisons,Innocent,2.5,,kiwi
Morrisons Ready To Eat Kiwi Fruit,morrisons,Morrisons,1.6,,kiwi
Green Giant Original Sweetcorn (4x198g),morrisons,Green,3.0,,sweetcorn
Green Giant Salt Free Sweetcorn (4x198g),morrisons,Green,3.0,,sweetcorn
Morrisons Sweetcorn In Water,morrisons,Morrisons,2.25,,sweetcorn
Morrisons Super Sweet Sweetcorn,morrisons,Morrisons,1.85,,sweetcorn
Morrisons British Sirloin Steak 227g,morrisons,Morrisons,7.0,,sirloin steak
Market Street Scotch Sirloin Steak,morrisons,Market,6.4,,sirloin steak
Market Street British Prime Sirloin Steak,morrisons,Market,9.6,,sirloin steak
Morrisons Asparagus,morrisons,Morrisons,2.3,,asparagus
Morrisons The Best Asparagus Tips,morrisons,Morrisons,2.0,,asparagus
Morrisons The Best Asparagus Tips & Tenderstem Broccoli,morrisons,Morrisons,2.25,,asparagus
Upper Crust Chicken & Asparagus Pie 680g,morrisons,Upper,3.75,,asparagus
Morrisons Mature Cheddar Slices 240g,morrisons,Morrisons,2.75,,cheese slices
Morrisons Mozzarella Slices 240g,morrisons,Morrisons,2.75,,cheese slices
Morrisons Savers 15 Cheesy Slices,morrisons,Morrisons,0.83,,cheese slices
Lake District 8 Mature Cheddar Slices,morrisons,Lake,2.0,,cheese slices
Morrisons Mature Cheesy Slices 170g,morrisons,Morrisons,1.19,,cheese slices
Morrisons Ready To Eat Plums,morrisons,Morrisons,3.0,,plums
Morrisons The Best Plums 4 Pack,morrisons,Morrisons,2.5,,plums
Morrisons Plums,morrisons,Morrisons,1.0,,plums
Market Street British Prime Rib Eye Steak,morrisons,Market,9.96,,ribeye steak
Market Street Scotch Rib Eye Steak,morrisons,Market,6.8,,ribeye steak
Market Street Scotch Sirloin Steak,morrisons,Market,6.4,,ribeye steak
Limited Edish Beef Ribeye Steak 200g,morrisons,Limited,6.0,,ribeye steak
The Clay Oven Bakery Garlic & Coriander Naan Bread   2 Pack,morrisons,The,1.85,,naan bread
The Clay Oven Bakery Plain Naan Bread   2 pack,morrisons,The,1.85,,naan bread
Mission Original XL Tortilla Wraps,morrisons,Mission,1.5,,wraps tortilla
Old El Paso Stand 'N' Stuff 8 Soft Tortilla Boats 198g,morrisons,Old,2.5,,wraps tortilla
Old El Paso Large Extra Thin Tortilla Wraps,morrisons,Old,2.15,,wraps tortilla
Old El Paso 6 Large Super Soft Flour Tortilla Wraps,morrisons,Old,1.8,,wraps tortilla
Market Street British Lean Casserole Steak,morrisons,Market,7.8,,beef stewing steak
Morrisons Diced Beef 500g,morrisons,Morrisons,5.56,,beef stewing steak
Morrisons British Diced Beef 430g,morrisons,Morrisons,5.5,,beef stewing steak
Morrisons Beef Braising Steak,morrisons,Morrisons,16.0,,beef stewing steak
Morrisons The Butcher's On Market Street British Diced Beef 750g,morrisons,Morrisons,9.5,,beef stewing steak
Morrisons Baby Potatoes   1kg,morrisons,Morrisons,1.09,,potatoes
Morrisons Maris Piper Potatoes 2kg,morrisons,Morrisons,1.95,,potatoes
Morrisons The Best British All Rounder Potatoes   2kg,morrisons,Morrisons,2.3,,potatoes
Morrisons Baking Potatoes  2kg,morrisons,Morrisons,1.85,,potatoes
Morrisons Red Potatoes 2kg,morrisons,Morrisons,1.89,,potatoes
Morrisons Celery,morrisons,Morrisons,0.75,,celery
Morrisons Celery Sticks,morrisons,Morrisons,0.9,,celery
Morrisons Organic Celery,morrisons,Morrisons,1.3,,celery
Schwartz Celery Salt Jar,morrisons,Schwartz,2.0,,celery
Strong Roots Oven Baked Sweet Potato Chips,morrisons,Strong,2.0,,sweet potatoes
Morrisons Sweet Potato Chunks,morrisons,Morrisons,1.79,,sweet potatoes
Morrisons Sweet Potato Fries,morrisons,Morrisons,2.15,,sweet potatoes
Morrisons Sweet Potatoes  1kg,morrisons,Morrisons,1.19,,sweet potatoes
Morrisons Market Street Baking Sweet Potatoes Twin Pack,morrisons,Morrisons,1.85,,sweet potatoes
Warburtons 6 Crumpets,morrisons,Warburtons,0.75,,crumpets
Morrisons Crumpets,morrisons,Morrisons,0.45,,crumpets
Jason's Sourdough Crumpets,morrisons,Jason's,1.8,,crumpets
Warburtons 9 Crumpets,morrisons,Warburtons,1.25,,crumpets
Morrisons Beef And Pork Mince 550g,morrisons,Morrisons,4.25,,lamb mince
Morrisons The Butcher's on Market Street British Lamb Mince 454g,morrisons,Morrisons,6.0,,lamb mince
Morrisons Lamb Mince,morrisons,Morrisons,5.5,,lamb mince
Morrisons British 15% Fat Beef Mince 500g,morrisons,Morrisons,5.0,,lamb mince
Morrisons Beef Mince 1kg,morrisons,Morrisons,8.0,,lamb mince
Morrisons The Butcher's On Market Street British Lamb Chops 320g,morrisons,Morrisons,6.5,,lamb chops
Crown Farms Mutton Chops 800g,morrisons,Crown,7.5,,lamb chops
Market Street British Spring Lamb Stuffed Breast,morrisons,Market,3.91,,lamb chops
Morrisons Lamb Mince,morrisons,Morrisons,5.5,,lamb chops
Morrisons Baby Potatoes   1kg,morrisons,Morrisons,1.09,,baby potatoes
Morrisons Miniature Potatoes,morrisons,Morrisons,1.0,,baby potatoes
Morrisons Herby Baby Potatoes,morrisons,Morrisons,1.0,,baby potatoes
Morrisons Baby Potatoes With Chives & Salted Butter 350g,morrisons,Morrisons,2.25,,baby potatoes
Morrisons The Butcher's on Market Street British Pork Mince 5% Fat 454g,morrisons,Morrisons,2.32,,pork mince
Morrisons Beef And Pork Mince 550g,morrisons,Morrisons,4.25,,pork mince
Morrisons Beef And Pork Mince 1kg,morrisons,Morrisons,7.5,,pork mince
Morrisons Savers 20% Fat Pork Mince 454g,morrisons,Morrisons,2.27,,pork mince
Morrisons Butternut Squash,morrisons,Morrisons,1.5,,butternut squash
Morrisons Butternut Squash Chunks 500g,morrisons,Morrisons,1.25,,butternut squash
Morrisons The Best Butternut Squash & Sage Girasole,morrisons,Morrisons,3.5,,butternut squash
Morrisons Natural Cooked Beetroot,morrisons,Morrisons,0.78,,beetroot
Morrisons Bunched Beetroot,morrisons,Morrisons,1.9,,beetroot
Morrisons Sliced Beetroot (340g),morrisons,Morrisons,1.1,,beetroot
Baxters Sliced Beetroot (567g),morrisons,Baxters,1.75,,beetroot
Morrisons Fresh Coriander,morrisons,Morrisons,1.25,,fresh coriander
Morrisons Market St Living Coriander,morrisons,Morrisons,1.6,,fresh coriander
Morrisons Fresh Mint,morrisons,Morrisons,0.7,,fresh mint
Morrisons Living Mint,morrisons,Morrisons,1.6,,fresh mint
Morrisons Fresh Coriander,morrisons,Morrisons,1.25,,fresh mint
Morrisons Market St Living Basil,morrisons,Morrisons,1.6,,fresh basil
Morrisons Fresh Basil   30g,morrisons,Morrisons,0.7,,fresh basil
Morrisons Fresh Coriander,morrisons,Morrisons,1.25,,fresh basil
Morrisons Flat Leaf Parsley   100g,morrisons,Morrisons,1.39,,fresh parsley
Market Street Living Parsley,morrisons,Market,1.6,,fresh parsley
Morrisons Fresh Flat Leaf Parsley   30g,morrisons,Morrisons,0.7,,fresh parsley
Morrisons Living Flat Leaf Parsley,morrisons,Morrisons,1.6,,fresh parsley
Morrisons Spaghetti 500g,morrisons,Morrisons,0.75,,spaghetti
Napolina Spaghetti,morrisons,Napolina,1.0,,spaghetti
Barilla Pasta Spaghetti   500g,morrisons,Barilla,1.5,,spaghetti
Heinz Spaghetti in Tomato Sauce Multipack,morrisons,Heinz,2.99,,spaghetti
Green Giant Original Sweetcorn (4x198g),morrisons,Green,3.0,,tinned sweetcorn
Green Giant Salt Free Sweetcorn (4x198g),morrisons,Green,3.0,,tinned sweetcorn
Morrisons Sweetcorn In Water,morrisons,Morrisons,2.25,,tinned sweetcorn
Heinz Cream of Tomato Soup 400g,morrisons,Heinz,1.7,,tinned soup
Heinz Cream of Tomato Soup Value Pack,morrisons,Heinz,6.0,,tinned soup
Heinz Cream Of Chicken Soup,morrisons,Heinz,6.0,,tinned soup
Heinz Cream of Chicken Soup,morrisons,Heinz,1.7,,tinned soup
Morrisons Penne,morrisons,Morrisons,0.69,,penne pasta
Morrisons Penne Pasta,morrisons,Morrisons,1.29,,penne pasta
Morrisons Penne Mozzarella,morrisons,Morrisons,3.75,,penne pasta
Napolina Penne Pasta,morrisons,Napolina,1.0,,penne pasta
Morrisons Italian Tagliatelle,morrisons,Morrisons,2.25,,tagliatelle
Morrisons Mushroom & Ham Tagliatelle,morrisons,Morrisons,3.75,,tagliatelle
Morrisons Fusilli,morrisons,Morrisons,0.75,,fusilli pasta
Napolina Fusilli Pasta,morrisons,Napolina,1.0,,fusilli pasta
Morrisons The Best Sundried Tomato & Garlic Pasta Sauce 350g,morrisons,Morrisons,2.0,,pasta sauce tomato
Morrisons Tomato & Garlic Pasta Sauce,morrisons,Morrisons,0.79,,pasta sauce tomato
Morrisons The Best Pesto Genovese   190g,morrisons,Morrisons,2.2,,pesto green
Morrisons Green Pesto,morrisons,Morrisons,0.89,,pesto green
Morrisons Red Pesto,morrisons,Morrisons,0.89,,pesto green
Morrisons Plant Revolution Vegan Green Pesto 190g,morrisons,Morrisons,0.89,,pesto green
Morrisons Linguine,morrisons,Morrisons,0.75,,linguine
Napolina Linguine Pasta,morrisons,Napolina,1.0,,linguine
Morrisons The Best Chilli King Prawn Linguine 400g,morrisons,Morrisons,4.75,,linguine
Morrisons Lasagne Sheets,morrisons,Morrisons,0.75,,lasagne sheets
Napolina Plain Lasagne,morrisons,Napolina,1.6,,lasagne sheets
Barilla Pasta Lasagne Sheets   500g,morrisons,Barilla,1.75,,lasagne sheets
Badshah Basmati Rice 10kg,morrisons,Badshah,12.0,,basmati rice
Morrisons Tikka Masala Curry Paste,morrisons,Morrisons,1.9,,curry paste tikka
The Spice Tailor Tikka Masala Indian Curry Sauce Kit,morrisons,The,3.25,,curry paste tikka
Sharwood's Indian Tikka Masala Reduced Fat Curry Paste 280g,morrisons,Sharwood's,2.95,,curry paste tikka
Morrisons Low Fat Tikka Masala Sauce,morrisons,Morrisons,1.0,,curry paste tikka
Patak's Korma Indian Mild Spice Paste Pots  2 x 70g,morrisons,Patak's,1.85,,curry paste korma
Morrisons Korma Curry Paste,morrisons,Morrisons,1.9,,curry paste korma
Loyd Grossman Korma Curry Cooking Sauce 350g,morrisons,Loyd,2.25,,curry paste korma
Morrisons Massaman Paste,morrisons,Morrisons,2.25,,curry paste korma
Blue Dragon Hoisin & Garlic Stir Fry Cooking Sauce Mild 120g,morrisons,Blue,0.75,,stir fry sauce
Blue Dragon Sweet Chilli & Garlic Stir Fry Cooking Sauce Medium 120g,morrisons,Blue,0.75,,stir fry sauce
Morrisons Chow Mein Stir Fry Sauce,morrisons,Morrisons,0.55,,stir fry sauce
Morrisons Teriyaki Stir Fry Sauce,morrisons,Morrisons,0.55,,stir fry sauce
Morrisons Easy Cook Long Grain Rice,morrisons,Morrisons,1.25,,long grain rice
Ben's Original Long Grain Rice,morrisons,Ben's,5.25,,long grain rice
Mai Thai Jasmine Rice 10KG,morrisons,Mai,12.0,,jasmine rice
Mai Thai Aaa Jasmine Fragrant Rice,morrisons,Mai,8.0,,jasmine rice
Tilda Fragrant Jasmine Rice,morrisons,Tilda,3.0,,jasmine rice
Morrisons Thai Fragrant Rice,morrisons,Morrisons,1.75,,jasmine rice
Heinz Tomato Ketchup 910g,morrisons,Heinz,4.0,,tomato ketchup
Heinz Tomato Ketchup 50% Less Sugar & Salt,morrisons,Heinz,4.0,,tomato ketchup
Heinz Tomato Ketchup  460g,morrisons,Heinz,2.5,,tomato ketchup
Gallo Traditional Risotto   500g,morrisons,Gallo,2.0,,risotto rice
Morrisons Basmati Rice,morrisons,Morrisons,3.58,,risotto rice
Riso Gallo Easy Cook Risotto Rice 500g,morrisons,Riso,2.65,,risotto rice
Morrisons Paella Rice,morrisons,Morrisons,2.45,,risotto rice
Hellmann's Real Mayonnaise 600g,morrisons,Hellmann's,3.25,,mayonnaise
Morrisons Mayonnaise,morrisons,Morrisons,0.95,,mayonnaise
Hellmann's Real Squeezy Mayonnaise 750ml,morrisons,Hellmann's,3.25,,mayonnaise
HP Brown Sauce,morrisons,HP,2.5,,brown sauce
Daddies Favourite Brown Sauce,morrisons,Daddies,2.0,,brown sauce
Morrisons Brown Sauce,morrisons,Morrisons,0.98,,brown sauce
HP Brown Sauce Handy Pack,morrisons,HP,2.3,,brown sauce
Morrisons Egg Noodles,morrisons,Morrisons,1.3,,egg noodles
Morrisons Medium Egg Noodles,morrisons,Morrisons,0.95,,egg noodles
Blue Dragon Medium Egg Noodles 4 Pack,morrisons,Blue,1.25,,egg noodles
Sharwood's Medium Egg Noodles,morrisons,Sharwood's,1.45,,egg noodles
Itsu Rice Noodles 180g,morrisons,Itsu,1.25,,rice noodles
Morrisons Rice Noodles,morrisons,Morrisons,1.3,,rice noodles
Mama Instant Vermicelli Noodles,morrisons,Mama,1.95,,rice noodles
Kikkoman Naturally Brewed Soy,morrisons,Kikkoman,2.25,,soy sauce
Blue Dragon Light Soy Sauce 150 ml,morrisons,Blue,1.85,,soy sauce
Blue Dragon Dark Soy Sauce 150 ml,morrisons,Blue,1.85,,soy sauce
Morrisons Baked Beans 4x410g,morrisons,Morrisons,1.5,,baked beans
Heinz Baked Beans 4x415g,morrisons,Heinz,3.5,,baked beans
Branston Baked Beans,morrisons,Branston,4.0,,baked beans
Bonne Maman Strawberry Conserve   370g,morrisons,Bonne,3.0,,jam strawberry
Mackays Scottish Strawberry Preserve,morrisons,Mackays,2.3,,jam strawberry
Morrisons The Best Strawberry Conserve  340g,morrisons,Morrisons,2.55,,jam strawberry
Morrisons Strawberry Jam,morrisons,Morrisons,1.15,,jam strawberry
Lea & Perrins Worcestershire Sauce,morrisons,Lea,2.0,,worcestershire sauce
Walkers Worcester Sauce Crisps With Lea And Perrins 6x25g,morrisons,Walkers,1.75,,worcestershire sauce
Morrisons Worcester Sauce,morrisons,Morrisons,1.3,,worcestershire sauce
Morrisons Habanero Hot Chilli Sauce,morrisons,Morrisons,1.7,,hot sauce
Chicago Town Takeaway Large Stuffed Pepperoni Pizza (Tomato stuffed crust),morrisons,Chicago,3.25,,frozen pizza
Chicago Town Takeaway Stuffed Crust BBQ Chicken Large Pizza   668g,morrisons,Chicago,3.25,,frozen pizza
Chicago Town Cheese Pizza Tomato Stuffed Crust Takeaway,morrisons,Chicago,3.25,,frozen pizza
Morrisons English Mustard,morrisons,Morrisons,0.93,,mustard
French's American Classic Mustard 397g,morrisons,French's,3.55,,mustard
Colman's Original English Mustard 100g,morrisons,Colman's,2.0,,mustard
Morrisons Peanut Butter Crunchy,morrisons,Morrisons,3.99,,peanut butter
Nutella & Go! Hazelnut Chocolate Spread and Breadsticks Snack Pot,morrisons,Nutella,1.35,,nutella
Nutella Hazelnut Chocolate Spread Jar 630g,morrisons,Nutella,5.25,,nutella
Nutella Hazelnut Spread with Cocoa 1000g,morrisons,Nutella,7.0,,nutella
Nutella Chocolate & Hazelnut Spread   350g,morrisons,Nutella,3.2,,nutella
Indus Chickpeas   400g,morrisons,Indus,0.45,,chickpeas tinned
KTC Chickpeas In Salted Water (400g),morrisons,KTC,0.5,,chickpeas tinned
Laila Chickpeas,morrisons,Laila,2.5,,chickpeas tinned
Morrisons Red Kidney Beans (400g),morrisons,Morrisons,0.39,,kidney beans tinned
Morrisons Red Kidney Beans in Chilli Sauce (405g),morrisons,Morrisons,1.0,,kidney beans tinned
Heinz Tinned Baked Beans 415g,morrisons,Heinz,1.4,,kidney beans tinned
KTC Red Kidney Beans In Salted Water (400g),morrisons,KTC,0.5,,kidney beans tinned
Morrisons Garlic Flatbread 234G,morrisons,Morrisons,1.75,,frozen garlic bread
Morrisons 10 Garlic Bread Slices,morrisons,Morrisons,1.3,,frozen garlic bread
Morrisons 2 Garlic Baguettes,morrisons,Morrisons,1.0,,frozen garlic bread
Morrisons Italian Cheese & Garlic Bread,morrisons,Morrisons,2.35,,frozen garlic bread
Il Casolare Unfiltered Extra Virgin Olive Oil,morrisons,Il,8.5,,olive oil extra virgin
Filippo Berio Special Selection Extra Virgin Olive Oil,morrisons,Filippo,5.0,,olive oil extra virgin
Napolina Extra Virgin Olive Oil,morrisons,Napolina,4.5,,olive oil extra virgin
Terra Delyssa Extra Virgin Olive Oil 750ml,morrisons,Terra,9.75,,olive oil extra virgin
Bonne Maman Bitter Orange Marmalade,morrisons,Bonne,2.3,,marmalade
Frank Cooper's Fine Cut Oxford Marmalade,morrisons,Frank,2.5,,marmalade
La Vieja Fabrica Seville Orange Fine Cut Marmalade,morrisons,La,2.15,,marmalade
Morrisons The Best Seville Orange Marmalade,morrisons,Morrisons,1.8,,marmalade
Carte D'or Madagascan Vanilla Ice Cream Tub 900ml,morrisons,Carte,2.5,,vanilla ice cream
Kelly's Vanilla Bean with Cornish Clotted Cream 425ml,morrisons,Kelly's,3.0,,vanilla ice cream
Kelly's Vanilla Cornish Dairy Ice Cream,morrisons,Kelly's,4.5,,vanilla ice cream
Morrisons Vanilla Ice Cream,morrisons,Morrisons,2.75,,vanilla ice cream
Morrisons Green Lentils In Water,morrisons,Morrisons,0.5,,lentils tinned
Napolina Lentils In Water 400g,morrisons,Napolina,1.0,,lentils tinned
Ainsley Harriott Tasty Grains Mediterranean Couscous Bulgur & Lentils 100g,morrisons,Ainsley,1.0,,lentils tinned
Crisp 'n' Dry Rapeseed Oil,morrisons,Crisp,2.25,,vegetable oil
Morrisons Vegetable Oil    1l,morrisons,Morrisons,1.95,,vegetable oil
Morrisons Vegetable Oil,morrisons,Morrisons,5.0,,vegetable oil
Morrisons Sunflower Oil   1L,morrisons,Morrisons,1.95,,vegetable oil
Flora Pure Sunflower Oil with Vitamin E,morrisons,Flora,4.5,,vegetable oil
Morrisons Savers Porridge Oats,morrisons,Morrisons,0.85,,porridge oats
Morrisons Porridge Oats,morrisons,Morrisons,1.35,,porridge oats
Flahavan's Organic Porridge Oats   1kg,morrisons,Flahavan's,3.0,,porridge oats
Mornflake Mighty Oats Creamy Superfast Oats 2kg,morrisons,Mornflake,3.09,,porridge oats
Scott's Porage Original Porridge Oats,morrisons,Scott's,2.95,,porridge oats
Carte D'Or Indulgent Chocolate Ice Cream Tub 900ml,morrisons,Carte,2.5,,chocolate ice cream
Ben & Jerry's Chocolate Fudge Brownie Ice Cream Tub 465ml,morrisons,Ben,3.0,,chocolate ice cream
Magnum Classic Ice Cream Sticks 6 x 100ml,morrisons,Magnum,4.75,,chocolate ice cream
Haagen-Dazs Belgian Chocolate Ice Cream,morrisons,Haagen-Dazs,3.95,,chocolate ice cream
Morrisons Double Chocolate Ice Cream,morrisons,Morrisons,2.75,,chocolate ice cream
Morrisons Butter Beans In Water (400g),morrisons,Morrisons,0.45,,butter beans tinned
Heinz No Added Sugar Baked Beans 200g,morrisons,Heinz,1.0,,butter beans tinned
Morrisons Mixed Beans (300g),morrisons,Morrisons,0.7,,butter beans tinned
Branston Baked Beans,morrisons,Branston,0.75,,butter beans tinned
Morrisons Traditional Sliced Runner Beans,morrisons,Morrisons,1.85,,butter beans tinned
Morrisons Cornflakes 500g,morrisons,Morrisons,0.95,,cornflakes
Flora Pure Sunflower Oil with Vitamin E,morrisons,Flora,4.5,,sunflower oil
Morrisons Sunflower Oil   1L,morrisons,Morrisons,1.95,,sunflower oil
Morrisons Sunflower Oil,morrisons,Morrisons,5.97,,sunflower oil
Morrisons Vegetable Oil    1l,morrisons,Morrisons,1.95,,sunflower oil
Crisp 'n' Dry Rapeseed Oil,morrisons,Crisp,2.25,,sunflower oil
Fab Strawberry Ice Lollies,morrisons,Fab,2.0,,ice lollies
Nestle Rowntrees Fruit Pastilles Lollies Family Pack,morrisons,Nestle,3.5,,ice lollies
Rowntree's Fruit Pastilles Lollies 4 Pack,morrisons,Rowntree's,2.5,,ice lollies
Morrisons Rocket Ice Lollies,morrisons,Morrisons,1.7,,ice lollies
Morrisons Savers Ice Lollies,morrisons,Morrisons,1.15,,ice lollies
Birds Eye 20 Omega 3 Fish Fingers 560g,morrisons,Birds,3.0,,frozen fish fingers
Birds Eye 8 Breaded Haddock Fish Fingers    240g,morrisons,Birds,3.5,,frozen fish fingers
Morrisons 10 Omega 3 Fish Fingers,morrisons,Morrisons,0.93,,frozen fish fingers
Young's 15 Omega 3 Fish Fingers 450g,morrisons,Young's,3.5,,frozen fish fingers
Birds Eye 26 Breaded Cod Fish Fingers    780g,morrisons,Birds,8.5,,frozen fish fingers
Jordans Super Berry Granola Breakfast Cereal,morrisons,Jordans,2.95,,granola
Morrisons Simply Granola,morrisons,Morrisons,2.65,,granola
Morrisons Superberry Granola,morrisons,Morrisons,3.6,,granola
Morrisons The Best Nuts & Seed Granola 500g,morrisons,Morrisons,3.0,,granola
Jordans Simply Granola with a Hint of Honey Breakfast Cereal,morrisons,Jordans,3.75,,granola
Morrisons Plain Flour   1.5kg,morrisons,Morrisons,0.7,,plain flour
Morrisons Self Raising Flour,morrisons,Morrisons,0.7,,plain flour
McDougalls Plain Flour Pre-sifted   1.1kg,morrisons,McDougalls,2.05,,plain flour
Morrisons Plain Flour   500g,morrisons,Morrisons,0.53,,plain flour
Be-Ro Plain Flour   1.1kg,morrisons,Be-Ro,2.05,,plain flour
John West Tuna Chunks in Spring Water 4x125g (102g drained),morrisons,John,3.75,,tinned tuna
John West Tuna Chunks in Sunflower Oil 4x125g (102g drained),morrisons,John,3.75,,tinned tuna
Morrisons Tuna Chunks In Spring Water 4x145g,morrisons,Morrisons,2.49,,tinned tuna
John West Tuna Chunks in Brine 4x125g (102g drained),morrisons,John,3.75,,tinned tuna
John West No Drain Tuna Chunks with a Little Spring Water MSC 3x100g,morrisons,John,4.0,,tinned tuna
Morrisons Self Raising Flour,morrisons,Morrisons,0.7,,self raising flour
McDougalls Self Raising Flour   1.1kg,morrisons,McDougalls,2.05,,self raising flour
Be-Ro Self Raising Flour   1.1kg,morrisons,Be-Ro,2.05,,self raising flour
McDougalls Supreme Sponge Premium Self Raising Flour,morrisons,McDougalls,2.5,,self raising flour
Allinson's Self-Raising Wholemeal Flour,morrisons,Allinson's,1.79,,self raising flour
Weetabix Chocolate Cereal,morrisons,Weetabix,3.0,,weetabix
Weetabix Cereal 48 Pack,morrisons,Weetabix,5.5,,weetabix
Weetabix Cereal,morrisons,Weetabix,8.0,,weetabix
Weetabix Banana Cereal,morrisons,Weetabix,3.0,,weetabix
Allinson's Strong White Bread Flour,morrisons,Allinson's,1.75,,bread flour
Morrisons Strong White Flour,morrisons,Morrisons,1.3,,bread flour
Allinson's Very Strong Wholemeal Bread Flour,morrisons,Allinson's,1.9,,bread flour
Allinson's Very Strong White Bread Flour,morrisons,Allinson's,1.9,,bread flour
Wright's Mixed Grain Bread Mix,morrisons,Wright's,1.4,,bread flour
Morrisons The Best Hand Cooked Sea Salted Crisps 125g,morrisons,Morrisons,1.0,,ready salted crisps
Walkers Ready Salted Multipack Crisps,morrisons,Walkers,3.24,,ready salted crisps
Morrisons Ready Salted Flavour Crisps Multipack,morrisons,Morrisons,1.1,,ready salted crisps
Walkers Ready Salted Multipack Crisps 6 Pack,morrisons,Walkers,2.2,,ready salted crisps
Seabrook Sea Salt Crisps 6 Pack,morrisons,Seabrook,1.5,,ready salted crisps
McCoy's Cheddar & Onion Multipack Crisps 6 Pack,morrisons,McCoy's,1.75,,cheese onion crisps
Jacob's Baked Cheddars Cheese Crackers,morrisons,Jacob's,1.0,,cheese onion crisps
Morrisons Cheese and Onion Flavour Crisps Multipack,morrisons,Morrisons,1.1,,cheese onion crisps
Walkers Cheese & Onion Multipack Crisps,morrisons,Walkers,3.24,,cheese onion crisps
Walkers Cheese & Onion Multipack Crisps 6 Pack x 25g,morrisons,Walkers,2.2,,cheese onion crisps
Alpen No Added Sugar Muesli 550g,morrisons,Alpen,2.5,,muesli
Alpen No Added Sugar Muesli   950g,morrisons,Alpen,3.99,,muesli
Morrisons Extra Fruity Muesli,morrisons,Morrisons,2.5,,muesli
Morrisons No Added Sugar Swiss Style Muesli 1kg,morrisons,Morrisons,2.5,,muesli
Morrisons Fruit & Nut Muesli,morrisons,Morrisons,2.5,,muesli
Kellogg's Rice Krispies Breakfast Cereal,morrisons,Kellogg's,3.85,,rice krispies
Kellogg's Rice Krispies Breakfast Cereal 430g,morrisons,Kellogg's,3.5,,rice krispies
Morrisons Rice Crackles,morrisons,Morrisons,1.25,,rice krispies
Kellogg's Rice Krispies Multigrain Shapes Breakfast Cereal 350g,morrisons,Kellogg's,3.5,,rice krispies
Kellogg's Rice Krispies Breakfast Cereal Bars 4x20g,morrisons,Kellogg's,1.0,,rice krispies
Tate & Lyle Pure Cane Caster Sugar 1kg,morrisons,Tate,2.25,,caster sugar
Tate & Lyle Pure Cane Caster Sugar 500g,morrisons,Tate,1.75,,caster sugar
Tate & Lyle Pure Cane Caster Sugar 2kg,morrisons,Tate,4.2,,caster sugar
Tate & Lyle Fairtrade Golden Caster Pure Cane Sugar 1kg,morrisons,Tate,2.75,,caster sugar
Tate & Lyle Pure Cane Granulated Sugar 500g,morrisons,Tate,0.89,,caster sugar
Kettle Chips Sea Salt & Balsamic Vinegar of Modena Sharing Crisps,morrisons,Kettle,1.65,,salt vinegar crisps
Morrisons The Best Sea Salt & Vinegar Crisps,morrisons,Morrisons,1.0,,salt vinegar crisps
Pringles Salt & Vinegar   165g,morrisons,Pringles,1.5,,salt vinegar crisps
McCoy's Coated Peanuts Salt & Malt Vinegar,morrisons,McCoy's,1.75,,salt vinegar crisps
Morrisons Salt and Vinegar Flavour Crisps Multipack,morrisons,Morrisons,1.1,,salt vinegar crisps
Morrisons Lightly Salted Tortilla Chips,morrisons,Morrisons,0.8,,tortilla chips
Morrisons Cool Tortilla Chips,morrisons,Morrisons,0.8,,tortilla chips
Morrisons Tortilla Chips,morrisons,Morrisons,1.0,,tortilla chips
Gran Luchito Lightly Salted Tortilla Chips 170g,morrisons,Gran,2.7,,tortilla chips
Innocent Smooth Orange Juice,morrisons,Innocent,3.0,,orange juice
Morrisons The Best Freshly Squeezed Orange Juice with Bits,morrisons,Morrisons,2.75,,orange juice
Innocent Orange Juice with Bits,morrisons,Innocent,3.0,,orange juice
Morrisons Orange Juice from Concentrate 1L,morrisons,Morrisons,1.45,,orange juice
Morrisons Orange Juice From Concentrate Smooth 1L,morrisons,Morrisons,1.75,,orange juice
Tate & Lyle Fairtrade Light Brown Soft Sugar,morrisons,Tate,3.0,,brown sugar
Tate & Lyle Fairtrade Dark Brown Soft Sugar,morrisons,Tate,3.0,,brown sugar
Billington's Demerara Sugar,morrisons,Billington's,2.15,,brown sugar
Tate & Lyle Fairtrade Unrefined Demerara Pure Cane Sugar 1kg,morrisons,Tate,3.3,,brown sugar
Tate & Lyle Fairtrade Golden Granulated Pure Cane Sugar 1kg,morrisons,Tate,2.75,,brown sugar
Morrisons Mixed Nuts,morrisons,Morrisons,2.75,,mixed nuts
Morrisons The Best Chunky Mixed Nuts,morrisons,Morrisons,3.5,,mixed nuts
Tate & Lyle Cane Icing Sugar 1kg,morrisons,Tate,2.55,,icing sugar
Tate & Lyle Cane Icing Sugar 500g,morrisons,Tate,1.4,,icing sugar
Silver Spoon Creamy Vanilla Flavour Icing Sugar   200g,morrisons,Silver,1.8,,icing sugar
Morrisons Sugar Strand Sprinkles,morrisons,Morrisons,1.25,,icing sugar
Silver Spoon Chocolate Fudge Flavour Icing Sugar   200g,morrisons,Silver,1.8,,icing sugar
Innocent Apple Juice,morrisons,Innocent,3.0,,apple juice
Morrisons 100% Cloudy Apple Juice 1L,morrisons,Morrisons,2.0,,apple juice
Morrisons Apple Juice from Concentrate 1L,morrisons,Morrisons,1.45,,apple juice
Morrisons Apple Juice From Concentrate,morrisons,Morrisons,1.35,,apple juice
Morrisons Cloudy Apple 100% Fruit Juice,morrisons,Morrisons,3.0,,apple juice
Hilltop Blossom Honey   720g,morrisons,Hilltop,3.4,,honey
Rowse Pure & Natural Squeezy Runny Honey   340g,morrisons,Rowse,2.0,,honey
Morrisons Squeezy Pure Clear Honey 454g,morrisons,Morrisons,1.95,,honey
Morrisons Squeezy Pure Honey,morrisons,Morrisons,4.0,,honey
Morrisons Pure Clear Honey,morrisons,Morrisons,1.75,,honey
Taylors of Harrogate Yorkshire Tea 240 Tea Bags,morrisons,Taylors,6.5,,tea bags
Morrisons Everyday Tea Bags 240 Pack,morrisons,Morrisons,3.25,,tea bags
Tetley Original Tea Bags 400s 1.25kg,morrisons,Tetley,6.5,,tea bags
Tetley Original Tea Bags x240,morrisons,Tetley,6.1,,tea bags
Taylors of Harrogate Yorkshire Tea 160 Tea Bags,morrisons,Taylors,7.0,,tea bags
Butterkist Crunchy Toffee Popcorn,morrisons,Butterkist,1.65,,popcorn
Proper Corn Sweet & Salty Popcorn 6x14g,morrisons,Proper,1.75,,popcorn
Morrisons Sweet & Salt Popcorn,morrisons,Morrisons,1.1,,popcorn
Butterkist Sweet & Salted Microwave Popcorn 3x60g,morrisons,Butterkist,1.75,,popcorn
Whitworths Popcorn,morrisons,Whitworths,2.5,,popcorn
Cadbury Dairy Milk Classic Chocolate Bar,morrisons,Cadbury,1.5,,chocolate bar
Morrisons Savers Milk Chocolate,morrisons,Morrisons,0.65,,chocolate bar
Cadbury Dairy Milk Biscoff Biscuit Chocolate Bar 105g,morrisons,Cadbury,1.5,,chocolate bar
Morrisons Milk Chocolate,morrisons,Morrisons,2.3,,chocolate bar
Cadbury Dairy Milk Chocolate Bar 360g,morrisons,Cadbury,5.5,,chocolate bar
Nescafe Gold Blend  Coffee Origins Alta Rica,morrisons,Nescafe,6.5,,instant coffee
Nescafe Azera Americano Instant Coffee 140g,morrisons,Nescafe,8.25,,instant coffee
Douwe Egberts Pure Gold Instant Coffee,morrisons,Douwe,8.1,,instant coffee
Morrisons Gold Roast Instant Coffee 200g,morrisons,Morrisons,2.65,,instant coffee
Nescafe Original Instant Coffee Refill,morrisons,Nescafe,3.75,,instant coffee
Taylors Rich Italian Ground Coffee,morrisons,Taylors,5.75,,ground coffee
Morrisons The Best Fair Trade Colombian Ground Coffee 227g,morrisons,Morrisons,4.3,,ground coffee
Lavazza Qualita Rossa Ground Coffee,morrisons,Lavazza,11.5,,ground coffee
Morrisons Italian Roast & Ground Coffee,morrisons,Morrisons,3.6,,ground coffee
Illy Espresso Ground Coffee,morrisons,Illy,6.75,,ground coffee
McVitie's Digestives The Original Biscuits Twin Pack,morrisons,McVitie's,2.5,,biscuits digestive
McVitie's Digestives Biscuits The Light One,morrisons,McVitie's,2.0,,biscuits digestive
Galaxy Milk Chocolate Digestive Biscuits,morrisons,Galaxy,2.0,,biscuits digestive
George Wilkinson Hot Chocolate Maker,morrisons,George,30.0,,hot chocolate
Cadbury Drinking Chocolate Hot Chocolate Tub,morrisons,Cadbury,4.5,,hot chocolate
Morrisons Instant Hot Chocolate,morrisons,Morrisons,2.5,,hot chocolate
Galaxy Instant Hot Chocolate,morrisons,Galaxy,4.0,,hot chocolate
Cadbury Chocolate Jar Break,morrisons,Cadbury,4.0,,hot chocolate
McVitie's Jaffa Cakes Original Twin Pack Biscuits 20 Pack Multipack,morrisons,McVitie's,1.85,,biscuits chocolate
Cadbury Dairy Milk Fingers Milk Chocolate Covered Biscuits,morrisons,Cadbury,1.5,,biscuits chocolate
"Fox's Biscuits Rocky Caramel Biscuit Bars Multipack, 7 Pack 136.5g",morrisons,Fox's,1.25,,biscuits chocolate
Tunnock's Milk Chocolate Tea Cakes Multipack,morrisons,Tunnock's,2.3,,biscuits chocolate
KitKat 2 Finger Milk Chocolate Biscuit Bars 8 Pack Multipack,morrisons,KitKat,2.2,,biscuits chocolate
Morrisons Lemon Washing Up Liquid,morrisons,Morrisons,0.56,,washing up liquid
Morrisons Apple Washing Up Liquid,morrisons,Morrisons,0.56,,washing up liquid
Morrisons Original Washing Up Liquid,morrisons,Morrisons,0.56,,washing up liquid
Fairy Original Washing Up Liquid,morrisons,Fairy,4.0,,washing up liquid
Fairy Original Washing Up Liquid Green with Lift Action,morrisons,Fairy,2.7,,washing up liquid
Dettol Antibacterial Disinfectant Surface CleansingSpray,morrisons,Dettol,1.75,,surface cleaner antibacterial
Morrisons 50 Original Anti-Bacterial Multi Surface Large Wipes,morrisons,Morrisons,1.1,,surface cleaner antibacterial
Dettol Fresh Cotton Antibacterial Laundry Sanitiser,morrisons,Dettol,7.5,,surface cleaner antibacterial
Morrisons 120 Rhubarb Anti-Bacterial Multi Surface Large Wipes,morrisons,Morrisons,2.0,,surface cleaner antibacterial
Pepsi Max No Sugar Cola Cans 24 x 330ml,morrisons,Pepsi,12.0,,pepsi
Pepsi Regular,morrisons,Pepsi,12.5,,pepsi
Pepsi Max Cherry No Sugar Cola Cans  24 x 330ml,morrisons,Pepsi,12.0,,pepsi
Pepsi Max No Sugar Cola Bottle  2L,morrisons,Pepsi,2.15,,pepsi
Pepsi Max 12x330ml,morrisons,Pepsi,5.9,,pepsi
Persil 3-In-1 Bio Washing Capsules 15 Washes,morrisons,Persil,3.0,,washing capsules laundry
Surf 3 in 1 Laundry Washing Detergent Capsules Passion Bloom 15 Washes,morrisons,Surf,3.0,,washing capsules laundry
Morrisons Lavender Fresh Laundry Pods 21 Pack,morrisons,Morrisons,2.76,,washing capsules laundry
Persil 3 in 1 Washing Capsules Non Bio 26 Washes,morrisons,Persil,6.5,,washing capsules laundry
Ariel Platinum + Lenor All-In-1 Washing Capsules,morrisons,Ariel,9.0,,washing capsules laundry
Morrisons Diet Lemonade 2L,morrisons,Morrisons,0.49,,lemonade
Morrisons Lemonade 2L,morrisons,Morrisons,0.49,,lemonade
Morrisons Lemonade 6 x 330ml,morrisons,Morrisons,2.0,,lemonade
Schweppes Lemonade,morrisons,Schweppes,1.55,,lemonade
Morrisons Diet Lemonade 6 x 330ml,morrisons,Morrisons,2.0,,lemonade
Comfort Ultra Fresh & Protect Fresh Sky Fabric Conditioner 58 Washes,morrisons,Comfort,3.0,,fabric conditioner
Comfort Fabric Conditioner Pure Sensitive Skin 80 Washes,morrisons,Comfort,4.0,,fabric conditioner
Comfort Fresh Fabric Conditioner Sunshiny Days 80 Washes,morrisons,Comfort,4.0,,fabric conditioner
Comfort Creations Fabric Conditioner Honeysuckle & Sandalwood 30 Washes,morrisons,Comfort,2.0,,fabric conditioner
Fairy Outdoorable Fabric Conditioner Liquid   84 Washes,morrisons,Fairy,4.5,,fabric conditioner
Highland Spring Still Spring Water 6 x 1.5L,morrisons,Highland,3.85,,still water
Highland Spring Still Water 12 x 500ml,morrisons,Highland,3.0,,still water
White Rock Spring Water 24x500ml,morrisons,White,5.0,,still water
Morrisons Yorkshire Vale Water  12 x 50cl,morrisons,Morrisons,2.0,,still water
Morrisons Yorkshire Vale Still Spring Water 6 x 2L,morrisons,Morrisons,2.5,,still water
Highland Spring Sparkling Spring Water,morrisons,Highland,3.5,,sparkling water
San Pellegrino Sparkling Natural Mineral Water,morrisons,San,5.5,,sparkling water
Morrisons Sparkling Spring Water,morrisons,Morrisons,1.39,,sparkling water
Morrisons Yorkshire Vale Sparkling Spring Water,morrisons,Morrisons,2.5,,sparkling water
Morrisons No Added Sugar Sparkling Raspberry & Blackberry Spring Water 1L,morrisons,Morrisons,0.8,,sparkling water
Regina Blitz All Purpose Kitchen Towel  2 Pack,morrisons,Regina,3.0,,kitchen roll
Plenty White Kitchen Towel 2 Rolls,morrisons,Plenty,2.75,,kitchen roll
Morrisons Kitchen Towel 4 Pack,morrisons,Morrisons,3.75,,kitchen roll
Morrisons 2 Double Kitchen Rolls,morrisons,Morrisons,2.5,,kitchen roll
Elegance Supreme Soft Frangranced Toilet Tissue 24 Pack,morrisons,Elegance,8.25,,toilet roll
Morrisons Toilet Tissue White 9 Rolls,morrisons,Morrisons,3.4,,toilet roll
Morrisons Savers Double Toilet Rolls 6 Rolls,morrisons,Morrisons,2.27,,toilet roll
Morrisons Pure Linen 6 Mega Toilet Roll,morrisons,Morrisons,3.7,,toilet roll
Morrisons Pure Linen 4 Toilet Roll,morrisons,Morrisons,2.0,,toilet roll
Robinsons Apple & Blackcurrant No Added Sugar Squash 1L,morrisons,Robinsons,2.0,,squash cordial
Robinsons Summer Fruits No Added Sugar Squash 1L,morrisons,Robinsons,2.0,,squash cordial
Morrisons No Added Sugar Apple & Pear Fruit & Barley Squash 1L,morrisons,Morrisons,1.5,,squash cordial
Morrisons Apple Quad Concentrate Squash,morrisons,Morrisons,1.85,,squash cordial
Robinsons Fruit Creations Peach & Raspberry Squash,morrisons,Robinsons,2.5,,squash cordial
Morrisons Nourish Natural Jojoba & Chamomile Extracts Shower Gel,morrisons,Morrisons,0.99,,shower gel
Morrisons Zesty Natural Lemon & Tea Tree Oils Shower Gel,morrisons,Morrisons,0.99,,shower gel
Morrisons Awake Natural Sea Minerals & Fennel 2 In 1 Shower Gel & Shampoo,morrisons,Morrisons,0.99,,shower gel
Morrisons Jammy Doughnut Shower Gel,morrisons,Morrisons,0.99,,shower gel
Original Source Vanilla & Raspberry Shower Gel,morrisons,Original,1.65,,shower gel
Birds Eye Garden Peas 800g,morrisons,Birds,2.95,,frozen peas
Morrisons Garden Peas 1kg,morrisons,Morrisons,1.7,,frozen peas
Morrisons Pvc Free Cling Film 75m,morrisons,Morrisons,2.7,,cling film
Morrisons Cling Film 40M,morrisons,Morrisons,1.85,,cling film
Bacofoil PVC Free Cling Film 30m,morrisons,Bacofoil,2.95,,cling film
Morrisons Drawstring Swing Bin Liners,morrisons,Morrisons,2.7,,bin bags
Morrisons 50L Drawstring Tall Kitchen Waste Bin Liners,morrisons,Morrisons,4.15,,bin bags
Colgate Advanced White Teeth Whitening Toothpaste,morrisons,Colgate,3.0,,toothpaste
Colgate Max White Sparkle Diamonds Teeth Whitening Toothpaste,morrisons,Colgate,3.0,,toothpaste
Oral-B Pro 3D White Clinical Intensive Whitening Toothpaste,morrisons,Oral-B,10.0,,toothpaste
Colgate Triple Action Toothpaste,morrisons,Colgate,1.25,,toothpaste
Aquafresh Triple Protection Fresh & Minty Toothpaste 75ml,morrisons,Aquafresh,1.0,,toothpaste
Birds Eye Supersweet Sweetcorn 640g,morrisons,Birds,3.0,,frozen sweetcorn
Birds Eye Garden Peas & Sweetcorn 640g,morrisons,Birds,3.0,,frozen sweetcorn
Morrisons Super Sweet Sweetcorn,morrisons,Morrisons,1.85,,frozen sweetcorn
Morrisons Sweetcorn In Water,morrisons,Morrisons,2.25,,frozen sweetcorn
Garnier Ultimate Blends Hair Food Coconut Shampoo,morrisons,Garnier,3.0,,shampoo
Head & Shoulders Dermaxpro Scalp Care Revitaliser Shampoo,morrisons,Head,4.0,,shampoo
Ogx Thick & Full Biotin & Collagen Shampoo,morrisons,Ogx,4.0,,shampoo
Herbal Essences Rose Shampoo,morrisons,Herbal,3.0,,shampoo
Pantene Core Repair & Protect Shampoo,morrisons,Pantene,6.5,,shampoo
Bacofoil The Non Stick Kitchen Foil 5m x 300mm,morrisons,Bacofoil,2.45,,tin foil
Morrisons Kitchen Foil 30m,morrisons,Morrisons,4.0,,tin foil
Morrisons Kitchen Foil 10m,morrisons,Morrisons,1.5,,tin foil
Morrisons Extra Strong Foil 20m x 300mm,morrisons,Morrisons,3.25,,tin foil
Bacofoil The Non-Stick Kitchen Foil 20m,morrisons,Bacofoil,5.95,,tin foil
Herbal Essences Argan Conditioner,morrisons,Herbal,3.0,,conditioner hair
Herbal Essences Orange Blossom Conditioner,morrisons,Herbal,3.0,,conditioner hair
Palmer's Coconut Oil Formula Moisture Boost Conditioner,morrisons,Palmer's,4.0,,conditioner hair
Monday Moisture Conditioner,morrisons,Monday,3.75,,conditioner hair
Dove Intense Repair Conditioner 350ml,morrisons,Dove,2.25,,conditioner hair
Birds Eye Country Mixed Vegetables 640g,morrisons,Birds,3.0,,frozen mixed vegetables
Morrisons Frozen Mixed Vegetables,morrisons,Morrisons,1.25,,frozen mixed vegetables
Morrisons Chargrilled Vegetables,morrisons,Morrisons,2.75,,frozen mixed vegetables
Baylis & Harding Elements Hand Wash White Tea & Neroli,morrisons,Baylis,1.85,,hand soap
Astonish Protect + Care Anti-Bacterial Peony Bloom Hand Wash,morrisons,Astonish,1.0,,hand soap
Mitchum Ultimate Floral Citrus Anti Perspirant & Deodorant Spray   250ml,morrisons,Mitchum,2.66,,deodorant
Soft & Gentle Hyaluronic Care Rosewater Dew 72h Deodorant 250ml,morrisons,Soft,2.2,,deodorant
Right Guard Total Defence 5 Clean Deodorant Spray,morrisons,Right,1.95,,deodorant
Gillette Fusion 5 Razors For Men 4 Refill Razor Blades,morrisons,Gillette,13.0,,razor blades
Wilkinson Sword Hydro 5 Men's Razor Blades,morrisons,Wilkinson,8.25,,razor blades
Venus Spa Breeze Razor 3 Blades Refills,morrisons,Venus,10.55,,razor blades
Gillette Fusion 5 Power Razors For Men 4 Refill Razor Blades,morrisons,Gillette,15.0,,razor blades
Venus Spa Blades,morrisons,Venus,24.0,,razor blades
Cravendale Filtered Fresh Semi Skimmed Milk Fresher for Long...,sainsburys,Cravendale,3.0,0.13,semi skimmed milk
Arla Bob Skimmed Milk Tastes like Semi Skimmed 2L,sainsburys,Arla,2.0,0.143,semi skimmed milk
Arla BOB Semi Skimmed Milk That Tastes Like Whole 2L,sainsburys,Arla,2.0,0.143,semi skimmed milk
"Sainsbury's British Semi Skimmed Milk, SO Organic 2.27L (4 p...",sainsburys,Sainsbury's,2.45,0.108,semi skimmed milk
Sainsbury's British Filtered Semi Skimmed Milk 2L,sainsburys,Sainsbury's,2.1,0.105,semi skimmed milk
Cravendale Filtered Fresh Whole Milk Fresher for Longer 3L,sainsburys,Cravendale,3.0,0.13,whole milk
Arla Lactofree Fresh Whole Milk Drink 1 Litre,sainsburys,Arla,1.5,0.195,whole milk
Cravendale Filtered Fresh Whole Milk Fresher for Longer 1L,sainsburys,Cravendale,1.4,0.175,whole milk
Sainsbury's British Filtered Whole Milk 2L,sainsburys,Sainsbury's,2.1,0.105,whole milk
Cravendale Filtered Fresh Skimmed Milk Fresher for Longer 1L,sainsburys,Cravendale,1.4,0.1399999999999999,skimmed milk
Arla Bob Skimmed Milk Tastes like Semi Skimmed 2L,sainsburys,Arla,2.0,0.1,skimmed milk
Arla Lactofree Organic Semi Skimmed Milk Drink 1 Litre,sainsburys,Arla,2.1,0.21,skimmed milk
Sainsbury's British Skimmed Milk 2.27L (4 pint),sainsburys,Sainsbury's,1.6573,,skimmed milk
"Sainsbury's Skimmed British Milk, SO Organic 1.136L",sainsburys,Sainsbury's,2.0,0.176,skimmed milk
Alpro Oat Milk No Sugars Chilled Dairy Alternative 1L,sainsburys,Alpro,2.1,0.21,oat milk
MOMA Extra Creamy Oat Drink Chilled 750ml,sainsburys,MOMA,1.8,0.24,oat milk
MOMA Barista Oat Drink Chilled 750ml,sainsburys,MOMA,1.8,0.24,oat milk
Oatly Oat Drink Barista Edition Long Life 1L,sainsburys,Oatly,2.2,0.22,oat milk
Califia Farms Oat Drink Barista Blend 1L,sainsburys,Califia,1.5,0.15,oat milk
Alpro Almond Milk No Sugars Chilled Dairy Alternative 1L,sainsburys,Alpro,2.2,0.22,almond milk
Alpro Almond Milk Chilled Dairy Alternative 1L,sainsburys,Alpro,2.2,0.22,almond milk
Alpro Almond Milk No Sugars Long Life Dairy Alternative 1L,sainsburys,Alpro,2.4,0.24,almond milk
Sainsbury's Unsweetened Long Life Almond Drink 1L,sainsburys,Sainsbury's,1.25,0.125,almond milk
Plenish Organic Almond 1L,sainsburys,Plenish,1.8,0.18,almond milk
Warburtons Protein Thin Bagels x4,sainsburys,Warburtons,1.8546,,bagels
Fitzgeralds Family Bakery Deli Style Sourdough Bagels Pre-Sl...,sainsburys,Fitzgeralds,2.1042,,bagels
Warburtons Original Thin Bagels x6,sainsburys,Warburtons,1.4,,bagels
Alpro Soya Milk No Sugars Chilled Dairy Alternative 1L,sainsburys,Alpro,1.78,0.178,soy milk
Alpro Soya Milk Chilled Dairy Alternative 1L,sainsburys,Alpro,1.78,0.178,soy milk
Alpro Soya Milk No Sugars Long Life Dairy Alternative 1L,sainsburys,Alpro,1.78,0.178,soy milk
Vitasoy 6 x 250ml Malt Soy Drink,sainsburys,Vitasoy,3.5,0.233,soy milk
Vitasoy 6 x 250ml Soy Drink,sainsburys,Vitasoy,3.5,0.233,soy milk
"Sainsbury's Outdoor Bred British Pork Cutlets, Taste the Dif...",sainsburys,Sainsbury's,4.16,0.756,pork chops
Sainsbury's British Pork Loin Steaks x4 480g,sainsburys,Sainsbury's,4.75,0.99,pork chops
Sainsbury's British Pork Loin Medallions x4 400g,sainsburys,Sainsbury's,4.5,1.125,pork chops
Sainsbury's British Pork Loin Steaks x8 800g,sainsburys,Sainsbury's,7.5,0.938,pork chops
Sainsbury's Thick Cut British Pork Chops x2 500g,sainsburys,Sainsbury's,5.25,1.05,pork chops
Sainsburys All Butter Croissants x2,sainsburys,Sainsbury's,1.9095,,croissants
Sainsbury's Croissants x6 240g,sainsburys,Sainsbury's,1.5025,,croissants
Sainsbury's Brioche Burger Buns Rolls x4,sainsburys,Sainsbury's,1.0927,,burger buns
"Sainsbury's Brioche Burger Buns Rolls, Taste the Difference ...",sainsburys,Sainsbury's,1.5038,,burger buns
Sainsbury's Sesame Seed Brioche Burger Buns Rolls x4,sainsburys,Sainsbury's,1.0927,,burger buns
St. Pierre Seeded Brioche Burger Buns Pre-Sliced Rolls x4,sainsburys,St.,2.0,,burger buns
Sheldon's Burger Buns Rolls x6,sainsburys,Sheldon's,1.6027,,burger buns
Sainsbury's Extra Large Brown Onions x2,sainsburys,Sainsbury's,1.407,,brown onions
Sainsbury's Smoked Air Dried Wiltshire Cured Back Bacon Rash...,sainsburys,Sainsbury's,2.5,1.042,smoked bacon
Sainsbury's Smoked Back Bacon Rashers x10 300g,sainsburys,Sainsbury's,1.49,0.497,smoked bacon
"Sainsbury's Smoked Air Dried Streaky Bacon Rashers, Taste th...",sainsburys,Sainsbury's,2.5,1.137,smoked bacon
Sainsbury's Smoked Thick Cut Back Bacon Rashers X6 300g,sainsburys,Sainsbury's,1.49,0.497,smoked bacon
Sainsbury's Smoked 16 Back Bacon Rashers 2x250g,sainsburys,Sainsbury's,2.39,0.478,smoked bacon
Alpro Oat Milk No Sugars Chilled Dairy Alternative 1L,sainsburys,Alpro,2.1,0.21,lactose free milk
Arla Lactofree Fresh Whole Milk Drink 1 Litre,sainsburys,Arla,1.5,0.15,lactose free milk
Sainsbury's Everyday Lactose Free Semi Skimmed Dairy Drink 1...,sainsburys,Sainsbury's,1.35,0.135,lactose free milk
Sainsbury's Everyday Lactose Free Skimmed Dairy Drink 1L,sainsburys,Sainsbury's,1.35,0.135,lactose free milk
Arla Lactofree Semi Skimmed Milk Drink 1L,sainsburys,Arla,1.5,0.15,lactose free milk
Anchor Salted Butter 200g,sainsburys,Anchor,1.7,0.85,salted butter
Lurpak Slightly Salted Spreadable Blend of Butter & Rapeseed...,sainsburys,Lurpak,3.0,0.75,salted butter
"Sainsbury's Salted Spreadable, Taste the Difference 250g",sainsburys,Sainsbury's,2.8,1.12,salted butter
"Sainsbury's British Butter, Salted 250g",sainsburys,Sainsbury's,1.99,0.796,salted butter
Sainsbury's Brioche Burger Buns Rolls x4,sainsburys,Sainsbury's,1.0927,,brioche
"Sainsbury's Brioche Burger Buns Rolls, Taste the Difference ...",sainsburys,Sainsbury's,1.5038,,brioche
Sainsbury's Milk Chocolate Chip Brioche Roll x8,sainsburys,Sainsbury's,1.7021,,brioche
Sainsbury's Sesame Seed Brioche Burger Buns Rolls x4,sainsburys,Sainsbury's,1.0927,,brioche
Sainsbury's Butter Brioche Roll x8,sainsburys,Sainsbury's,1.7021,,brioche
Sainsbury's Unsmoked Air Dried Wiltshire Cured Back Bacon Ra...,sainsburys,Sainsbury's,2.5,1.042,unsmoked bacon
Sainsbury's Unsmoked Back Bacon Rashers x10 300g,sainsburys,Sainsbury's,1.49,0.497,unsmoked bacon
Sainsbury's Unsmoked Thick Cut Back Bacon Rashers x6 300g,sainsburys,Sainsbury's,1.49,0.497,unsmoked bacon
Sainsbury's Reduced Fat Unsmoked Bacon Medallions x8 200g,sainsburys,Sainsbury's,1.59,0.795,unsmoked bacon
Sainsbury's Unsmoked 16 Back Bacon Rashers 2x250g,sainsburys,Sainsbury's,2.39,0.478,unsmoked bacon
"Sainsbury's Sliced Red Onions, Inspired to Cook 150g",sainsburys,Sainsbury's,0.75,0.5,red onions
"Sainsbury's Red Onions, SO Organic 500g",sainsburys,Sainsbury's,1.45,0.29,red onions
Sainsbury's Sliced Red Onions 500g,sainsburys,Sainsbury's,1.5,0.3,red onions
"Sainsbury's British Pork and Red Onion Sausages, Taste the D...",sainsburys,Sainsbury's,3.25,0.8130000000000001,red onions
"Sainsbury's Wood-Fired Four Cheese & Caramelised Red Onion, ...",sainsburys,Sainsbury's,4.0,0.842,red onions
"Sainsbury's Spring Onion Bunch, SO Organic 100g",sainsburys,Sainsbury's,0.11,,spring onions
"Sainsbury's Cheddar & Spring Onion Crisps, Taste the Differe...",sainsburys,Sainsbury's,1.5,1.0,spring onions
Higgidy Hoisin Pulled Mushroom & Spring Onion Rolls 160g,sainsburys,Higgidy,3.5,2.1879999999999997,spring onions
Blue Dragon Oyster & Spring Onion Stir Fry Sauce 120g,sainsburys,Blue,0.95,0.792,spring onions
itsu Chicken & Spring Onion 8 Gyoza Dumplings 150g,sainsburys,itsu,3.0,2.0,spring onions
Sainsbury's Fairtrade Bananas x8,sainsburys,Sainsbury's,1.3917,,bananas
Anchor Unsalted Butter 200g,sainsburys,Anchor,1.7,0.85,unsalted butter
Lurpak Unsalted Spreadable Blend of Butter & Rapeseed Oil 40...,sainsburys,Lurpak,3.0,0.75,unsalted butter
"Sainsbury's British Butter, Unsalted 250g",sainsburys,Sainsbury's,1.99,0.796,unsalted butter
Lurpak Unsalted Butter 200g,sainsburys,Lurpak,2.8,1.4,unsalted butter
"Sainsbury's British Butter Unsalted, SO Organic 250g",sainsburys,Sainsbury's,3.2,1.28,unsalted butter
"Sainsbury's Smoked Air Dried Streaky Bacon Rashers, Taste th...",sainsburys,Sainsbury's,2.5,1.137,streaky bacon
Sainsbury's Smoked Streaky Bacon Rashers x14 300g,sainsburys,Sainsbury's,2.29,0.763,streaky bacon
"Sainsbury's Unsmoked Air Dried Streaky Bacon Rashers, Taste ...",sainsburys,Sainsbury's,2.5,1.137,streaky bacon
Sainsbury's Unsmoked Streaky Bacon Rashers x14 300g,sainsburys,Sainsbury's,2.29,0.763,streaky bacon
Finnebrogue Naked Smoked Streaky Bacon Rashers x12 200g,sainsburys,Finnebrogue,2.5,1.25,streaky bacon
Lurpak Slightly Salted Spreadable Blend of Butter & Rapeseed...,sainsburys,Lurpak,3.0,0.75,spreadable butter
Anchor Spreadable Blend of Butter & Rapeseed Oil Spread 750g,sainsburys,Anchor,5.0,0.667,spreadable butter
Lurpak Lighter Spreadable Blend of Slightly Salted Butter & ...,sainsburys,Lurpak,3.0,0.75,spreadable butter
Sainsbury's Buttersoft Spreadable 500g,sainsburys,Sainsbury's,2.35,0.47,spreadable butter
Sainsbury's Strawberries 400g,sainsburys,Sainsbury's,3.6,0.9,strawberries
"Sainsbury's Pork Sausages, Taste the Difference x10 667g",sainsburys,Sainsbury's,4.75,0.712,pork sausages
"Sainsbury's British Pork & Apple Sausages, Taste the Differe...",sainsburys,Sainsbury's,2.75,0.688,pork sausages
Sainsbury's Butcher's Choice British Pork & British Bacon Pi...,sainsburys,Sainsbury's,3.0,1.154,pork sausages
"Sainsbury's British Pork Sausages, Taste the Difference x6 4...",sainsburys,Sainsbury's,2.75,0.688,pork sausages
"Sainsbury's British Pork Cumberland Sausages, Taste the Diff...",sainsburys,Sainsbury's,3.25,0.8130000000000001,pork sausages
Very Lazy Chopped Garlic 200g,sainsburys,Very,1.95,0.975,garlic
Sainsbury's Garlic Granules 58g,sainsburys,Sainsbury's,1.1,1.897,garlic
Sainsbury's Garlic Granules 138g,sainsburys,Sainsbury's,1.8,1.3039999999999998,garlic
Sainsbury's Garlic Paste 75g,sainsburys,Sainsbury's,1.75,2.3329999999999997,garlic
MOJU 420ml 7 x Shots Ginger Dosing Bottle,sainsburys,MOJU,3.95,0.941,ginger root
Belvoir Farm 750ml Ginger Beer Bottle,sainsburys,Belvoir,3.5,0.4669999999999999,ginger root
Sainsbury's Root Ginger Loose,sainsburys,Sainsbury's,5.6,0.5599999999999999,ginger root
Clipper Fairtrade Restoring Roots Ginger & Turmeric Organic ...,sainsburys,Clipper,1.7,4.7219999999999995,ginger root
Mother Root Ginger 0.0% Alcohol Free Aperitif 500ml,sainsburys,Mother,27.95,5.59,ginger root
Sainsbury's Olive Spread 500g,sainsburys,Sainsbury's,1.5,0.3,olive spread
Bertolli Olive Oil Light Spread Alternative to Spreadable Bu...,sainsburys,Bertolli,3.0,0.667,olive spread
Sainsbury's Blueberries 150g,sainsburys,Sainsbury's,2.2,1.467,blueberries
Sainsbury's Blueberries 300g,sainsburys,Sainsbury's,3.3,1.1,blueberries
Sainsbury's 360g Frozen Blueberries,sainsburys,Sainsbury's,3.3,0.917,blueberries
Heck Chicken Italia Gluten Free Chipolata Sausages x10 340g,sainsburys,Heck,3.25,0.956,chicken sausages
Heck Simply Chicken Gluten Free Chipolata Sausages x10 340g,sainsburys,Heck,2.5,0.735,chicken sausages
Najma Halal Mini Chicken Sausages Smoked 400g,sainsburys,Najma,2.95,0.738,chicken sausages
Najma Halal Chicken Sausages Smoked 400g,sainsburys,Najma,2.95,0.738,chicken sausages
Sainsbury's Raspberries 150g,sainsburys,Sainsbury's,2.5,1.6670000000000005,raspberries
Sainsbury's Raspberries 250g,sainsburys,Sainsbury's,3.5,1.4,raspberries
Sainsbury's Spanish Chorizo Ring 225g,sainsburys,Sainsbury's,2.25,1.0,chorizo
Sainsbury's Carrots 500g,sainsburys,Sainsbury's,0.55,0.11,carrots
Sainsbury's Chantenay Carrots 400g,sainsburys,Sainsbury's,1.05,0.263,carrots
Pilgrims Choice Extra Mature Cheddar Cheese 350g,sainsburys,Pilgrims,4.25,1.214,mature cheddar
Pilgrims Choice Mature Cheddar Cheese 350g,sainsburys,Pilgrims,4.25,1.214,mature cheddar
Sainsbury's British Mature Cheddar Cheese 400g,sainsburys,Sainsbury's,3.35,0.8380000000000001,mature cheddar
Cathedral City Mature Cheddar Cheese 350g,sainsburys,Cathedral,3.35,0.957,mature cheddar
Quorn Vegan Pepperoni 100g,sainsburys,Quorn,1.85,1.85,pepperoni
Sainsbury's German Pizza Pepperoni Slices x32 100g,sainsburys,Sainsbury's,1.0,1.0,pepperoni
Sainsbury's Double Pepperoni Thin Pizza 339g,sainsburys,Sainsbury's,1.85,0.546,pepperoni
Sainsbury's Stonebaked Pepperoni Pizza 270g,sainsburys,Sainsbury's,3.8,1.407,pepperoni
Goodfella's Stonebaked Thin Pepperoni Pizza 332g,sainsburys,Goodfella's,3.0,0.904,pepperoni
Sainsbury's British Parsnips 500g,sainsburys,Sainsbury's,0.74,0.148,parsnips
Sainsbury's Parsnips Loose,sainsburys,Sainsbury's,1.48,0.148,parsnips
Sainsbury's Braeburn Apples x6,sainsburys,Sainsbury's,1.2,,braeburn apples
Sainsbury's Braeburn Apple Single,sainsburys,Sainsbury's,5.5,,braeburn apples
Sainsbury's Royal Gala Apples x6,sainsburys,Sainsbury's,1.803,,braeburn apples
Sainsbury's Pink Lady Apples x6,sainsburys,Sainsbury's,2.9048,,braeburn apples
Sainsbury's Pink Lady Apples x4,sainsburys,Sainsbury's,2.5063,,braeburn apples
Sainsbury's British Mild Cheddar Cheese 400g,sainsburys,Sainsbury's,3.35,0.8380000000000001,mild cheddar
Stamford Street Co. Mild Cheddar Slices x10 200g,sainsburys,Stamford,1.39,0.6950000000000001,mild cheddar
Stamford Street Co. Mild Cheddar 600g,sainsburys,Stamford,3.74,0.623,mild cheddar
Sainsbury's British Mild Cheddar Cheese Slices 240g,sainsburys,Sainsbury's,2.9,1.208,mild cheddar
Cathedral City Kids Snack Nibbles Mild Lighter Cheddar Chees...,sainsburys,Cathedral,2.0,2.5,mild cheddar
Quorn Vegan Smoky Ham Free Slices 100g,sainsburys,Quorn,2.7,2.7,ham sliced
Quorn Vegetarian Ham Slices 170g,sainsburys,Quorn,3.1,1.824,ham sliced
Sainsbury's 6 Honey Roast Ham Slices 120g,sainsburys,Sainsbury's,1.33,1.109,ham sliced
Deli Express British Drury Lane Cooked Ham Slices x4 150g,sainsburys,Deli,2.95,1.967,ham sliced
Sainsbury's Wafer Thin Brunswick Ham Slices 125g,sainsburys,Sainsbury's,1.85,1.48,ham sliced
Sainsbury's Tenderstem Broccoli 200g,sainsburys,Sainsbury's,1.6,0.8,broccoli
Sainsbury's Broccoli Florets 900g,sainsburys,Sainsbury's,1.07,0.119,broccoli
Sainsbury's Purple Sprouting Broccoli Spears 200g,sainsburys,Sainsbury's,2.25,1.125,broccoli
Sainsbury's Broccoli & Cauliflower Florets 900g,sainsburys,Sainsbury's,1.5,0.1669999999999999,broccoli
Sainsbury's Royal Gala Apples x6,sainsburys,Sainsbury's,1.803,,gala apples
"Sainsbury's Royal Gala Apples, SO Organic x6",sainsburys,Sainsbury's,2.3539,,gala apples
Sainsbury's Royal Gala Apple Single,sainsburys,Sainsbury's,3.95,,gala apples
Sainsbury's Pink Lady Apples x6,sainsburys,Sainsbury's,2.9048,,gala apples
Sainsbury's Braeburn Apples x6,sainsburys,Sainsbury's,1.2,,gala apples
Pilgrims Choice Extra Mature Cheddar Cheese 350g,sainsburys,Pilgrims,4.25,1.214,extra mature cheddar
Pilgrims Choice Lighter Extra Mature Cheese 350g,sainsburys,Pilgrims,4.25,1.214,extra mature cheddar
Sainsbury's British Extra Mature Cheddar Cheese 400g,sainsburys,Sainsbury's,3.35,0.8380000000000001,extra mature cheddar
Pilgrims Choice Extra Mature Cheddar Cheese 550g,sainsburys,Pilgrims,4.0,0.727,extra mature cheddar
Cathedral City Extra Mature Cheddar Cheese 550g,sainsburys,Cathedral,5.5,1.0,extra mature cheddar
Sainsbury's Red Leicester Cheese 250g,sainsburys,Sainsbury's,2.85,1.14,red leicester
"Sainsbury's Red Leicester, SO Organic 270g",sainsburys,Sainsbury's,3.5,1.296,red leicester
Jacob's Mini Cheddars Red Leicester Baked Snacks Multipack 1...,sainsburys,Jacob's,3.5,1.268,red leicester
Jacob's Mini Cheddars Red Leicester Multipack Snacks 6x23g,sainsburys,Jacob's,1.25,0.906,red leicester
Stamford Street Co. Red Leicester 600g,sainsburys,Stamford,3.74,0.623,red leicester
Mowi Scottish Salmon Fillets 230g,sainsburys,Mowi,4.95,2.152,salmon fillets
Sainsbury's 2 Skinless Scottish Salmon Fillets 220g,sainsburys,Sainsbury's,4.95,2.25,salmon fillets
Sainsbury's Skin on ASC Scottish Salmon Fillets x2 240g,sainsburys,Sainsbury's,4.75,1.979,salmon fillets
Sainsbury's Skin on ASC Scottish Salmon Fillets x4 480g,sainsburys,Sainsbury's,9.45,1.969,salmon fillets
Sainsbury's Sweet Chilli ASC Scottish Salmon Portions x2 180...,sainsburys,Sainsbury's,4.95,2.75,salmon fillets
Sainsbury's Cauliflower,sainsburys,Sainsbury's,1.19,,cauliflower
Sainsbury's Cauliflower Florets 900g,sainsburys,Sainsbury's,1.5,0.1669999999999999,cauliflower
Sainsbury's Broccoli & Cauliflower Florets 900g,sainsburys,Sainsbury's,1.5,0.1669999999999999,cauliflower
Sainsbury's Oranges x5,sainsburys,Sainsbury's,1.1,,oranges
Sainsbury's Oranges Large x4,sainsburys,Sainsbury's,2.005,,oranges
Galbani Mozzarella Panini Slices x6 120g,sainsburys,Galbani,1.5,1.25,mozzarella
Stamford Street Co. Mozzarella Cheese Ball 125g,sainsburys,Stamford,0.69,0.5519999999999999,mozzarella
Sainsbury's Grated Mozzarella Cheese 250g,sainsburys,Sainsbury's,2.7,1.08,mozzarella
Fish Said Fred 2 Big Cod Fillets 300g,sainsburys,Fish,7.95,2.65,cod fillets
Sainsbury's Skinless & Boneless Cod Fillets 360g,sainsburys,Sainsbury's,5.5,1.528,cod fillets
Sainsbury's Breaded Cod Fillet Fish Fingers x10 300g,sainsburys,Sainsbury's,2.25,0.75,cod fillets
Sainsbury's Lightly Dusted MSC Cod Fillets x2 255g,sainsburys,Sainsbury's,3.95,1.549,cod fillets
Birds Eye Breaded Cod Fillets x4 400g,sainsburys,Birds,4.5,1.125,cod fillets
Sainsbury's Small Whole Cucumber,sainsburys,Sainsbury's,3.89,0.333,cucumber
Sainsbury's Large Whole Cucumber,sainsburys,Sainsbury's,1.15,,cucumber
"Sainsbury's Lemons Unwaxed, SO Organic x3",sainsburys,Sainsbury's,1.9063,,lemons
Sainsbury's 4 x Unwaxed Lemons,sainsburys,Sainsbury's,1.4035,,lemons
Sainsbury's Cypriot Halloumi Cheese 225g,sainsburys,Sainsbury's,1.99,0.884,halloumi
Sainsbury's Red Seedless Grapes 500g,sainsburys,Sainsbury's,1.6,0.32,grapes
Sainsbury's White Seedless Grapes 500g,sainsburys,Sainsbury's,2.0,0.4,grapes
Sainsbury's Red & White Seedless Grapes 500g,sainsburys,Sainsbury's,2.0,0.4,grapes
Sainsbury's Mixed Grapes 900g,sainsburys,Sainsbury's,3.95,0.4389999999999999,grapes
Sainsbury's Gouda Cheese 265g,sainsburys,Sainsbury's,2.65,1.0,gouda
Mlekovita Gouda Slices 150g,sainsburys,Mlekovita,1.85,1.233,gouda
Sainsbury's Chorizo & Gouda Rollitos x8 80g,sainsburys,Sainsbury's,3.0,3.75,gouda
Sainsbury's Tuna Steak in Spring Water 3x120g,sainsburys,Sainsbury's,3.9,1.083,tuna steaks
Sainsbury's Skinless & Boneless Yellowfin Tuna Steaks x2 220...,sainsburys,Sainsbury's,5.49,2.495,tuna steaks
John West Tuna Steak with Spring Water 3x60g,sainsburys,John,2.5,1.389,tuna steaks
John West No Drain Fridge Pot Tuna Steak with a Little Sprin...,sainsburys,John,2.05,1.864,tuna steaks
Sainsbury's Crownless Pineapple,sainsburys,Sainsbury's,1.0,,pineapple
Sainsbury's Pineapple 160g,sainsburys,Sainsbury's,1.5,0.938,pineapple
Sainsbury's Large Pineapple,sainsburys,Sainsbury's,1.75,,pineapple
"Sainsbury's Apple, Pineapple & Grape 160g",sainsburys,Sainsbury's,1.5,0.938,pineapple
"Sainsbury's Mango, Watermelon & Pineapple 260g",sainsburys,Sainsbury's,2.8,1.077,pineapple
"Sainsbury's Romaine Lettuce Hearts, Twin Pack x2",sainsburys,Sainsbury's,1.206,,romaine lettuce
Sainsbury's Sweet Gem Lettuce x2,sainsburys,Sainsbury's,1.005,,romaine lettuce
Sainsbury's Iceberg Lettuce 200g,sainsburys,Sainsbury's,0.64,0.32,romaine lettuce
Sainsbury's Lambs Lettuce 60g,sainsburys,Sainsbury's,1.0,1.6670000000000005,romaine lettuce
Sainsbury's Edam Cheese Slices 250g,sainsburys,Sainsbury's,2.5,1.0,edam
Sainsbury's Mild & Buttery Edam 300g,sainsburys,Sainsbury's,3.3,1.065,edam
Sainsbury's Edam Cheese Slices 400g,sainsburys,Sainsbury's,3.95,0.988,edam
Mlekovita Edam Slices 150g,sainsburys,Mlekovita,1.85,1.233,edam
Sainsbury's Galia Melon,sainsburys,Sainsbury's,1.7,,melon
Sainsbury's Honeydew Melon,sainsburys,Sainsbury's,1.87,,melon
Sainsbury's Cantaloupe Melon,sainsburys,Sainsbury's,2.0,,melon
Warburtons Soft Farmhouse Thick Sliced White Bread 800g,sainsburys,Warburtons,1.65,0.206,white sliced bread
Hovis Soft Medium Sliced White Bread 800g,sainsburys,Hovis,1.39,0.174,white sliced bread
Kingsmill Medium Sliced 50/50 Bread 800g,sainsburys,Kingsmill,1.3,0.1629999999999999,white sliced bread
Warburtons Toastie Thick Sliced White Bread 800g,sainsburys,Warburtons,1.4,0.175,white sliced bread
"Sainsbury's Sourdough Medium Sliced White Bread, Taste the D...",sainsburys,Sainsbury's,2.0,0.5,white sliced bread
Sainsbury's 300g Closed Cup Chestnut Mushrooms,sainsburys,Sainsbury's,1.05,0.35,mushrooms
Sainsbury's Closed Cup Mushrooms Vitamin D 400g,sainsburys,Sainsbury's,1.29,0.323,mushrooms
Sainsbury's White Baby Button Vitamin D Mushrooms 200g,sainsburys,Sainsbury's,1.2,0.6,mushrooms
Sainsbury's White Large Flat Vitamin D Mushrooms 250g,sainsburys,Sainsbury's,1.25,0.5,mushrooms
Sainsbury's Chestnut Super Mushrooms 300g,sainsburys,Sainsbury's,1.65,0.55,mushrooms
Warburtons Medium Wholemeal Bread 800g,sainsburys,Warburtons,1.35,0.1689999999999999,wholemeal bread
Sainsbury's Soft Multiseed Farmhouse Thick Sliced Wholemeal ...,sainsburys,Sainsbury's,1.6,0.2,wholemeal bread
Warburtons Medium Sliced Wholemeal Bread 400g,sainsburys,Warburtons,0.95,0.238,wholemeal bread
Hovis Medium Sliced Wholemeal Bread 800g,sainsburys,Hovis,1.5,0.188,wholemeal bread
Allinson's Batch Baked Scandalous Seeds Wholemeal Bread 650g,sainsburys,Allinson's,2.0,0.308,wholemeal bread
Sainsbury's Sliced Mixed Peppers 500g,sainsburys,Sainsbury's,0.99,0.198,peppers mixed
"Sainsbury's Mixed Peppers, SO Organic x3 (Colours may vary)",sainsburys,Sainsbury's,2.6588,,peppers mixed
"Sainsbury's Chargrilled Mixed Peppers, Inspired to Cook 280g...",sainsburys,Sainsbury's,2.95,1.0539999999999998,peppers mixed
Sainsbury's Inspired to Cook Mixed Pepper Stir Fry 300g,sainsburys,Sainsbury's,1.8,0.6,peppers mixed
Sainsbury's Kiwi Fruit x6,sainsburys,Sainsbury's,1.192,,kiwi
Sainsbury's Ripe & Ready Kiwi x4,sainsburys,Sainsbury's,1.604,,kiwi
Sainsbury's 4 x So Organic Kiwi,sainsburys,Sainsbury's,1.8045,,kiwi
Sainsbury's Large Kiwi Fruit Single,sainsburys,Sainsbury's,3.95,,kiwi
Pilgrims Choice Grated Extra Mature Cheddar 180g,sainsburys,Pilgrims,2.55,1.417,grated cheddar
Stamford Street Co. Grated Cheddar 500g,sainsburys,Stamford,2.99,0.5980000000000001,grated cheddar
Sainsbury's British Mature Grated Cheddar Cheese 250g,sainsburys,Sainsbury's,2.7,1.08,grated cheddar
Sainsbury's British Mature Cheddar Cheese Slices 240g,sainsburys,Sainsbury's,2.9,1.208,grated cheddar
Sainsbury's Grated Four Cheese Mix 250g,sainsburys,Sainsbury's,2.7,1.08,grated cheddar
Jason's Sourdough The Great White Bread 450g,sainsburys,Jason's,2.2,0.489,sourdough bread
"Sainsbury's Seeded Sourdough Loaf Bread, Taste the Differenc...",sainsburys,Sainsbury's,2.0,0.5,sourdough bread
Jason's Sourdough White Ciabattin Bread 580g,sainsburys,Jason's,2.2,0.379,sourdough bread
"Sainsbury's Sourdough Medium Sliced White Bread, Taste the D...",sainsburys,Sainsbury's,2.0,0.5,sourdough bread
Jason's Sourdough Grains & Seeds Ciabatt Bread,sainsburys,Jason's,2.2,0.379,sourdough bread
Sainsbury's Gouda Cheese Slices 250g,sainsburys,Sainsbury's,2.5,1.0,cheese slices
Sainsbury's Edam Cheese Slices 250g,sainsburys,Sainsbury's,2.5,1.0,cheese slices
Sainsbury's Grated Mozzarella Cheese 250g,sainsburys,Sainsbury's,2.7,1.08,cheese slices
Sainsbury's Red Chillies 65g,sainsburys,Sainsbury's,0.55,0.8460000000000001,red chillies
Sainsbury's Red Kidney Beans in Chilli Sauce 400g,sainsburys,Sainsbury's,1.1,0.275,red chillies
Sainsbury's Bird Eye Chillies (Red or Green) 20g,sainsburys,Sainsbury's,0.7,3.5,red chillies
Tyrrells Sweet Chilli & Red Pepper Sharing Crisps 150g,sainsburys,Tyrrells,2.75,1.8329999999999995,red chillies
Sainsbury's Conference Pears x4,sainsburys,Sainsbury's,1.604,,pears
Stamford Street Co. Mini Pears 550g,sainsburys,Stamford,0.99,0.18,pears
Sainsbury's Ripe & Ready Plums x5,sainsburys,Sainsbury's,2.0,,plums
Sainsbury's Courgettes Loose,sainsburys,Sainsbury's,2.78,0.2779999999999999,courgettes
Sainsbury's Courgettes 500g,sainsburys,Sainsbury's,1.45,0.29,courgettes
Sainsbury's Baby Courgettes 200g,sainsburys,Sainsbury's,1.9,0.95,courgettes
Hovis Seed Sensations Seven Seeds Medium Sliced Seeded Bread...,sainsburys,Hovis,2.0,0.25,seeded bread
Warburtons Thick Sliced Seeded Bread 800g,sainsburys,Warburtons,1.7,0.213,seeded bread
Hovis Seed Sensations Seven Seeds Medium Sliced Seeded Bread...,sainsburys,Hovis,1.2,0.3,seeded bread
Sainsbury's Maris Piper Potatoes 2kg,sainsburys,Sainsbury's,1.809,,potatoes
Sainsbury's White Potatoes 2kg,sainsburys,Sainsbury's,1.3266,,potatoes
Sainsbury's Baby Potatoes 1kg,sainsburys,Sainsbury's,1.05,0.105,potatoes
Sainsbury's Sweet Potatoes Loose,sainsburys,Sainsbury's,1.19,0.119,potatoes
Sacla' Char-Grilled Aubergine Pesto 190g,sainsburys,Sacla',3.35,1.763,aubergine
"Sainsbury's Aubergine Parmigiana Sauce, Taste the Difference...",sainsburys,Sainsbury's,3.25,0.929,aubergine
White Rabbit 250g Gluten Free Filled Aubergine Parmigiana Gi...,sainsburys,White,3.0,1.2,aubergine
Sainsbury's Sweet Potatoes Loose,sainsburys,Sainsbury's,1.19,0.119,sweet potatoes
Sainsbury's Sweet Potato 1.25kg,sainsburys,Sainsbury's,1.49,0.119,sweet potatoes
Sainsbury's Sweet Potato Fries 500g,sainsburys,Sainsbury's,2.9,0.58,sweet potatoes
"Sainsbury's Sweet Potato, SO Organic 750g",sainsburys,Sainsbury's,2.7,0.36,sweet potatoes
Strong Roots Oven Baked Sweet Potato 500g,sainsburys,Strong,3.65,0.73,sweet potatoes
Sainsbury's Fine Green Beans 200g,sainsburys,Sainsbury's,1.1,0.55,green beans
"Sainsbury's 200g Extra Fine Green Beans,Taste the Difference",sainsburys,Sainsbury's,1.55,0.775,green beans
Sainsbury's Green Beans 300g,sainsburys,Sainsbury's,1.16,0.387,green beans
Sainsbury's Whole Green Beans 900g,sainsburys,Sainsbury's,1.07,0.119,green beans
Sainsbury's Runner Beans 225g,sainsburys,Sainsbury's,1.8,0.8,green beans
Sharwood's Garlic & Coriander Naan Breads x2,sainsburys,Sharwood's,1.65,0.635,naan bread
Sainsbury's Garlic & Coriander Naan x2 260g,sainsburys,Sainsbury's,0.69,0.265,naan bread
Sainsbury's Plain Naan x 2 260g,sainsburys,Sainsbury's,0.69,0.265,naan bread
Sainsbury's Mini Plain Naan x4 188g,sainsburys,Sainsbury's,1.0,0.532,naan bread
Sainsbury's Garlic & Coriander Mini Naan x4 188g,sainsburys,Sainsbury's,1.0,0.532,naan bread
Sainsbury's Baby Potatoes 1kg,sainsburys,Sainsbury's,1.05,0.105,baby potatoes
Sainsbury's Baby Potatoes with Herbs & Butter 385g,sainsburys,Sainsbury's,1.2,0.312,baby potatoes
Root Zero Baby Potatoes 750g,sainsburys,Root,1.4,0.187,baby potatoes
Sainsbury's Peeled New Potatoes In Water 300g (195g*),sainsburys,Sainsbury's,1.23,0.41,baby potatoes
Sainsbury's Peeled New Potatoes In Water 560g (360g*),sainsburys,Sainsbury's,1.1,0.319,baby potatoes
Old El Paso Mexican Regular Soft Flour Tortilla Wraps x8 326...,sainsburys,Old,1.4,0.429,wraps tortilla
Old El Paso Mexican Large Soft Flour Tortilla Wraps x6 350g,sainsburys,Old,1.4,0.4,wraps tortilla
Old El Paso Mexican Regular Soft Whole Wheat Tortilla Wraps ...,sainsburys,Old,1.6,0.491,wraps tortilla
Sainsbury's Plain Tortilla Wraps x8 496g,sainsburys,Sainsbury's,1.4018,,wraps tortilla
Sainsbury's Wholemeal Tortilla Wraps x8 512g,sainsburys,Sainsbury's,1.4018,,wraps tortilla
Sainsbury's Asparagus Spears,sainsburys,Sainsbury's,2.25,0.9,asparagus
Saisbury's Asparagus Tips 100g,sainsburys,Saisbury's,1.7,1.7,asparagus
Sainsbury's Asparagus Fine 100g,sainsburys,Sainsbury's,1.75,1.75,asparagus
Sainsbury's Minted Tenderstem Broccoli & Asparagus 260g,sainsburys,Sainsbury's,2.8,1.077,asparagus
Sainsbury's Sweetcorn Cobettes x4,sainsburys,Sainsbury's,1.2932,,sweetcorn
Sainsbury's Naturally Sweet Sweetcorn In Water 198g (157g*),sainsburys,Sainsbury's,0.59,0.297,sweetcorn
Sainsbury's Sweetcorn 3x198g (157g*),sainsburys,Sainsbury's,1.45,0.293,sweetcorn
Warburtons Crumpets x9,sainsburys,Warburtons,1.1513,,crumpets
Genius 4 x Gluten Free Crumpets,sainsburys,Genius,1.85,,crumpets
Warburtons Gluten Free Crumpets x4,sainsburys,Warburtons,2.7569,,crumpets
Sainsbury's Celery Sticks 250g,sainsburys,Sainsbury's,0.9,0.36,celery
All Things 240g Mixed Berries Cottage Cheese,sainsburys,All,1.75,0.729,cottage cheese
All Things 240g Mango Cottage Cheese,sainsburys,All,1.75,0.729,cottage cheese
All Things 240g Natural Cottage Cheese,sainsburys,All,1.85,0.771,cottage cheese
Graham's the Family Dairy Low Fat Cottage Cheese 300g,sainsburys,Graham's,1.65,0.55,cottage cheese
Graham's the Family Dairy Cottage Cheese Natural 300g,sainsburys,Graham's,1.65,0.55,cottage cheese
Clarence Court Mabel Pearmans's Burford Brown Medium Free Ra...,sainsburys,Clarence,3.2053,,free range eggs
Clarence Court Mabel Pearmans's Burford Browns Large Free Ra...,sainsburys,Clarence,3.1,,free range eggs
St. Ewe Rich Yolk Free Range Eggs x10,sainsburys,St.,3.85,,free range eggs
"Sainsbury's Free Range Golden Yolk Eggs, Taste the Differenc...",sainsburys,Sainsbury's,4.7039,,free range eggs
"Sainsbury's Golden Yolk Free Range British Eggs, Taste the D...",sainsburys,Sainsbury's,2.7546,,free range eggs
Sainsbury's British Free Range Eggs Medium x12,sainsburys,Sainsbury's,2.8524,,medium eggs
Sainsbury's British Free Range Eggs Medium x6,sainsburys,Sainsbury's,1.803,,medium eggs
Sainsbury's Free Range British Eggs Medium x15,sainsburys,Sainsbury's,3.5023,,medium eggs
Clarence Court Mabel Pearmans's Burford Brown Medium Free Ra...,sainsburys,Clarence,3.2053,,medium eggs
"Sainsbury's Woodland Free Range Medium Eggs, SO Organic x6",sainsburys,Sainsbury's,2.8548,,medium eggs
"Sainsbury's Woodland Free Range Medium Eggs, SO Organic x6",sainsburys,Sainsbury's,2.8548,,organic eggs
"Sainsbury's Woodland Free Range Large Eggs, SO Organic x6",sainsburys,Sainsbury's,2.9549,,organic eggs
Purely Organic Free Range Eggs x10 540g,sainsburys,Purely,5.2052,,organic eggs
Stonegate Estate Organic Eggs Large x6,sainsburys,Stonegate,4.0067,,organic eggs
Danone Natural Skyr Icelandic Style Yoghurt 480g,sainsburys,Danone,2.4,0.5,greek yoghurt
Danone Natural Skyr Icelandic Style Yoghurt 800g,sainsburys,Danone,2.75,0.344,greek yoghurt
"Sainsbury's Authentic Greek Yogurt, Taste the Difference 500...",sainsburys,Sainsbury's,2.35,0.47,greek yoghurt
"Sainsbury's Authentic Fat Free Greek Yogurt, Taste the Diffe...",sainsburys,Sainsbury's,2.35,0.47,greek yoghurt
Sainsbury's Greek Style Natural Yogurt 1kg,sainsburys,Sainsbury's,1.95,0.195,greek yoghurt
Biotiful Gut Health Kefir Natural Yogurt Original 1kg,sainsburys,Biotiful,3.5,0.35,natural yoghurt
Danone Natural Skyr Icelandic Style Yoghurt 480g,sainsburys,Danone,2.4,0.5,natural yoghurt
Danone Natural Skyr Icelandic Style Yoghurt 800g,sainsburys,Danone,2.75,0.344,natural yoghurt
Lindahls 150g Protein + Immunity Lemon Flavour Yoghurt,sainsburys,Lindahls,1.4,0.933,flavoured yoghurt
Danone Natural Skyr Icelandic Style Yoghurt 480g,sainsburys,Danone,2.4,0.5,skyr yoghurt
Danone Natural Skyr Icelandic Style Yoghurt 800g,sainsburys,Danone,2.75,0.344,skyr yoghurt
Danone Strawberry Skyr Icelandic Style Yoghurt 270g,sainsburys,Danone,1.5,0.5559999999999999,skyr yoghurt
Arla Skyr Natural Icelandic Style Yogurt 450g,sainsburys,Arla,2.5,0.5559999999999999,skyr yoghurt
Arla Skyr Strawberry Icelandic Style Yogurt 450g,sainsburys,Arla,2.5,0.5559999999999999,skyr yoghurt
Sainsbury's Double Cream 600ml,sainsburys,Sainsbury's,3.0,0.5,double cream
Sainsbury's British Extra Thick Double Fresh Cream 300ml,sainsburys,Sainsbury's,2.0,0.667,double cream
Sainsbury's Double Cream 300ml,sainsburys,Sainsbury's,1.7,0.567,double cream
Sainsbury's British Double Cream 150ml,sainsburys,Sainsbury's,1.2,0.8,double cream
Elmlea Double Alternative to Cream 270ml,sainsburys,Elmlea,1.75,0.648,double cream
Sainsbury's British Single Cream 300ml,sainsburys,Sainsbury's,1.35,0.45,single cream
Sainsbury's British Single Cream 150ml,sainsburys,Sainsbury's,0.95,0.633,single cream
Elmlea Single Alternative To Cream 270ml,sainsburys,Elmlea,1.5,0.5559999999999999,single cream
Sainsbury's British Single Fresh Cream 600ml,sainsburys,Sainsbury's,2.25,0.375,single cream
Oatly Creamy Oat Single Cream Chilled 250ml,sainsburys,Oatly,1.25,0.5,single cream
Sainsbury's Soured Cream 300ml,sainsburys,Sainsbury's,0.99,0.3299999999999999,sour cream
Sainsbury's Fresh Soured Cream 150ml,sainsburys,Sainsbury's,0.85,0.567,sour cream
Pringles 165g Sour Cream & Onion Sharing Crisps,sainsburys,Pringles,1.75,1.061,sour cream
Popchips Sour Cream & Onion Multipack Crisps 5pk,sainsburys,Popchips,2.25,2.647,sour cream
Penn State Sour Cream & Chives Sharing Pretzels 175g,sainsburys,Penn,1.65,0.943,sour cream
Yeo Valley Organic Half Fat Crème Fraiche 200g,sainsburys,Yeo,1.6,0.8,creme fraiche
"Sainsbury's Petits Pois & Creme Fraiche Soup, Taste the Diff...",sainsburys,Sainsbury's,1.8,0.45,creme fraiche
Sainsbury's Hot Smoked Salmon with Lemon & Dill Creme Fraich...,sainsburys,Sainsbury's,4.5,,creme fraiche
Sainsbury's Just Cook Hunters Chicken Breasts 430g,sainsburys,Sainsbury's,4.5,1.0470000000000002,chicken breast
Sainsbury's Cajun British Chicken Breast Grills 330g,sainsburys,Sainsbury's,3.75,1.137,chicken breast
Sainsbury's 320g British Fresh Skinless & Boneless Chicken B...,sainsburys,Sainsbury's,2.34,0.731,chicken breast
Sainsbury's 1kg British Fresh Skinless & Boneless Chicken Br...,sainsburys,Sainsbury's,6.49,0.649,chicken breast
Sainsbury's 640g British Fresh Skinless & Boneless Chicken B...,sainsburys,Sainsbury's,4.42,0.6910000000000001,chicken breast
LEON Chicken Thigh Burgers 460g,sainsburys,LEON,4.25,0.924,chicken thighs
Sainsbury's 2kg British Fresh Chicken Skin on Thighs,sainsburys,Sainsbury's,5.75,0.288,chicken thighs
Sainsbury's Sweet Chilli Chicken Thighs 900g,sainsburys,Sainsbury's,4.0,0.444,chicken thighs
Sainsbury's 640g British Fresh Skinless & Boneless Chicken T...,sainsburys,Sainsbury's,5.95,0.93,chicken thighs
Sainsbury's 1kg British Fresh Chicken Skin on Thighs,sainsburys,Sainsbury's,2.99,0.299,chicken thighs
Sainsbury's 1.6kg British Fresh Medium Whole Chicken,sainsburys,Sainsbury's,3.57,0.223,whole chicken
Sainsbury's 1.45kg Rotisserie Style Whole Chicken,sainsburys,Sainsbury's,7.0,0.483,whole chicken
Sainsbury's Roast Whole Cooked British Chicken 894g - 1112g,sainsburys,Sainsbury's,5.5,0.548,whole chicken
Sainsbury's British Small Whole Chicken,sainsburys,Sainsbury's,3.29,0.274,whole chicken
Sainsbury's 640g British Fresh Skinless & Boneless Chicken T...,sainsburys,Sainsbury's,5.95,0.93,chicken drumsticks
Sainsbury's 1kg British Fresh Chicken Skin on Thighs,sainsburys,Sainsbury's,2.99,0.299,chicken drumsticks
Sainsbury's 1kg British Chicken Thigh Fillets,sainsburys,Sainsbury's,6.95,0.6950000000000001,chicken drumsticks
Sainsbury's 2kg British Fresh Chicken Skin on Thighs,sainsburys,Sainsbury's,5.75,0.288,chicken drumsticks
Sainsbury's 1kg British Fresh Skin on Chicken Legs,sainsburys,Sainsbury's,2.25,0.225,chicken drumsticks
Sainsbury's 640g British Fresh Skinless & Boneless Chicken T...,sainsburys,Sainsbury's,5.95,0.93,chicken wings
Sainsbury's 1kg British Fresh Chicken Skin on Thighs,sainsburys,Sainsbury's,2.99,0.299,chicken wings
Sainsbury's 1kg British Chicken Thigh Fillets,sainsburys,Sainsbury's,6.95,0.6950000000000001,chicken wings
Sainsbury's 2kg British Fresh Chicken Skin on Thighs,sainsburys,Sainsbury's,5.75,0.288,chicken wings
Sainsbury's 1kg British Fresh Skin on Chicken Legs,sainsburys,Sainsbury's,2.25,0.225,chicken wings
Sainsbury's British or Irish 5% Fat Beef Mince 500g,sainsburys,Sainsbury's,5.19,1.038,beef mince
Sainsbury's British or Irish 5% Fat Beef Mince 250g,sainsburys,Sainsbury's,2.69,1.076,beef mince
Sainsbury's British or Irish 20% Fat Beef Mince 500g,sainsburys,Sainsbury's,3.25,0.65,beef mince
Sainsbury's British or Irish 5% Fat Beef Mince 750g,sainsburys,Sainsbury's,7.15,0.953,beef mince
Sainsbury's British or Irish Beef Mince 1kg,sainsburys,Sainsbury's,9.25,0.925,beef mince
"Sainsbury's British Beef Mince 5% Fat , Taste the Difference...",sainsburys,Sainsbury's,6.25,1.25,lean beef mince
Sainsbury's Organic British Beef Mince 5% Fat 500g,sainsburys,Sainsbury's,9.25,1.85,lean beef mince
"Sainsbury's 30 Days Matured British Beef Sirloin Steak, Tast...",sainsburys,Sainsbury's,7.0,3.111,sirloin steak
Sainsbury's British or Irish 21 Day Matured Sirloin Steak 22...,sainsburys,Sainsbury's,6.5,2.889,sirloin steak
Sainsbury's 30 Days Matured British Beef Thin Cut Sirloin St...,sainsburys,Sainsbury's,5.5,3.5479999999999996,sirloin steak
Sainsbury's 30 Days Matured British Beef Thick Cut Sirloin S...,sainsburys,Sainsbury's,13.25,3.313,sirloin steak
"Sainsbury's 30 Days Matured British Beef Ribeye Steak, Taste...",sainsburys,Sainsbury's,9.25,3.245,ribeye steak
Sainsbury's British or Irish 21 Day Matured Ribeye Steak 225...,sainsburys,Sainsbury's,6.75,3.0,ribeye steak
Sainsbury's 30 Days Matured British Beef Thick Cut Ribeye St...,sainsburys,Sainsbury's,14.0,3.5,ribeye steak
"Sainsbury's 30 Days Matured British Beef Ribeye Steak, So Or...",sainsburys,Sainsbury's,9.25,4.111,ribeye steak
Sainsbury's British or Irish Extra Lean Casserole Steak 500g,sainsburys,Sainsbury's,6.25,1.25,beef stewing steak
"Sainsbury's Steak Casserole & Dumplings, Taste the Differenc...",sainsburys,Sainsbury's,4.85,1.213,beef stewing steak
"Sainsbury's Steak Casserole & Dumplings, Taste the Differenc...",sainsburys,Sainsbury's,6.75,0.844,beef stewing steak
Stamford Street Co. Corned Beef Slices 100g,sainsburys,Stamford,1.3,1.3,beef stewing steak
Sainsburys Quick Cook Extra Thin British or Irish Beef 200g,sainsburys,Sainsbury's,2.75,1.375,beef stewing steak
Sainsbury's British or New Zealand 10% Fat Lamb Mince 500g,sainsburys,Sainsbury's,7.25,1.45,lamb mince
Sainsbury's British or New Zealand 20% Fat Lamb Mince 500g,sainsburys,Sainsbury's,7.0,1.4,lamb mince
Sainsbury's British or New Zealand 20% Fat Lamb Mince 250g,sainsburys,Sainsbury's,4.25,1.7,lamb mince
"Sainsbury's 20% Fat British Lamb Mince, SO Organic 400g",sainsburys,Sainsbury's,6.25,1.5630000000000002,lamb mince
Sainsbury's 6 x Lamb Kofta Shish Kebabs 360g,sainsburys,Sainsbury's,4.25,1.1800000000000002,lamb mince
"Sainsbury's Welsh Hill Lamb Cutlets, Taste the Difference x4...",sainsburys,Sainsbury's,7.05,2.66,lamb chops
"Sainsbury's Welsh Hill Lamb Rump Steaks, Taste the Differenc...",sainsburys,Sainsbury's,7.35,2.45,lamb chops
Sainsbury's British or New Zealand Lamb Chops 340g,sainsburys,Sainsbury's,6.75,1.985,lamb chops
Sainsbury's British or New Zealand Lamb Chops 170g,sainsburys,Sainsbury's,3.25,1.912,lamb chops
"Sainsbury's So Organic British Lamb Chops, approx 325g",sainsburys,Sainsbury's,7.15,2.2,lamb chops
Sainsbury's British Pork Mince 5% Fat 500g,sainsburys,Sainsbury's,2.55,0.51,pork mince
Sainsbury's British Pork Mince 10% Fat 500g,sainsburys,Sainsbury's,2.5,0.5,pork mince
Sainsbury's British 10% Fat Pork Mince 750g,sainsburys,Sainsbury's,3.7,0.493,pork mince
Sainsbury's British Pork Mince 20% Fat 500g,sainsburys,Sainsbury's,2.45,0.49,pork mince
"Sainsbury's 5% Fat Outdoor Bred British Pork Mince, Taste th...",sainsburys,Sainsbury's,4.5,0.9,pork mince
Sainsbury's Naturally Sweet Sweetcorn In Water 198g (157g*),sainsburys,Sainsbury's,0.59,0.297,tinned sweetcorn
Sainsbury's Sweetcorn 3x198g (157g*),sainsburys,Sainsbury's,1.45,0.293,tinned sweetcorn
Sainsbury's Naturally Sweet Sweetcorn in Water 325g (260g*),sainsburys,Sainsbury's,0.72,0.222,tinned sweetcorn
Heinz Cream of Tomato Soup 400g,sainsburys,Heinz,1.7,0.425,tinned soup
Heinz Chicken & Vegetable Chunky Big Soup 400g,sainsburys,Heinz,2.2,0.55,tinned soup
Heinz Cream of Tomato Soup x4 400g,sainsburys,Heinz,3.75,0.2339999999999999,tinned soup
Sainsbury's Cream Of Tomato Soup 400g,sainsburys,Sainsbury's,0.59,0.148,tinned soup
Sainsbury's Cream Of Chicken Soup 400g,sainsburys,Sainsbury's,0.59,0.148,tinned soup
St Dalfour Strawberry Jam 284g,sainsburys,St,2.5,0.8800000000000001,jam strawberry
Sainsbury's Strawberry Jam 454g,sainsburys,Sainsbury's,0.89,0.196,jam strawberry
Bonne Maman Strawberry Conserve 370g,sainsburys,Bonne,3.0,0.8109999999999999,jam strawberry
"Sainsbury's Strawberry Conserve, Taste the Difference 340g",sainsburys,Sainsbury's,2.55,0.75,jam strawberry
Stamford Street Co. Strawberry Jam 454g,sainsburys,Stamford,0.49,0.108,jam strawberry
Sainsbury's Butternut Squash Loose,sainsburys,Sainsbury's,1.5,0.15,butternut squash
"Sainsbury's Butternut Squash Slices, Inspired to Cook 400g",sainsburys,Sainsbury's,1.5,0.375,butternut squash
Sainsbury's Butternut Squash Chunks 500g,sainsburys,Sainsbury's,0.99,0.198,butternut squash
Sainsbury's Butternut Squash & Spinach Croquettes 225g,sainsburys,Sainsbury's,2.4,1.067,butternut squash
"Sainsbury's Butternut Squash, Organic (loose)",sainsburys,Sainsbury's,1.9,0.19,butternut squash
Sainsbury's Beetroot Vacuum Pack 250g,sainsburys,Sainsbury's,0.8,0.32,beetroot
Sainsbury's Beetroot In Vinegar 300g,sainsburys,Sainsbury's,0.9,0.3,beetroot
Sainsbury's Bunched Beetroot 500g,sainsburys,Sainsbury's,2.3,0.4599999999999999,beetroot
Alpro Barista Coconut Milk Chilled Dairy Alternative 750ml,sainsburys,Alpro,1.75,0.233,coconut milk
Alpro Coconut Milk Chilled Dairy Alternative 1L,sainsburys,Alpro,2.2,0.22,coconut milk
Alpro Barista Coconut Milk Long Life Dairy Alternative 1L,sainsburys,Alpro,2.3,0.2299999999999999,coconut milk
Laila Coconut Milk 400ml,sainsburys,Laila,1.1,0.275,coconut milk
KTC Coconut Milk 400ml,sainsburys,KTC,1.35,0.3379999999999999,coconut milk
Pip & Nut Smooth Peanut Butter 300g,sainsburys,Pip,3.5,1.167,peanut butter
Pip & Nut Crunchy Peanut Butter 300g,sainsburys,Pip,3.5,1.167,peanut butter
Sainsbury's Peanut Butter Smooth 340g,sainsburys,Sainsbury's,1.15,0.3379999999999999,peanut butter
Stamford Street Co. Crunchy Peanut Butter 340g,sainsburys,Stamford,0.99,0.291,peanut butter
Meridian Crunchy Peanut Butter 1kg,sainsburys,Meridian,7.0,0.7,peanut butter
Nutella Hazelnut & Chocolate Spread 350g,sainsburys,Nutella,3.2,0.914,nutella
Nutella Hazelnut Chocolate Spread Jar 630g,sainsburys,Nutella,4.75,0.754,nutella
Nutella Hazelnut & Chocolate Spread 200g,sainsburys,Nutella,2.35,1.175,nutella
Nutella Hazelnut & Chocolate Spread 1kg,sainsburys,Nutella,6.9,0.6900000000000001,nutella
Nutella Plant Based Hazelnut & Chocolate Spread 350g,sainsburys,Nutella,4.0,1.143,nutella
Sainsbury's Fresh Packed Basil 30g,sainsburys,Sainsbury's,0.55,1.8329999999999995,fresh basil
Sainsbury's Tomato & Basil Sauce 350g (Serves 2),sainsburys,Sainsbury's,1.75,0.5,fresh basil
Sainsbury's Fresh Living Basil Pot,sainsburys,Sainsbury's,1.6,,fresh basil
Sainsbury's Thai Basil 20g,sainsburys,Sainsbury's,0.9,4.5,fresh basil
"Sainsbury's Basil Pesto, Taste the Difference 150g",sainsburys,Sainsbury's,3.0,2.0,fresh basil
Heinz 490g Tomato & Garlic Marinara Pasta Sauce,sainsburys,Heinz,1.75,0.357,pasta sauce tomato
Heinz 490g Tomato & Basil Margherita Pasta Sauce,sainsburys,Heinz,1.75,0.357,pasta sauce tomato
Heinz 490g Tomato & Cheese Creamy Pasta Sauce,sainsburys,Heinz,1.75,0.357,pasta sauce tomato
"Sainsbury's Tomato Puree, Double Concentrate 200g",sainsburys,Sainsbury's,0.65,0.325,pasta sauce tomato
Sainsbury's Creamy Tomato Pasta Bake Sauce 480g,sainsburys,Sainsbury's,0.69,0.144,pasta sauce tomato
Sainsbury's Fresh Packed Bunch Coriander 30g,sainsburys,Sainsbury's,0.55,1.8329999999999995,fresh coriander
Sainsbury's Fresh Packed Coriander 100g,sainsburys,Sainsbury's,1.25,1.25,fresh coriander
Sainsbury's Garlic & Coriander Naan x2 260g,sainsburys,Sainsbury's,0.69,0.265,fresh coriander
Sainsbury's Garlic & Coriander Mini Naan x4 188g,sainsburys,Sainsbury's,1.0,0.532,fresh coriander
Sainsbury's Mini Garlic & Coriander Naans x4,sainsburys,Sainsbury's,1.1529,,fresh coriander
Sainsbury's Reduced Sugar Fine Cut Orange Marmalade 415g,sainsburys,Sainsbury's,1.1,0.265,marmalade
Stamford Street Co. Medium Cut Orange Marmalade 454g,sainsburys,Stamford,0.85,0.187,marmalade
Sainsbury's Green Pesto 190g,sainsburys,Sainsbury's,0.89,0.4679999999999999,pesto green
"Sainsbury's Green Pesto, Light 190g",sainsburys,Sainsbury's,0.89,0.4679999999999999,pesto green
Sacla Basil Pesto 190g,sainsburys,Sacla,2.5,1.316,pesto green
Sacla' Pesto Pots No. 1 Classic Basil 2x45g,sainsburys,Sacla',2.0,2.222,pesto green
Quaker Porridge Oats 1kg,sainsburys,Quaker,2.25,0.225,porridge oats
Quaker Oat So Simple 12 x 27g Original Porridge Sachets,sainsburys,Quaker,3.75,1.389,porridge oats
Scott's Porage Original Porridge Oats 1kg,sainsburys,Scott's,2.95,0.295,porridge oats
Sainsbury's Scottish Porridge Oats 1kg,sainsburys,Sainsbury's,1.35,0.135,porridge oats
Sainsbury's Scottish Porridge Oats 1.5kg,sainsburys,Sainsbury's,1.95,0.13,porridge oats
Sainsbury's Fresh Packed Mint 30g,sainsburys,Sainsbury's,0.55,1.8329999999999995,fresh mint
Sainsbury's Fresh Living Mint Pot,sainsburys,Sainsbury's,1.6,,fresh mint
Sainsbury's 100g Mint,sainsburys,Sainsbury's,1.25,1.25,fresh mint
blu 2.0 Pods Fresh Mint 9mg/ml,sainsburys,blu,7.0,,fresh mint
Sainsbury's Slow Cook Lamb Shanks with Mint 680g (Serves 2),sainsburys,Sainsbury's,6.5,0.956,fresh mint
Patak's Tikka Masala Spice Paste 283g,sainsburys,Patak's,2.75,0.971,curry paste tikka
Patak's Tikka Masala Paste Pots 2 x 70g,sainsburys,Patak's,1.85,1.3210000000000002,curry paste tikka
Sharwood's Tikka Masala Indian Curry Sauce Kit 280g,sainsburys,Sharwood's,2.8,1.0,curry paste tikka
The Spice Tailor Tikka Masala Indian Curry Paste Kit 120g,sainsburys,The,2.0,1.6670000000000005,curry paste tikka
"Sainsbury's Fragrant Tikka Curry Paste, Inspired to Cook 200...",sainsburys,Sainsbury's,2.1,1.05,curry paste tikka
Blue Dragon Thai Green Curry Paste 170g,sainsburys,Blue,2.3,1.353,curry paste korma
Blue Dragon Thai Red Curry Paste 170g,sainsburys,Blue,2.3,1.353,curry paste korma
Patak's Tikka Masala Spice Paste 283g,sainsburys,Patak's,2.75,0.971,curry paste korma
Patak's Korma Paste Pots 2 x 70g,sainsburys,Patak's,1.85,1.3210000000000002,curry paste korma
Patak's Tikka Masala Paste Pots 2 x 70g,sainsburys,Patak's,1.85,1.3210000000000002,curry paste korma
Sainsbury's Fresh Packed Flat Leaf Parsley 30g,sainsburys,Sainsbury's,0.55,1.8329999999999995,fresh parsley
Sainsbury's Fresh Packed Flat Leaf Parsley 100g,sainsburys,Sainsbury's,1.25,1.25,fresh parsley
Sainsbury's Fresh Curly Parsley 30g,sainsburys,Sainsbury's,0.55,1.8329999999999995,fresh parsley
Sainsbury's Fresh Living Curly Parsley Pot,sainsburys,Sainsbury's,1.6,,fresh parsley
Sainsbury's Fresh Living Flat Leaf Parsley Pot,sainsburys,Sainsbury's,1.6,,fresh parsley
Sainsbury's Cornflakes Cereal 500g,sainsburys,Sainsbury's,0.95,0.19,cornflakes
Sainsbury's Honey Nut Cornflakes 500g,sainsburys,Sainsbury's,1.1,0.22,cornflakes
Sainsbury's Chinese Sauce 175g,sainsburys,Sainsbury's,1.3,0.743,stir fry sauce
Sainsbury's Teriyaki Stir Fry Sauce 175g,sainsburys,Sainsbury's,1.3,0.743,stir fry sauce
Sainsbury's Inspired to Cook Sweet Chilli Stir Fry Sauce 175...,sainsburys,Sainsbury's,1.3,0.743,stir fry sauce
Sainsbury's Plum & Hoisin Stir Fry Sauce 175g,sainsburys,Sainsbury's,1.3,0.743,stir fry sauce
"Sainsbury's Soy Ginger & Garlic Stir Fry Sauce, Inspired to ...",sainsburys,Sainsbury's,1.3,0.743,stir fry sauce
Dorset Cereals Nutty Granola Breakfast Cereal 450g,sainsburys,Dorset,2.95,0.8,granola
Dorset Cereals Oat Granola Breakfast Cereal 500g,sainsburys,Dorset,2.95,0.8,granola
Dorset Cereals Honey Granola Breakfast Cereal 450g,sainsburys,Dorset,2.95,0.889,granola
FUEL10K Chocolate Chunks Protein Granola Breakfast Cereal 40...,sainsburys,FUEL10K,3.75,0.938,granola
Heinz Top Down Ketchup 460g,sainsburys,Heinz,2.5,0.5429999999999999,tomato ketchup
Heinz Tomato Ketchup 910g,sainsburys,Heinz,4.0,0.44,tomato ketchup
Heinz Tomato Ketchup 700g,sainsburys,Heinz,3.9,0.557,tomato ketchup
Sainsbury's Tomato Ketchup Sauce 460g,sainsburys,Sainsbury's,0.95,0.207,tomato ketchup
Sainsbury's Tomato Ketchup Sauce 680g,sainsburys,Sainsbury's,1.1,0.162,tomato ketchup
Barilla Spaghetti Pasta 500g,sainsburys,Barilla,1.5,0.3,spaghetti
Sainsbury's Spaghetti Pasta 500g,sainsburys,Sainsbury's,0.75,0.15,spaghetti
Sainsbury's Spaghetti Wholewheat Pasta 500g,sainsburys,Sainsbury's,0.75,0.15,spaghetti
Sainsbury's Spaghetti Pasta 1kg,sainsburys,Sainsbury's,1.5,0.15,spaghetti
De Cecco Spaghetti Pasta 500g,sainsburys,De,2.0,0.4,spaghetti
Weetabix 24 Original Cereal Pack,sainsburys,Weetabix,3.0,,weetabix
Weetabix 48 Original Cereal Pack,sainsburys,Weetabix,5.5011,,weetabix
Weetabix 500g Crispy Minis Chocolate Chip Breakfast Cereal,sainsburys,Weetabix,2.75,0.55,weetabix
Weetabix 12 Original Cereal Pack,sainsburys,Weetabix,2.0017,,weetabix
Weetabix 24 Oatibix Cereal,sainsburys,Weetabix,3.8016,,weetabix
Sainsbury's Penne Pasta 1kg,sainsburys,Sainsbury's,1.38,0.1379999999999999,penne pasta
Sainsbury's Penne Rigate Pasta 500g,sainsburys,Sainsbury's,0.69,0.1379999999999999,penne pasta
Sainsbury's Wholewheat Penne Pasta 500g,sainsburys,Sainsbury's,0.69,0.1379999999999999,penne pasta
Sainsbury's Free from Penne Pasta 500g,sainsburys,Sainsbury's,0.75,0.15,penne pasta
De Cecco Penne Rigate Pasta 500g,sainsburys,De,2.0,0.4,penne pasta
Sainsbury's Fusilli Pasta 1kg,sainsburys,Sainsbury's,1.19,0.119,fusilli pasta
Sainsbury's Fusilli Pasta 500g,sainsburys,Sainsbury's,0.6,0.12,fusilli pasta
Sainsbury's Wholewheat Fusilli Pasta 500g,sainsburys,Sainsbury's,0.75,0.15,fusilli pasta
Sainsbury's Spirali Pasta 500g,sainsburys,Sainsbury's,0.75,0.15,fusilli pasta
Sainsbury's Free from Fusilli Pasta 500g,sainsburys,Sainsbury's,0.75,0.15,fusilli pasta
Hellmann's Real Squeezy Mayonnaise 750ml,sainsburys,Hellmann's,3.9,0.52,mayonnaise
Hellmanns Real Squeezy Mayonnaise 580ml,sainsburys,Hellmanns,2.8,0.482,mayonnaise
Heinz Seriously Good Mayonnaise 775g,sainsburys,Heinz,3.5,0.4519999999999999,mayonnaise
Sainsbury's Mayonnaise Squeezy 500ml,sainsburys,Sainsbury's,1.0,0.2,mayonnaise
Sainsbury's Rice Pops 375g,sainsburys,Sainsbury's,0.95,0.253,rice krispies
Kellogg's Rice Krispies Squares Delightfully Chocolatey Snac...,sainsburys,Kellogg's,2.25,1.5630000000000002,rice krispies
Sainsbury's Choco Rice Pops 375g,sainsburys,Sainsbury's,0.95,0.253,rice krispies
Kellogg's Rice Krispies Breakfast Cereal 660g,sainsburys,Kellogg's,4.35,0.659,rice krispies
HP Squeezy Brown Sauce 425g,sainsburys,HP,3.4,0.756,brown sauce
Sainsbury's Brown Sauce 450g,sainsburys,Sainsbury's,1.1,0.244,brown sauce
HP Brown Sauce 285g,sainsburys,HP,2.0,0.702,brown sauce
HP The Original Brown Sauce 600g,sainsburys,HP,3.5,0.583,brown sauce
Daddies Brown Sauce 400g,sainsburys,Daddies,2.0,0.5,brown sauce
Sainsbury's Fresh Egg Tagliatelle 500g,sainsburys,Sainsbury's,2.5,0.5,tagliatelle
Sainsbury's Tagliatelle Pasta 500g,sainsburys,Sainsbury's,0.75,0.15,tagliatelle
Sainsbury's Ham & Mushroom Tagliatelle Ready Meal For 1 400g,sainsburys,Sainsbury's,3.75,0.938,tagliatelle
Sainsbury's Linguine Pasta 500g,sainsburys,Sainsbury's,0.75,0.15,linguine
De Cecco Linguine Pasta 500g,sainsburys,De,2.0,0.4,linguine
Barilla Linguine Pasta 500g,sainsburys,Barilla,1.5,0.3,linguine
Tropicana Smooth Orange Fruit Juice 1.5L,sainsburys,Tropicana,3.0,0.2,orange juice
Tropicana Original Orange with Bits Fruit Juice 1.5L,sainsburys,Tropicana,3.0,0.2,orange juice
Capri-Sun Orange 8 x 200ml,sainsburys,Capri-Sun,2.5,0.157,orange juice
"Sainsbury's 100% Pure Squeezed Orange Juice with Bits, Not F...",sainsburys,Sainsbury's,2.0,0.2,orange juice
"Sainsbury's Freshly Squeezed Orange Juice with Bits, Taste t...",sainsburys,Sainsbury's,4.3,0.287,orange juice
Dolmio Lasagne Creamy White Pasta Sauce 440g,sainsburys,Dolmio,2.6,0.591,lasagne sheets
Dolmio Lasagne Red Tomato Pasta Sauce 450g,sainsburys,Dolmio,2.6,0.5780000000000001,lasagne sheets
Sainsbury's Lasagne Sheets Pasta 500g,sainsburys,Sainsbury's,0.75,0.15,lasagne sheets
Sainsbury's Fresh Egg Lasagne Sheets 250g,sainsburys,Sainsbury's,2.0,0.8,lasagne sheets
Sainsbury's Free From Lasagne Sheets 250g,sainsburys,Sainsbury's,0.75,0.3,lasagne sheets
Copella Cloudy Apple Fruit Juice 900ml,sainsburys,Copella,2.0,0.223,apple juice
Copella Apple & Elderflower Fruit Juice 900ml,sainsburys,Copella,2.0,0.223,apple juice
"Sainsbury's 100% Pressed Apple Juice, Not From Concentrate 1...",sainsburys,Sainsbury's,2.0,0.2,apple juice
"Sainsbury's Apple & Pear Juice, Not From Concentrate 1L",sainsburys,Sainsbury's,2.0,0.2,apple juice
Sainsbury's Pure Apple Juice 1L,sainsburys,Sainsbury's,1.6,0.16,apple juice
Sainsbury's Worcester Sauce 150ml,sainsburys,Sainsbury's,1.25,0.833,worcestershire sauce
Lea & Perrins Worcester Sauce 150ml,sainsburys,Lea,2.0,1.333,worcestershire sauce
Walkers Worcester Sauce Lea & Perrins Multipack Crisps 6 x 2...,sainsburys,Walkers,2.2,1.467,worcestershire sauce
Walkers Worcester Sauce Lea & Perrins Grab Bag Crisps 45g,sainsburys,Walkers,1.2,2.6670000000000003,worcestershire sauce
Cholula Original Hot Sauce 150ml,sainsburys,Cholula,2.5,1.6670000000000005,hot sauce
Frank's Redhot Original Pepper Sauce 148ml,sainsburys,Frank's,2.5,1.689,hot sauce
Tabasco Sriracha Hot Chilli Sauce 256ml,sainsburys,Tabasco,3.15,1.23,hot sauce
Sainsbury's Sriracha Hot Sauce 300g,sainsburys,Sainsbury's,1.9,0.633,hot sauce
Blue Dragon Original Thai Sweet Chilli Sauce 315g,sainsburys,Blue,2.7,0.857,hot sauce
Ben's Original Classic Basmati Microwave Rice 220g,sainsburys,Ben's,1.0,0.4549999999999999,basmati rice
Sainsbury's Microwave Rice Basmati 250g,sainsburys,Sainsbury's,0.49,0.196,basmati rice
Sainsbury's Basmati Rice 1kg,sainsburys,Sainsbury's,1.79,0.179,basmati rice
Tilda Microwave Rice Pure Basmati 250g,sainsburys,Tilda,1.0,0.4,basmati rice
Sainsbury's Basmati Rice 500g,sainsburys,Sainsbury's,0.89,0.178,basmati rice
Clipper Organic Everyday Tea Bags x80,sainsburys,Clipper,4.25,1.832,tea bags
Twinings Superblends Feel Good Collection Tea Bags x20 38.4g,sainsburys,Twinings,3.8,10.0,tea bags
Clipper Fairtrade Everyday Tea Bags x80 23g,sainsburys,Clipper,2.75,1.1,tea bags
Yorkshire Tea Bags x240,sainsburys,Yorkshire,8.5,1.133,tea bags
Sainsburys Red Label Fairtrade Decaf Tea Bags x80 250g,sainsburys,Sainsbury's,1.75,0.7,tea bags
French's Classic Yellow Mustard 226g,sainsburys,French's,2.5,1.106,mustard
Sainsbury's Dijon Mustard 185g,sainsburys,Sainsbury's,0.45,0.243,mustard
Colman's Original English Mustard 100g,sainsburys,Colman's,2.0,2.0,mustard
Colman's Original English Mustard 170g,sainsburys,Colman's,2.25,1.324,mustard
Maille Dijon Original Mustard 215g,sainsburys,Maille,3.2,1.488,mustard
Ben's Original Classic Long Grain Microwave Rice 220g,sainsburys,Ben's,1.0,0.4549999999999999,long grain rice
Sainsbury's Microwave Rice Long Grain White 250g,sainsburys,Sainsbury's,0.49,0.196,long grain rice
Sainsbury's Easy Cook Long Grain White Rice 1kg,sainsburys,Sainsbury's,1.25,0.125,long grain rice
Ben's Original Golden Vegetable Microwave Rice 220g,sainsburys,Ben's,1.0,0.454,long grain rice
Ben's Original Mexican Style Microwave Rice 220g,sainsburys,Ben's,1.0,0.454,long grain rice
L'OR Intense Instant Coffee 150g,sainsburys,L'OR,6.95,4.634,instant coffee
Nescafe Gold Blend Smooth Instant Coffee 190g,sainsburys,Nescafe,5.2,2.737,instant coffee
Nescafe Azera Americano Instant Coffee 140g,sainsburys,Nescafe,5.5,3.929,instant coffee
Nescafé Azera Americano Instant Coffee 90g,sainsburys,Nescafé,7.25,8.056000000000001,instant coffee
Nescafe Cappuccino Instant Coffee Sachets 12x15.5g,sainsburys,Nescafe,2.5,1.344,instant coffee
Gallo My Risotto Perfetto Porcini Mushroom 175g,sainsburys,Gallo,2.85,1.629,risotto rice
Gallo Traditional Risotto Rice 500g,sainsburys,Gallo,3.0,0.6,risotto rice
Gallo Easy Cook Risotto 500g,sainsburys,Gallo,2.65,0.53,risotto rice
Sainsbury's Arborio Risotto Rice 500g,sainsburys,Sainsbury's,2.0,0.4,risotto rice
Yutaka Sushi Rice 500g,sainsburys,Yutaka,2.2,0.44,risotto rice
Sainsbury's Vegetable Oil 1L,sainsburys,Sainsbury's,1.65,0.1649999999999999,vegetable oil
Crisp 'N Dry Vegetable Oil 100% Rapeseed 1L,sainsburys,Crisp,2.95,0.295,vegetable oil
Sainsbury's Vegetable Oil 3L,sainsburys,Sainsbury's,4.75,0.158,vegetable oil
Sainsbury's Pure Vegetable Oil 5L,sainsburys,Sainsbury's,7.5,0.15,vegetable oil
Sainsbury's Vegetable Oil Spray 200ml,sainsburys,Sainsbury's,1.95,0.975,vegetable oil
JS Sunflower Oil 1L,sainsburys,JS,1.65,0.1649999999999999,sunflower oil
Frylight 1 Cal Golden Sunflower Oil Cooking Spray 190ml,sainsburys,Frylight,1.75,0.921,sunflower oil
Sainsbury's Pure Sunflower Oil 5L,sainsburys,Sainsbury's,7.5,0.15,sunflower oil
Flora Pure Sunflower Oil with Vitamin E 1L,sainsburys,Flora,2.5,0.25,sunflower oil
Sainsbury's Sunflower Oil 3L,sainsburys,Sainsbury's,4.75,0.158,sunflower oil
Pepsi Max Lime No Sugar Cola Cans 8 x 330ml,sainsburys,Pepsi,4.95,0.188,pepsi
Pepsi Max No Sugar Cola Cans 8x330ml,sainsburys,Pepsi,4.95,0.188,pepsi
Pepsi Max No Caffeine 8x330ml,sainsburys,Pepsi,4.95,0.188,pepsi
Pepsi Max No Sugar Cola Cans 12x330ml,sainsburys,Pepsi,5.0,0.126,pepsi
Pepsi Max No Sugar Cola Cans 24x330ml,sainsburys,Pepsi,12.0,0.152,pepsi
Sainsbury's Rice Noodles 250g,sainsburys,Sainsbury's,1.0,0.4,rice noodles
Naked Rice Long Grain Rice Japanese Katsu Curry 78g,sainsburys,Naked,1.25,1.6030000000000002,rice noodles
itsu Chick-n Ramen Rice Noodle Pot 64g,sainsburys,itsu,2.0,3.125,rice noodles
itsu Satay Rice Noodle Pot 64g,sainsburys,itsu,2.0,3.125,rice noodles
Ko-lee Rice Vermicelli Noodles,sainsburys,Ko-lee,1.5,0.75,rice noodles
McDougalls Plain Flour 1.1kg,sainsburys,McDougalls,1.85,0.1679999999999999,plain flour
Freee Gluten Free Plain White Flour 1kg,sainsburys,Freee,1.95,0.195,plain flour
Carrs Breadmaker Strong White Flour 1.5kg,sainsburys,Carrs,1.65,0.11,plain flour
Homepride Plain Pre Sieved Flour 1.5kg,sainsburys,Homepride,1.5,0.1,plain flour
Doves Farm Organic White Flour 1kg,sainsburys,Doves,2.0,0.2,plain flour
Heinz Baked Beans in a Rich Tomato Sauce 6x200g,sainsburys,Heinz,3.6,0.3,baked beans
Heinz Baked Beans in a Rich Tomato Sauce 6 x 415g,sainsburys,Heinz,4.5,0.181,baked beans
Heinz Baked Beans in a Rich Tomato Sauce 415g,sainsburys,Heinz,1.1,0.265,baked beans
Sainsbury's Baked Beans In Tomato Sauce 200g,sainsburys,Sainsbury's,0.35,0.175,baked beans
Heinz Baked Beans in a Rich Tomato Sauce 4 x 415g,sainsburys,Heinz,3.9,0.235,baked beans
Schweppes Lemonade 2L,sainsburys,Schweppes,1.4,,lemonade
Schweppes Lemonade Cans 8 x 330ml,sainsburys,Schweppes,4.6,0.174,lemonade
Schweppes Original Lemonade 12x150ml,sainsburys,Schweppes,6.35,0.353,lemonade
Freee Gluten Free Self Raising White Flour 1kg,sainsburys,Freee,1.95,0.195,self raising flour
McDougalls Self Raising Flour 1.1kg,sainsburys,McDougalls,1.85,0.1679999999999999,self raising flour
Homepride Self Raising Pre Sieved Flour 1.5kg,sainsburys,Homepride,1.5,0.1,self raising flour
McDougalls Speciality Supreme Sponge Self Raising Flour 1kg,sainsburys,McDougalls,2.5,0.25,self raising flour
Doves Farm Organic White Self Raising Flour 1kg,sainsburys,Doves,2.15,0.215,self raising flour
Highland Spring Sparkling Spring Water 8x500ml,sainsburys,Highland,3.2581,,sparkling water
San Pellegrino Sparkling Natural Mineral Water 6x1L,sainsburys,San,7.0,0.1169999999999999,sparkling water
Highland Spring Sparkling Spring Water 6x1L,sainsburys,Highland,3.75,,sparkling water
Sainsburys British Bottled Sparkling Spring water 4x2L,sainsburys,Sainsbury's,2.2528,,sparkling water
Sainsbury's British Bottled Sparkling Spring Water 12x500ml,sainsburys,Sainsbury's,3.005,,sparkling water
Mutti Finely Chopped Tomatoes 4 x 400g,sainsburys,Mutti,4.0,0.25,chopped tomatoes
Mutti Finely Chopped Tomatoes 400g,sainsburys,Mutti,1.6,0.4,chopped tomatoes
Sainsbury's Chopped Tomatoes Can 400g,sainsburys,Sainsbury's,0.47,0.118,chopped tomatoes
Sainsbury's Italian Chopped Tomatoes 4×400g,sainsburys,Sainsbury's,1.88,0.118,chopped tomatoes
Stamford Street Co. Chopped Tomatoes in Tomato Juice 400g,sainsburys,Stamford,0.43,0.108,chopped tomatoes
Sainsbury's Strong White Unbleached Bread Flour 1.5kg,sainsburys,Sainsbury's,1.4093,,bread flour
"Sainsbury's Golden Multiseed Bread Mix, Taste the Difference...",sainsburys,Sainsbury's,1.5,0.3,bread flour
Allinson's Strong White Bread Flour 1kg,sainsburys,Allinson's,1.75,0.175,bread flour
Bold Bean Co Queen Chickpeas 570g,sainsburys,Bold,2.6,0.65,chickpeas tinned
Laila Chickpeas 1kg,sainsburys,Laila,2.25,0.225,chickpeas tinned
Merchant Gourmet Jumbo Chickpeas 240g,sainsburys,Merchant,1.75,0.73,chickpeas tinned
Village Quality Products Chickpeas in Brine 540g,sainsburys,Village,1.0,0.25,chickpeas tinned
Sainsbury's White Caster Sugar 1kg,sainsburys,Sainsbury's,1.75,0.175,caster sugar
Sainsbury's White Caster Sugar 500g,sainsburys,Sainsbury's,1.3,0.26,caster sugar
Sainsbury's Fairtrade Golden Caster Sugar 1kg,sainsburys,Sainsbury's,2.85,0.285,caster sugar
Sainsbury's Fairtrade White Caster Sugar 1kg,sainsburys,Sainsbury's,1.9,0.19,caster sugar
"Billington's Natural Golden Caster, Unrefined Cane Sugar 1kg",sainsburys,Billington's,2.85,0.285,caster sugar
Highland Spring Still Water 6x1.5L,sainsburys,Highland,4.4549,,still water
Evian Natural Bottled Mineral Still Water 6x1.5L,sainsburys,Evian,6.0067,,still water
Highland Spring Still Water 12x500ml,sainsburys,Highland,3.0,,still water
Sainsbury's British Bottled Spring Water 12x500ml,sainsburys,Sainsbury's,2.3539,,still water
Sainsbury's British Bottled Still Spring Water 5L,sainsburys,Sainsbury's,1.6533,,still water
Sainsbury's Fairtrade Demerara Cane Sugar 500g,sainsburys,Sainsbury's,1.7,0.3399999999999999,brown sugar
Sainsbury's Fairtrade Light Soft Brown Sugar 500g,sainsburys,Sainsbury's,2.0,0.4,brown sugar
Sainsbury's Fairtrade Demerara Cane Sugar 1kg,sainsburys,Sainsbury's,2.6,0.26,brown sugar
Sainsbury's Fairtrade Golden Granulated Sugar 1kg,sainsburys,Sainsbury's,2.6,0.26,brown sugar
Sainsbury's Fairtrade Dark Soft Brown Sugar 500g,sainsburys,Sainsbury's,2.0,0.4,brown sugar
Sainsbury's Garden Peas 910g,sainsburys,Sainsbury's,1.55,0.1699999999999999,frozen peas
Birds Eye Garden Peas 375g,sainsburys,Birds,1.5,0.4,frozen peas
Stamford Street Co. Peas 850g,sainsburys,Stamford,1.09,0.128,frozen peas
Sainsbury's Icing Sugar 1kg,sainsburys,Sainsbury's,2.65,0.265,icing sugar
Sainsbury's Icing Sugar 500g,sainsburys,Sainsbury's,1.4,0.2799999999999999,icing sugar
Silver Spoon Icing Sugar 500g,sainsburys,Silver,1.7,0.3399999999999999,icing sugar
Betty Crocker Vanilla Buttercream Style Icing 400g,sainsburys,Betty,3.2,0.8,icing sugar
Betty Crocker Chocolate Fudge Icing 400g,sainsburys,Betty,3.2,0.8,icing sugar
Bold Bean Co Queen Butter Beans 570g,sainsburys,Bold,2.6,0.65,butter beans tinned
Heinz Baked Beans & Richmond Pork Sausages 200g,sainsburys,Heinz,1.2,0.6,butter beans tinned
Sainsbury's Sliced Mixed Peppers 500g,sainsburys,Sainsbury's,0.99,0.198,frozen mixed vegetables
Sainsbury's Mixed Vegetables 1kg,sainsburys,Sainsbury's,1.65,0.1649999999999999,frozen mixed vegetables
Sainsbury's Tuna Chunks in Spring Water 4x145g,sainsburys,Sainsbury's,2.49,0.61,tinned tuna
Sainsbury's Tuna Chunks in Brine 4x145g,sainsburys,Sainsbury's,2.49,0.61,tinned tuna
Princes Tuna Chunks in Spring Water 4x145g,sainsburys,Princes,4.25,0.733,tinned tuna
Sainsbury's Tuna Chunks in Spring Water 145g,sainsburys,Sainsbury's,0.92,0.637,tinned tuna
Sainsbury's Tuna Chunks in Sunflower Oil 4x145g,sainsburys,Sainsbury's,2.49,0.429,tinned tuna
Strong Roots Oven Baked Sweet Potato 500g,sainsburys,Strong,3.65,0.73,frozen chips oven
Mccain Naked Oven Chips Straight 900g,sainsburys,Mccain,2.0,0.222,frozen chips oven
Mccain Naked Oven Chips Straight 1.7kg,sainsburys,Mccain,3.7,0.218,frozen chips oven
Sainsbury's Garlic Slices x10 260g,sainsburys,Sainsbury's,1.05,0.404,frozen garlic bread
Sainsbury's Garlic Baguette x2 338g,sainsburys,Sainsbury's,0.85,0.251,frozen garlic bread
Sainsbury's Cheese & Garlic Pizza Bread 281g,sainsburys,Sainsbury's,1.75,0.623,frozen garlic bread
Wholecreations Dairy & Gluten Free Garlic Bread Baguette 190...,sainsburys,Wholecreations,2.0,1.053,frozen garlic bread
White Rabbit 2 x Gluten Free Sourdough Roasted Garlic Focacc...,sainsburys,White,3.5,1.296,frozen garlic bread
Goodfella's 532g New York Style Fully Loaded Pepperoni Pizza,sainsburys,Goodfella's,3.0,0.572,frozen pizza
Goodfella's 534g New York Style Ultimate Four Cheese Pizza,sainsburys,Goodfella's,3.0,0.541,frozen pizza
Crosta Mollica Regina Sourdough Pizza 448g,sainsburys,Crosta,6.0,1.139,frozen pizza
Sainsbury's Thin & Crispy Four Cheese Pizza 354g,sainsburys,Sainsbury's,1.85,0.523,frozen pizza
Sainsbury's Double Pepperoni Thin Pizza 339g,sainsburys,Sainsbury's,1.85,0.546,frozen pizza
Sainsbury's Strawberry & Vanilla Cones 4x110ml,sainsburys,Sainsbury's,1.35,0.307,vanilla ice cream
Viennetta Vanilla Ice Cream Dessert 650ml,sainsburys,Viennetta,1.5,0.231,vanilla ice cream
Sainsbury's Toffee & Vanilla Cones 4x110ml,sainsburys,Sainsbury's,1.35,0.307,vanilla ice cream
Wall's 1.8L Soft Scoop Vanilla Ice Cream Tub,sainsburys,Wall's,2.4,0.133,vanilla ice cream
Ben & Jerry's Cookie Dough Vanilla Ice Cream Tub 465ml,sainsburys,Ben,2.77,0.596,vanilla ice cream
Little Moons Vegan Passionfruit & Mango Mochi Ice Cream Froz...,sainsburys,Little,5.0,2.415,ice lollies
Sainsbury's Raspberry & Yoghurt Ice Lollies x4 70ml,sainsburys,Sainsbury's,2.75,0.982,ice lollies
Sainsbury's Mint & Chocolate Cones 4x110ml,sainsburys,Sainsbury's,1.35,0.307,chocolate ice cream
Sainsbury's Chocolate & Nut Cones 4x110ml,sainsburys,Sainsbury's,1.35,0.307,chocolate ice cream
Sainsbury's Milk Chocolate Ice Creams 4 X 110ml,sainsburys,Sainsbury's,2.19,0.498,chocolate ice cream
Ben & Jerry's Chocolate Fudge Brownie Ice Cream Tub 465ml,sainsburys,Ben,2.77,0.596,chocolate ice cream
Sainsbury's Milk Chocolate & Almonds Ice Creams 4 X 110ml,sainsburys,Sainsbury's,2.19,0.498,chocolate ice cream
LEON Chunky Fish Fingers Lightly Battered x6 390g,sainsburys,LEON,5.5,1.41,frozen fish fingers
Birds Eye Omega 3 Fish Fingers x10 280g,sainsburys,Birds,1.5,0.536,frozen fish fingers
Sainsbury's Breaded Cod Fillet Fish Fingers x10 300g,sainsburys,Sainsbury's,2.25,0.75,frozen fish fingers
"Sainsbury's Chunky Cod Fish Fingers, Taste the Difference x8...",sainsburys,Sainsbury's,5.25,1.094,frozen fish fingers
Sainsbury's Omega 3 Fish Fingers x30 900g,sainsburys,Sainsbury's,2.78,0.309,frozen fish fingers
Walkers Ready Salted Multipack Crisps 6x25g,sainsburys,Walkers,2.2,1.467,ready salted crisps
Sainsbury's Ready Salted Multipack Crisps 6x25g,sainsburys,Sainsbury's,1.1,0.733,ready salted crisps
Walkers Baked Ready Salted Multipack Crisps Snacks 6x22g,sainsburys,Walkers,1.75,1.326,ready salted crisps
Walkers Ready Salted Multipack Crisps 12x25g,sainsburys,Walkers,3.19,1.0630000000000002,ready salted crisps
Walkers French Fries Ready Salted Multipack Crisps Snacks 6x...,sainsburys,Walkers,1.5,1.389,ready salted crisps
Walkers Cheese & Onion Multipack Crisps 6x25g,sainsburys,Walkers,2.2,1.467,cheese onion crisps
Sainsbury's Cheese & Onion Multipack Crisps 6x25g,sainsburys,Sainsbury's,1.1,0.733,cheese onion crisps
Walkers Baked Cheese & Onion Multipack Crisps Snacks 6x22g,sainsburys,Walkers,1.75,1.326,cheese onion crisps
Walkers Cheese & Onion Multipack Crisps 12x25g,sainsburys,Walkers,3.19,1.0630000000000002,cheese onion crisps
Jacobs Crinklys Cheese & Onion 30% Less Fat Multipack Snack...,sainsburys,Jacobs,1.8,1.3039999999999998,cheese onion crisps
Walkers Salt & Vinegar Multipack Crisps 6 x 25g,sainsburys,Walkers,2.2,1.467,salt vinegar crisps
"Sainsbury's Sea Salt & Cider Vinegar Crisps, Taste the Diffe...",sainsburys,Sainsbury's,1.5,1.0,salt vinegar crisps
Walkers Squares Salt & Vinegar Multipack CrispsSnacks 6x22g,sainsburys,Walkers,1.5,1.137,salt vinegar crisps
Hula Hoops Salt & Vinegar Multipack Crisps x6,sainsburys,Hula,2.35,1.632,salt vinegar crisps
Tyrrells Cider Vinegar & Salt Sharing Crisps 150g,sainsburys,Tyrrells,2.75,1.8329999999999995,salt vinegar crisps
Sanex Zero% Sensitive Skin Shower Gel Body Wash 450ml,sainsburys,Sanex,2.5,0.5549999999999999,shower gel
Sanex Expert Skin Health Moisturising Shower Gel Body Wash 4...,sainsburys,Sanex,2.5,0.5549999999999999,shower gel
Radox Feel Awake Sea Minerals 2in1 Shower Gel Body Wash Sham...,sainsburys,Radox,1.0,0.444,shower gel
Radox Feel Radiant Shower Gel Strawberry & Raspberry Body Wa...,sainsburys,Radox,1.0,0.444,shower gel
Corsodyl Gum+ Breath & Sensitivity Whitening Toothpaste 75ml,sainsburys,Corsodyl,3.5,4.6659999999999995,toothpaste
Colgate Triple Action Toothpaste 75ml,sainsburys,Colgate,1.25,1.6670000000000005,toothpaste
Aquafresh Fresh & Minty Toothpaste 75ml,sainsburys,Aquafresh,0.95,1.267,toothpaste
Doritos Chilli Heatwave Tortilla Chips Sharing Bag Crisps 18...,sainsburys,Doritos,2.5,1.389,tortilla chips
Doritos Cool Original Tortilla Chips Sharing Bag Crisps 180g,sainsburys,Doritos,2.5,1.389,tortilla chips
Blanco Nino Smoky Chipotle Tortilla Chips 170g,sainsburys,Blanco,3.0,1.765,tortilla chips
Sainsbury's Tortilla Chips Salted 200g,sainsburys,Sainsbury's,0.89,0.445,tortilla chips
Stamford Street Co. Tortilla Chips 200g,sainsburys,Stamford,0.57,0.285,tortilla chips
OGX Biotin & Collagen Hair Thickening Shampoo 385ml,sainsburys,OGX,8.5,2.2079999999999997,shampoo
L'Oréal Paris Elvive Glycolic Gloss Sulphate Free Shampoo fo...,sainsburys,L'Oréal,6.5,3.25,shampoo
L'Oreal Paris Elvive Growth Booster Shampoo Anti Hair Loss f...,sainsburys,L'Oreal,6.5,3.25,shampoo
Head & Shoulders Classic Clean Anti-Dandruff Shampoo 400ml,sainsburys,Head,3.5,0.875,shampoo
Alberto Balsam Sunkissed Raspberry Shampoo 300ml,sainsburys,Alberto,0.95,0.317,shampoo
Sainsbury's Mixed Nuts 300g,sainsburys,Sainsbury's,4.5,1.5,mixed nuts
Sainsbury's Unsalted Mixed Nuts & Raisins 200g,sainsburys,Sainsbury's,1.7,0.85,mixed nuts
Sainsbury's Roasted & Salted Mixed Nuts 200g,sainsburys,Sainsbury's,3.0,1.5,mixed nuts
Sainsbury's Unsalted Mixed Nuts 200g,sainsburys,Sainsbury's,3.0,1.5,mixed nuts
"Sainsbury's Mixed Nuts, SO Organic 300g",sainsburys,Sainsbury's,5.5,1.8329999999999995,mixed nuts
Propercorn Sweet & Salty Popcorn Multipack 6 x 14g,sainsburys,Propercorn,2.1,2.5,popcorn
Sainsbury's Sweet & Salty Butterfly Popcorn 110g,sainsburys,Sainsbury's,0.99,0.9,popcorn
Sainsbury's Simply Salty Butterfly Popcorn 90g,sainsburys,Sainsbury's,0.99,1.1,popcorn
Sainsbury's Simply Sweet Butterfly Popcorn 110g,sainsburys,Sainsbury's,0.99,0.9,popcorn
Sainsbury's Sweet & Salty Butterfly Popcorn 6x14g,sainsburys,Sainsbury's,1.65,1.964,popcorn
Dove 400ml Scalp + Hair Therapy Soothing Hydration Condition...,sainsburys,Dove,6.0,1.5,conditioner hair
Herbal Essences Hello Hydration Conditioner Moisturises Dry ...,sainsburys,Herbal,2.0,0.727,conditioner hair
"Aussie Miracle Moist Hair Conditioner, Moisturising Hair Con...",sainsburys,Aussie,3.3,1.65,conditioner hair
Palmolive Hygiene Plus Sensitive Antibacterial hand wash soa...,sainsburys,Palmolive,2.5,0.25,hand soap
Palmolive Naturals Milk & Honey Handwash Soap Refill 1000ml,sainsburys,Palmolive,2.5,0.25,hand soap
Kind Chocolate Chip Cashew Cereal Bars Multipack 3x30g,sainsburys,Kind,3.0,3.3329999999999997,chocolate bar
Kind Caramel Chocolate Peanut Bars 3 x 30g,sainsburys,Kind,3.0,3.3329999999999997,chocolate bar
KitKat 2 Finger Milk Chocolate Biscuit Bar Multipack 8 x 20....,sainsburys,KitKat,1.75,1.057,chocolate bar
Cadbury Twirl 9 x Milk Chocolate 193.5g,sainsburys,Cadbury,2.5,1.288,chocolate bar
Cadbury Dairy Milk 4 x 33.5g Multipack Chocolate Bar,sainsburys,Cadbury,2.25,1.6789999999999998,chocolate bar
McVitie's Digestives The Original Biscuits Twin Pack 2x360g,sainsburys,McVitie's,3.2,0.444,biscuits digestive
McVitie's Milk Chocolate Digestives Biscuits Twin Pack 2x316...,sainsburys,McVitie's,4.0,0.633,biscuits digestive
McVitie's Digestives The Original Biscuits 360g,sainsburys,McVitie's,1.9,0.528,biscuits digestive
"Sure Women Anti-Perspirant Deodorant Roll On, Bright Bouquet...",sainsburys,Sure,1.4,2.8,deodorant
Sure Men Invisible Ice 48h Antiperspirant Deodorant 200ml,sainsburys,Sure,2.25,1.125,deodorant
Gillette Fusion 5 Men's Razor Blades x11,sainsburys,Gillette,22.0,,razor blades
Gillette Mach 3 Men's Razor Blades x12,sainsburys,Gillette,17.0,,razor blades
Gillette Fusion Razor Blades x4,sainsburys,Gillette,13.0,,razor blades
Gillette Mach3 Men's Razor,sainsburys,Gillette,5.0,,razor blades
Harry's Men's Razor Blades 4 Pack,sainsburys,Harry's,9.0,,razor blades
Border Dark Chocolate & Ginger Biscuits 150g,sainsburys,Border,2.25,1.5,biscuits chocolate
Border Milk Chocolate Vienese 150g,sainsburys,Border,2.25,1.5,biscuits chocolate
Border Dark Chocolate Ginger Chocolate Bars x 6 144g,sainsburys,Border,2.0,1.389,biscuits chocolate
KitKat 2 Finger Milk Chocolate Biscuit Bar Multipack 8 x 20....,sainsburys,KitKat,1.75,1.057,biscuits chocolate
Fairy Lemon Washing Up Liquid with Lift Action 1015ml,sainsburys,Fairy,2.7,0.266,washing up liquid
Fairy Max Power Antibacterial Washing Up Liquid Tea Tree 660...,sainsburys,Fairy,3.0,0.454,washing up liquid
Fairy Max Power Washing Up Liquid Original 660ml,sainsburys,Fairy,3.0,0.454,washing up liquid
Fairy Original Green Washing Up Liquid with Lift Action 320m...,sainsburys,Fairy,1.0,0.313,washing up liquid
Sainsbury's Lemon Washing Up Liquid 500ml,sainsburys,Sainsbury's,0.7,0.1399999999999999,washing up liquid
Sainsbury's Antibacterial Total Cleaning Surface Wipes x40,sainsburys,Sainsbury's,1.003,,surface cleaner antibacterial
Dettol Antibacterial Multi Surface Cleaning Spray 750ml,sainsburys,Dettol,2.3,0.307,surface cleaner antibacterial
Dettol Antibacterial Multi Surface Cleaning Wipes x30,sainsburys,Dettol,1.234,,surface cleaner antibacterial
Sainsbury's Green Care Home Laurel & Basil Antibacterial Sur...,sainsburys,Sainsbury's,1.75,0.233,surface cleaner antibacterial
Neat Lime & Matcha Antibacterial Multi Surface Cleaner Conce...,sainsburys,Neat,3.0,10.0,surface cleaner antibacterial
Fairy Non Bio All-in-1 Pods Laundry Detergent Washing Capsul...,sainsburys,Fairy,12.0,1.165,washing capsules laundry
Ariel All-in-1 Pods Laundry Detergent Washing Capsules Origi...,sainsburys,Ariel,12.0,1.379,washing capsules laundry
Fairy Non Bio Platinum Pods Laundry Detergent Washing Capsul...,sainsburys,Fairy,12.5,1.141,washing capsules laundry
Fairy Non Bio Pods Washing Capsules 70 Washes,sainsburys,Fairy,13.5,0.86,washing capsules laundry
Lenor Outdoorable Spring Awakening Fabric Conditioner 60 Was...,sainsburys,Lenor,4.0,0.476,fabric conditioner
Fairy 29 Washes Fabric Softener,sainsburys,Fairy,2.25,0.251,fabric conditioner
Comfort Ultra Fresh & Protect Fresh Sky Fabric Conditioner 5...,sainsburys,Comfort,5.0,0.575,fabric conditioner
Comfort Pure Sensitive Fabric Conditioner 31 Washes 930ml,sainsburys,Comfort,2.0,0.215,fabric conditioner
Lenor Outdoorable Spring Awakening Fabric Conditioner 86 Was...,sainsburys,Lenor,5.5,0.457,fabric conditioner
Regina Blitz Kitchen Towel Rolls x2,sainsburys,Regina,3.0,,kitchen roll
Plenty Original Kitchen Roll 2 Rolls,sainsburys,Plenty,5.0,,kitchen roll
Plenty Original Kitchen Roll 4 Rolls,sainsburys,Plenty,5.0,,kitchen roll
Stamford Street Co. Jumbo Kitchen Roll,sainsburys,Stamford,1.195,,kitchen roll
Sainsbury's Super Absorbent Kitchen Towels x2,sainsburys,Sainsbury's,2.0,,kitchen roll
Andrex Ultimate Quilts Toilet Rolls x9,sainsburys,Andrex,5.5,,toilet roll
Andrex Complete Clean Mega Toilet Rolls x12,sainsburys,Andrex,8.5,,toilet roll
"Sainsbury's Super Soft Toilet Tissue, Quilted x9 Rolls",sainsburys,Sainsbury's,4.0026,,toilet roll
Andrex Complete Clean Toilet Rolls x9,sainsburys,Andrex,5.9535,,toilet roll
Stamford Street Co. Toilet Tissue Double Rolls 4 Equals 8 Ro...,sainsburys,Stamford,1.519,,toilet roll
Sainsbury's Non Pvc Cling Film 40m,sainsburys,Sainsbury's,1.855,,cling film
Bacofoil PVC Free Cling Film with Easy-Cut System 32.5cm x 3...,sainsburys,Bacofoil,3.3011,,cling film
Sainsbury's Non PVC Cling Film 100m,sainsburys,Sainsbury's,3.193,,cling film
Hero Cling Film Easy Sliding Cutter Strip 60m,sainsburys,Hero,3.756,,cling film
Beast Incredibly Tough Drawstring Bin Bags x10 70L,sainsburys,Beast,3.7538,,bin bags
Beast Bin Bags Incredibly Tough Tall and Slim Drawstring Ped...,sainsburys,Beast,2.7528,,bin bags
Beast Bin Bags Incredibly Tough Drawstring Swing Bin Bags x1...,sainsburys,Beast,3.5035,,bin bags
Beast 10m Strength Super Strong Kitchen Foil,sainsburys,Beast,3.7538,,tin foil
Sainsbury's Kitchen Foil 300mm x10m,sainsburys,Sainsbury's,1.5015,,tin foil
Sainsbury's Extra Strong Foil 10mx300mm,sainsburys,Sainsbury's,1.7518,,tin foil
Stamford Street Co. Wrapping Foil 20m,sainsburys,Stamford,1.095,,tin foil
Sainsbury's Extra Strong Kitchen Foil 300mmx20m,sainsburys,Sainsbury's,3.2516,,tin foil
"Sainsbury's Vittoria Cherry Vine Tomatoes, Taste the Differe...",sainsburys,Sainsbury's,1.95,0.78,vine tomatoes
"Sainsbury's Jubilee Large Vine Tomatoes, Taste the Differenc...",sainsburys,Sainsbury's,1.8,0.4,vine tomatoes
"Sainsbury's Majestic Vine Ripened Tomatoes, Taste the Differ...",sainsburys,Sainsbury's,2.05,0.683,vine tomatoes
"Sainsbury's Vittoria Cherry Vine Tomatoes, Taste the Differe...",sainsburys,Sainsbury's,3.3,0.825,vine tomatoes
Sainsbury's Large Vine Tomatoes 500g,sainsburys,Sainsbury's,1.4,0.2799999999999999,vine tomatoes
Sainsbury's White Soft Cheese 300g,sainsburys,Sainsbury's,2.35,0.783,cream cheese
Sainsbury's Light Soft Cheese 250g,sainsburys,Sainsbury's,1.95,0.78,cream cheese
Philadelphia Original Soft Cream Cheese 165g,sainsburys,Philadelphia,2.25,1.364,cream cheese
Stamford Street Co. Soft Cheese 200g,sainsburys,Stamford,0.95,0.475,cream cheese
Philadelphia Light Low Fat Soft Cream Cheese 165g,sainsburys,Philadelphia,2.25,1.364,cream cheese
Sainsbury's Skin on & Boneless Smoked MSC Haddock Fillets 24...,sainsburys,Sainsbury's,5.95,2.479,haddock fillets
Sainsbury's Skin On & Boneless Smoked Haddock Fillets 360g,sainsburys,Sainsbury's,5.5,1.528,haddock fillets
Sainsbury's Lightly Dusted MSC Haddock Fillets x2 255g,sainsburys,Sainsbury's,5.5,2.157,haddock fillets
Sainsbury's Haddock Fillet Portion 360g,sainsburys,Sainsbury's,5.5,1.528,haddock fillets
Sainsbury's Breaded MSC Haddock Fillets x2 300g,sainsburys,Sainsbury's,2.99,0.997,haddock fillets
"Sainsbury's Vittoria Cherry Vine Tomatoes, Taste the Differe...",sainsburys,Sainsbury's,1.95,0.78,cherry tomatoes
Sainsbury's Cherry Tomatoes 300g,sainsburys,Sainsbury's,1.0,0.333,cherry tomatoes
"Sainsbury's Vittoria Cherry Vine Tomatoes, Taste the Differe...",sainsburys,Sainsbury's,3.3,0.825,cherry tomatoes
Sainsbury's SO Organic Cherry on the Vine Tomatoes 200g,sainsburys,Sainsbury's,1.75,0.875,cherry tomatoes
Sainsbury's Cherry Tomatoes 500g,sainsburys,Sainsbury's,1.5,0.3,cherry tomatoes
Sainsbury's Grated Parmesan Cheese 120g,sainsburys,Sainsbury's,3.36,2.8,parmesan
Fish Said Fred Whole Sea Bass x2 520g,sainsburys,Fish,7.95,1.529,sea bass
Sainsbury's Sea Bass Fillets ASC 180g,sainsburys,Sainsbury's,4.95,2.75,sea bass
Sainsburys Sea Bass Fillets ASC x4 360g,sainsburys,Sainsbury's,10.95,3.0420000000000003,sea bass
"Sainsbury's Sea Bass Fillets ASC with Soy, Chilli and Ginger...",sainsburys,Sainsbury's,6.5,3.1710000000000003,sea bass
"Sainsbury's 2 x Mediterranean Style Stuffed Sea Bass, Taste ...",sainsburys,Sainsbury's,6.95,2.388,sea bass
Essential British Free Range Semi-Skimmed Milk 4 Pints,waitrose,Waitrose,1.75,0.077,semi skimmed milk
Essential British Free Range Semi-Skimmed Milk 2 Pints,waitrose,Waitrose,1.25,0.11,semi skimmed milk
Cravendale Filtered Fresher for Longer Semi-Skimmed Milk,waitrose,Cravendale,2.9,0.145,semi skimmed milk
Essential British Free Range Semi-Skimmed Milk 1 Pint,waitrose,Waitrose,1.67,0.1669999999999999,semi skimmed milk
Duchy Organic Semi-Skimmed Milk 4 pints,waitrose,Duchy Organic,2.45,0.108,semi skimmed milk
Tom Parker Vitamin Enriched Whole Milk,waitrose,Tom,1.7,0.3399999999999999,whole milk
Duchy Organic Unhomogenised Whole Milk 4 Pints,waitrose,Duchy Organic,2.45,0.108,whole milk
Essential British Free Range Whole Milk 4 Pints,waitrose,Waitrose,1.75,0.077,whole milk
Essential British Free Range Whole Milk 2 Pints,waitrose,Waitrose,1.25,0.11,whole milk
Yeo Valley Organic Fresh Whole Milk,waitrose,Yeo,2.25,0.1129999999999999,whole milk
Essential British Free Range Skimmed Milk 4 Pints,waitrose,Waitrose,1.75,0.077,skimmed milk
Essential British Free Range Skimmed Milk 2 Pints,waitrose,Waitrose,1.25,0.11,skimmed milk
Cravendale Filtered Fresher for Longer Skimmed Milk,waitrose,Cravendale,2.9,0.145,skimmed milk
Essential British Free Range Skimmed Milk 1 Pint,waitrose,Waitrose,1.67,0.1669999999999999,skimmed milk
Essential Long Life Skimmed Milk,waitrose,Waitrose,1.4,0.1399999999999999,skimmed milk
MOMA Extra Creamy Oat,waitrose,MOMA,1.8,0.24,oat milk
Essential Oat Milk Unsweetened Dairy Free Milk Alternative,waitrose,Waitrose,1.55,0.155,oat milk
MOMA Barista Oat,waitrose,MOMA,1.8,0.24,oat milk
Oato Fresh Barista Whole Oat Milk Alternative,waitrose,Oato,1.85,0.185,oat milk
Alpro Oat No Sugar Chilled Dairy Free Drink,waitrose,Alpro,2.2,0.22,oat milk
Alpro No Added Sugar Chilled Dairy Free Almond Milk Alternative,waitrose,Alpro,2.3,0.2299999999999999,almond milk
Essential Almond Unsweetened Milk Alternative,waitrose,Waitrose,1.4,0.1399999999999999,almond milk
Alpro Almond Long Life No Sugar Dairy Free Milk Alternative,waitrose,Alpro,1.6,0.16,almond milk
Plenish Almond Chilled Unsweetened Organic Milk Alternative,waitrose,Plenish,2.0,0.2,almond milk
Alpro Original Chilled Dairy Free Almond Milk Drink,waitrose,Alpro,2.3,0.2299999999999999,almond milk
New York Bakery Sourdough Bagels,waitrose,New,2.15,,bagels
Fitzgeralds Sourdough Bagels,waitrose,Fitzgeralds,2.2,,bagels
New York Bakery Plain Bagels,waitrose,New,1.6,,bagels
New York Bakery Cinnamon & Raisin Bagels,waitrose,New,1.6,,bagels
Essential Soya Unsweetened Milk Alternative,waitrose,Waitrose,1.4,0.1399999999999999,soy milk
Alpro Soya Chilled No Sugar Dairy Free Milk Alternative,waitrose,Alpro,1.9,0.19,soy milk
Alpro Soya Chilled Dairy Free Milk Alternative,waitrose,Alpro,1.9,0.19,soy milk
Alpro Organic Soya Long Life No Sugar Dairy Free Milk Alternative,waitrose,Alpro,1.7,0.1699999999999999,soy milk
Waitrose Croissants,waitrose,Waitrose,2.5,,croissants
No.1 2 Butter Croissants,waitrose,No.1,2.5,,croissants
Waitrose Frozen 8 Butter Croissants,waitrose,Waitrose,5.0,1.136,croissants
Waitrose 8 All Butter Croissants,waitrose,Waitrose,4.75,,croissants
St Pierre 6 Croissants,waitrose,St,1.65,,croissants
Arla Lactofree Lactose Free Semi-Skimmed Milk Alternative,waitrose,Arla,2.0,0.2,lactose free milk
Arla Lactofree Lactose Free Skimmed Milk Alternative,waitrose,Arla,2.0,0.2,lactose free milk
Arla LactoFREE Whole Milk Drink,waitrose,Arla,2.0,0.2,lactose free milk
Oato Fresh Barista Whole Oat Milk Alternative,waitrose,Oato,1.85,0.185,lactose free milk
Alpro Soya Chilled Dairy Free Milk Alternative,waitrose,Alpro,1.9,0.19,lactose free milk
Waitrose 4 Brioche Burger Buns,waitrose,Waitrose,1.75,,burger buns
St Pierre 4 Burger Buns (Pre-Sliced),waitrose,St,2.5,,burger buns
All Things Butter Organic Salted Butter,waitrose,All,2.25,1.125,salted butter
Essential Salted Butter,waitrose,Waitrose,2.25,0.9,salted butter
Golden Hooves Salted Butter,waitrose,Golden,2.35,1.175,salted butter
Yeo Valley Organic Salted Butter,waitrose,Yeo,2.25,1.125,salted butter
Essential Salted Butter Large,waitrose,Waitrose,4.4,0.8800000000000001,salted butter
Waitrose Sliced Brioche Loaf,waitrose,Waitrose,2.95,0.738,brioche
Waitrose 8 Chocolate Chip Brioche Rolls,waitrose,Waitrose,2.0,,brioche
Waitrose 8 Brioche Rolls,waitrose,Waitrose,2.0,,brioche
Waitrose 4 Brioche Burger Buns,waitrose,Waitrose,1.75,,brioche
Genius Gluten Free Brioche Burger Buns,waitrose,Genius,1.45,1.036,brioche
All Things Butter Garlic & Herb Butter,waitrose,All,2.85,2.478,unsalted butter
Essential Unsalted Butter,waitrose,Waitrose,2.25,0.9,unsalted butter
Yeo Valley Organic Unsalted Butter,waitrose,Yeo,2.25,1.125,unsalted butter
Lurpak Unsalted Butter,waitrose,Lurpak,2.95,1.475,unsalted butter
Duchy Organic English Unsalted Butter,waitrose,Duchy Organic,3.5,1.4,unsalted butter
Waitrose Fairtrade Bananas,waitrose,Waitrose,1.1,0.11,bananas
Essential Fairtrade Bananas,waitrose,Waitrose,1.0,,bananas
Waitrose Small Fairtrade Bananas,waitrose,Waitrose,1.25,,bananas
Duchy Organic Fairtrade Bananas,waitrose,Duchy Organic,1.95,,bananas
Essential Cottage Cheese Strength 1,waitrose,Waitrose,1.75,0.583,cottage cheese
Essential Fat Free Cottage Cheese,waitrose,Waitrose,1.75,0.583,cottage cheese
All Things Cottage Cheese Natural,waitrose,All,2.6,0.5780000000000001,cottage cheese
Lindahls Protein Cottage Cheese,waitrose,Lindahls,1.5,0.857,cottage cheese
Longley Farm Yorkshire Natural Cottage Cheese,waitrose,Longley,2.05,0.82,cottage cheese
Flora Buttery Spreadable Butter Alternative,waitrose,Flora,1.9,0.423,spreadable butter
Waitrose Spreadable Butter,waitrose,Waitrose,2.75,0.55,spreadable butter
Yeo Valley Organic Spreadable Blend of Butter and Rapeseed Oil,waitrose,Yeo,5.25,1.3130000000000002,spreadable butter
Lurpak Slightly Salted Spreadable Blend of Butter and Rapeseed Oil,waitrose,Lurpak,3.25,0.8130000000000001,spreadable butter
Waitrose Onions,waitrose,Waitrose,1.05,0.105,brown onions
Waitrose Onions,waitrose,Waitrose,1.55,,brown onions
Duchy Organic Onions,waitrose,Duchy Organic,1.8,0.24,brown onions
Waitrose Onions Spiced & Pickled,waitrose,Waitrose,1.4,0.8240000000000001,brown onions
Waitrose Red Onions,waitrose,Waitrose,1.2,,red onions
Duchy Organic Red Onions,waitrose,Duchy Organic,1.6,0.32,red onions
Waitrose Stonebaked Goats Cheese & Caramelised Red Onion Pizza,waitrose,Waitrose,3.75,0.987,red onions
Waitrose Caramelised Red Onion Chutney,waitrose,Waitrose,2.65,0.757,red onions
Linda McCartney's Vegan Red Onion & Rosemary Sausages,waitrose,Linda,2.0,0.741,red onions
Clarence Court Burford Buff 6 Large Eggs,waitrose,Clarence,2.72,,free range eggs
Range Farm 12 Large Free Range Hen Eggs,waitrose,Range,4.4,,free range eggs
Clarence Court Burford Brown Medium Eggs,waitrose,Clarence,2.95,,free range eggs
Duchy Organic British Free Range Eggs,waitrose,Duchy Organic,5.35,,free range eggs
Clarence Court Large Burford Browns FR Eggs,waitrose,Clarence,4.0,,free range eggs
Waitrose Strawberries,waitrose,Waitrose,3.25,0.8130000000000001,strawberries
Waitrose Strawberries,waitrose,Waitrose,4.5,0.75,strawberries
Essential Olive Spread,waitrose,Waitrose,1.6,0.32,olive spread
Bertolli Light Olive Oil Spread,waitrose,Bertolli,3.15,0.7,olive spread
Bertolli Olive Oil Spread,waitrose,Bertolli,3.15,0.7,olive spread
Benecol Olive Oil Spread,waitrose,Benecol,3.75,0.75,olive spread
Waitrose Blueberries,waitrose,Waitrose,4.6,1.278,blueberries
Waitrose Blueberries,waitrose,Waitrose,2.8,1.245,blueberries
No.1 Speciality Blueberries,waitrose,No.1,3.9,1.733,blueberries
Essential Frozen Blueberries,waitrose,Waitrose,3.0,0.75,blueberries
Pilgrims Choice Extra Mature Cheddar Cheese,waitrose,Pilgrims,3.3,0.943,mature cheddar
Essential Mature Cheddar Cheese Strength 4 Large,waitrose,Waitrose,4.0,0.727,mature cheddar
Pilgrims Choice Mature Cheddar Cheese,waitrose,Pilgrims,3.3,0.943,mature cheddar
Essential Mature Cheddar Cheese Strength 4,waitrose,Waitrose,2.75,0.786,mature cheddar
Pilgrims Choice Vintage Mature Cheddar Cheese,waitrose,Pilgrims,3.3,1.1,mature cheddar
Higgidy Hoisin Pulled Mushroom & Spring Onion Rolls,waitrose,Higgidy,2.5,1.5630000000000002,spring onions
Duchy Organic Salad Onions Bunch,waitrose,Duchy Organic,1.1,,spring onions
Trimmed Salad Onions,waitrose,Trimmed,1.5,1.2,spring onions
Waitrose Continental Salad Onions,waitrose,Waitrose,1.25,,spring onions
Natoora Fresh Tropea Onions,waitrose,Natoora,3.3,1.65,spring onions
Waitrose British Blacktail FR Medium Eggs,waitrose,Waitrose,1.9,,medium eggs
Clarence Court Burford Brown Medium Eggs,waitrose,Clarence,2.95,,medium eggs
Clarence Court Burford Buff 10 Medium Eggs,waitrose,Clarence,4.5,,medium eggs
Duchy Organic British Free Range Medium Eggs,waitrose,Duchy Organic,3.1,,medium eggs
Essential Free Range White Eggs,waitrose,Waitrose,1.5,,medium eggs
Duchy Organic British Free Range Eggs,waitrose,Duchy Organic,5.35,,organic eggs
Duchy Organic British FR Eggs Very Large,waitrose,Duchy Organic,3.95,,organic eggs
Duchy Organic British Free Range Eggs Large,waitrose,Duchy Organic,3.45,,organic eggs
Duchy Organic British Free Range Medium Eggs,waitrose,Duchy Organic,3.1,,organic eggs
Yeo Valley Organic Unsalted Butter,waitrose,Yeo,2.25,1.125,organic eggs
Essential Mild Cheddar Cheese Strength 2 Large,waitrose,Waitrose,4.0,0.727,mild cheddar
Essential Mild Cheddar S2,waitrose,Waitrose,2.75,0.786,mild cheddar
Waitrose Grated Cheddar & Mozzarella Cheese Strength 2,waitrose,Waitrose,2.9,1.16,mild cheddar
Waitrose Raspberries,waitrose,Waitrose,2.6,1.733,raspberries
Waitrose Raspberries,waitrose,Waitrose,3.75,1.6670000000000005,raspberries
Stokes Garlic Mayonnaise,waitrose,Stokes,3.2,0.928,garlic
Duchy Organic Garlic,waitrose,Duchy Organic,1.15,,garlic
Cooks' Ingredients Peeled Garlic Cloves,waitrose,Cooks',1.35,2.7,garlic
Cooks' Ingredients Chopped Garlic,waitrose,Cooks',2.0,1.379,garlic
Cooks' Ingredients Garlic Granules,waitrose,Cooks',1.8,3.4619999999999997,garlic
Pilgrims Choice Extra Mature Cheddar Cheese,waitrose,Pilgrims,3.3,0.943,extra mature cheddar
Essential Extra Mature Cheddar Cheese Strength 6 Large,waitrose,Waitrose,5.0,0.667,extra mature cheddar
Pilgrims Choice Mature Cheddar Cheese,waitrose,Pilgrims,3.3,0.943,extra mature cheddar
Essential Extra Mature Cheddar Cheese Strength 6 Large,waitrose,Waitrose,4.0,0.727,extra mature cheddar
Pilgrims Choice Vintage Mature Cheddar Cheese,waitrose,Pilgrims,3.3,1.1,extra mature cheddar
No.1 Greek Yogurt With Honey,waitrose,No.1,2.7,0.54,greek yoghurt
The Collective Straight Up Greek Style Yogurt,waitrose,The,3.75,0.417,greek yoghurt
No.1 Greek Yogurt with Vanilla,waitrose,No.1,2.7,0.54,greek yoghurt
Cooks' Ingredients Root Ginger,waitrose,Cooks',6.35,,ginger root
Natoora Organic Root Ginger,waitrose,Natoora,2.15,1.654,ginger root
Mother Root Ginger Non-Alcoholic Aperitif,waitrose,Mother,27.95,5.59,ginger root
Daily Dose Apple & Root Ginger,waitrose,Daily,2.33,0.259,ginger root
Twinings Superblends Detox Lemon & Ginger with Burdock Root & Fennel 20 Tea Bags,waitrose,Twinings,3.85,9.625,ginger root
Waitrose Braeburn Apples,waitrose,Waitrose,1.85,,braeburn apples
Waitrose Braeburn Apples,waitrose,Waitrose,1.6,,braeburn apples
Waitrose Pink Lady Apples,waitrose,Waitrose,2.13,,braeburn apples
Waitrose Jazz Apples,waitrose,Waitrose,2.0,,braeburn apples
Duchy Organic Pink Lady Apples,waitrose,Duchy Organic,3.75,,braeburn apples
Waitrose Belton Red Leicester Cheese Strength 3,waitrose,Waitrose,3.0,1.2,red leicester
Essential Red Leicester Cheese Strength 3,waitrose,Waitrose,3.75,1.0710000000000002,red leicester
No. 1 Smoked Red Fox Vintage Red Leicester Cheese Strength 4,waitrose,No.,2.88,1.44,red leicester
Duchy Organic Aged Red Leicester,waitrose,Duchy Organic,2.8,1.4,red leicester
Jacob's Red Leicester Mini Cheddars,waitrose,Jacob's,1.5,1.087,red leicester
Duchy Organic Carrots,waitrose,Duchy Organic,1.45,0.207,carrots
Waitrose Sweet Kingdom Carrots,waitrose,Waitrose,1.85,0.411,carrots
Waitrose British Wonderfully Wonky Carrots,waitrose,Waitrose,1.0,0.067,carrots
Duchy Organic Bunched Carrots,waitrose,Duchy Organic,2.0,,carrots
Waitrose Baby Carrots,waitrose,Waitrose,1.9,1.267,carrots
Waitrose British Royal Gala Apples,waitrose,Waitrose,1.9,,gala apples
Waitrose British Royal Gala Apples Loose,waitrose,Waitrose,2.2,0.22,gala apples
Duchy Organic British Gala Apples,waitrose,Duchy Organic,2.45,,gala apples
Waitrose British Royal Gala Apples,waitrose,Waitrose,2.2,,gala apples
Waitrose Pink Lady Apples,waitrose,Waitrose,2.13,,gala apples
Danone Skyr High Protein 0% Fat Natural Yogurt,waitrose,Danone,1.5,0.3339999999999999,natural yoghurt
The Coconut Collab Plant Based Natural Coconut Yoghurt,waitrose,The,3.95,0.5269999999999999,natural yoghurt
Danone Skyr High Protein 0% Fat Natural Yogurt,waitrose,Danone,3.5,0.438,natural yoghurt
The Collective Cultured Kefir Natural Yogurt,waitrose,The,2.75,0.688,natural yoghurt
Galbani Italian Mozzarella Cheese,waitrose,Galbani,1.5,1.2,mozzarella
Waitrose Grated Mozzarella Cheese Strength 1,waitrose,Waitrose,2.8,1.12,mozzarella
Waitrose Italian Mozzarella Strength 1,waitrose,Waitrose,1.7,1.133,mozzarella
No. 1 Mozzarella Di Bufala Campana DOP Italian Mozzarella Cheese Strength 2,waitrose,No.,2.48,1.984,mozzarella
Essential Lighter Italian Mozzarella Cheese Strength 1,waitrose,Waitrose,1.1,0.8800000000000001,mozzarella
Essential Parsnips,waitrose,Waitrose,1.7,0.1699999999999999,parsnips
Waitrose Parsnips,waitrose,Waitrose,1.6,0.16,parsnips
Waitrose Baby Parsnips,waitrose,Waitrose,2.4,0.8,parsnips
Waitrose Honey Roasted Parsnips,waitrose,Waitrose,2.5,0.417,parsnips
Aunt Bessie's Honey Glazed Roast Parsnips,waitrose,Aunt,2.5,0.5,parsnips
Natoora Blood Oranges,waitrose,Natoora,3.95,,oranges
Waitrose Large Oranges,waitrose,Waitrose,3.0,,oranges
Waitrose Blush Oranges,waitrose,Waitrose,3.2,,oranges
Essential Oranges,waitrose,Waitrose,1.65,,oranges
Waitrose Extra Large Oranges,waitrose,Waitrose,3.25,,oranges
RE:NOURISH Protect Broccoli & Cheddar Soup,waitrose,RE:NOURISH,3.25,0.65,broccoli
Essential Broccoli,waitrose,Waitrose,2.4,0.24,broccoli
Tenderstem Broccoli Spears,waitrose,Tenderstem,1.8,0.9,broccoli
Waitrose Large Broccoli Crown,waitrose,Waitrose,1.35,0.403,broccoli
Duchy Organic Broccoli,waitrose,Duchy Organic,1.65,0.471,broccoli
Essential Soft Cheese Strength 1,waitrose,Waitrose,1.95,0.78,cream cheese
Boursin French Garlic & Herb Soft Cheese,waitrose,Boursin,2.32,1.5470000000000002,cream cheese
Philadelphia Garlic & Herbs Soft Cream Cheese,waitrose,Philadelphia,2.35,1.424,cream cheese
Boursin Velvety French Garlic & Herb Whipped Soft Cheese Dip,waitrose,Boursin,2.75,2.2,cream cheese
Danone Skyr High Protein 0% Fat Natural Yogurt,waitrose,Danone,1.5,0.3339999999999999,skyr yoghurt
Arla Skyr Natural Icelandic Style Yogurt,waitrose,Arla,2.65,0.589,skyr yoghurt
Danone Skyr High Protein 0% Fat Natural Yogurt,waitrose,Danone,3.5,0.438,skyr yoghurt
Isey Skyr Strawberry Icelandic High Protein Fat Free Yogurt,waitrose,Isey,1.5,0.882,skyr yoghurt
Isey Skyr Blueberry Icelandic High Protein Fat Free Yogurt,waitrose,Isey,1.5,0.882,skyr yoghurt
Cooks' Ingredients Unwaxed Lemons,waitrose,Cooks',1.9,,lemons
Strong Roots Cauliflower Hash Browns,waitrose,Strong,3.5,0.933,cauliflower
Essential Cauliflower,waitrose,Waitrose,1.35,,cauliflower
Waitrose Large Trimmed Cauliflower,waitrose,Waitrose,1.95,,cauliflower
Duchy Organic Cauliflower,waitrose,Duchy Organic,2.2,,cauliflower
Essential Frozen British Cauliflower Florets,waitrose,Waitrose,1.8,0.2,cauliflower
Waitrose Parmigiano Reggiano DOP Parmesan Cheese Strength 6,waitrose,Waitrose,5.95,2.38,parmesan
Duchy Organic Parmigiano Reggiano DOP Parmesan Cheese Strength 6,waitrose,Duchy Organic,4.25,2.8329999999999997,parmesan
Elmlea Vegetarian Double Cream Alternative,waitrose,Elmlea,1.5,0.5559999999999999,double cream
Essential Free Range Double Cream,waitrose,Waitrose,1.85,0.617,double cream
Essential Free Range Double Cream Large,waitrose,Waitrose,3.15,0.525,double cream
Essential Free Range Double Cream Small,waitrose,Waitrose,1.3,0.867,double cream
Duchy Organic British Free Range Double Cream,waitrose,Duchy Organic,2.0,0.667,double cream
Essential Cucumber,waitrose,Waitrose,1.1,,cucumber
Duchy Organic Salad Cucumber,waitrose,Duchy Organic,1.45,,cucumber
Essential Large Cucumber,waitrose,Waitrose,1.25,,cucumber
Waitrose Baby Cucumber,waitrose,Waitrose,1.3,0.65,cucumber
Duchy Organic Ridge Cucumber,waitrose,Duchy Organic,1.75,,cucumber
Elmlea Single Cream Alternative,waitrose,Elmlea,1.25,0.4629999999999999,single cream
Essential Free Range Single Cream,waitrose,Waitrose,1.45,0.483,single cream
Essential Free Range Single Cream Small,waitrose,Waitrose,1.0,0.667,single cream
Essential Free Range Single Cream Large,waitrose,Waitrose,2.35,0.392,single cream
Oatly Creamy Oat Single Cream Chilled,waitrose,Oatly,1.1,0.44,single cream
Waitrose British Somerset Brie Cheese Strength 2,waitrose,Waitrose,3.4,1.478,brie
Castello Extra Creamy Brie Cheese,waitrose,Castello,2.0,1.0,brie
Essential French Brie Cheese Strength 2,waitrose,Waitrose,1.85,0.925,brie
President French Brie Cheese,waitrose,President,3.1,1.55,brie
Le Rustique le Bon Brie Cheese,waitrose,Le,3.0,1.5,brie
Essential Limes 5s,waitrose,Waitrose,1.6,,limes
Waitrose Cherry Vine Tomatoes,waitrose,Waitrose,3.45,0.8630000000000001,vine tomatoes
Waitrose Classic Vine Tomatoes,waitrose,Waitrose,2.35,0.522,vine tomatoes
Waitrose Cherry Vine Tomatoes,waitrose,Waitrose,2.55,0.944,vine tomatoes
Duchy Organic Vine Tomatoes,waitrose,Duchy Organic,2.25,0.9,vine tomatoes
Waitrose Cypriot Halloumi Cheese Strength 1,waitrose,Waitrose,3.0,1.2,halloumi
Duchy Organic Cypriot Halloumi,waitrose,Duchy Organic,3.75,1.5,halloumi
No. 1 Halloumi Cheese with Mint Strength 2,waitrose,No.,3.28,1.3119999999999998,halloumi
Waitrose Halloumi Fries,waitrose,Waitrose,3.0,1.765,halloumi
Higgidy Cypriot Halloumi & Hot Honey Rolls,waitrose,Higgidy,2.5,1.5630000000000002,halloumi
Mister Free'd Gluten Free Avocado Tortilla Chips,waitrose,Mister,2.1,1.556,avocado
Waitrose Perfectly Ripe Large Avocado,waitrose,Waitrose,1.2,,avocado
British Creme Fraiche,waitrose,British,1.1,0.367,creme fraiche
No.1 French Creme Fraiche,waitrose,No.1,1.65,0.825,creme fraiche
Reduced Fat Creme Fraiche,waitrose,Reduced,1.1,0.367,creme fraiche
No.1 French Half Fat Creme Fraiche,waitrose,No.1,1.65,0.825,creme fraiche
Isigny Ste Mere d'Isigny 40% Fat Creme Fraiche,waitrose,Isigny,2.1,1.05,creme fraiche
Waitrose Cherry Vine Tomatoes,waitrose,Waitrose,3.45,0.8630000000000001,cherry tomatoes
Waitrose Cherry Vine Tomatoes,waitrose,Waitrose,2.55,0.944,cherry tomatoes
Essential Cherry Tomatoes,waitrose,Waitrose,1.6,0.32,cherry tomatoes
Duchy Organic Cherry Vine Tomatoes,waitrose,Duchy Organic,2.25,1.125,cherry tomatoes
No.1 Colston Bassett Blue Stilton Cheese Strength 5,waitrose,No.1,3.2,1.6,stilton
No. 1 Cropwell Bishop PDO Blue Stilton Cheese Strength 5,waitrose,No.,3.32,1.66,stilton
Waitrose Long Clawson Stilton Cheese Strength 4 Large,waitrose,Waitrose,4.4,1.938,stilton
1912 Artisan Stilton,waitrose,1912,2.25,1.5,stilton
Duchy Organic Cropwell Bishop PDO Blue Stilton Cheese Strength 5,waitrose,Duchy Organic,4.67,2.3329999999999997,stilton
The Good Crisp Co Sour Cream,waitrose,The,3.4,2.125,sour cream
Essential Soured Cream,waitrose,Waitrose,1.2,0.4,sour cream
Waitrose Sour Cream & Chive Dip,waitrose,Waitrose,1.85,0.925,sour cream
Waitrose Sour Cream & Chive Snack Mix Sharing Crisps,waitrose,Waitrose,1.85,1.233,sour cream
Pringles Sour Cream & Onion Sharing Crisps,waitrose,Pringles,2.5,1.515,sour cream
Waitrose Cotton Candy Grapes,waitrose,Waitrose,3.2,0.8,grapes
Waitrose Green Seedless Grapes,waitrose,Waitrose,2.5,0.5,grapes
Waitrose Red Seedless Grapes,waitrose,Waitrose,2.5,0.5,grapes
Waitrose Black Seedless Grapes,waitrose,Waitrose,2.8,0.7,grapes
The Collective Gourmet Mango Yogurt,waitrose,The,3.1,0.729,mango
Waitrose Mango Chunks,waitrose,Waitrose,3.9,1.393,mango
No.1 Speciality Mango,waitrose,No.1,11.0,,mango
Tims Mango Greek Family Yogurt,waitrose,Tims,2.5,0.5559999999999999,mango
Brite Natural Energy Pineapple & Mango Drink,waitrose,Brite,2.0,0.606,mango
Waitrose Slower Reared Chicken Breast Fillets - XL Pack,waitrose,Waitrose,9.5,0.792,chicken breast
Waitrose Slower Reared Chicken Breast Fillets,waitrose,Waitrose,5.5,0.917,chicken breast
Waitrose Slower Reared 2 Chicken Breast Fillets,waitrose,Waitrose,4.75,1.25,chicken breast
Waitrose Slower Reared Chicken Breast Fillets - Large Pack,waitrose,Waitrose,9.95,0.995,chicken breast
Waitrose Slower Reared Chicken Breast Mini Fillets,waitrose,Waitrose,4.75,1.1880000000000002,chicken breast
Essential Sliced Gouda Cheese Strength 2,waitrose,Waitrose,3.1,1.24,gouda
Essential Dutch Gouda Cheese Strength 2,waitrose,Waitrose,2.75,1.038,gouda
No. 1 Beemster Dutch Gouda Cheese PDO,waitrose,No.,2.8,1.867,gouda
No.1 Goat's Milk Gouda Cheese Strength 6,waitrose,No.1,3.68,1.84,gouda
Waitrose Baby Spinach,waitrose,Waitrose,1.6,1.333,baby spinach
Essential Edam Cheese Strength 2,waitrose,Waitrose,3.35,1.117,edam
Essential Dutch Sliced Edam Cheese Strength 2,waitrose,Waitrose,3.1,1.24,edam
"Waitrose Slower Reared Chicken Thighs, Skin-on & Bone-in",waitrose,Waitrose,3.95,0.395,chicken thighs
"Waitrose Chicken Thigh Fillets, Skinless & Boneless",waitrose,Waitrose,6.48,1.095,chicken thighs
"Waitrose Chicken Thigh Fillets, Skinless & Boneless - Large",waitrose,Waitrose,10.95,1.095,chicken thighs
No.1 British Free Range Chicken Thighs,waitrose,No.1,3.88,0.775,chicken thighs
"Duchy Organic Chicken Thighs, Skin-on & Bone-in",waitrose,Duchy Organic,7.32,1.2,chicken thighs
Waitrose Wild Rocket Salad,waitrose,Waitrose,1.95,1.773,rocket salad
Waitrose Watercress Spinach Rocket Salad,waitrose,Waitrose,2.2,2.0,rocket salad
Duchy Organic Babyleaf & Rocket Salad,waitrose,Duchy Organic,2.85,2.85,rocket salad
Waitrose Wild Rocket,waitrose,Waitrose,2.75,1.8329999999999995,rocket salad
Waitrose Wild Rocket,waitrose,Waitrose,1.8,2.0,rocket salad
Brite Natural Energy Pineapple & Mango Drink,waitrose,Brite,2.0,0.606,pineapple
Waitrose Supersweet Medium Pineapple,waitrose,Waitrose,1.7,,pineapple
Waitrose Extra Large Pineapple,waitrose,Waitrose,2.35,,pineapple
Waitrose Pineapple,waitrose,Waitrose,3.9,0.78,pineapple
Essential Extra Mature Grated Cheddar Cheese Strength 6,waitrose,Waitrose,2.8,1.12,grated cheddar
Essential Mature Grated Cheddar Cheese Strength 4 Large,waitrose,Waitrose,4.95,0.99,grated cheddar
Waitrose Davidstow Cornish Mature Grated Cheddar Cheese Strength 5,waitrose,Waitrose,3.25,1.3,grated cheddar
Essential Mature Grated Cheddar Cheese Strength 4,waitrose,Waitrose,2.8,1.12,grated cheddar
Cathedral City Mature Grated Cheddar Cheese,waitrose,Cathedral,2.0,1.112,grated cheddar
Waitrose Cantaloupe Melon,waitrose,Waitrose,2.95,,melon
Waitrose Honeydew Melon,waitrose,Waitrose,2.2,,melon
Waitrose Melon Slices,waitrose,Waitrose,2.95,1.0539999999999998,melon
Waitrose Orange Melon Chunks,waitrose,Waitrose,2.95,1.1800000000000002,melon
Waitrose Melon Trio,waitrose,Waitrose,2.95,1.341,melon
Waitrose Stock Brined Whole Chicken,waitrose,Waitrose,6.18,0.412,whole chicken
Waitrose Slower Reared Large Whole Chicken,waitrose,Waitrose,6.95,0.397,whole chicken
Waitrose Slower Reared Extra Large Whole Chicken,waitrose,Waitrose,8.05,0.35,whole chicken
No.1 British Free Range Whole Chicken,waitrose,No.1,14.2,0.875,whole chicken
Waitrose Slower Reared Small Whole Chicken,waitrose,Waitrose,5.25,0.438,whole chicken
Essential Iceberg Lettuce,waitrose,Waitrose,1.0,,iceberg lettuce
Essential Iceberg Lettuce,waitrose,Waitrose,1.0,0.4,iceberg lettuce
Lindahls Protein Cheese Slices,waitrose,Lindahls,1.6,1.28,cheese slices
Port Salut French Sliced Cheese,waitrose,Port,2.17,1.809,cheese slices
Essential Sliced Cheese for Burgers Strength 2,waitrose,Waitrose,1.55,0.775,cheese slices
Waitrose Cooked Chicken Breast Slices,waitrose,Waitrose,4.75,2.375,cheese slices
Port Salut French Soft Cheese,waitrose,Port,3.1,1.6760000000000002,cheese slices
"Waitrose Chicken Drumsticks, Skin-on & Bone-in",waitrose,Waitrose,4.95,0.309,chicken drumsticks
No. 1 British Free Range Chicken Drumsticks,waitrose,No.,3.52,0.725,chicken drumsticks
"Duchy Organic Chicken Drumsticks 6, Skin-on & Bone-in",waitrose,Duchy Organic,7.23,1.095,chicken drumsticks
Waitrose Southern Fried Chicken Drumsticks & Thighs,waitrose,Waitrose,5.25,0.6559999999999999,chicken drumsticks
Waitrose Cooked Roast Chicken Drumsticks,waitrose,Waitrose,4.5,0.865,chicken drumsticks
Waitrose Perfectly Ripe Kiwi,waitrose,Waitrose,2.85,,kiwi
Waitrose Perfectly Ripe Golden Kiwi,waitrose,Waitrose,3.75,,kiwi
Duchy Organic Kiwi Fruit,waitrose,Duchy Organic,3.0,,kiwi
Waitrose King Green Kiwi,waitrose,Waitrose,1.0,,kiwi
Waitrose Kiwi,waitrose,Waitrose,2.1,1.75,kiwi
Waitrose Romaine Lettuce,waitrose,Waitrose,1.4,,romaine lettuce
Waitrose Slower Reared Chicken Wings,waitrose,Waitrose,1.8,0.379,chicken wings
Duchy Organic Chicken Wings,waitrose,Duchy Organic,3.5,0.875,chicken wings
Waitrose Cooked Sweet & Smoky Chicken Wings,waitrose,Waitrose,4.25,1.118,chicken wings
Waitrose Cooked Honey Sriracha Chicken Wings,waitrose,Waitrose,4.25,1.118,chicken wings
"Waitrose Chicken Drumsticks, Skin-on & Bone-in",waitrose,Waitrose,4.95,0.309,chicken wings
Waitrose Conference Pears,waitrose,Waitrose,2.5,,pears
Waitrose Blush Pears,waitrose,Waitrose,2.15,,pears
Waitrose Conference Pears Loose,waitrose,Waitrose,2.5,0.25,pears
Essential Conference Pears,waitrose,Waitrose,2.1,,pears
Waitrose British King Oyster Mushrooms,waitrose,Waitrose,2.5,1.923,mushrooms
Waitrose Chestnut Mushrooms,waitrose,Waitrose,1.3,0.52,mushrooms
Essential Cup Mushrooms,waitrose,Waitrose,1.45,0.363,mushrooms
No.1 Maitake Mushrooms,waitrose,No.1,2.5,2.0,mushrooms
Waitrose Chestnut Mushrooms,waitrose,Waitrose,2.3,0.511,mushrooms
Essential Mixed Peppers,waitrose,Waitrose,1.9,,peppers mixed
Waitrose Sweet Mixed Baby Peppers,waitrose,Waitrose,2.2,1.467,peppers mixed
Mixed Romano Peppers,waitrose,Mixed,2.75,1.375,peppers mixed
Waitrose Frozen Sliced Peppers,waitrose,Waitrose,1.1,0.22,peppers mixed
Waitrose British Native Breeds Beef Mince 15%,waitrose,Waitrose,7.0,0.933,beef mince
Waitrose British Native Breed Beef Mince 5% Fat,waitrose,Waitrose,7.5,1.5,beef mince
Duchy Organic British Beef Mince 12% Fat,waitrose,Duchy Organic,8.0,1.6,beef mince
Waitrose British Native Breed Beef Mince 12% Fat,waitrose,Waitrose,4.5,0.9,beef mince
Essential British Beef Mince 12% Fat,waitrose,Waitrose,5.0,1.0,beef mince
Waitrose Plums,waitrose,Waitrose,2.6,,plums
Essential Home Ripening Plums,waitrose,Waitrose,1.7,0.425,plums
Waitrose British Native Breed Beef Mince 5% Fat,waitrose,Waitrose,7.5,1.5,lean beef mince
Root Zero Potatoes,waitrose,Root,1.68,0.112,potatoes
Waitrose British Baby Potatoes,waitrose,Waitrose,1.2,0.6,potatoes
Waitrose British Extra Large Potatoes,waitrose,Waitrose,1.56,,potatoes
Waitrose Red Chilli & Tomato Pesto,waitrose,Waitrose,2.4,1.656,red chillies
"No.1 Calabrian Chilli, Red Pepper & Almond Pesto",waitrose,No.1,2.4,1.264,red chillies
Cooks' Ingredients Red Chilli Paste,waitrose,Cooks',2.0,2.105,red chillies
Cauldron Butternut & Red Chilli Bites,waitrose,Cauldron,2.0,1.143,red chillies
Tyrrells Sweet Chilli & Red Pepper Crisps,waitrose,Tyrrells,2.75,1.8329999999999995,red chillies
Essential Courgettes,waitrose,Waitrose,2.85,0.285,courgettes
Waitrose Courgettes,waitrose,Waitrose,2.1,0.42,courgettes
Duchy Organic Courgettes,waitrose,Duchy Organic,2.65,0.883,courgettes
Essential Courgettes,waitrose,Waitrose,2.0,0.333,courgettes
Waitrose Baby Courgettes,waitrose,Waitrose,2.2,1.1,courgettes
Strong Roots Garlic Roasted Sweet Potato,waitrose,Strong,3.65,0.73,sweet potatoes
Strong Roots Oven Baked Sweet Potato Fries,waitrose,Strong,3.85,0.77,sweet potatoes
Waitrose Sweet Potatoes,waitrose,Waitrose,1.3,0.13,sweet potatoes
Duchy Organic Sweet Potatoes,waitrose,Duchy Organic,2.75,0.393,sweet potatoes
Waitrose Evangeline Sweet Potatoes,waitrose,Waitrose,2.1,0.35,sweet potatoes
Waitrose 2 British Beef Sirloin Steaks,waitrose,Waitrose,14.0,3.5,sirloin steak
No.1 British Dry Aged Sirloin Steak,waitrose,No.1,14.0,6.087,sirloin steak
Waitrose British Beef Sirloin Steak,waitrose,Waitrose,8.0,4.0,sirloin steak
Waitrose British Native Breed Thick Cut Sirloin Steak,waitrose,Waitrose,9.0,3.0,sirloin steak
No.1 Wagyu Beef Sirloin Steak,waitrose,No.1,16.0,6.4,sirloin steak
itsu Glazed Miso Aubergine,waitrose,itsu,3.35,1.015,aubergine
Natoora Large Aubergine,waitrose,Natoora,3.0,,aubergine
Ottolenghi Roasted Aubergine & Tomato Sauce,waitrose,Ottolenghi,3.65,1.043,aubergine
Waitrose Vegetarian Aubergine & Feta Burgers,waitrose,Waitrose,2.95,1.405,aubergine
Waitrose British Beef Ribeye Steak,waitrose,Waitrose,9.0,4.090999999999999,ribeye steak
Waitrose British Beef Thick Cut Ribeye Steak,waitrose,Waitrose,14.0,4.0,ribeye steak
Duchy Organic British Beef Ribeye Steak,waitrose,Duchy Organic,10.58,4.7,ribeye steak
No.1 Wagyu Beef Ribeye Steak,waitrose,No.1,18.0,7.2,ribeye steak
No.1 Free Range Pork Ribeye Steaks & Miso Butter,waitrose,No.1,4.87,1.133,ribeye steak
Waitrose Baby New Potatoes,waitrose,Waitrose,1.85,0.247,baby potatoes
Waitrose British Baby Potatoes,waitrose,Waitrose,1.2,0.6,baby potatoes
Waitrose Loose Baby Potatoes,waitrose,Waitrose,1.25,0.125,baby potatoes
Waitrose Wild Garlic Baby Potatoes,waitrose,Waitrose,2.8,0.7,baby potatoes
Duchy Organic British Baby Potatoes,waitrose,Duchy Organic,2.0,0.267,baby potatoes
Waitrose Fine Green Beans,waitrose,Waitrose,2.0,0.667,green beans
Waitrose Trimmed Fine Green Beans,waitrose,Waitrose,1.6,0.8,green beans
Waitrose Extra Fine Whole Green Beans,waitrose,Waitrose,1.75,0.35,green beans
Waitrose Trimmed Fine Green Beans,waitrose,Waitrose,1.2,1.5,green beans
Essential Cut Green Beans in Water,waitrose,Waitrose,1.5,0.732,green beans
Waitrose British Native Breed Diced Beef Braising Steak,waitrose,Waitrose,6.0,1.5,beef stewing steak
Duchy Organic British Beef Diced Casserole Steak,waitrose,Duchy Organic,6.5,1.625,beef stewing steak
Waitrose British Native Breed Beef Rump Steak Stir Fry Strips,waitrose,Waitrose,6.0,2.4,beef stewing steak
Waitrose British Beef Short Ribs,waitrose,Waitrose,7.62,1.4,beef stewing steak
Essential Sweetcorn,waitrose,Waitrose,4.17,0.417,sweetcorn
Essential Frozen Supersweet Sweetcorn,waitrose,Waitrose,1.4,0.187,sweetcorn
Waitrose Sweetcorn,waitrose,Waitrose,1.55,,sweetcorn
Green Giant Original Sweetcorn,waitrose,Green,3.5,0.53,sweetcorn
Waitrose Sweetcorn Kebabs,waitrose,Waitrose,1.9,,sweetcorn
Waitrose British Lamb Mince 20% Fat,waitrose,Waitrose,7.5,1.5,lamb mince
Duchy Organic British Lamb Mince 20% Fat,waitrose,Duchy Organic,8.0,2.0,lamb mince
Waitrose Early British Asparagus,waitrose,Waitrose,3.6,1.8,asparagus
Waitrose Asparagus,waitrose,Waitrose,2.5,1.087,asparagus
Waitrose Fine Asparagus,waitrose,Waitrose,2.35,2.136,asparagus
Waitrose Asparagus Tips,waitrose,Waitrose,2.0,2.0,asparagus
Natoora Green Asparagus,waitrose,Natoora,5.0,2.273,asparagus
Waitrose 4 British Lamb Loin Chops,waitrose,Waitrose,13.69,3.22,lamb chops
Waitrose 2 British Lamb Loin Chops,waitrose,Waitrose,7.54,3.28,lamb chops
Duchy Organic British Lamb Loin Chops,waitrose,Duchy Organic,12.37,3.0,lamb chops
Waitrose British Lamb Cutlets,waitrose,Waitrose,11.59,3.035,lamb chops
No.1 2 British Abervale Lamb Thick Cut Loin Chops,waitrose,No.1,6.56,2.98,lamb chops
Waitrose Free Range 2 Pork Chops,waitrose,Waitrose,4.6,1.15,pork chops
Duchy Organic Free Range British Pork Chops,waitrose,Duchy Organic,5.88,1.611,pork chops
No.1 Free Range Pork Ribeye Steaks & Miso Butter,waitrose,No.1,4.87,1.133,pork chops
Waitrose Free Range Pork 4 Loin Steaks,waitrose,Waitrose,6.0,1.25,pork chops
No.1 Free Range Pork Cutlets Brandy & Peppercorn,waitrose,No.1,8.65,1.559,pork chops
Waitrose Free Range British Pork Lean Mince 5% Fat,waitrose,Waitrose,4.3,0.86,pork mince
Essential Free Range Pork Mince 12% Fat,waitrose,Waitrose,2.9,0.58,pork mince
Waitrose Free Range Pork 5% Fat Lean Mince,waitrose,Waitrose,5.7,0.76,pork mince
Duchy Organic Free Range British Pork 12 Meatballs,waitrose,Duchy Organic,4.9,1.6329999999999998,pork mince
Waitrose Free Range Pork 12 Meatballs,waitrose,Waitrose,3.9,1.3,pork mince
Duchy Organic Celery,waitrose,Duchy Organic,1.4,,celery
Waitrose Celery Sticks,waitrose,Waitrose,1.4,0.4,celery
Waitrose Celery Hearts,waitrose,Waitrose,1.95,,celery
Waitrose Cheddar & Celery Sandwich,waitrose,Waitrose,3.25,,celery
La Vie Plant-Based Smoked Bacon,waitrose,La,3.7,3.0829999999999997,smoked bacon
Essential 10 Smoked Bacon Rashers,waitrose,Waitrose,2.75,0.917,smoked bacon
Waitrose 12 Made Without Nitrite Smoked Streaky Bacon Rashers,waitrose,Waitrose,4.0,1.6,smoked bacon
Essential 12 Smoked Streaky Bacon Rashers,waitrose,Waitrose,2.75,1.1,smoked bacon
No.1 Free Range Dry Cured Beech Smoked Bacon Lardons,waitrose,No.1,4.0,2.0,smoked bacon
Essential 10 Unsmoked Bacon Rashers,waitrose,Waitrose,2.75,0.917,unsmoked bacon
Waitrose 8 Dry Cured Unsmoked Back Bacon Rashers,waitrose,Waitrose,4.0,1.6,unsmoked bacon
Essential 12 Unsmoked Streaky Bacon Rashers,waitrose,Waitrose,2.75,1.1,unsmoked bacon
Waitrose 8 Made Without Nitrite Unsmoked Back Bacon Rashers,waitrose,Waitrose,4.0,1.6,unsmoked bacon
Finnebrogue Naked 6 Unsmoked Back Bacon,waitrose,Finnebrogue,2.96,1.48,unsmoked bacon
Waitrose 12 Made Without Nitrite Unsmoked Streaky Bacon Rashers,waitrose,Waitrose,4.0,1.6,streaky bacon
No.1 10 Free Range Unsmoked Dry Cured Streaky Bacon Rashers,waitrose,No.1,5.25,2.283,streaky bacon
Waitrose 12 Smoked Dry Cured Streaky Bacon Rashers,waitrose,Waitrose,4.0,1.6,streaky bacon
Essential 12 Smoked Streaky Bacon Rashers,waitrose,Waitrose,2.75,1.1,streaky bacon
Waitrose 12 Made Without Nitrite Smoked Streaky Bacon Rashers,waitrose,Waitrose,4.0,1.6,streaky bacon
Waitrose 6 Pork Sausages with Pepper & Nutmeg,waitrose,Waitrose,4.0,1.0,pork sausages
"Waitrose British Pork, Bramley Apple Sausages",waitrose,Waitrose,4.0,1.0,pork sausages
No.1 British Free Range 6 Pork Sausages,waitrose,No.1,5.25,1.3130000000000002,pork sausages
Finnebrogue Naked 6 Pork Sausages,waitrose,Finnebrogue,2.96,0.74,pork sausages
Essential 8 British Pork Sausages,waitrose,Waitrose,1.8,0.397,pork sausages
HECK Chicken Italia Gluten Free Chipolata Sausages 10 pack,waitrose,HECK,3.75,1.103,chicken sausages
Borough Broth Organic Free Range Chicken Bone Broth,waitrose,Borough,5.0,1.543,chicken sausages
Goikoa Chorizo De Navarra,waitrose,Goikoa,5.85,2.25,chorizo
Cooks' Ingredients Spanish Navara Chorizo,waitrose,Cooks',3.0,1.579,chorizo
Waitrose Mild & Smoky Chorizo Ring,waitrose,Waitrose,3.75,1.6670000000000005,chorizo
Artysán Chorizo Riojano IGP,waitrose,Artysán,3.9,1.734,chorizo
Pajariel Chorizo de Leon,waitrose,Pajariel,5.5,2.5,chorizo
Cooks' Ingredients Spicy Italian Pepperoni,waitrose,Cooks',3.25,3.25,pepperoni
Waitrose Italian Pepperoni Slices,waitrose,Waitrose,3.5,3.889,pepperoni
Waitrose Stonebaked Pepperoni Pizza,waitrose,Waitrose,3.75,0.975,pepperoni
"Pizza Express Classic American, Pepperoni",waitrose,Pizza,6.0,2.4,pepperoni
No.1 Wood-fired Pepperoni & Fior Di Latte Sourdough Pizza,waitrose,No.1,6.75,1.607,pepperoni
La Vie Plant-Based Smoked Ham,waitrose,La,3.15,3.15,ham sliced
Waitrose British Wiltshire Cured Ham 4 Slices,waitrose,Waitrose,3.85,2.962,ham sliced
Waitrose British Honey Roast Ham Finely Sliced,waitrose,Waitrose,3.75,1.875,ham sliced
Waitrose British Roast Ham 6 Slices,waitrose,Waitrose,3.35,2.174,ham sliced
Waitrose British Roast Ham Finely Sliced,waitrose,Waitrose,3.75,1.875,ham sliced
Waitrose 2 Scottish Salmon Fillets,waitrose,Waitrose,6.0,2.308,salmon fillets
No.1 Scottish Salmon Prime Fillet,waitrose,No.1,13.0,2.6,salmon fillets
Waitrose 4 Scottish Salmon Fillets,waitrose,Waitrose,10.8,2.25,salmon fillets
Waitrose 2 MSC Wild Keta Salmon Fillets,waitrose,Waitrose,6.5,2.955,salmon fillets
No.1 2 Wild Alaskan Sockeye Salmon Fillets,waitrose,No.1,9.25,4.205,salmon fillets
Waitrose Cod Fillets MSC,waitrose,Waitrose,7.75,3.229,cod fillets
Waitrose Frozen Line Caught Cod Fillets MSC,waitrose,Waitrose,12.5,2.632,cod fillets
Waitrose Frozen 2 Breaded Cod Fillets,waitrose,Waitrose,5.0,1.6670000000000005,cod fillets
Waitrose 2 Battered Cod Fillets,waitrose,Waitrose,5.0,1.6670000000000005,cod fillets
No.1 Bubbly Battered Cod Fillets,waitrose,No.1,7.75,2.039,cod fillets
Waitrose Haddock Fillets MSC,waitrose,Waitrose,7.3,3.0420000000000003,haddock fillets
No.1 Bubbly Beer Battered Haddock Fillets,waitrose,No.1,7.75,2.123,haddock fillets
Waitrose MSC 2 Seeded Haddock Fillets 260g,waitrose,Waitrose,5.0,1.923,haddock fillets
Waitrose Smoked Haddock Fillets MSC,waitrose,Waitrose,7.45,3.104,haddock fillets
Waitrose 2 Breaded Haddock Fillets,waitrose,Waitrose,5.0,1.6670000000000005,haddock fillets
Waitrose 2 Mediterranean Sea Bass Fillets,waitrose,Waitrose,7.25,4.0280000000000005,sea bass
Waitrose 4 Mediterranean Sea Bass Fillets,waitrose,Waitrose,11.5,3.194,sea bass
"Waitrose 2 Mediterranean Caught Sea Bass Fillets with Coriander, Lime & Chilli",waitrose,Waitrose,7.75,3.875,sea bass
"Waitrose 2 Sea Bass Fillets, Pesto Butter",waitrose,Waitrose,6.5,3.095,sea bass
"Waitrose 2 Sea Bass Fillets, Tomatoes and Olives",waitrose,Waitrose,9.0,2.8129999999999997,sea bass
Waitrose ASC Extra Large King Prawns,waitrose,Waitrose,4.95,3.3,king prawns
Waitrose ASC Extra Large Raw King Prawns,waitrose,Waitrose,5.25,3.182,king prawns
Waitrose ASC Extra Large King Prawns,waitrose,Waitrose,6.95,3.159,king prawns
Waitrose ASC Raw King Prawns Stir Fry,waitrose,Waitrose,4.25,2.576,king prawns
Duchy Organic Cooked King Prawns,waitrose,Duchy Organic,5.25,3.5,king prawns
LEAP Smoked Sockeye Salmon,waitrose,LEAP,6.16,6.16,smoked salmon
Waitrose Mild Scottish Smoked Salmon,waitrose,Waitrose,5.75,4.0,smoked salmon
No.1 Chestnut Scottish Smoked Salmon,waitrose,No.1,6.5,6.5,smoked salmon
Ghillie & Glen Scottish Smoked Salmon,waitrose,Ghillie,5.96,2.98,smoked salmon
No.1 Cherrywood Smoked Scottish Salmon,waitrose,No.1,6.5,6.5,smoked salmon
Waitrose 6 Chunky Cod Fish Fingers,waitrose,Waitrose,6.6,2.0,fish fingers
Birds Eye 32 Omega 3 Fish Fingers,waitrose,Birds,5.35,0.597,fish fingers
Waitrose 6 Chunky Haddock Fish Fingers,waitrose,Waitrose,6.6,1.941,fish fingers
Essential 10 Frozen Cod Fish Fingers MSC,waitrose,Waitrose,3.0,1.0,fish fingers
Waitrose Frozen 6 Battered Haddock Fish Fingers,waitrose,Waitrose,4.5,1.364,fish fingers
Waitrose MSC Tuna Steak In Spring Water,waitrose,Waitrose,7.0,1.167,tuna steaks
Waitrose MSC Tuna Steak in Olive Oil,waitrose,Waitrose,7.0,0.875,tuna steaks
John West MSC No Drain Tuna Steak in Spring Water,waitrose,John,3.75,2.0829999999999997,tuna steaks
John West No Drain Fridge Pot Tuna Steak with a Little Spring Water MSC 3x110g,waitrose,John,5.75,1.7420000000000002,tuna steaks
Waitrose MSC Tuna Steak in Spring Water,waitrose,Waitrose,2.25,1.5,tuna steaks
Waitrose Soft White Toastie Thick Sliced Bread,waitrose,Waitrose,1.0,0.125,white sliced bread
Waitrose Soft White Farmhouse Sliced Bread,waitrose,Waitrose,1.1,0.275,white sliced bread
Waitrose Soft White Farmhouse Sliced Bread,waitrose,Waitrose,1.5,0.188,white sliced bread
Waitrose Super Soft White Medium Sliced Bread,waitrose,Waitrose,1.0,0.125,white sliced bread
Hovis Soft White Medium Sliced White Bread,waitrose,Hovis,1.5,0.188,white sliced bread
Hovis Wholemeal Medium Sliced Bread,waitrose,Hovis,1.1,0.275,wholemeal bread
Jason's Sourdough Wholemeal Ciabattin Bread,waitrose,Jason's,2.35,0.4049999999999999,wholemeal bread
Hovis Wholemeal Medium Sliced Bread,waitrose,Hovis,1.3,0.1629999999999999,wholemeal bread
New York Bakery Sourdough Bagels,waitrose,New,2.15,,sourdough bread
No.1 White Sourdough Bread,waitrose,No.1,2.25,0.45,sourdough bread
No.1 Seeded Sourdough Bread,waitrose,No.1,2.25,0.45,sourdough bread
No.1 Spelt Sourdough Bread,waitrose,No.1,2.5,0.5,sourdough bread
Jacksons Super Seeded Bloomer,waitrose,Jacksons,2.1,0.263,seeded bread
Waitrose Multi-Seeded Farmhouse Bread,waitrose,Waitrose,1.7,0.213,seeded bread
Bertinet Bakery Seeded Sourdough Bread,waitrose,Bertinet,1.92,0.35,seeded bread
Wildfarmed Sliced Seeded Bread,waitrose,Wildfarmed,2.25,0.409,seeded bread
Waitrose Large Tortilla Wraps,waitrose,Waitrose,1.24,,wraps tortilla
Waitrose 8 Large Wholemeal Tortilla Wraps,waitrose,Waitrose,1.24,,wraps tortilla
Waitrose 8 Seeded Tortilla Wraps,waitrose,Waitrose,1.24,,wraps tortilla
Old El Paso Tortilla Wraps,waitrose,Old,2.25,0.643,wraps tortilla
Old El Paso White Corn Tortilla Wrap,waitrose,Old,1.75,0.842,wraps tortilla
BFree Gluten Free Wholegrain Pitta Breads,waitrose,BFree,2.0,0.91,pitta bread
Sharwood's Mini Naan Garlic & Coriander,waitrose,Sharwood's,2.1,,naan bread
Waitrose 4 Easter Bunny Crumpets,waitrose,Waitrose,1.5,,crumpets
Wildfarmed Crumpets,waitrose,Wildfarmed,1.5,,crumpets
Warburtons Crumpets,waitrose,Warburtons,1.1,,crumpets
Waitrose 6 Sourdough Crumpets,waitrose,Waitrose,1.5,,crumpets
Waitrose 6 Toastie Crumpets,waitrose,Waitrose,1.5,,crumpets
Essential Butternut Squash,waitrose,Waitrose,1.65,,butternut squash
Cooks' Ingredients Butternut Squash Slices,waitrose,Cooks',1.75,0.4549999999999999,butternut squash
Duchy Organic Butternut Squash,waitrose,Duchy Organic,2.29,0.22,butternut squash
Waitrose Golden Butternut Squash,waitrose,Waitrose,2.59,0.225,butternut squash
Cooks' Ingredients Frozen Butternut Vine Squash Chunks,waitrose,Cooks',1.6,0.32,butternut squash
"Benefit Menosupport Berries, Cherries & Beetroot Juice",waitrose,Benefit,4.5,0.5,beetroot
Baxters Baby Beetroot,waitrose,Baxters,2.1,0.627,beetroot
Waitrose Fresh Beetroot Pouch,waitrose,Waitrose,1.7,0.515,beetroot
Baxters Crinkled Beetroot,waitrose,Baxters,2.1,0.627,beetroot
Cooks' Ingredients Medium Basil Pot,waitrose,Cooks',1.85,,fresh basil
Cooks' Ingredients Large Basil Pot,waitrose,Cooks',2.35,,fresh basil
Cooks' Ingredients Basil,waitrose,Cooks',1.75,1.75,fresh basil
Waitrose Green Pesto with Basil,waitrose,Waitrose,2.4,1.656,fresh basil
Real Olive Co. Wild Garlic & Basil Olives,waitrose,Real,2.9,1.934,fresh basil
Cooks' Ingredients Coriander,waitrose,Cooks',1.7,1.7,fresh coriander
Cooks' Ingredients Coriander Pot,waitrose,Cooks',1.85,,fresh coriander
Cooks' Ingredients Coriander Seeds,waitrose,Cooks',1.8,7.5,fresh coriander
Bart Coriander Seeds,waitrose,Bart,2.5,12.5,fresh coriander
"Easy to Cook Ginger, Coriander & Lime Chicken Breasts",waitrose,Easy,5.6,1.965,fresh coriander
Cooks' Ingredients Mint,waitrose,Cooks',1.75,1.75,fresh mint
Cooks' Ingredients Mint Pot,waitrose,Cooks',1.85,,fresh mint
Essential Fresh Mint Mouthwash,waitrose,Waitrose,1.35,0.27,fresh mint
Colgate Total Active Prevention Fresh Mint Toothpaste,waitrose,Colgate,3.65,2.92,fresh mint
Corsodyl Daily Gum Care Mouthwash Alcohol Free Fresh Mint 500ml,waitrose,Corsodyl,5.0,1.0,fresh mint
Cooks' Ingredients Curly Parsley Medium Pot,waitrose,Cooks',1.8,,fresh parsley
Cooks' Ingredients Flat Leaf Parsley,waitrose,Cooks',1.7,1.7,fresh parsley
Cooks' Ingredients Flat Leaf Parsley,waitrose,Cooks',1.85,,fresh parsley
Waitrose 2 Chicken Kyivs With Garlic And Parsley Butter,waitrose,Waitrose,5.25,1.641,fresh parsley
Waitrose Garlic & Parsley Ciabatta Breadsticks,waitrose,Waitrose,2.75,2.037,fresh parsley
De Cecco Spaghetti,waitrose,De,2.0,0.4,spaghetti
Essential Spaghetti,waitrose,Waitrose,1.5,0.15,spaghetti
Heinz Spaghetti Hoops in Tomato Sauce,waitrose,Heinz,1.5,0.4389999999999999,spaghetti
Heinz Spaghetti Hoops in Tomato Sauce,waitrose,Heinz,1.25,0.313,spaghetti
Heinz Spaghetti in Tomato Sauce Single Serve,waitrose,Heinz,1.5,0.45,spaghetti
De Cecco Pasta Penne Rigate,waitrose,De,2.0,0.4,penne pasta
Waitrose High Protein Penne Pasta,waitrose,Waitrose,3.0,0.75,penne pasta
Essential Penne,waitrose,Waitrose,1.5,0.15,penne pasta
Essential Penne,waitrose,Waitrose,1.6,0.16,penne pasta
Northern Pasta Co Fusilli Pasta,waitrose,Northern,3.95,1.097,fusilli pasta
No.1 Italian Fusilli Bucati Pasta,waitrose,No.1,2.4,0.48,fusilli pasta
De Cecco Fusilli,waitrose,De,2.0,0.4,fusilli pasta
Waitrose Fresh Fusilli,waitrose,Waitrose,2.08,0.416,fusilli pasta
Waitrose Wholewheat Fusilli,waitrose,Waitrose,1.85,0.37,fusilli pasta
Waitrose Fresh Tagliatelle,waitrose,Waitrose,2.08,0.416,tagliatelle
Crosta & Mollica Tagliatelle Pasta,waitrose,Crosta,2.4,0.48,tagliatelle
Waitrose Italian Ham & Mushroom Tagliatelle for 1,waitrose,Waitrose,4.1,1.025,tagliatelle
De Cecco Linguine,waitrose,De,2.0,0.4,linguine
Waitrose Linguine,waitrose,Waitrose,1.85,0.37,linguine
Waitrose Fresh Linguine,waitrose,Waitrose,2.08,0.416,linguine
Waitrose Egg Lasagne Sheets,waitrose,Waitrose,1.85,0.493,lasagne sheets
Essential Lasagne Sheets,waitrose,Waitrose,2.13,0.213,lasagne sheets
Waitrose Free From Gluten Lasagne Sheets,waitrose,Waitrose,1.95,0.78,lasagne sheets
Waitrose Fresh Lasagne,waitrose,Waitrose,2.08,0.6940000000000001,lasagne sheets
Dolmio Lasagne Original Creamy Sauce,waitrose,Dolmio,2.75,0.625,lasagne sheets
Essential Basmati Rice,waitrose,Waitrose,2.5,0.25,basmati rice
Tilda Pure Basmati Rice,waitrose,Tilda,13.4,0.268,basmati rice
Tilda Pure Basmati Rice,waitrose,Tilda,5.25,0.525,basmati rice
Essential Long Grain Rice Easy Cook,waitrose,Waitrose,1.6,0.16,long grain rice
Essential Long Grain Rice Easy Cook,waitrose,Waitrose,1.0,0.2,long grain rice
Duchy Organic Long Grain Rice,waitrose,Duchy Organic,2.45,0.49,long grain rice
Ben's Original Long Grain Rice,waitrose,Ben's,1.2,0.4549999999999999,long grain rice
Ben's Original Long Grain Rice,waitrose,Ben's,4.0,0.4,long grain rice
Tilda Fragrant Jasmine Rice,waitrose,Tilda,2.0,0.4,jasmine rice
Tilda Fragrant Jasmine Rice,waitrose,Tilda,1.0,0.4,jasmine rice
Waitrose Satay Chicken with Jasmine Rice,waitrose,Waitrose,5.3,1.325,jasmine rice
Charlie Bigham's Beef Massaman & Jasmine Rice,waitrose,Charlie,8.76,1.168,jasmine rice
Charlie Bigham's Sweet & Sour Pork with Jasmine Rice,waitrose,Charlie,9.95,1.327,jasmine rice
Gallo Risotto Arborio Rice,waitrose,Gallo,3.25,0.65,risotto rice
Waitrose Arborio Risotto Rice,waitrose,Waitrose,2.65,0.53,risotto rice
Gallo Carnaroli Risotto Rice,waitrose,Gallo,3.25,0.65,risotto rice
Duchy Organic Arborio Risotto Rice,waitrose,Duchy Organic,3.75,0.75,risotto rice
Waitrose Egg Noodles,waitrose,Waitrose,1.35,0.491,egg noodles
Waitrose Egg Noodles Medium,waitrose,Waitrose,1.3,0.52,egg noodles
Waitrose Fine Egg Noodles,waitrose,Waitrose,1.3,0.52,egg noodles
Sharwood's Medium Egg Noodles,waitrose,Sharwood's,1.25,0.554,egg noodles
Blue Dragon Medium Egg Noodles,waitrose,Blue,1.75,0.7,egg noodles
Waitrose Rice Noodles,waitrose,Waitrose,1.5,0.833,rice noodles
Thai Taste Vermicelli Rice Noodles Nests,waitrose,Thai,1.75,0.875,rice noodles
Blue Dragon Pad Thai Rice Noodles,waitrose,Blue,1.75,0.875,rice noodles
Waitrose Rice Noodles,waitrose,Waitrose,1.5,0.545,rice noodles
Waitrose Singapore Rice Noodles,waitrose,Waitrose,1.5,0.545,rice noodles
Heinz Baked Beans 6 Pack,waitrose,Heinz,5.5,0.221,baked beans
Mr Organic Baked Beans,waitrose,Mr,1.3,0.325,baked beans
Essential Baked Beans in Tomato Sauce,waitrose,Waitrose,1.19,0.119,baked beans
Heinz Baked Beans No Added Sugar 6 Pack,waitrose,Heinz,5.5,0.221,baked beans
Heinz Beans & Richmond Sausages,waitrose,Heinz,2.1,0.506,baked beans
Mr Organic Italian Organic Chopped Tomatoes,waitrose,Mr,6.25,0.391,chopped tomatoes
Essential Chopped Tomatoes in Natural Juice,waitrose,Waitrose,2.4,0.15,chopped tomatoes
Cirio Polpa Chopped Tomatoes,waitrose,Cirio,5.0,0.313,chopped tomatoes
Mutti Finely Chopped Tomatoes,waitrose,Mutti,4.0,0.25,chopped tomatoes
Mutti Finely Chopped Tomatoes,waitrose,Mutti,1.7,0.425,chopped tomatoes
Mr Organic Chickpeas,waitrose,Mr,2.3,1.095,chickpeas tinned
Essential Chickpeas in Water,waitrose,Waitrose,3.13,0.313,chickpeas tinned
Duchy Organic Chickpeas in Water,waitrose,Duchy Organic,1.25,0.508,chickpeas tinned
Bold Bean Co. Queen Chickpeas,waitrose,Bold,2.8,0.7,chickpeas tinned
Belazu Gordo Especial Chickpeas,waitrose,Belazu,3.0,1.2,chickpeas tinned
Essential Red Kidney Beans in Water,waitrose,Waitrose,3.13,0.313,kidney beans tinned
Essential Red Kidney Beans in Chilli Sauce,waitrose,Waitrose,1.0,0.253,kidney beans tinned
Essential Red Kidney Beans in Water,waitrose,Waitrose,3.61,0.361,kidney beans tinned
Duchy Organic Red Kidney Beans in Water,waitrose,Duchy Organic,1.25,0.49,kidney beans tinned
Waitrose Red Kidney Beans,waitrose,Waitrose,2.15,0.43,kidney beans tinned
Essential Lentils in Water,waitrose,Waitrose,2.88,0.288,lentils tinned
Epicure Organic Bijoux Verts Lentils,waitrose,Epicure,1.2,0.5,lentils tinned
Waitrose Green Lentils,waitrose,Waitrose,2.15,0.43,lentils tinned
Belazu Pardina Lentils,waitrose,Belazu,3.0,1.034,lentils tinned
Epicure Organic Butter Beans in Water,waitrose,Epicure,1.2,0.5,butter beans tinned
Essential Butter Beans,waitrose,Waitrose,1.75,0.175,butter beans tinned
Bold Bean Co. Queen Butter Beans,waitrose,Bold,2.8,0.7,butter beans tinned
Duchy Organic Butter Beans,waitrose,Duchy Organic,1.25,0.512,butter beans tinned
Mr Organic Butter Beans,waitrose,Mr,2.3,0.657,butter beans tinned
John West No Drain Tuna Chunks with a Little Spring Water MSC 3x100g,waitrose,John,3.0,1.0,tinned tuna
Essential MSC Tuna Chunks in Spring Water,waitrose,Waitrose,4.75,1.06,tinned tuna
Waitrose MSC Tuna Steak in Olive Oil,waitrose,Waitrose,7.0,0.875,tinned tuna
John West MSC No Drain Tuna Steak in Spring Water,waitrose,John,3.75,2.0829999999999997,tinned tuna
Waitrose MSC Tuna Steak In Spring Water,waitrose,Waitrose,7.0,1.167,tinned tuna
Essential Sweetcorn,waitrose,Waitrose,4.17,0.417,tinned sweetcorn
Green Giant Original Sweetcorn,waitrose,Green,3.5,0.53,tinned sweetcorn
Green Giant No Added Salt Sweetcorn,waitrose,Green,3.5,0.53,tinned sweetcorn
Essential Sweetcorn,waitrose,Waitrose,1.0,0.385,tinned sweetcorn
Waitrose Duchy Organic Sweetcorn,waitrose,Waitrose,1.2,0.857,tinned sweetcorn
Waitrose Spicy Keralan Inspired Soup,waitrose,Waitrose,1.2,0.3,tinned soup
Baxters Super Good Root Veg & Turmeric Soup,waitrose,Baxters,2.5,0.625,tinned soup
Heinz Classic Vegetable Soup,waitrose,Heinz,1.75,0.375,tinned soup
Mr Organic Black Bean Soup,waitrose,Mr,1.95,0.488,tinned soup
Heinz Classic Cream of Chicken Soup,waitrose,Heinz,1.75,0.375,tinned soup
Alpro Coconut Barista With Soya,waitrose,Alpro,2.4,0.24,coconut milk
Essential Coconut Milk,waitrose,Waitrose,1.25,0.313,coconut milk
Alpro Barista Coconut Chilled Dairy Free Milk Alternative,waitrose,Alpro,1.85,0.247,coconut milk
Rude Health Chilled Coconut Milk Alternative,waitrose,Rude,1.8,0.18,coconut milk
Duchy Organic Coconut Milk,waitrose,Duchy Organic,2.5,0.625,coconut milk
Loyd Grossman Tomato & Roasted Garlic Sauce,waitrose,Loyd,3.0,0.857,pasta sauce tomato
No.1 Tomato & Vodka Pasta Sauce,waitrose,No.1,3.75,1.25,pasta sauce tomato
Loyd Grossman Tomato & Chilli Pasta Sauce,waitrose,Loyd,3.0,0.857,pasta sauce tomato
Loyd Grossman Tomato & Basil Pasta Sauce,waitrose,Loyd,3.0,0.857,pasta sauce tomato
Waitrose Red Chilli & Tomato Pesto,waitrose,Waitrose,2.4,1.656,pasta sauce tomato
Waitrose Green Pesto with Basil,waitrose,Waitrose,2.4,1.656,pesto green
Waitrose High Protein Green Pesto Chicken,waitrose,Waitrose,5.0,1.25,pesto green
Waitrose Green Basil Pesto,waitrose,Waitrose,2.2,1.158,pesto green
All Plants By Deliciously Ella Green Basil Vegan Pesto With Tofu,waitrose,All,2.4,1.334,pesto green
Sharwood's Tikka Masala Curry Sauce,waitrose,Sharwood's,2.65,0.631,curry paste tikka
Waitrose Tikka Masala Paste,waitrose,Waitrose,2.1,1.167,curry paste tikka
Holy Cow! Delhi Tikka Masala Curry Sauce,waitrose,Holy,2.5,1.0,curry paste tikka
Patak's Tikka Masala Paste,waitrose,Patak's,3.5,1.237,curry paste tikka
Waitrose Tikka Masala Sauce,waitrose,Waitrose,1.75,0.389,curry paste tikka
Sharwood's Korma Curry Sauce,waitrose,Sharwood's,2.65,0.631,curry paste korma
Waitrose Korma Spice Paste,waitrose,Waitrose,2.1,1.167,curry paste korma
Patak's Mild Korma Spice Paste,waitrose,Patak's,3.5,1.207,curry paste korma
Waitrose Korma Sauce,waitrose,Waitrose,1.75,0.389,curry paste korma
Bang! Curry Korma Sauce Kit,waitrose,Bang!,2.25,6.618,curry paste korma
St. Dalfour Strawberry Spread,waitrose,St.,3.4,1.197,jam strawberry
Essential Waitrose strawberry jam,waitrose,Waitrose,1.2,0.264,jam strawberry
Bonne Maman Strawberry Jam,waitrose,Bonne,4.2,1.254,jam strawberry
Waitrose Strawberry Jam & Cream Victoria Sponge,waitrose,Waitrose,4.0,1.176,jam strawberry
Duchy Organic Strawberry Extra Jam Preserve,waitrose,Duchy Organic,2.8,0.8240000000000001,jam strawberry
Pip & Nut Crunchy Peanut Butter,waitrose,Pip,3.6,1.2,peanut butter
Waitrose 100% Peanuts Smooth Peanut Butter,waitrose,Waitrose,2.0,0.588,peanut butter
Pip & Nut Smooth Peanut Butter,waitrose,Pip,3.6,1.2,peanut butter
Bonne Maman Sweet & Crunchy Peanut Spread,waitrose,Bonne,3.0,1.3039999999999998,peanut butter
Waitrose 100% Peanuts Crunchy Peanut Butter,waitrose,Waitrose,2.0,0.588,peanut butter
Sharwood's Thai Green Curry Sauce,waitrose,Sharwood's,1.85,0.446,stir fry sauce
Waitrose Soy & Ginger Stir Fry Sauce,waitrose,Waitrose,1.3,0.867,stir fry sauce
Sharwood's Chinese Curry Sauce,waitrose,Sharwood's,1.85,0.436,stir fry sauce
Sharwood's Thai Red Curry Sauce,waitrose,Sharwood's,1.85,0.446,stir fry sauce
Waitrose Coconut & Lemongrass Stir Fry Sauce,waitrose,Waitrose,1.3,0.867,stir fry sauce
Nutella Chocolate Hazelnut Spread,waitrose,Nutella,5.5,0.873,nutella
Nutella Chocolate Hazelnut Spread,waitrose,Nutella,3.25,0.929,nutella
Nutella B-Ready Chocolate Hazelnut Wafer Biscuit Multipack 6 Bars,waitrose,Nutella,2.5,1.894,nutella
Nutella Biscuits Chocolate Hazelnut Pouch Multipack,waitrose,Nutella,3.65,1.322,nutella
Nutella Ice Cream,waitrose,Nutella,4.5,0.958,nutella
Heinz Tomato Ketchup,waitrose,Heinz,3.9,0.557,tomato ketchup
Essential Tomato Ketchup,waitrose,Waitrose,1.0,0.213,tomato ketchup
Stokes Reduced Sugar Tomato Ketchup,waitrose,Stokes,3.0,0.632,tomato ketchup
Dr. Will's Tomato Ketchup,waitrose,Dr.,2.8,1.12,tomato ketchup
Heinz Tomato Ketchup,waitrose,Heinz,3.0,0.6519999999999999,tomato ketchup
Heinz Seriously Good Mayonnaise,waitrose,Heinz,3.5,0.4519999999999999,mayonnaise
Essential Mayonnaise,waitrose,Waitrose,1.4,0.2799999999999999,mayonnaise
Hunter & Gather Avocado Oil Mayonnaise,waitrose,Hunter,4.5,2.571,mayonnaise
Stokes Garlic Mayonnaise,waitrose,Stokes,3.2,0.928,mayonnaise
Duchy Organic Mayonnaise,waitrose,Duchy Organic,2.9,1.16,mayonnaise
Tracklements Caramelised Onion Marmalade,waitrose,Tracklements,2.6,1.239,marmalade
Frank Cooper's Original Oxford Marmalade,waitrose,Frank,2.5,0.5509999999999999,marmalade
La Vieja Fábrica Seville Orange Marmalade,waitrose,La,2.0,0.548,marmalade
Essential Seville Orange Marmalade Thick Cut,waitrose,Waitrose,1.2,0.264,marmalade
Tiptree 'Old Times' Orange Marmalade,waitrose,Tiptree,2.95,0.868,marmalade
Scott's Porage Original Porridge Oats 1kg,waitrose,Scott's,3.15,0.225,porridge oats
Essential Porridge Oats 1kg,waitrose,Waitrose,1.25,0.125,porridge oats
Scott's Porage Old Fashioned Porridge Oats 1kg,waitrose,Scott's,3.15,0.225,porridge oats
Quaker Oat So Simple Family Pack Original Porridge Sachets 540g,waitrose,Quaker,5.0,0.926,porridge oats
Flahavan's Organic Porridge Oats 1kg,waitrose,Flahavan's,3.0,0.3,porridge oats
HP Brown Sauce,waitrose,HP,3.5,0.778,brown sauce
Essential Squeezy Brown Sauce,waitrose,Waitrose,1.15,0.245,brown sauce
Stokes Real Brown Sauce,waitrose,Stokes,3.6,1.125,brown sauce
HP Brown Sauce Small Bottle,waitrose,HP,2.0,0.702,brown sauce
HP Fruity Brown Sauce,waitrose,HP,3.5,0.745,brown sauce
Kikkoman Soy Sauce,waitrose,Kikkoman,4.5,0.9,soy sauce
Kikkoman Soy Sauce,waitrose,Kikkoman,2.25,1.5,soy sauce
Waitrose Reduced Salt Light Soy Sauce,waitrose,Waitrose,1.35,0.9,soy sauce
Lea & Perrins Worcestershire Sauce,waitrose,Lea,2.0,1.334,worcestershire sauce
Lea & Perrins Worcestershire Sauce,waitrose,Lea,3.5,1.207,worcestershire sauce
Spoon Granola Cinnamon + Pecan 400g,waitrose,Spoon,3.5,0.875,granola
Waitrose Berry Granola 1Kg,waitrose,Waitrose,3.0,0.3,granola
Bio&Me Gluten Free Granola Fruit & Nut,waitrose,Bio&Me,2.95,0.843,granola
Bio&Me Gluten Free Granola Berry Burst,waitrose,Bio&Me,2.95,0.843,granola
Waitrose Simply Granola Breakfast Cereal,waitrose,Waitrose,3.0,0.3,granola
Cholula Original Hot Sauce,waitrose,Cholula,2.7,1.8,hot sauce
Cholula Chipotle Hot Sauce,waitrose,Cholula,2.7,1.8,hot sauce
Frank's RedHot Buffalo Wings Sauce,waitrose,Frank's,2.8,1.892,hot sauce
Sauce Shop Buffalo Hot Sauce,waitrose,Sauce,2.6,1.625,hot sauce
Weetabix,waitrose,Weetabix,3.0,,weetabix
Weetabix 48 pack 48s,waitrose,Weetabix,5.8,,weetabix
Weetabix Organic 24s,waitrose,Weetabix,4.3,,weetabix
Weetabix 72s,waitrose,Weetabix,8.45,,weetabix
Weetabix Protein 24s,waitrose,Weetabix,4.0,,weetabix
French's Classic Yellow Mustard,waitrose,French's,3.6,0.907,mustard
Colman's Original English Mustard,waitrose,Colman's,2.4,1.412,mustard
Essential English Mustard,waitrose,Waitrose,1.0,0.5559999999999999,mustard
Maille Original Dijon Mustard,waitrose,Maille,3.6,1.674,mustard
Essential Wholegrain Mustard,waitrose,Waitrose,1.0,0.541,mustard
Alpen No Added Sugar Swiss Style Muesli,waitrose,Alpen,4.25,0.4469999999999999,muesli
Essential Fruit & Nut Muesli 1kg,waitrose,Waitrose,3.3,0.3299999999999999,muesli
Alpen Original Muesli,waitrose,Alpen,4.25,0.4469999999999999,muesli
Dorset Gloriously Nutty Muesli Breakfast Cereal,waitrose,Dorset,4.5,0.9,muesli
Essential Fruit Muesli 1kg,waitrose,Waitrose,3.25,0.325,muesli
Kellogg's Rice Krispies Breakfast Cereal Large Pack 660g,waitrose,Kellogg's,3.75,0.5690000000000001,rice krispies
Kellogg's Rice Krispies Breakfast Cereal 430g,waitrose,Kellogg's,3.75,0.8720000000000001,rice krispies
Kellogg's Rice Krispies Multi-Grain Shapes Breakfast Cereal 350g,waitrose,Kellogg's,2.85,0.8150000000000001,rice krispies
Kellogg's Rice Krispies Cereal Bars,waitrose,Kellogg's,1.25,1.5630000000000002,rice krispies
Kellogg's Rice Krispies Squares Marshmallow Cereal Snack Bars,waitrose,Kellogg's,1.85,1.652,rice krispies
Omega Pressery Extra Virgin Macadamia Oil,waitrose,Omega,6.8,2.72,olive oil extra virgin
Olio del Castello Extra Virgin Olive Oil,waitrose,Olio,13.5,1.35,olive oil extra virgin
Citizens of Soil Extra Virgin Olive Oil Bottle,waitrose,Citizens,19.25,3.85,olive oil extra virgin
Citizens of Soil Extra Virgin Olive Oil Refill,waitrose,Citizens,16.5,3.3,olive oil extra virgin
La Espanola Organic Extra Virgin Olive Oil,waitrose,La,9.0,1.8,olive oil extra virgin
Essential Vegetable Oil,waitrose,Waitrose,2.1,0.21,vegetable oil
Mazola Corn Oil,waitrose,Mazola,3.25,0.325,vegetable oil
Waitrose wok oil,waitrose,Waitrose,2.45,0.98,vegetable oil
Waitrose Chopped Tomatoes with Olive Oil & Garlic,waitrose,Waitrose,2.38,0.238,vegetable oil
Waitrose Aged Balsamic & Olive Oil Dressing,waitrose,Waitrose,1.55,1.033,vegetable oil
Innocent Pure Smooth Orange Fruit Juice Family Size,waitrose,Innocent,3.5,0.2,orange juice
Waitrose Smooth Orange Juice,waitrose,Waitrose,2.2,0.2,orange juice
No. 1 Freshly Squeezed Orange Juice with Bits,waitrose,No.,3.75,0.375,orange juice
Waitrose Smooth Orange Juice Large,waitrose,Waitrose,3.4,0.194,orange juice
Waitrose Orange Juice with Bits,waitrose,Waitrose,2.2,0.2,orange juice
innocent Pure Apple Fruit Juice Family Size,waitrose,innocent,3.5,0.2,apple juice
Waitrose Pressed Apple Juice,waitrose,Waitrose,2.2,0.2,apple juice
Daily Dose Orchard Apple Juice 900ml,waitrose,Daily,2.33,0.259,apple juice
Daily Dose Cold Pressed Strawberry & Apple Juice,waitrose,Daily,4.0,0.533,apple juice
Essential Pure Apple Juice,waitrose,Waitrose,1.75,0.175,apple juice
Essential Sunflower Oil,waitrose,Waitrose,2.4,0.24,sunflower oil
Waitrose sunflower oil,waitrose,Waitrose,1.4,0.2799999999999999,sunflower oil
Flora Sunflower Oil,waitrose,Flora,3.75,0.375,sunflower oil
Flora Sunflower Oil,waitrose,Flora,4.5,0.225,sunflower oil
Fry Light Sunflower Oil Spray,waitrose,Fry,1.75,0.922,sunflower oil
McDougalls Plain Flour,waitrose,McDougalls,2.25,0.205,plain flour
Duchy Organic Plain White Flour,waitrose,Duchy Organic,2.6,0.173,plain flour
Leckford Estate Plain White Flour,waitrose,Leckford,2.3,0.153,plain flour
Homepride Plain Flour,waitrose,Homepride,2.0,0.133,plain flour
Duchy Organic Stoneground Wholemeal Plain Flour,waitrose,Duchy Organic,2.6,0.173,plain flour
Twinings English Breakfast 80 Tea Bags,waitrose,Twinings,3.0,1.5,tea bags
Essential Original Blend 160 Tea Bags,waitrose,Waitrose,2.5,0.5,tea bags
Twinings Superblends Wind Down Collection 20 Tea Bags,waitrose,Twinings,3.85,11.596,tea bags
Clipper Organic Fairtrade 80 Tea Bags,waitrose,Clipper,4.5,1.94,tea bags
Waitrose Gold 80 Tea Bags,waitrose,Waitrose,2.15,0.86,tea bags
Duchy Organic Self Raising White Flour,waitrose,Duchy Organic,2.6,0.173,self raising flour
McDougalls Self Raising Flour,waitrose,McDougalls,2.25,0.205,self raising flour
Homepride Self Raising Flour,waitrose,Homepride,2.0,0.133,self raising flour
Leckford Estate Self-Raising White Flour,waitrose,Leckford,2.3,0.153,self raising flour
Freee Gluten Free Self Raising Flour,waitrose,Freee,2.1,0.21,self raising flour
Grind Craft Instant Coffee Smooth Barista Blend,waitrose,Grind,6.5,7.222,instant coffee
Waitrose Italian Style Instant Coffee,waitrose,Waitrose,3.2,3.2,instant coffee
Waitrose Gold Roast Instant Coffee,waitrose,Waitrose,3.7,3.7,instant coffee
Waitrose Gold Colombian Instant Coffee,waitrose,Waitrose,4.65,4.65,instant coffee
Waitrose Gold Roast Instant Coffee,waitrose,Waitrose,6.5,3.25,instant coffee
McDougalls Plain Flour,waitrose,McDougalls,2.25,0.205,bread flour
Essential Strong White Bread Flour,waitrose,Waitrose,1.4,0.093,bread flour
McDougalls Self Raising Flour,waitrose,McDougalls,2.25,0.205,bread flour
Hovis Granary Bread Flour,waitrose,Hovis,2.3,0.2299999999999999,bread flour
Waitrose White Canadian Bread Flour,waitrose,Waitrose,2.3,0.153,bread flour
Tate & Lyle Fairtrade Cane Sugar Caster Sugar,waitrose,Tate,3.0,0.3,caster sugar
Waitrose Fairtrade Golden Caster Sugar,waitrose,Waitrose,3.0,0.3,caster sugar
Tate & Lyle Fairtrade Caster Sugar,waitrose,Tate,1.9,0.38,caster sugar
Billington's Golden Caster Sugar,waitrose,Billington's,2.95,0.295,caster sugar
Tate & Lyle Fairtrade Caster Sugar,waitrose,Tate,4.35,0.218,caster sugar
Cadbury Drinking Chocolate Hot Chocolate,waitrose,Cadbury,4.8,0.96,hot chocolate
Clipper Fairtrade Instant Hot Chocolate,waitrose,Clipper,5.25,1.5,hot chocolate
Cadbury Instant Hot Chocolate Jar,waitrose,Cadbury,4.2,1.4,hot chocolate
Options Instant Belgian Hot Chocolate Drink,waitrose,Options,5.65,2.568,hot chocolate
Galaxy Instant Hot Chocolate,waitrose,Galaxy,4.2,1.135,hot chocolate
Waitrose Fairtrade Light Brown Soft Sugar,waitrose,Waitrose,3.75,0.375,brown sugar
Tate & Lyle Fairtrade Light Soft Brown Sugar,waitrose,Tate,2.9,0.29,brown sugar
Waitrose Fairtrade Dark Brown Soft Sugar,waitrose,Waitrose,3.75,0.375,brown sugar
Waitrose Fairtrade Dark Brown Muscovado Sugar,waitrose,Waitrose,3.75,0.375,brown sugar
Waitrose Fairtrade Light Brown Muscovado Sugar,waitrose,Waitrose,3.75,0.375,brown sugar
Tate & Lyle Fairtrade Icing Sugar,waitrose,Tate,2.65,0.265,icing sugar
Tate & Lyle Fairtrade Icing Sugar,waitrose,Tate,1.75,0.35,icing sugar
Billington's Golden Icing Sugar,waitrose,Billington's,2.0,0.4,icing sugar
Tate & Lyle Fairtrade Fondant Icing Sugar,waitrose,Tate,1.35,0.27,icing sugar
Betty Crocker Vanilla Buttercream Style Icing,waitrose,Betty,3.35,0.625,icing sugar
Pepsi Max No Sugar Cola Cans,waitrose,Pepsi,8.0,0.102,pepsi
Pepsi Max No Sugar Cola Bottle,waitrose,Pepsi,2.55,0.088,pepsi
Pepsi Cola Bottle,waitrose,Pepsi,2.55,0.088,pepsi
Pepsi Max No Caffeine No Sugar Cola Bottle,waitrose,Pepsi,2.55,0.088,pepsi
Diet Pepsi Cola Cans,waitrose,Diet,3.75,0.143,pepsi
Sanex Moisturising Shower Gel,waitrose,Sanex,2.63,0.585,shower gel
Essential Seamoss Shower Gel,waitrose,Waitrose,1.0,0.4,shower gel
Sanex Zero% Sensitive Shower Gel,waitrose,Sanex,2.63,0.585,shower gel
Original Source Coconut & Shea Shower Gel,waitrose,Original,1.65,0.3299999999999999,shower gel
No.1 British Summer Honey,waitrose,No.1,5.0,2.0,honey
Essential Squeezy Honey,waitrose,Waitrose,2.0,0.441,honey
Rowse Runny Honey Squeezy,waitrose,Rowse,3.15,0.926,honey
Cawston Press Elderflower Lemonade Cans,waitrose,Cawston,4.75,0.475,lemonade
R.White's Lemonade Bottle,waitrose,R.White's,1.55,0.063,lemonade
FIX8 Water Kefir Raspberry Lemonade Live Sparkling Soda,waitrose,FIX8,2.13,0.646,lemonade
FIX8 Pink Lemonade Water Kefir Multipack,waitrose,FIX8,5.0,0.5,lemonade
Waitrose Lemonade with No Added Sugar,waitrose,Waitrose,2.3,0.1159999999999999,lemonade
DASH Water Mixed Pack,waitrose,DASH,9.95,0.252,sparkling water
Essential Sparkling Natural Mineral Water,waitrose,Waitrose,2.25,0.028,sparkling water
Agua De Madre Raspberry & Passion Fruit Water Kefir,waitrose,Agua,7.5,0.008,sparkling water
Highland Spring Sparkling Water,waitrose,Highland,4.5,0.075,sparkling water
Colgate Total Active Prevention Fresh Mint Toothpaste,waitrose,Colgate,3.65,2.92,toothpaste
Colgate Triple Action Toothpaste,waitrose,Colgate,1.35,1.8,toothpaste
"Aquafresh Kids Little Teeth Toothpaste 3-5 Years, 75ml",waitrose,Aquafresh,2.3,3.067,toothpaste
"Aquafresh Kids Big Teeth Toothpaste 6-8 Years, 75ml",waitrose,Aquafresh,2.3,3.067,toothpaste
Oral-B Pro Expert Protection Toothpaste,waitrose,Oral-B,4.0,2.6670000000000003,toothpaste
Aussie Mega Shampoo,waitrose,Aussie,5.25,1.75,shampoo
Essential Daily Care Shampoo,waitrose,Waitrose,1.75,0.583,shampoo
Pantene Grow Strong Shampoo,waitrose,Pantene,6.8,1.7,shampoo
Head & Shoulders Classic Clean Shampoo,waitrose,Head,5.25,1.3130000000000002,shampoo
Herbal Essence Argan Oil Repair Shampoo,waitrose,Herbal,3.15,0.9,shampoo
Evian Still Mineral Water,waitrose,Evian,6.25,0.0689999999999999,still water
Essential Still Natural Mineral Water,waitrose,Waitrose,2.15,0.027,still water
Evian Still Mineral Water,waitrose,Evian,3.6,0.12,still water
Evian Still Mineral Water Sportscap,waitrose,Evian,2.8,0.003,still water
Highland Spring Still Water,waitrose,Highland,4.75,0.053,still water
Aussie Mega Hair Conditioner,waitrose,Aussie,5.25,2.625,conditioner hair
Aussie Miracle Moist Hair Conditioner,waitrose,Aussie,5.25,2.625,conditioner hair
Pantene Miracles Bond Repair Conditioner,waitrose,Pantene,6.8,4.25,conditioner hair
Head & Shoulders Supreme Moisture Conditioner,waitrose,Head,5.25,1.909,conditioner hair
Robinsons Orange No Added Sugar Squash,waitrose,Robinsons,2.1,0.21,squash cordial
Essential No Added Sugar Apple & Blackcurrant Squash,waitrose,Waitrose,1.5,0.1,squash cordial
Robinsons Apple & Blackcurrant No Added Sugar Squash,waitrose,Robinsons,2.1,0.21,squash cordial
Robinsons Fruit & Barley Apple & Pear Squash,waitrose,Robinsons,2.3,0.2299999999999999,squash cordial
Essential No Added Sugar Orange Squash,waitrose,Waitrose,1.5,0.1,squash cordial
Faith in Nature Grapefruit & Orange Hand Wash,waitrose,Faith,5.0,1.25,hand soap
Ecover Hand Soap Citrus,waitrose,Ecover,2.4,0.96,hand soap
Faith in Nature Wild Rose Hand Wash,waitrose,Faith,5.0,1.25,hand soap
Ecover Hand Soap Lavender & Aloe Vera,waitrose,Ecover,2.4,0.96,hand soap
Faith in Nature Aloe Vera Soap,waitrose,Faith,3.5,3.5,hand soap
Essential Frozen British Garden Peas,waitrose,Waitrose,1.25,0.172,frozen peas
Essential Frozen British Garden Peas,waitrose,Waitrose,2.25,0.18,frozen peas
Essential Frozen British Petits Pois,waitrose,Waitrose,1.65,0.2279999999999999,frozen peas
Rock Face Antiperspirant Deodorant,waitrose,Rock,4.0,2.0,deodorant
Sure Women Cotton Dry Roll-On Deodorant,waitrose,Sure,1.16,2.32,deodorant
Wild Navy Case and Sandalwood & Cedar Deodorant Refill,waitrose,Wild,13.65,34.125,deodorant
Dove Anti-perspirant Deodorant Fresh,waitrose,Dove,4.1,2.05,deodorant
Essential Frozen Supersweet Sweetcorn,waitrose,Waitrose,1.4,0.187,frozen sweetcorn
Duchy Organic Frozen Sweetcorn,waitrose,Duchy Organic,2.1,0.42,frozen sweetcorn
Birds Eye Supersweet Sweetcorn,waitrose,Birds,2.25,0.352,frozen sweetcorn
Essential Frozen Sliced Carrots,waitrose,Waitrose,1.1,0.122,frozen sweetcorn
Birds Eye Garden Peas & Sweetcorn,waitrose,Birds,2.25,0.352,frozen sweetcorn
Duchy Organic Frozen Vegetable Mix,waitrose,Duchy Organic,2.95,0.393,frozen mixed vegetables
Waitrose Frozen Grilled Vegetable Mix,waitrose,Waitrose,2.9,0.58,frozen mixed vegetables
Essential Frozen British Chunky Vegetable Mix,waitrose,Waitrose,1.6,0.213,frozen mixed vegetables
Essential Mixed Vegetables,waitrose,Waitrose,1.65,0.1649999999999999,frozen mixed vegetables
Waitrose Frozen Fine Cut Vegetable Steamers,waitrose,Waitrose,2.75,0.43,frozen mixed vegetables
Gillette Fusion Blades,waitrose,Gillette,13.65,,razor blades
"Gillette Fusion 5, 11 Razor Blade Refills",waitrose,Gillette,28.35,,razor blades
Gillette Mach 3 Razor Blades,waitrose,Gillette,23.1,,razor blades
Essential Frozen Straight Cut Oven Chips,waitrose,Waitrose,1.75,0.194,frozen chips oven
Essential Frozen Crinkle Cut Oven Chips,waitrose,Waitrose,1.75,0.194,frozen chips oven
Strong Roots Oven Baked Sweet Potato Fries,waitrose,Strong,3.85,0.77,frozen chips oven
Crosta Mollica Pizza Margherita,waitrose,Crosta,4.4,1.092,frozen pizza
Crosta Mollica 2 Frozen Stromboli Sourdough Pizzas,waitrose,Crosta,6.0,1.382,frozen pizza
Crosta Mollica Frozen Regina Sourdough Pizza,waitrose,Crosta,6.0,1.1720000000000002,frozen pizza
Crosta Mollica 2 Frozen Vegana Sourdough Pizzas,waitrose,Crosta,6.0,1.1949999999999998,frozen pizza
Crosta Mollica Pizza Stromboli,waitrose,Crosta,4.4,0.985,frozen pizza
Whole Creations Gluten Free Garlic Bread Baguette,waitrose,Whole,2.1,1.105,frozen garlic bread
Essential 2 Garlic Baguettes,waitrose,Waitrose,1.25,0.37,frozen garlic bread
Crosta Mollica Roast Garlic & Mozzarella Flatbread,waitrose,Crosta,3.25,1.419,frozen garlic bread
Carte D'Or Madagascan Vanilla Ice Cream Tub,waitrose,Carte,2.5,0.2779999999999999,vanilla ice cream
No.1 Madagascan Vanilla Ice Cream,waitrose,No.1,3.5,0.7,vanilla ice cream
Duchy Organic Vanilla Ice Cream,waitrose,Duchy Organic,3.75,0.7809999999999999,vanilla ice cream
Halo Top Gooey Brownie Ice Cream,waitrose,Halo,5.5,1.1960000000000002,chocolate ice cream
No.1 Santo Domingo Chocolate Ice Cream,waitrose,No.1,3.5,0.73,chocolate ice cream
Halo Top Honeycomb Crunch Ice Cream,waitrose,Halo,5.5,1.1960000000000002,chocolate ice cream
Waitrose Chocolate Dairy Ice Cream,waitrose,Waitrose,3.55,0.355,chocolate ice cream
Jude's Chocolate Guinness Cake Ice Cream,waitrose,Jude's,5.75,1.25,chocolate ice cream
Solero Mini Exotic & Berry Bliss Ice Cream Lollies,waitrose,Solero,3.5,1.167,ice lollies
Remeo Mango Ice Lollies,waitrose,Remeo,4.5,1.6670000000000005,ice lollies
Little Jude's Milk Ice Lollies,waitrose,Little,3.5,1.296,ice lollies
Calippo Mini Orange & Lemon-Lime Ice Lollies,waitrose,Calippo,3.0,0.75,ice lollies
Essential 10 Frozen Cod Fish Fingers MSC,waitrose,Waitrose,3.0,1.0,frozen fish fingers
Birds Eye 32 Omega 3 Fish Fingers,waitrose,Birds,5.35,0.597,frozen fish fingers
Waitrose Frozen 6 Battered Haddock Fish Fingers,waitrose,Waitrose,4.5,1.364,frozen fish fingers
Waitrose 6 Frozen Breaded Cod Fingers,waitrose,Waitrose,4.5,1.364,frozen fish fingers
Birds Eye 10 Cod Fish Fingers,waitrose,Birds,4.7,1.6789999999999998,frozen fish fingers
Walkers Ready Salted Multipack Crisps,waitrose,Walkers,2.35,1.567,ready salted crisps
Essential Ready Salted Multipack Crisps,waitrose,Waitrose,1.2,0.8,ready salted crisps
Walkers Ready Salted Multipack Crisps,waitrose,Walkers,3.35,1.117,ready salted crisps
Walkers Sharing Bag Ready Salted Crisps,waitrose,Walkers,1.5,1.0,ready salted crisps
Walkers Cheese & Onion Multipack Crisps,waitrose,Walkers,2.35,1.567,cheese onion crisps
Essential Cheese & Onion Multipack Crisps,waitrose,Waitrose,1.2,0.8,cheese onion crisps
Walkers Less Salt Mild Cheese & Onion Multipack Crisps,waitrose,Walkers,2.35,1.567,cheese onion crisps
Hula Hoops Cheese & Onion Multipack,waitrose,Hula,1.75,1.216,cheese onion crisps
Kettle Chips Mature Cheddar & Red Onion,waitrose,Kettle,1.65,1.27,cheese onion crisps
Tyrrells Sea Salt & Cider Vinegar Crisps,waitrose,Tyrrells,2.75,1.8329999999999995,salt vinegar crisps
Walkers Salt & Vinegar Multipack Crisps,waitrose,Walkers,2.35,1.567,salt vinegar crisps
Tyrrells Furrows Salt & Vinegar Crisps,waitrose,Tyrrells,1.75,1.167,salt vinegar crisps
Chipsticks Salt & Vinegar Multipack Crisps,waitrose,Chipsticks,1.5,1.471,salt vinegar crisps
Walkers Squares Salt & Vinegar Crisps Multipack Snacks,waitrose,Walkers,1.75,,salt vinegar crisps
Doritos Cool Original Tortilla Chips Sharing Bag Crisps 180g,waitrose,Doritos,2.5,1.389,tortilla chips
Essential Tortilla Chips Salted,waitrose,Waitrose,1.1,0.55,tortilla chips
Doritos Dip or Load Salted Tortilla Chips Sharing Crisps,waitrose,Doritos,1.75,0.761,tortilla chips
Blanco Niño Lightly Salted Tortilla Chips,waitrose,Blanco,2.25,1.324,tortilla chips
Doritos Tangy Cheese Tortilla Chips Sharing Bag Crisps,waitrose,Doritos,2.5,1.389,tortilla chips
Waitrose Mixed Nuts,waitrose,Waitrose,11.0,1.467,mixed nuts
Waitrose Mixed Nuts,waitrose,Waitrose,6.75,1.688,mixed nuts
Waitrose Mixed Nuts,waitrose,Waitrose,5.0,2.0,mixed nuts
Waitrose Roasted & Salted Mixed Nuts Can,waitrose,Waitrose,5.75,1.9170000000000005,mixed nuts
Waitrose Essential Roasted Salted Mixed Nuts,waitrose,Waitrose,3.0,1.5,mixed nuts
Proper Corn Sweet & Salty Popcorn,waitrose,Proper,2.1,2.3329999999999997,popcorn
Waitrose Sweet & Salty Popcorn Sharing Bag,waitrose,Waitrose,1.2,1.2,popcorn
Joe & Seph's Toffee Gourmet Popcorn,waitrose,Joe,2.75,2.037,popcorn
Proper Corn Sweet & Salty Popcorn,waitrose,Proper,1.5,1.786,popcorn
Proper Corn Lightly Sea Salted Popcorn,waitrose,Proper,2.1,3.0,popcorn
Green & Black's Organic Ginger Dark Chocolate Bar,waitrose,Green,3.5,3.889,chocolate bar
Lindt Excellence Milk Extra Creamy Chocolate Bar,waitrose,Lindt,3.25,3.25,chocolate bar
Essential Dark Chocolate Digestive Biscuits,waitrose,Waitrose,1.3,0.433,biscuits digestive
Essential Digestive Biscuits,waitrose,Waitrose,1.88,0.188,biscuits digestive
Essential Milk Chocolate Digestive Biscuits,waitrose,Waitrose,1.3,0.433,biscuits digestive
McVitie's Dark Chocolate Digestive Biscuits,waitrose,McVitie's,2.35,0.883,biscuits digestive
McVitie's Milk Chocolate Digestive Biscuits,waitrose,McVitie's,2.35,0.883,biscuits digestive
Border Dark Chocolate Gingers,waitrose,Border,2.35,1.567,biscuits chocolate
Bahlsen PiCK UP! Dark Chocolate Biscuits,waitrose,Bahlsen,1.5,1.072,biscuits chocolate
Bahlsen PiCK UP! Milk Chocolate Biscuits,waitrose,Bahlsen,1.5,1.072,biscuits chocolate
Border Chocolate & Ginger Bars,waitrose,Border,2.1,1.458,biscuits chocolate
Fairy Platinum Quick wash Original Washing Up Liquid,waitrose,Fairy,3.0,0.3339999999999999,washing up liquid
Essential Washing Up Liquid Citrus,waitrose,Waitrose,1.6,0.16,washing up liquid
Fairy Max Power Anti-Bac Hand Dishwashing Liquid,waitrose,Fairy,3.5,0.48,washing up liquid
Fairy Original Washing Up Liquid,waitrose,Fairy,1.0,0.313,washing up liquid
Ecover Power Washing Up Liquid 950ml,waitrose,Ecover,3.96,0.417,washing up liquid
Dettol Antibacterial Kitchen Surface Hob Cleaner Spray,waitrose,Dettol,2.3,0.307,surface cleaner antibacterial
Dettol Antibacterial Multi Surface Cleaning Wipes,waitrose,Dettol,2.5,,surface cleaner antibacterial
Dettol Antibacterial Multi Surface Cleaning Spray,waitrose,Dettol,2.3,0.307,surface cleaner antibacterial
Dettol Antibacterial Multi Surface Cleaning Spray Lime & Mint,waitrose,Dettol,2.9,0.387,surface cleaner antibacterial
Dettol Antibacterial Multi Surface Cleaning Wipes Citrus,waitrose,Dettol,4.2,,surface cleaner antibacterial
Persil Non Bio Fabric Cleaning Washing Powder 60W,waitrose,Persil,10.0,0.3339999999999999,washing capsules laundry
Persil 3 in 1 Non Bio Laundry Washing Capsules,waitrose,Persil,8.95,,washing capsules laundry
Persil 3 in 1 Bio Laundry Washing Capsules,waitrose,Persil,8.95,,washing capsules laundry
Persil Pure Heaven Scent Non Bio Laundry Washing Detergent Capsules 44 Washes,waitrose,Persil,11.0,,washing capsules laundry
Fairy Non Bio Washing Capsules,waitrose,Fairy,10.5,,washing capsules laundry
Lenor Outdoorable Spring Awakening Fabric Conditioner,waitrose,Lenor,3.5,0.417,fabric conditioner
Comfort Pure Fabric Conditioner for Sensitive Skin Large,waitrose,Comfort,5.5,0.229,fabric conditioner
Fairy Fabric Conditioner for Sensitive Skin 85W,waitrose,Fairy,6.0,0.2279999999999999,fabric conditioner
Fairy Outdoorable Fabric Conditioner,waitrose,Fairy,4.5,0.383,fabric conditioner
Who Gives A Crap 50% Longer Kitchen Roll,waitrose,Who,3.25,,kitchen roll
Essential Kitchen Rolls,waitrose,Waitrose,4.3,,kitchen roll
Waitrose Essential Kitchen Rolls 2s,waitrose,Waitrose,2.7,,kitchen roll
Plenty Original Kitchen 2 Rolls,waitrose,Plenty,2.7,,kitchen roll
Plenty Original Kitchen Roll 4 Rolls,waitrose,Plenty,9.2,,kitchen roll
Andrex Ultimate Quilts Toilet Tissue Standard Roll,waitrose,Andrex,5.0,,toilet roll
Andrex Complete Clean Toilet Tissue Standard Roll,waitrose,Andrex,6.6,,toilet roll
Andrex Complete Clean Toilet Tissue MEGA Roll 12 Rolls,waitrose,Andrex,8.0,,toilet roll
Who Gives A Crap Extra Soft Toilet Tissue 12 Mega Rolls,waitrose,Who,12.85,,toilet roll
BEAST Super Strong Drawstring Bin Bags 70L,waitrose,BEAST,3.95,,bin bags
Waitrose Tie Handle Refuse Bags,waitrose,Waitrose,2.95,,bin bags
Waitrose Swing Bin Liners,waitrose,Waitrose,2.25,,bin bags
Essential Pedal Bin Liners Tie Handles,waitrose,Waitrose,2.35,,bin bags
Essential Tie Handle Swing Bin Liners,waitrose,Waitrose,2.95,,bin bags
Waitrose 40m x 350mm NON PVC Cling Film,waitrose,Waitrose,2.4,,cling film
Bacofoil Cling Film PVC Free,waitrose,Bacofoil,3.0,,cling film
Waitrose 75m x 350mm Non-PVC Cling Film,waitrose,Waitrose,4.15,,cling film
Essential Aluminium Foil 10m x 300mm,waitrose,Waitrose,1.6,,tin foil
Waitrose 20m Extra Strong Kitchen Foil,waitrose,Waitrose,3.8,,tin foil
Waitrose 10M Kitchen Foil,waitrose,Waitrose,3.6,,tin foil
Waitrose Extra Strong Kitchen Foil 10m x 300mm,waitrose,Waitrose,2.25,,tin foil
Bacofoil Non-Stick Kitchen Foil 5m,waitrose,Bacofoil,3.75,,tin foil
