name,name_clean,store,price,price_per_100,query,brand
Whole Milk 3.6% Fat,Whole Milk 3.6% Fat,aldi,1.65,0.073,whole milk,COWBELLE
Filtered British Whole Milk,Filtered British Whole Milk,aldi,1.75,0.088,whole milk,COWBELLE
British Whole Milk 3.7% Fat,British Whole Milk 3.7% Fat,aldi,1.2,0.106,whole milk,COWBELLE
British Whole Milk 3.7% Fat,British Whole Milk 3.7% Fat,aldi,0.85,0.15,whole milk,COWBELLE
Whole Almonds,Whole Almonds,aldi,1.69,0.845,whole milk,THE FOODIE MARKET
UHT Semi Skimmed Milk,UHT Semi Skimmed Milk,aldi,0.99,0.099,semi skimmed milk,COWBELLE
Semi Skimmed Milk 1.7% Fat,Semi Skimmed Milk 1.7% Fat,aldi,2.4,0.0699999999999999,semi skimmed milk,COWBELLE
Semi Skimmed Milk 1.7% Fat,Semi Skimmed Milk 1.7% Fat,aldi,1.65,0.073,semi skimmed milk,COWBELLE
Filtered British Semi Skimmed Milk,Filtered British Semi Skimmed Milk,aldi,1.75,0.088,semi skimmed milk,COWBELLE
Organic Semi Skimmed Milk 1.7% Fat,Organic Semi Skimmed Milk 1.7% Fat,aldi,2.09,0.092,semi skimmed milk,COWBELLE
UHT Semi Skimmed Milk,UHT Semi Skimmed Milk,aldi,0.99,0.099,skimmed milk,COWBELLE
UHT Red Skimmed Milk,UHT Red Skimmed Milk,aldi,0.99,0.099,skimmed milk,COWBELLE
Skimmed Milk <0.5% Fat,Skimmed Milk <0.5% Fat,aldi,1.65,0.073,skimmed milk,COWBELLE
Semi Skimmed Milk 1.7% Fat,Semi Skimmed Milk 1.7% Fat,aldi,2.4,0.0699999999999999,skimmed milk,COWBELLE
Semi Skimmed Milk 1.7% Fat,Semi Skimmed Milk 1.7% Fat,aldi,1.65,0.073,skimmed milk,COWBELLE
Low Fat Cottage Cheese,Low Fat Cottage Cheese,aldi,0.89,0.297,cottage cheese,EVERYDAY ESSENTIALS
Full Fat Plain Cottage Cheese,Full Fat Plain Cottage Cheese,aldi,1.39,0.4629999999999999,cottage cheese,EMPORIUM
Fat Free Plain Cottage Cheese,Fat Free Plain Cottage Cheese,aldi,1.39,0.4629999999999999,cottage cheese,EMPORIUM
Cottage Pie,Cottage Pie,aldi,5.49,0.458,cottage cheese,CRESTWOOD
Cottage Pie,Cottage Pie,aldi,4.99,0.624,cottage cheese,SPECIALLY SELECTED
Free Range Eggs 6 Pack,Free Range Eggs 6 Pack,aldi,0.99,,free range eggs,MEREVALE
British Large Free Range Eggs 6 Pack,British Large Free Range Eggs 6 Pack,aldi,1.79,,free range eggs,MEREVALE
British Medium Free Range Eggs 6 Pack,British Medium Free Range Eggs 6 Pack,aldi,1.55,,free range eggs,MEREVALE
British Large Free Range Eggs  12 Pack,British Large Free Range Eggs  12 Pack,aldi,2.89,,free range eggs,MEREVALE
British Medium Free Range Eggs 12 Pack,British Medium Free Range Eggs 12 Pack,aldi,2.49,,free range eggs,MEREVALE
No Sugars Oat Drink,No Sugars Oat Drink,aldi,1.09,0.109,oat milk,ACTILEAF
Barista Style Oat Drink,Barista Style Oat Drink,aldi,1.25,0.125,oat milk,ACTILEAF
Milk Almond Chocolate,Milk Almond Chocolate,aldi,2.25,1.125,almond milk,CHOCEUR
UHT Unsweetened Almond Drink,UHT Unsweetened Almond Drink,aldi,0.99,0.099,almond milk,ACTILEAF
Milk Chocolate Almonds & Honey Swiss Mountain Bar,Milk Chocolate Almonds & Honey Swiss Mountain Bar,aldi,0.99,0.99,almond milk,SPECIALLY SELECTED
Brown Onions,Brown Onions,aldi,0.99,0.099,brown onions,NATURE'S PICK
Large Brown Onions,Large Brown Onions,aldi,0.95,,brown onions,NATURE'S PICK
British Wonky Brown Onions,British Wonky Brown Onions,aldi,0.8,0.08,brown onions,EVERYDAY ESSENTIALS
Brown Rice,Brown Rice,aldi,1.39,0.1389999999999999,brown onions,WORLDWIDE FOODS
British Medium Free Range Eggs 6 Pack,British Medium Free Range Eggs 6 Pack,aldi,1.55,,medium eggs,MEREVALE
British Medium Free Range Eggs 12 Pack,British Medium Free Range Eggs 12 Pack,aldi,2.49,,medium eggs,MEREVALE
Avocado Medium,Avocado Medium,aldi,0.69,,medium eggs,NATURE'S PICK
Medium Whole Chicken,Medium Whole Chicken,aldi,4.25,0.274,medium eggs,ASHFIELDS
Medium Mixed Bouquet,Medium Mixed Bouquet,aldi,3.99,,medium eggs,BEAUTIFUL BLOOMS
Red Onions,Red Onions,aldi,0.95,0.095,red onions,NATURE'S PICK
Large Red Onions,Large Red Onions,aldi,0.95,,red onions,NATURE'S PICK
Caramelised Red Onion Chutney,Caramelised Red Onion Chutney,aldi,1.89,0.61,red onions,SPECIALLY SELECTED
Red Onion Baking Camembert,Red Onion Baking Camembert,aldi,2.49,0.889,red onions,SPECIALLY SELECTED
Caramelised Red Onion Flavoured Pork Burgers,Caramelised Red Onion Flavoured Pork Burgers,aldi,1.99,0.663,red onions,SPECIALLY SELECTED
Dark Soy Sauce,Dark Soy Sauce,aldi,0.55,0.367,soy milk,ASIA SPECIALITIES
Light Soy Sauce,Light Soy Sauce,aldi,0.55,0.367,soy milk,ASIA SPECIALITIES
Soy & Ginger Fusions Tuna,Soy & Ginger Fusions Tuna,aldi,0.89,1.113,soy milk,THE FISHMONGER
Milk Chocolate Malted Milk Biscuits,Milk Chocolate Malted Milk Biscuits,aldi,1.29,0.52,soy milk,BELMONT
Spring Onions,Spring Onions,aldi,0.69,0.6900000000000001,spring onions,NATURE'S PICK
Jumbo Spring Onions,Jumbo Spring Onions,aldi,0.89,0.6849999999999999,spring onions,NATURE'S PICK
Brown Onions,Brown Onions,aldi,0.99,0.099,spring onions,NATURE'S PICK
Red Onions,Red Onions,aldi,0.95,0.095,spring onions,NATURE'S PICK
British Organic Eggs 6 Pack,British Organic Eggs 6 Pack,aldi,2.25,,organic eggs,MEREVALE
Organic Carrots,Organic Carrots,aldi,1.09,0.156,organic eggs,ORGANIC
Organic Porridge Oats,Organic Porridge Oats,aldi,2.25,0.23,organic eggs,KAVANAGH'S
Lactose Free Milk,Lactose Free Milk,aldi,0.99,0.099,lactose free milk,COWBELLE
Milk Chocolate Malted Milk Biscuits,Milk Chocolate Malted Milk Biscuits,aldi,1.29,0.52,lactose free milk,BELMONT
Evaporated Milk,Evaporated Milk,aldi,0.55,0.13,lactose free milk,DESSERT MENU
Milk Chocolate,Milk Chocolate,aldi,2.25,1.125,lactose free milk,CHOCEUR
Milk Chocolate,Milk Chocolate,aldi,1.95,0.98,lactose free milk,DAIRYFINE
West Country Salted Butter,West Country Salted Butter,aldi,2.29,0.916,salted butter,SPECIALLY SELECTED
British Salted Butter 250g,British Salted Butter 250g,aldi,1.99,0.796,salted butter,COWBELLE
Salt & Pepper Parmentier Potatoes Coated in Butter with Salt & Crushed Black Pepper,Salt & Pepper Parmentier Potatoes Coated in Butter with Salt & Crushed Black Pepper,aldi,1.89,0.378,salted butter,FOUR SEASONS
Slightly Salted Spreadable Butter Blended with Rapeseed Oil,Slightly Salted Spreadable Butter Blended with Rapeseed Oil,aldi,2.18,0.436,salted butter,NORDPAK
Garlic & Herb Parmentier Potatoes with Salted Parsley Butter,Garlic & Herb Parmentier Potatoes with Salted Parsley Butter,aldi,1.89,0.378,salted butter,FOUR SEASONS
Mango Authentic Greek Yogurt,Mango Authentic Greek Yogurt,aldi,0.89,0.59,greek yoghurt,BROOKLEA
Honey Authentic Greek Yogurt,Honey Authentic Greek Yogurt,aldi,0.89,0.59,greek yoghurt,BROOKLEA
Greek Yoghurt 0% Fat,Greek Yoghurt 0% Fat,aldi,1.99,0.4,greek yoghurt,BROOKLEA
Greek Yoghurt 10% Fat,Greek Yoghurt 10% Fat,aldi,1.99,0.4,greek yoghurt,LYTTOS
Vanilla Flavoured Authentic Greek Yogurt,Vanilla Flavoured Authentic Greek Yogurt,aldi,0.89,0.59,greek yoghurt,BROOKLEA
Original Bagels,Original Bagels,aldi,0.99,,bagels,VILLAGE BAKERY
Sesame Bagels 5 Pack,Sesame Bagels 5 Pack,aldi,0.99,,bagels,VILLAGE BAKERY
Cinnamon & Raisin Bagels 5 Pack,Cinnamon & Raisin Bagels 5 Pack,aldi,0.99,,bagels,VILLAGE BAKERY
Garlic,Garlic,aldi,0.87,,garlic,NATURE'S PICK
Loose Garlic,Loose Garlic,aldi,0.42,,garlic,NATURE'S PICK
Garlic Flatbread,Garlic Flatbread,aldi,1.65,0.66,garlic,CARLOS
Garlic Granules,Garlic Granules,aldi,0.69,1.3,garlic,"READY, SET…COOK!"
Garlic Purée,Garlic Purée,aldi,0.85,1.133,garlic,"READY, SET…COOK!"
Ginger,Ginger,aldi,0.99,0.792,ginger root,NATURE'S PICK
Ginger Nuts,Ginger Nuts,aldi,0.59,0.2,ginger root,BELMONT
Ginger Parkin,Ginger Parkin,aldi,1.19,,ginger root,PETERS CRAFT BAKERY
Ginger Purée,Ginger Purée,aldi,0.85,1.133,ginger root,"READY, SET…COOK!"
Stem Ginger Cookies,Stem Ginger Cookies,aldi,1.99,0.995,ginger root,SPECIALLY SELECTED
Croissants,Croissants,aldi,1.49,,croissants,BON APPETIT!
All Butter Croissants,All Butter Croissants,aldi,2.09,,croissants,SPECIALLY SELECTED
Bake from Frozen All Butter Croissants 8 Pack,Bake from Frozen All Butter Croissants 8 Pack,aldi,2.79,0.63,croissants,BON APPETIT!
Butter Mintoes,Butter Mintoes,aldi,0.89,0.396,unsalted butter,DOMINION
Butter Chicken,Butter Chicken,aldi,3.99,0.867,unsalted butter,SPECIALLY SELECTED DINE IN
All Butter Croissants,All Butter Croissants,aldi,2.09,,unsalted butter,SPECIALLY SELECTED
Fat Free Natural Yogurt,Fat Free Natural Yogurt,aldi,0.55,0.11,natural yoghurt,EVERYDAY ESSENTIALS
Natural Kefir Yogurt,Natural Kefir Yogurt,aldi,1.09,0.31,natural yoghurt,GRAHAM'S THE FAMILY DAIRY
Natural Kefir Drink,Natural Kefir Drink,aldi,2.09,0.279,natural yoghurt,BIO-TIFUL DAIRY LTD
Sliced Brioche Burger Buns,Sliced Brioche Burger Buns,aldi,1.09,,burger buns,SPECIALLY SELECTED
Seeded Brioche Burger Bun,Seeded Brioche Burger Bun,aldi,1.09,,burger buns,SPECIALLY SELECTED
Sliced Plain Burger Buns,Sliced Plain Burger Buns,aldi,1.29,,burger buns,VILLAGE BAKERY
Sliced Seeded Burger Buns 6 Pack,Sliced Seeded Burger Buns 6 Pack,aldi,1.29,,burger buns,VILLAGE BAKERY
Belgian Buns,Belgian Buns,aldi,1.49,,burger buns,VILLAGE BAKERY
Carrots,Carrots,aldi,0.69,0.0689999999999999,carrots,NATURE'S PICK
British Carrots,British Carrots,aldi,0.44,0.088,carrots,NATURE'S PICK
Organic Carrots,Organic Carrots,aldi,1.09,0.156,carrots,ORGANIC
Sliced Carrots in Water,Sliced Carrots in Water,aldi,0.49,0.16,carrots,FOUR SEASONS
British Chantenay Carrots,British Chantenay Carrots,aldi,0.99,0.198,carrots,NATURE'S PICK
Vanilla Flavoured Authentic Greek Yogurt,Vanilla Flavoured Authentic Greek Yogurt,aldi,0.89,0.59,flavoured yoghurt,BROOKLEA
Raspberry Flavoured Authentic Greek Yogurt,Raspberry Flavoured Authentic Greek Yogurt,aldi,0.89,0.59,flavoured yoghurt,BROOKLEA
British Parsnips,British Parsnips,aldi,0.74,0.148,parsnips,NATURE'S PICK
"Organic Apples, Carrots & Parsnips Pouch","Organic Apples, Carrots & Parsnips Pouch",aldi,0.59,0.492,parsnips,MAMIA
Lighter Spreadable Butter Blended with Rapeseed Oil,Lighter Spreadable Butter Blended with Rapeseed Oil,aldi,2.18,0.436,spreadable butter,NORDPAK
Slightly Salted Spreadable Butter Blended with Rapeseed Oil,Slightly Salted Spreadable Butter Blended with Rapeseed Oil,aldi,2.18,0.436,spreadable butter,NORDPAK
Valley Spreadable,Valley Spreadable,aldi,1.99,0.398,spreadable butter,GREENVALE
Lurpak Spreadable,Lurpak Spreadable,aldi,4.39,0.8779999999999999,spreadable butter,LURPAK
Original Spreadable Cheese,Original Spreadable Cheese,aldi,1.19,1.082,spreadable butter,SERIOUSLY
Passionfruit  Skyr Yogurt Pouch,Passionfruit  Skyr Yogurt Pouch,aldi,0.69,0.4599999999999999,skyr yoghurt,BROOKLEA
Raspberry  Skyr Yogurt Pouch,Raspberry  Skyr Yogurt Pouch,aldi,0.69,0.4599999999999999,skyr yoghurt,BROOKLEA
Superberry  Skyr Yogurt Pouch,Superberry  Skyr Yogurt Pouch,aldi,0.69,0.4599999999999999,skyr yoghurt,BROOKLEA
Raisin Brioche Swirls,Raisin Brioche Swirls,aldi,1.89,,brioche,BON APPETIT!
Sliced Brioche Loaf,Sliced Brioche Loaf,aldi,1.69,0.3379999999999999,brioche,BON APPETIT!
Milk Brioche Rolls,Milk Brioche Rolls,aldi,1.65,,brioche,BON APPETIT
Sliced Brioche Burger Buns,Sliced Brioche Burger Buns,aldi,1.09,,brioche,SPECIALLY SELECTED
Seeded Brioche Burger Bun,Seeded Brioche Burger Bun,aldi,1.09,,brioche,SPECIALLY SELECTED
Olive Spread,Olive Spread,aldi,1.29,0.258,olive spread,GREENVALE
Light Olive Spread,Light Olive Spread,aldi,1.29,0.258,olive spread,GREENVALE
Fresh British Double Cream,Fresh British Double Cream,aldi,1.39,0.46,double cream,COWBELLE
Double Elmlea,Double Elmlea,aldi,1.25,0.46,double cream,ELMLEA
Double Concentrate Tomato Purée,Double Concentrate Tomato Purée,aldi,0.59,0.3,double cream,CUCINA
Double Strength Orange Squash,Double Strength Orange Squash,aldi,0.99,0.066,double cream,SUN QUENCH
Double Strength Lemon Squash,Double Strength Lemon Squash,aldi,0.99,0.066,double cream,SUN QUENCH FRUITY BLAST
Broccoli,Broccoli,aldi,1.25,0.417,broccoli,ORGANIC
British Broccoli,British Broccoli,aldi,0.79,0.219,broccoli,NATURE'S PICK
Broccoli Florets,Broccoli Florets,aldi,1.19,0.119,broccoli,FOUR SEASONS
British Tenderstem Broccoli,British Tenderstem Broccoli,aldi,1.49,0.745,broccoli,NATURE'S PICK
British Broccoli & Cauliflower Florets,British Broccoli & Cauliflower Florets,aldi,1.35,0.3379999999999999,broccoli,NATURE'S PICK
Bananas,Bananas,aldi,0.78,,bananas,NATURE'S PICK
Mini Bananas,Mini Bananas,aldi,0.88,,bananas,NATURE'S PICK
Organic Fairtrade Bananas 6 Pack,Organic Fairtrade Bananas 6 Pack,aldi,1.59,,bananas,ORGANIC
Grated Mature Cheddar,Grated Mature Cheddar,aldi,1.99,0.796,mature cheddar,EMPORIUM
Mature Cheddar Cheese,Mature Cheddar Cheese,aldi,2.99,0.8539999999999999,mature cheddar,CATHEDRAL CITY
British Mature Cheddar Cheese,British Mature Cheddar Cheese,aldi,2.49,0.623,mature cheddar,EMPORIUM
Extra Mature Cheddar Cheese,Extra Mature Cheddar Cheese,aldi,2.99,0.8539999999999999,mature cheddar,CATHEDRAL CITY
British Extra Mature Cheddar Cheese,British Extra Mature Cheddar Cheese,aldi,2.49,0.623,mature cheddar,EMPORIUM
Strawberries,Strawberries,aldi,1.99,0.877,strawberries,NATURE'S PICK
Wonky Strawberries,Wonky Strawberries,aldi,1.79,0.7889999999999999,strawberries,EVERYDAY ESSENTIALS
Fresh British Single Cream,Fresh British Single Cream,aldi,1.09,0.36,single cream,COWBELLE
Peppered Steak Single Slices,Peppered Steak Single Slices,aldi,0.99,0.6599999999999999,single cream,CRESTWOOD
Chicken & Bacon Single Slices,Chicken & Bacon Single Slices,aldi,0.99,0.6599999999999999,single cream,CRESTWOOD
Speyside Single Malt Scotch Whisky,Speyside Single Malt Scotch Whisky,aldi,18.49,2.641,single cream,SPECIALLY SELECTED
British Cauliflower,British Cauliflower,aldi,1.19,,cauliflower,NATURE'S PICK
Cauliflower Cheese,Cauliflower Cheese,aldi,1.99,0.265,cauliflower,FOUR SEASONS
Cauliflower Cheese,Cauliflower Cheese,aldi,1.65,0.413,cauliflower,INSPIRED CUISINE
British Broccoli & Cauliflower Florets,British Broccoli & Cauliflower Florets,aldi,1.35,0.3379999999999999,cauliflower,NATURE'S PICK
Cauliflower Cheese Grills 4 Pack,Cauliflower Cheese Grills 4 Pack,aldi,1.79,0.45,cauliflower,VEGGIE MENU
British Mild Cheddar Cheese,British Mild Cheddar Cheese,aldi,2.49,0.623,mild cheddar,EMPORIUM
Mild Cheddar Slices 10 Pack,Mild Cheddar Slices 10 Pack,aldi,1.39,0.6950000000000001,mild cheddar,EVERYDAY ESSENTIALS
Mild Cheddar Cheese Sticks 6 Pack,Mild Cheddar Cheese Sticks 6 Pack,aldi,1.25,1.042,mild cheddar,EMPORIUM
British Mild White Cheddar Cheese,British Mild White Cheddar Cheese,aldi,4.99,0.554,mild cheddar,EVERYDAY ESSENTIALS
Mild Salsa Dip,Mild Salsa Dip,aldi,0.95,0.32,mild cheddar,SNACKRITE
Extra Mature Cheddar Cheese,Extra Mature Cheddar Cheese,aldi,2.99,0.8539999999999999,extra mature cheddar,CATHEDRAL CITY
British Extra Mature Cheddar Cheese,British Extra Mature Cheddar Cheese,aldi,2.49,0.623,extra mature cheddar,EMPORIUM
West Country Extra Mature Cheddar Cheese,West Country Extra Mature Cheddar Cheese,aldi,3.39,0.969,extra mature cheddar,SPECIALLY SELECTED
Caramelised Red Onion & Extra Mature Cheddar Flatbread,Caramelised Red Onion & Extra Mature Cheddar Flatbread,aldi,1.99,0.765,extra mature cheddar,SPECIALLY SELECTED
Grated Mature Cheddar,Grated Mature Cheddar,aldi,1.99,0.796,extra mature cheddar,EMPORIUM
Sour Cream Dip,Sour Cream Dip,aldi,0.95,0.34,sour cream,SNACKRITE
Sour Cream & Chive Dip,Sour Cream & Chive Dip,aldi,0.99,0.6599999999999999,sour cream,THE DELI
Sour Cream & Onion Stackz,Sour Cream & Onion Stackz,aldi,1.29,0.782,sour cream,SNACKRITE
Reduced Fat Sour Cream,Reduced Fat Sour Cream,aldi,0.99,0.5,sour cream,THE DELI
Fresh British Soured Cream,Fresh British Soured Cream,aldi,0.85,0.28,sour cream,COWBELLE
Blueberries,Blueberries,aldi,1.59,1.06,blueberries,NATURE'S PICK
Blueberries,Blueberries,aldi,2.55,0.85,blueberries,NATURE'S PICK
Wonky Blueberries,Wonky Blueberries,aldi,1.19,0.952,blueberries,EVERYDAY ESSENTIALS
Frozen Blueberries,Frozen Blueberries,aldi,1.99,0.498,blueberries,FOUR SEASONS
Premium Blueberries,Premium Blueberries,aldi,1.75,1.167,blueberries,SPECIALLY SELECTED
Cucumber,Cucumber,aldi,0.79,,cucumber,NATURE'S PICK
Cucumber,Cucumber,aldi,1.09,,cucumber,ORGANIC
Cucumber,Cucumber,aldi,0.89,,cucumber,NATURE'S PICK
Squishy Snacks Pear & Cucumber,Squishy Snacks Pear & Cucumber,aldi,1.99,0.5,cucumber,MAMIA
Regal Vine Tomatoes,Regal Vine Tomatoes,aldi,1.89,0.42,vine tomatoes,SPECIALLY SELECTED
Vine Ripened Tomatoes,Vine Ripened Tomatoes,aldi,1.29,0.258,vine tomatoes,NATURE'S PICK
Chopped Tomatoes in Tomato Juice,Chopped Tomatoes in Tomato Juice,aldi,0.43,0.11,vine tomatoes,EVERYDAY ESSENTIALS
Chopped Tomatoes in a Rich Tomato Juice,Chopped Tomatoes in a Rich Tomato Juice,aldi,0.47,0.12,vine tomatoes,CUCINA
Peeled Plum Tomatoes in Tomato Juice,Peeled Plum Tomatoes in Tomato Juice,aldi,0.43,0.11,vine tomatoes,EVERYDAY ESSENTIALS
Raspberries,Raspberries,aldi,2.99,1.329,raspberries,NATURE'S PICK
British Raspberries,British Raspberries,aldi,1.99,1.327,raspberries,NATURE'S PICK
Frozen Raspberries,Frozen Raspberries,aldi,1.99,0.5690000000000001,raspberries,FOUR SEASONS
British Red Leicester Cheese 400g,British Red Leicester Cheese 400g,aldi,2.49,0.623,red leicester,EMPORIUM
British Grated Red Leicester Cheese,British Grated Red Leicester Cheese,aldi,1.99,0.796,red leicester,EMPORIUM
Bombay Spiced Red Leicester Cheese,Bombay Spiced Red Leicester Cheese,aldi,1.79,0.8949999999999999,red leicester,SPECIALLY SELECTED
Red Leicester & Harissa Burger Melts,Red Leicester & Harissa Burger Melts,aldi,0.49,0.49,red leicester,SPECIALLY SELECTED
Belton Farm Red Fox Vintage Red Leicester Cheese,Belton Farm Red Fox Vintage Red Leicester Cheese,aldi,2.45,1.114,red leicester,SPECIALLY SELECTED
Braeburn Apples,Braeburn Apples,aldi,1.59,,braeburn apples,NATURE'S PICK
Jazz Apples,Jazz Apples,aldi,2.19,,braeburn apples,NATURE'S PICK
Wonky Apples,Wonky Apples,aldi,0.99,,braeburn apples,EVERYDAY ESSENTIALS
Grated Mozzarella,Grated Mozzarella,aldi,1.99,0.796,mozzarella,EMPORIUM
Classic Mozzarella,Classic Mozzarella,aldi,0.69,0.5519999999999999,mozzarella,EVERYDAY ESSENTIALS
Light Mozzarella,Light Mozzarella,aldi,0.69,0.5519999999999999,mozzarella,EVERYDAY ESSENTIALS
Pepperoni and Mozzarella Selection,Pepperoni and Mozzarella Selection,aldi,1.89,1.45,mozzarella,THE DELI
Tomato & Mozzarella Salad,Tomato & Mozzarella Salad,aldi,2.29,1.145,mozzarella,EAT & GO
Chicken Breast Fillets,Chicken Breast Fillets,aldi,4.25,0.425,chicken breast,EVERYDAY ESSENTIALS
Chicken Breast Fillets,Chicken Breast Fillets,aldi,4.49,0.6910000000000001,chicken breast,ASHFIELDS
Hunters Chicken Breasts,Hunters Chicken Breasts,aldi,3.59,0.835,chicken breast,ASHFIELDS
Diced Chicken Breast,Diced Chicken Breast,aldi,2.99,0.748,chicken breast,ASHFIELDS
Chicken Breast Fillets,Chicken Breast Fillets,aldi,12.29,0.615,chicken breast,ASHFIELDS
Cherry Tomatoes,Cherry Tomatoes,aldi,0.99,0.3,cherry tomatoes,NATURE'S PICK
Cherry Tomatoes,Cherry Tomatoes,aldi,0.62,0.248,cherry tomatoes,EVERYDAY ESSENTIALS
Cherry Tomatoes in Rich Tomato Juice,Cherry Tomatoes in Rich Tomato Juice,aldi,0.75,0.19,cherry tomatoes,SPECIALLY SELECTED
Mozzarella & Semi-Dried Cherry Tomato Wood Fired Pizza,Mozzarella & Semi-Dried Cherry Tomato Wood Fired Pizza,aldi,3.99,0.8140000000000001,cherry tomatoes,SPECIALLY SELECTED
Cherry Bakewells,Cherry Bakewells,aldi,1.19,,cherry tomatoes,HOLLY LANE
French Soft Goat's Cheese,French Soft Goat's Cheese,aldi,1.99,1.327,cream cheese,EMPORIUM
Full Fat Soft Cheese,Full Fat Soft Cheese,aldi,0.95,0.475,cream cheese,THE CHEESE EMPORIUM
Reduced Fat Soft Cheese Lighter,Reduced Fat Soft Cheese Lighter,aldi,0.95,0.475,cream cheese,EMPORIUM
Reduced Fat Soft Cheese Garlic & Herbs,Reduced Fat Soft Cheese Garlic & Herbs,aldi,0.95,0.475,cream cheese,EMPORIUM
Garlic & Herb Coconut Oil Based Vegan Cheese Soft Spread,Garlic & Herb Coconut Oil Based Vegan Cheese Soft Spread,aldi,1.95,1.147,cream cheese,PLANT MENU
British Royal Gala Apples,British Royal Gala Apples,aldi,1.59,,gala apples,NATURE'S PICK
Jazz Apples,Jazz Apples,aldi,2.19,,gala apples,NATURE'S PICK
Braeburn Apples,Braeburn Apples,aldi,1.59,,gala apples,NATURE'S PICK
Chicken Thighs,Chicken Thighs,aldi,2.99,0.299,chicken thighs,ASHFIELDS
Chicken Thigh Fillets,Chicken Thigh Fillets,aldi,5.69,0.632,chicken thighs,ASHFIELDS
Chicken Thigh Fillets,Chicken Thigh Fillets,aldi,4.59,0.765,chicken thighs,ASHFIELDS
Katsu Chicken Thigh Bites,Katsu Chicken Thigh Bites,aldi,2.39,0.7969999999999999,chicken thighs,GASTRO BY ROOSTERS
Peri Peri Chicken Thigh,Peri Peri Chicken Thigh,aldi,3.29,1.371,chicken thighs,ROOSTERS
Baby Spinach,Baby Spinach,aldi,1.15,0.479,baby spinach,NATURE'S PICK
British Baby Spinach,British Baby Spinach,aldi,1.59,0.353,baby spinach,NATURE'S PICK
Spinach & Ricotta Tortelloni,Spinach & Ricotta Tortelloni,aldi,1.69,0.563,baby spinach,CUCINA
Spinach & Ricotta Cannelloni,Spinach & Ricotta Cannelloni,aldi,2.79,0.6980000000000001,baby spinach,CUCINA
Spinach & Ricotta Mezzaluna,Spinach & Ricotta Mezzaluna,aldi,3.29,0.8230000000000001,baby spinach,SPECIALLY SELECTED GASTRO
Large Whole Chicken,Large Whole Chicken,aldi,4.79,0.259,whole chicken,ASHFIELDS
Medium Whole Chicken,Medium Whole Chicken,aldi,4.25,0.274,whole chicken,ASHFIELDS
Extra Large Whole Chicken,Extra Large Whole Chicken,aldi,5.49,0.255,whole chicken,ASHFIELDS
Ready To Eat Roast Whole Chicken,Ready To Eat Roast Whole Chicken,aldi,4.99,0.55,whole chicken,DELIMORE
Free Range Corn Fed Whole Chicken,Free Range Corn Fed Whole Chicken,aldi,2.63,0.525,whole chicken,SPECIALLY SELECTED
Oranges,Oranges,aldi,0.99,,oranges,NATURE'S PICK
Large Oranges,Large Oranges,aldi,1.79,,oranges,NATURE'S PICK
Wonky Oranges,Wonky Oranges,aldi,0.99,,oranges,EVERYDAY ESSENTIALS
Garlic & Parmesan Chicken En Croûte,Garlic & Parmesan Chicken En Croûte,aldi,3.59,0.884,parmesan,ASHFIELDS
Somerset Brie Cheese,Somerset Brie Cheese,aldi,1.69,1.252,brie,EMPORIUM
Brie de Meaux A.O.P French Cheese,Brie de Meaux A.O.P French Cheese,aldi,2.59,1.5699999999999998,brie,SPECIALLY SELECTED
Brie & Bacon with Tomato & Chilli Relish Sandwich,Brie & Bacon with Tomato & Chilli Relish Sandwich,aldi,1.99,,brie,EAT & GO
Iceberg Lettuce,Iceberg Lettuce,aldi,0.89,,iceberg lettuce,NATURE'S PICK
Chopped Iceberg Lettuce,Chopped Iceberg Lettuce,aldi,0.64,0.32,iceberg lettuce,NATURE'S PICK
British Romaine Lettuce,British Romaine Lettuce,aldi,1.15,,iceberg lettuce,NATURE'S PICK
British Sweet Gem Lettuce,British Sweet Gem Lettuce,aldi,0.95,,iceberg lettuce,NATURE'S PICK
British Little Gem Lettuce 2 Pack,British Little Gem Lettuce 2 Pack,aldi,0.77,,iceberg lettuce,NATURE'S PICK
Watercress Spinach & Rocket Salad,Watercress Spinach & Rocket Salad,aldi,0.85,1.0630000000000002,rocket salad,NATURE'S PICK
Rocket & Baby Leaf Salad,Rocket & Baby Leaf Salad,aldi,0.99,1.1,rocket salad,NATURE'S PICK
Wild Rocket,Wild Rocket,aldi,0.89,1.483,rocket salad,NATURE'S PICK
Beef Rocket Racers,Beef Rocket Racers,aldi,1.15,1.474,rocket salad,SNACKRITE
Rocket Lollies 8 Pack,Rocket Lollies 8 Pack,aldi,1.39,0.3,rocket salad,GIANNI'S
Chicken Drumsticks,Chicken Drumsticks,aldi,2.15,0.215,chicken drumsticks,ASHFIELDS
Ready To Eat Roast Chicken Drumsticks,Ready To Eat Roast Chicken Drumsticks,aldi,2.59,0.58,chicken drumsticks,ASHFIELD
Southern Fried Chicken Thighs & Drumsticks,Southern Fried Chicken Thighs & Drumsticks,aldi,3.79,0.474,chicken drumsticks,ROOSTERS
Halloumi Burger,Halloumi Burger,aldi,1.85,1.23,halloumi,CRESTWOOD
Halloumi Style Nuggets,Halloumi Style Nuggets,aldi,1.85,1.23,halloumi,CRESTWOOD
Halloumi Style Fries 10 Pack,Halloumi Style Fries 10 Pack,aldi,1.85,1.09,halloumi,CRESTWOOD
Slow Roasted Tomato & Halloumi Vegetable Burgers 2 Pack,Slow Roasted Tomato & Halloumi Vegetable Burgers 2 Pack,aldi,1.99,0.877,halloumi,SPECIALLY SELECTED
Chicken Wings,Chicken Wings,aldi,2.19,0.219,chicken wings,ASHFIELDS
BBQ Cooked Chicken Wings,BBQ Cooked Chicken Wings,aldi,2.79,0.372,chicken wings,ROOSTERS
Hot & Spicy Cooked Chicken Wings,Hot & Spicy Cooked Chicken Wings,aldi,2.79,0.372,chicken wings,ROOSTERS
Chicken Legs,Chicken Legs,aldi,2.25,0.225,chicken wings,ASHFIELDS
British Romaine Lettuce,British Romaine Lettuce,aldi,1.15,,romaine lettuce,NATURE'S PICK
Iceberg Lettuce,Iceberg Lettuce,aldi,0.89,,romaine lettuce,NATURE'S PICK
Chopped Iceberg Lettuce,Chopped Iceberg Lettuce,aldi,0.64,0.32,romaine lettuce,NATURE'S PICK
British Sweet Gem Lettuce,British Sweet Gem Lettuce,aldi,0.95,,romaine lettuce,NATURE'S PICK
British Little Gem Lettuce 2 Pack,British Little Gem Lettuce 2 Pack,aldi,0.77,,romaine lettuce,NATURE'S PICK
Lemons,Lemons,aldi,1.45,0.193,lemons,NATURE'S PICK
Wonky Lemons,Wonky Lemons,aldi,0.89,,lemons,EVERYDAY ESSENTIALS
Pork Chops,Pork Chops,aldi,2.38,0.475,pork chops,EVERYDAY ESSENTIALS
British Pork Chops 4 Pack,British Pork Chops 4 Pack,aldi,4.49,0.641,pork chops,ASHFIELDS
British Lamb Chops,British Lamb Chops,aldi,5.49,1.6149999999999998,pork chops,ASHFIELDS
Sliced Mushrooms,Sliced Mushrooms,aldi,0.95,0.38,mushrooms,NATURE'S PICK
Sliced Mushrooms,Sliced Mushrooms,aldi,0.99,0.198,mushrooms,"READY, SET…COOK!"
British Chestnut Mushrooms,British Chestnut Mushrooms,aldi,0.95,0.38,mushrooms,NATURE'S PICK
British Wonky Mushrooms,British Wonky Mushrooms,aldi,1.69,0.26,mushrooms,EVERYDAY ESSENTIALS
Smoked Bacon Lardons,Smoked Bacon Lardons,aldi,1.99,0.995,smoked bacon,OAKHURST
Lean Smoked Bacon 8 Pack,Lean Smoked Bacon 8 Pack,aldi,1.99,0.796,smoked bacon,OAKHURST
Cherrywood Smoked Bacon & Cheddar Quiche,Cherrywood Smoked Bacon & Cheddar Quiche,aldi,3.49,0.87,smoked bacon,SPECIALLY SELECTED
Smoked Back Bacon Rashers,Smoked Back Bacon Rashers,aldi,1.25,0.434,smoked bacon,EVERYDAY ESSENTIALS
XXL Back Bacon Smoked,XXL Back Bacon Smoked,aldi,3.29,,smoked bacon,OAKHURST
Beef Mince 25% Fat,Beef Mince 25% Fat,aldi,3.09,0.618,beef mince,EVERYDAY ESSENTIALS
British Beef Mince 10% Fat,British Beef Mince 10% Fat,aldi,4.39,0.8779999999999999,beef mince,ASHFIELDS
British Beef Mince 20% Fat,British Beef Mince 20% Fat,aldi,3.25,0.65,beef mince,ASHFIELDS
British Beef Mince 3% Fat,British Beef Mince 3% Fat,aldi,5.29,1.058,beef mince,ASHFIELDS
Beef and Pork Mince XXL,Beef and Pork Mince XXL,aldi,5.69,0.5690000000000001,beef mince,ASHFIELDS
Limes,Limes,aldi,0.79,,limes,NATURE'S PICK
British Lean Beef Steak Mince 5% Fat,British Lean Beef Steak Mince 5% Fat,aldi,2.69,1.076,lean beef mince,ASHFIELDS
British Lean Beef Steak Mince 5% Fat,British Lean Beef Steak Mince 5% Fat,aldi,5.19,1.038,lean beef mince,ASHFIELDS
British Lean Beef Steak Mince 5% Fat,British Lean Beef Steak Mince 5% Fat,aldi,7.15,0.953,lean beef mince,ASHFIELDS
3% Lean Diced Beef,3% Lean Diced Beef,aldi,4.39,1.254,lean beef mince,ASHFIELDS
Beef and Pork Mince XXL,Beef and Pork Mince XXL,aldi,5.69,0.5690000000000001,lean beef mince,ASHFIELDS
Long Clawson Mature Stilton Blue Stilton,Long Clawson Mature Stilton Blue Stilton,aldi,2.79,1.268,stilton,SPECIALLY SELECTED
Shropshire Blue Blue Stilton,Shropshire Blue Blue Stilton,aldi,2.79,1.395,stilton,SPECIALLY SELECTED
Blue Stilton Cheese Burger Melts,Blue Stilton Cheese Burger Melts,aldi,0.49,0.49,stilton,SPECIALLY SELECTED
Avocado,Avocado,aldi,1.45,0.29,avocado,NATURE'S PICK
Avocado Medium,Avocado Medium,aldi,0.69,,avocado,NATURE'S PICK
Classic Smashed Avocado,Classic Smashed Avocado,aldi,1.49,0.99,avocado,SPECIALLY SELECTED
Smashed Spicy Avocado,Smashed Spicy Avocado,aldi,1.49,0.99,avocado,SPECIALLY SELECTED
Mixed Peppers,Mixed Peppers,aldi,1.79,,peppers mixed,NATURE'S PICK
Wonky Mixed Peppers,Wonky Mixed Peppers,aldi,1.69,0.282,peppers mixed,EVERYDAY ESSENTIALS
Mixed Pepper Stir Fry,Mixed Pepper Stir Fry,aldi,0.95,0.297,peppers mixed,"READY, SET…COOK!"
Special Mixed Pepper Rice Pouch,Special Mixed Pepper Rice Pouch,aldi,0.75,0.3,peppers mixed,WORLDWIDE FOODS
Unsmoked Bacon Lardons,Unsmoked Bacon Lardons,aldi,1.99,0.995,unsmoked bacon,OAKHURST
Unsmoked Bacon 16 Pack,Unsmoked Bacon 16 Pack,aldi,2.39,0.478,unsmoked bacon,OAKHURST
Lean Unsmoked Bacon 8 Pack,Lean Unsmoked Bacon 8 Pack,aldi,1.99,0.796,unsmoked bacon,OAKHURST
Unsmoked Back Bacon Rashers,Unsmoked Back Bacon Rashers,aldi,1.25,0.434,unsmoked bacon,EVERYDAY ESSENTIALS
XXL Back Bacon Unsmoked,XXL Back Bacon Unsmoked,aldi,3.29,,unsmoked bacon,OAKHURST
Chorizo & Gouda Rollitos 8 Pack,Chorizo & Gouda Rollitos 8 Pack,aldi,1.89,2.36,gouda,THE DELI
Serrano & Gouda Rollitos 8 Pack,Serrano & Gouda Rollitos 8 Pack,aldi,1.89,2.36,gouda,THE DELI
Dutch Gouda Cheese 16 Slices,Dutch Gouda Cheese 16 Slices,aldi,2.99,0.748,gouda,EMPORIUM
Extra Mature Gouda Holland P.G.I Cheese,Extra Mature Gouda Holland P.G.I Cheese,aldi,2.99,1.661,gouda,SPECIALLY SELECTED
Red Chillies,Red Chillies,aldi,0.55,0.8460000000000001,red chillies,NATURE'S PICK
Midly Spiced Red Kidney Beans in Chilli Sauce,Midly Spiced Red Kidney Beans in Chilli Sauce,aldi,0.69,0.18,red chillies,FOUR SEASONS
Red Grapefruit,Red Grapefruit,aldi,0.44,,red chillies,NATURE'S PICK
Red Pepper,Red Pepper,aldi,0.7,,red chillies,NATURE'S PICK
Red Lentils,Red Lentils,aldi,0.99,0.198,red chillies,WORLDWIDE FOODS
Large Mango,Large Mango,aldi,0.95,,mango,NATURE'S PICK
Mango Chunks,Mango Chunks,aldi,2.19,0.913,mango,NATURE'S PICK
Mango Sorbet,Mango Sorbet,aldi,1.99,0.398,mango,GIANNI'S
Sugared Mango,Sugared Mango,aldi,1.25,,mango,THE FOODIE MARKET
Smoked Streaky Bacon 14 Pack,Smoked Streaky Bacon 14 Pack,aldi,2.29,0.763,streaky bacon,OAKHURST
Unsmoked Streaky Bacon 14 Pack,Unsmoked Streaky Bacon 14 Pack,aldi,2.29,0.763,streaky bacon,OAKHURST
Smoked Streaky Bacon Rashers 12 Pack*,Smoked Streaky Bacon Rashers 12 Pack*,aldi,1.25,0.434,streaky bacon,EVERYDAY ESSENTIALS
Unsmoked Streaky Bacon Rashers 12 Pack*,Unsmoked Streaky Bacon Rashers 12 Pack*,aldi,1.25,0.434,streaky bacon,EVERYDAY ESSENTIALS
100% British Pork Dry Cured Smoked Streaky Bacon 14 Pack,100% British Pork Dry Cured Smoked Streaky Bacon 14 Pack,aldi,2.29,1.041,streaky bacon,SPECIALLY SELECTED
Sirloin Steaks with Peppercorn Sauce,Sirloin Steaks with Peppercorn Sauce,aldi,12.99,2.855,sirloin steak,ASHFIELDS
British Sirloin Steak 21 Day Matured,British Sirloin Steak 21 Day Matured,aldi,5.29,2.713,sirloin steak,ASHFIELDS
100% British Beef Wagyu Sirloin Steak,100% British Beef Wagyu Sirloin Steak,aldi,9.49,4.181,sirloin steak,SPECIALLY SELECTED
100% British Sirloin Steak 30 Day Matured,100% British Sirloin Steak 30 Day Matured,aldi,6.49,2.859,sirloin steak,ASHFIELDS
King of Steaks 12oz Thick Cut Sirloin Steak 30 Day Matured,King of Steaks 12oz Thick Cut Sirloin Steak 30 Day Matured,aldi,8.99,2.644,sirloin steak,ASHFIELDS
Dutch Edam Cheese 16 Slices,Dutch Edam Cheese 16 Slices,aldi,2.99,0.748,edam,EMPORIUM
Courgettes,Courgettes,aldi,1.39,0.2779999999999999,courgettes,NATURE'S PICK
Grated Cheddar Cheese,Grated Cheddar Cheese,aldi,2.99,0.5980000000000001,grated cheddar,EVERYDAY ESSENTIALS
Grated Cheddar & Mozzarella Cheese Mix,Grated Cheddar & Mozzarella Cheese Mix,aldi,1.99,0.796,grated cheddar,EMPORIUM
Grated Mature Cheddar,Grated Mature Cheddar,aldi,1.99,0.796,grated cheddar,EMPORIUM
Grated Lighter Cheddar Cheese,Grated Lighter Cheddar Cheese,aldi,1.99,0.796,grated cheddar,EMPORIUM
Grated Half Fat Cheddar Cheese,Grated Half Fat Cheddar Cheese,aldi,1.99,0.796,grated cheddar,EMPORIUM
White Seedless Grapes,White Seedless Grapes,aldi,1.89,0.378,grapes,NATURE'S PICK
Seedless Red Grapes,Seedless Red Grapes,aldi,1.89,0.378,grapes,NATURE'S PICK
Black Seedless Grapes,Black Seedless Grapes,aldi,1.89,0.378,grapes,NATURE'S PICK
Seedless Sable Grapes,Seedless Sable Grapes,aldi,1.79,0.448,grapes,SPECIALLY SELECTED
Mixed Seedless Grapes,Mixed Seedless Grapes,aldi,1.89,0.378,grapes,NATURE'S PICK
Cumberland Pork Sausages,Cumberland Pork Sausages,aldi,3.69,0.553,pork sausages,SPECIALLY SELECTED
Battered No-Pork Sausages,Battered No-Pork Sausages,aldi,1.99,1.106,pork sausages,PLANT MENU
The Ultimate Pork Sausages,The Ultimate Pork Sausages,aldi,3.49,0.727,pork sausages,SPECIALLY SELECTED
Pork Sausages 6 Pack,Pork Sausages 6 Pack,aldi,2.49,0.623,pork sausages,SPECIALLY SELECTED
Pork Sausages 10 Pack,Pork Sausages 10 Pack,aldi,3.69,0.553,pork sausages,SPECIALLY SELECTED
British Ribeye Steak 21 Day Matured,British Ribeye Steak 21 Day Matured,aldi,5.39,2.764,ribeye steak,ASHFIELDS
100% British Beef Wagyu Ribeye Steak,100% British Beef Wagyu Ribeye Steak,aldi,9.99,4.401,ribeye steak,SPECIALLY SELECTED
100% British Ribeye Steak 30 Day Matured,100% British Ribeye Steak 30 Day Matured,aldi,6.69,2.947,ribeye steak,ASHFIELDS
100% British Beef Salt Dry Aged Aberdeen Angus 8oz Ribeye Steak,100% British Beef Salt Dry Aged Aberdeen Angus 8oz Ribeye Steak,aldi,7.29,3.211,ribeye steak,SPECIALLY SELECTED
100% Scotch Beef Salt Dry Aged Aberdeen Angus 8oz Ribeye Steak,100% Scotch Beef Salt Dry Aged Aberdeen Angus 8oz Ribeye Steak,aldi,7.29,3.211,ribeye steak,SPECIALLY SELECTED
Cheese Slices 8 Pack,Cheese Slices 8 Pack,aldi,0.99,0.495,cheese slices,EMPORIUM
Light Cheese Slices 8 Pack,Light Cheese Slices 8 Pack,aldi,0.99,0.495,cheese slices,EMPORIUM
Puff Pastry Ham & Cheese Slices 2 Pack,Puff Pastry Ham & Cheese Slices 2 Pack,aldi,1.65,0.55,cheese slices,CRESTWOOD
Mozzarella Cheese 10 Slices,Mozzarella Cheese 10 Slices,aldi,1.99,0.796,cheese slices,EMPORIUM
Welsh Rarebit Slices,Welsh Rarebit Slices,aldi,0.99,0.7070000000000001,cheese slices,EMPORIUM
Beef Stew & Dumplings,Beef Stew & Dumplings,aldi,2.79,0.6980000000000001,beef stewing steak,CRESTWOOD
Beef Medallion Steaks,Beef Medallion Steaks,aldi,4.49,1.3210000000000002,beef stewing steak,ASHFIELDS
British Beef Braising Steaks,British Beef Braising Steaks,aldi,3.89,1.111,beef stewing steak,ASHFIELDS
Chicken Sausages 6 Pack,Chicken Sausages 6 Pack,aldi,2.09,0.615,chicken sausages,SPECIALLY SELECTED
Italian Style Chicken Chipolatas 10 Pack,Italian Style Chicken Chipolatas 10 Pack,aldi,2.49,0.732,chicken sausages,ASHFIELD FARM
Chicken Kabanos,Chicken Kabanos,aldi,1.89,1.58,chicken sausages,THE DELI
Bockwurst Sausages,Bockwurst Sausages,aldi,1.99,0.55,chicken sausages,BRAMWELLS
Pineapple Chunks,Pineapple Chunks,aldi,1.49,0.497,pineapple,NATURE'S PICK
Pineapple Cocktail,Pineapple Cocktail,aldi,0.95,0.38,pineapple,COCOBAY
Pineapple & Lime,Pineapple & Lime,aldi,1.79,0.179,pineapple,THE JUICE COMPANY
Pineapple Slices in Juice,Pineapple Slices in Juice,aldi,0.95,0.373,pineapple,FOUR SEASONS
"Apple, Pineapple & Grape","Apple, Pineapple & Grape",aldi,1.19,0.595,pineapple,NATURE'S PICK
Aubergine,Aubergine,aldi,0.99,,aubergine,NATURE'S PICK
British Green Beans,British Green Beans,aldi,0.69,0.314,green beans,NATURE'S PICK
Whole Green Beans,Whole Green Beans,aldi,1.19,0.119,green beans,FOUR SEASONS
British Stringless Beans,British Stringless Beans,aldi,1.19,0.529,green beans,NATURE'S PICK
Galia Melon,Galia Melon,aldi,1.85,,melon,NATURE'S PICK
Honeydew Melon,Honeydew Melon,aldi,1.87,,melon,NATURE'S PICK
Melon Medley,Melon Medley,aldi,1.69,0.563,melon,NATURE'S PICK
20% Lamb Mince,20% Lamb Mince,aldi,2.99,0.498,lamb mince,ASHFIELDS
British Lamb Mince 20% Fat,British Lamb Mince 20% Fat,aldi,5.49,1.156,lamb mince,ASHFIELDS
Wagyu Mince,Wagyu Mince,aldi,5.99,1.198,lamb mince,SPECIALLY SELECTED
Diced Lamb,Diced Lamb,aldi,5.49,1.83,lamb mince,ASHFIELDS
Meat-Free Mince,Meat-Free Mince,aldi,1.39,0.35,lamb mince,PLANT MENU
Chorizo Mac & Cheese,Chorizo Mac & Cheese,aldi,3.59,0.898,chorizo,SPECIALLY SELECTED GASTRO
Spanish Chorizo 24 Slices,Spanish Chorizo 24 Slices,aldi,0.99,0.83,chorizo,THE DELI
Classic Spanish Chorizo Ring,Classic Spanish Chorizo Ring,aldi,1.89,0.945,chorizo,SPECIALLY SELECTED
Spicy Spanish Chorizo Ring,Spicy Spanish Chorizo Ring,aldi,1.89,0.945,chorizo,SPECIALLY SELECTED
Cod & Chorizo Fishcakes 2 Pack,Cod & Chorizo Fishcakes 2 Pack,aldi,2.39,0.8240000000000001,chorizo,SPECIALLY SELECTED
Pepperoni  Pizza,Pepperoni  Pizza,aldi,1.1,0.35,pepperoni,EVERYDAY ESSENTIALS
Pepperoni Pasta,Pepperoni Pasta,aldi,2.69,0.673,pepperoni,CUCINA
Pepperoni and Mozzarella Selection,Pepperoni and Mozzarella Selection,aldi,1.89,1.45,pepperoni,THE DELI
Hot Pepperoni 24 Slices,Hot Pepperoni 24 Slices,aldi,1.09,0.91,pepperoni,CUCINA
Mild Pepperoni 24 Slices,Mild Pepperoni 24 Slices,aldi,1.09,0.91,pepperoni,CUCINA
British Sweetcorn,British Sweetcorn,aldi,1.29,,sweetcorn,NATURE'S PICK
Sweetcorn,Sweetcorn,aldi,1.49,0.149,sweetcorn,FOUR SEASONS
Supersweet Sweetcorn in Water,Supersweet Sweetcorn in Water,aldi,0.55,0.19,sweetcorn,FOUR SEASONS
Cupshotz Chicken & Sweetcorn,Cupshotz Chicken & Sweetcorn,aldi,0.49,0.91,sweetcorn,BRAMWELLS EXPRESS
Chicken & Sweetcorn,Chicken & Sweetcorn,aldi,1.45,0.66,sweetcorn,THE DELI
British Lamb Chops,British Lamb Chops,aldi,5.49,1.6149999999999998,lamb chops,ASHFIELDS
Minted Lamb Shoulder Chops,Minted Lamb Shoulder Chops,aldi,5.49,1.307,lamb chops,ASHFIELDS
Pork Chops,Pork Chops,aldi,2.38,0.475,lamb chops,EVERYDAY ESSENTIALS
Vegetarian Ham Slices,Vegetarian Ham Slices,aldi,1.45,1.45,ham sliced,QUORN
Finely Sliced Wiltshire Ham,Finely Sliced Wiltshire Ham,aldi,3.19,1.329,ham sliced,SPECIALLY SELECTED
French Torchon Ham 4 Slices,French Torchon Ham 4 Slices,aldi,1.89,0.95,ham sliced,THE DELI
British Breaded Ham 14 Slices,British Breaded Ham 14 Slices,aldi,1.79,0.6,ham sliced,ASHFIELDS
British Cooked Ham 10 Slices,British Cooked Ham 10 Slices,aldi,0.75,0.6519999999999999,ham sliced,ASHFIELDS
Seasonal Pears 1kg,Seasonal Pears 1kg,aldi,1.79,,pears,NATURE'S PICK
Organic Pears Pouch,Organic Pears Pouch,aldi,0.45,0.643,pears,MAMIA
Ripe & Ready Conference Pears,Ripe & Ready Conference Pears,aldi,1.85,,pears,NATURE'S PICK
Asparagus Tips,Asparagus Tips,aldi,1.4,1.4,asparagus,NATURE'S PICK
Asparagus Bundles,Asparagus Bundles,aldi,2.15,0.86,asparagus,NATURE'S PICK
Plums,Plums,aldi,2.19,0.219,plums,NATURE'S PICK
Beef and Pork Mince XXL,Beef and Pork Mince XXL,aldi,5.69,0.5690000000000001,pork mince,ASHFIELDS
British Beef & Pork Mince,British Beef & Pork Mince,aldi,4.49,0.599,pork mince,ASHFIELDS
British Pork Mince 12% Fat,British Pork Mince 12% Fat,aldi,2.25,0.45,pork mince,ASHFIELDS
British Lean Pork Mince 5% Fat,British Lean Pork Mince 5% Fat,aldi,2.55,0.51,pork mince,ASHFIELDS
Wagyu Mince,Wagyu Mince,aldi,5.99,1.198,pork mince,SPECIALLY SELECTED
Celery,Celery,aldi,0.75,,celery,NATURE'S PICK
Celery Sticks,Celery Sticks,aldi,1.19,0.3399999999999999,celery,NATURE'S PICK
Steamed Salmon Fillets,Steamed Salmon Fillets,aldi,4.29,2.383,salmon fillets,THE FISHMONGER
Boneless Salmon Fillets 2 Pack,Boneless Salmon Fillets 2 Pack,aldi,3.59,1.496,salmon fillets,THE FISHMONGER
Boneless Salmon Fillets 4 Pack,Boneless Salmon Fillets 4 Pack,aldi,6.85,1.427,salmon fillets,THE FISHMONGER
Scottish Salmon Fillets 2 Pack,Scottish Salmon Fillets 2 Pack,aldi,4.29,1.7879999999999998,salmon fillets,SPECIALLY SELECTED
Boneless Wild Pink Salmon Fillets,Boneless Wild Pink Salmon Fillets,aldi,3.49,0.873,salmon fillets,THE FISHMONGER
Cod Fillets,Cod Fillets,aldi,3.79,1.053,cod fillets,THE FISHMONGER
Boneless Cod Fillets 2 Pack,Boneless Cod Fillets 2 Pack,aldi,4.79,1.916,cod fillets,THE FISHMONGER
Chip Shop Style Extra Large Battered Cod Fillets 2 Pack,Chip Shop Style Extra Large Battered Cod Fillets 2 Pack,aldi,5.49,1.193,cod fillets,SPECIALLY SELECTED
Breaded Cod 4 Pack,Breaded Cod 4 Pack,aldi,3.39,0.678,cod fillets,THE FISHMONGER
Battered Cod 4 Pack,Battered Cod 4 Pack,aldi,3.39,0.678,cod fillets,THE FISHMONGER
Sweet Potatoes,Sweet Potatoes,aldi,1.19,0.119,potatoes,NATURE'S PICK
Sweet Potatoes,Sweet Potatoes,aldi,1.19,0.119,sweet potatoes,NATURE'S PICK
Sweet Potato,Sweet Potato,aldi,0.69,,sweet potatoes,NATURE'S PICK
Sweet Potato Fries,Sweet Potato Fries,aldi,2.15,0.43,sweet potatoes,FOUR SEASONS
Onion & Sweet Potato Bhaji,Onion & Sweet Potato Bhaji,aldi,2.75,1.019,sweet potatoes,SPECIALLY SELECTED
Ready to Eat Sweet Potato Pakora,Ready to Eat Sweet Potato Pakora,aldi,1.49,0.87,sweet potatoes,THE DELI
Haddock Fillets,Haddock Fillets,aldi,3.79,1.053,haddock fillets,THE FISHMONGER
Boneless Smoked Haddock Fillets 2 Pack,Boneless Smoked Haddock Fillets 2 Pack,aldi,4.29,1.865,haddock fillets,THE FISHMONGER
Chip Shop Style Extra Large Beer Battered Haddock Fillets 2 Pack,Chip Shop Style Extra Large Beer Battered Haddock Fillets 2 Pack,aldi,5.49,1.193,haddock fillets,SPECIALLY SELECTED
Smoked Haddock,Smoked Haddock,aldi,3.79,1.053,haddock fillets,THE FISHMONGER
Battered Haddock 4 Pack,Battered Haddock 4 Pack,aldi,3.39,0.678,haddock fillets,THE FISHMONGER
British Baby Potatoes,British Baby Potatoes,aldi,0.79,0.079,baby potatoes,NATURE'S PICK
Prepped Baby Potatoes,Prepped Baby Potatoes,aldi,0.89,0.231,baby potatoes,INSPIRED CUISINE
Baby Jacket Potatoes,Baby Jacket Potatoes,aldi,1.49,0.373,baby potatoes,INSPIRED CUISINE
British Potatoes Mashed Potato,British Potatoes Mashed Potato,aldi,1.59,0.398,baby potatoes,SPECIALLY SELECTED GASTRO
Boneless Mediterranean Sea Bass Fillets 2 Pack,Boneless Mediterranean Sea Bass Fillets 2 Pack,aldi,3.79,2.106,sea bass,THE FISHMONGER
Sea Salt Chocolate,Sea Salt Chocolate,aldi,1.99,1.592,sea bass,MOSER ROTH
Dark Sea Salt Chocolate,Dark Sea Salt Chocolate,aldi,2.49,1.992,sea bass,MOSER ROTH
Gourmet Sea Salt Savoury Crackers,Gourmet Sea Salt Savoury Crackers,aldi,0.99,0.5349999999999999,sea bass,SPECIALLY SELECTED
Rosemary & Sea Salt Flatbread Thins,Rosemary & Sea Salt Flatbread Thins,aldi,1.19,0.952,sea bass,SAVOUR BAKES
King Prawn Bhuna,King Prawn Bhuna,aldi,3.99,0.867,king prawns,SPECIALLY SELECTED DINE IN
Cooked & Peeled King Prawns,Cooked & Peeled King Prawns,aldi,2.49,1.66,king prawns,THE FISHMONGER
Raw Jumbo King Prawns,Raw Jumbo King Prawns,aldi,2.69,1.582,king prawns,THE FISHMONGER
King Prawn & Seafood Cocktail Sandwich,King Prawn & Seafood Cocktail Sandwich,aldi,2.79,,king prawns,SPECIALLY SELECTED
"King Prawn, Chicken & Chorizo Paella","King Prawn, Chicken & Chorizo Paella",aldi,5.69,0.7110000000000001,king prawns,SPECIALLY SELECTED
Smoked Salmon Slices,Smoked Salmon Slices,aldi,4.49,2.245,smoked salmon,THE FISHMONGER
Smoked Salmon Slices,Smoked Salmon Slices,aldi,2.49,2.49,smoked salmon,THE FISHMONGER
Mild & Delicate Smoked Salmon,Mild & Delicate Smoked Salmon,aldi,3.09,3.09,smoked salmon,SPECIALLY SELECTED
Strong & Robust Smoked Salmon,Strong & Robust Smoked Salmon,aldi,3.09,3.09,smoked salmon,SPECIALLY SELECTED
Smoked Salmon Sushi Snack,Smoked Salmon Sushi Snack,aldi,1.09,,smoked salmon,EAT & GO
Breaded Cod Fish Fingers 10 Pack,Breaded Cod Fish Fingers 10 Pack,aldi,1.99,0.663,fish fingers,THE FISHMONGER
Milk Chocolate Fingers,Milk Chocolate Fingers,aldi,0.99,0.792,fish fingers,DAIRYFINE
White Chocolate Fingers,White Chocolate Fingers,aldi,0.99,0.792,fish fingers,DAIRYFINE
Medium Sliced White Bread,Medium Sliced White Bread,aldi,0.55,0.07,white sliced bread,VILLAGE BAKERY
Sliced White Rolls,Sliced White Rolls,aldi,1.19,,white sliced bread,VILLAGE BAKERY
White Toastie Sliced Loaf,White Toastie Sliced Loaf,aldi,0.75,0.09,white sliced bread,VILLAGE BAKERY
White Toastie Sliced Loaf,White Toastie Sliced Loaf,aldi,0.59,0.15,white sliced bread,VILLAGE BAKERY
Gluten Free Sliced White Bread,Gluten Free Sliced White Bread,aldi,1.55,0.31,white sliced bread,FREE FROM
Wholemeal Bread Flour,Wholemeal Bread Flour,aldi,0.99,0.066,wholemeal bread,THE PANTRY
Medium Sliced Wholemeal Bread,Medium Sliced Wholemeal Bread,aldi,0.55,0.07,wholemeal bread,EVERYDAY ESSENTIALS
Wholemeal Rolls,Wholemeal Rolls,aldi,0.45,,wholemeal bread,VILLAGE BAKERY
Wholemeal Baps,Wholemeal Baps,aldi,0.69,,wholemeal bread,VILLAGE BAKERY
Wholemeal Sliced Loaf,Wholemeal Sliced Loaf,aldi,0.75,0.09,wholemeal bread,VILLAGE BAKERY
Wild Caught Yellowfin Tuna Steak,Wild Caught Yellowfin Tuna Steak,aldi,4.49,2.245,tuna steaks,SPECIALLY SELECTED
Skinless & Boneless Yellowfin Tuna Steaks,Skinless & Boneless Yellowfin Tuna Steaks,aldi,3.49,0.969,tuna steaks,THE FISHMONGER
Drained & Ready to Eat Tuna Steaks in Brine,Drained & Ready to Eat Tuna Steaks in Brine,aldi,0.99,0.9,tuna steaks,THE FISHMONGER
Drained & Ready to Eat Tuna Steaks in Water,Drained & Ready to Eat Tuna Steaks in Water,aldi,0.99,0.9,tuna steaks,THE FISHMONGER
Drained & Ready to Eat Tuna Steaks in Sunflower Oil,Drained & Ready to Eat Tuna Steaks in Sunflower Oil,aldi,0.99,0.9,tuna steaks,THE FISHMONGER
Sourdough Breaded Wild Garlic & Jersey Butter Chicken Kievs 2 Pack,Sourdough Breaded Wild Garlic & Jersey Butter Chicken Kievs 2 Pack,aldi,3.99,1.064,sourdough bread,SPECIALLY SELECTED
Protein Sourdough,Protein Sourdough,aldi,1.99,0.4,sourdough bread,SPECIALLY SELECTED
White Sourdough Loaf,White Sourdough Loaf,aldi,1.59,0.32,sourdough bread,SPECIALLY SELECTED
Seeded Sourdough Sliced Loaf,Seeded Sourdough Sliced Loaf,aldi,1.89,0.38,sourdough bread,SPECIALLY SELECTED
Part Baked Bloomer with Sourdough,Part Baked Bloomer with Sourdough,aldi,1.15,0.33,sourdough bread,SPECIALLY SELECTED
Lightly Seeded Sliced Loaf,Lightly Seeded Sliced Loaf,aldi,0.79,0.1,seeded bread,VILLAGE BAKERY
Wholemeal Seeded Loaf,Wholemeal Seeded Loaf,aldi,1.09,0.14,seeded bread,SPECIALLY SELECTED
The Honey Soaked Sliced Seeded Bloomer,The Honey Soaked Sliced Seeded Bloomer,aldi,1.49,0.19,seeded bread,VILLAGE BAKERY
Seeded Sourdough Sliced Loaf,Seeded Sourdough Sliced Loaf,aldi,1.89,0.38,seeded bread,SPECIALLY SELECTED
Super Seeded Farmhouse Sliced Loaf,Super Seeded Farmhouse Sliced Loaf,aldi,1.09,0.14,seeded bread,SPECIALLY SELECTED
White Pitta Bread,White Pitta Bread,aldi,0.5,,pitta bread,VILLAGE BAKERY
Plain Naan Breads,Plain Naan Breads,aldi,0.69,,naan bread,BILASH
Garlic & Coriander Naan Breads,Garlic & Coriander Naan Breads,aldi,0.69,,naan bread,BILASH
Giant Plain Naan Breads,Giant Plain Naan Breads,aldi,1.49,,naan bread,BILASH
Giant Garlic & Coriander Naan Breads,Giant Garlic & Coriander Naan Breads,aldi,1.49,,naan bread,BILASH
White Pitta Bread,White Pitta Bread,aldi,0.5,,naan bread,VILLAGE BAKERY
White Tortilla Wraps,White Tortilla Wraps,aldi,0.99,,wraps tortilla,VILLAGE BAKERY
Seeded Tortilla Wraps,Seeded Tortilla Wraps,aldi,0.99,,wraps tortilla,VILLAGE BAKERY
Mini White Tortilla Wraps,Mini White Tortilla Wraps,aldi,0.79,,wraps tortilla,VILLAGE BAKERY
Both In One Tortilla Wraps,Both In One Tortilla Wraps,aldi,0.99,,wraps tortilla,VILLAGE BAKERY
Tortilla Protein Wrap 6 Pack,Tortilla Protein Wrap 6 Pack,aldi,0.99,,wraps tortilla,VILLAGE BAKERY
Sourdough Crumpets,Sourdough Crumpets,aldi,0.99,,crumpets,SPECIALLY SELECTED
Crumpets 6 Pack,Crumpets 6 Pack,aldi,0.45,,crumpets,VILLAGE BAKERY
Crumpets 9 Pack,Crumpets 9 Pack,aldi,1.15,,crumpets,WARBURTONS
Strawberry Jam,Strawberry Jam,aldi,0.49,0.11,jam strawberry,EVERYDAY ESSENTIALS
Strawberry Jam,Strawberry Jam,aldi,0.89,0.2,jam strawberry,GRANDESSA
Strawberry Conserve,Strawberry Conserve,aldi,1.59,0.35,jam strawberry,SPECIALLY SELECTED
Jam Tarts,Jam Tarts,aldi,0.89,,jam strawberry,HOLLY LANE
Apricot Jam,Apricot Jam,aldi,0.89,0.196,jam strawberry,GRANDESSA
Smooth Peanut Butter,Smooth Peanut Butter,aldi,0.99,0.291,peanut butter,GRANDESSA
Crunchy Peanut Butter,Crunchy Peanut Butter,aldi,0.99,0.291,peanut butter,GRANDESSA
Creamy 100% Peanut Butter,Creamy 100% Peanut Butter,aldi,1.59,0.4679999999999999,peanut butter,GRANDESSA
Crunchy 100% Peanut Butter,Crunchy 100% Peanut Butter,aldi,1.59,0.4679999999999999,peanut butter,GRANDESSA
Cocoa Peanut Butter Balls Cereal,Cocoa Peanut Butter Balls Cereal,aldi,1.89,0.504,peanut butter,HARVEST MORN
Porridge Oats,Porridge Oats,aldi,0.85,0.09,porridge oats,EVERYDAY ESSENTIALS
Organic Porridge Oats,Organic Porridge Oats,aldi,2.25,0.23,porridge oats,KAVANAGH'S
Chocolate Protein Porridge Sachet,Chocolate Protein Porridge Sachet,aldi,1.39,0.483,porridge oats,HARVEST MORN
Butternut Squash Each,Butternut Squash Each,aldi,1.09,,butternut squash,NATURE'S PICK
Butternut Squash Soup,Butternut Squash Soup,aldi,2.49,0.415,butternut squash,SPECIALLY SELECTED
Butternut Squash & Pine Nut Girasoli,Butternut Squash & Pine Nut Girasoli,aldi,2.49,0.996,butternut squash,SPECIALLY SELECTED
Organic Butternut Squash Mac & Cheese Pouch,Organic Butternut Squash Mac & Cheese Pouch,aldi,0.65,0.5,butternut squash,MAMIA
Spicy Butternut Squash & Chipotle Feta Bakes 2 Pack,Spicy Butternut Squash & Chipotle Feta Bakes 2 Pack,aldi,1.79,0.81,butternut squash,VEGGIE MENU
Fine Cut Orange Marmalade,Fine Cut Orange Marmalade,aldi,0.85,0.187,marmalade,GRANDESSA
Thick Cut Orange Marmalade,Thick Cut Orange Marmalade,aldi,0.85,0.187,marmalade,GRANDESSA
Cooked Beetroot,Cooked Beetroot,aldi,0.66,0.132,beetroot,NATURE'S PICK
Just Beetroot,Just Beetroot,aldi,0.59,0.118,beetroot,
Pickled Sliced Beetroot,Pickled Sliced Beetroot,aldi,0.75,0.1699999999999999,beetroot,THE DELI
Pickled Baby Beetroot,Pickled Baby Beetroot,aldi,0.75,0.1699999999999999,beetroot,THE DELI
Beetroot Side Salad,Beetroot Side Salad,aldi,1.49,0.497,beetroot,THE DELI
Honey Nut Crunchy Cornflakes,Honey Nut Crunchy Cornflakes,aldi,1.49,0.2,cornflakes,HARVEST MORN
Cornflakes Cereal Bars 6 Pack,Cornflakes Cereal Bars 6 Pack,aldi,1.09,0.727,cornflakes,HARVEST MORN
Supersweet Sweetcorn in Water,Supersweet Sweetcorn in Water,aldi,0.55,0.19,tinned sweetcorn,FOUR SEASONS
Sweetcorn,Sweetcorn,aldi,1.49,0.149,tinned sweetcorn,FOUR SEASONS
Sweetcorn in Water 4 Pack,Sweetcorn in Water 4 Pack,aldi,1.85,1.12,tinned sweetcorn,FOUR SEASONS
Cupshotz Chicken & Sweetcorn,Cupshotz Chicken & Sweetcorn,aldi,0.49,0.91,tinned sweetcorn,BRAMWELLS EXPRESS
British Sweetcorn,British Sweetcorn,aldi,1.29,,tinned sweetcorn,NATURE'S PICK
Cut Basil,Cut Basil,aldi,0.5,1.6670000000000005,fresh basil,"READY, SET…COOK!"
Basil,Basil,aldi,0.75,5.0,fresh basil,"READY, SET…COOK!"
Basil Pesto,Basil Pesto,aldi,0.89,0.4679999999999999,fresh basil,CUCINA
Tomato & Basil Side Salad,Tomato & Basil Side Salad,aldi,1.49,0.497,fresh basil,THE DELI
Tomato & Basil Soup,Tomato & Basil Soup,aldi,1.49,0.248,fresh basil,SOUPREME
Oxtail Soup,Oxtail Soup,aldi,0.59,0.15,tinned soup,BRAMWELLS
Vegetable Soup,Vegetable Soup,aldi,0.59,0.148,tinned soup,BRAMWELLS
Minestrone Soup,Minestrone Soup,aldi,0.59,0.148,tinned soup,BRAMWELLS
Cream of Tomato Soup,Cream of Tomato Soup,aldi,0.59,0.15,tinned soup,BRAMWELLS
Cream Of Chicken Soup,Cream Of Chicken Soup,aldi,0.59,0.148,tinned soup,BRAMWELLS
Really Nutty Granola,Really Nutty Granola,aldi,1.99,0.4,granola,SPECIALLY SELECTED
Very Berry Granola,Very Berry Granola,aldi,1.99,0.4,granola,SPECIALLY SELECTED
Raisin & Almond Granola,Raisin & Almond Granola,aldi,1.99,0.199,granola,HARVEST MORN
Tropical Fruits Granola,Tropical Fruits Granola,aldi,1.99,0.199,granola,HARVEST MORN
Mango Yogurt Granola,Mango Yogurt Granola,aldi,1.09,0.727,granola,SPECIALLY SELECTED
Chunky Oven Chips,Chunky Oven Chips,aldi,3.29,0.219,frozen chips oven,SPECIALLY SELECTED
Oven Bottom Muffins,Oven Bottom Muffins,aldi,0.69,,frozen chips oven,VILLAGE BAKERY
Coconut & Milk Shower Cream,Coconut & Milk Shower Cream,aldi,1.39,0.2779999999999999,coconut milk,LACURA
Coconut Milk 400ml Full Fat,Coconut Milk 400ml Full Fat,aldi,0.75,0.188,coconut milk,ASIA GREEN GARDEN
Coconut Milk 400ml Reduced Fat,Coconut Milk 400ml Reduced Fat,aldi,0.75,0.188,coconut milk,ASIA GREEN GARDEN
Coconut Water,Coconut Water,aldi,1.99,0.2,coconut milk,COCO LOCO
Coconut Breaded Prawns,Coconut Breaded Prawns,aldi,1.69,1.28,coconut milk,LET'S PARTY
British Cut Coriander,British Cut Coriander,aldi,0.5,1.6670000000000005,fresh coriander,"READY, SET…COOK!"
Ground Coriander,Ground Coriander,aldi,0.65,2.2,fresh coriander,"READY, SET…COOK!"
Carrot & Coriander Soup,Carrot & Coriander Soup,aldi,0.59,0.148,fresh coriander,BRAMWELLS
Carrot & Coriander Soup,Carrot & Coriander Soup,aldi,1.49,0.248,fresh coriander,SOUPREME
Garlic & Coriander Naan Breads,Garlic & Coriander Naan Breads,aldi,0.69,,fresh coriander,BILASH
Weetabix Cereal 36 Pack,Weetabix Cereal 36 Pack,aldi,3.99,,weetabix,WEETABIX
Original Swiss Style Muesli,Original Swiss Style Muesli,aldi,2.29,0.208,muesli,HARVEST MORN
No Added Sugar Swiss Style Muesli,No Added Sugar Swiss Style Muesli,aldi,2.29,0.208,muesli,HARVEST MORN
Cut Mint,Cut Mint,aldi,0.5,1.6670000000000005,fresh mint,"READY, SET…COOK!"
Mint Sauce,Mint Sauce,aldi,0.59,0.33,fresh mint,BRAMWELLS
Mint Humbugs,Mint Humbugs,aldi,0.89,0.396,fresh mint,DOMINION
Mint Poppets,Mint Poppets,aldi,1.09,1.09,fresh mint,POPPETS
"Pasta & Sauce Tomato, Onion & Herb","Pasta & Sauce Tomato, Onion & Herb",aldi,0.45,0.41,pasta sauce tomato,BRAMWELLS EXPRESS
Tomato Lasagne Sauce,Tomato Lasagne Sauce,aldi,0.79,0.16,pasta sauce tomato,CUCINA
Smooth Tomato Pasta Sauce,Smooth Tomato Pasta Sauce,aldi,0.69,0.1379999999999999,pasta sauce tomato,CUCINA
Tomato & Mascarpone Pasta Sauce,Tomato & Mascarpone Pasta Sauce,aldi,1.49,0.426,pasta sauce tomato,INSPIRED CUISINE
Tomato & Basil Pasta Sauce,Tomato & Basil Pasta Sauce,aldi,1.49,0.426,pasta sauce tomato,INSPIRED CUISINE
Pepperoni  Pizza,Pepperoni  Pizza,aldi,1.1,0.35,frozen pizza,EVERYDAY ESSENTIALS
Cheese & Tomato Pizza,Cheese & Tomato Pizza,aldi,1.1,0.35,frozen pizza,EVERYDAY ESSENTIALS
Garlic & Cheese Pizza Bread,Garlic & Cheese Pizza Bread,aldi,1.09,0.462,frozen pizza,CARLOS
Deep Pan Pepperoni Pizza,Deep Pan Pepperoni Pizza,aldi,1.35,0.358,frozen pizza,CARLOS
Pepperoni Pizza Subs 2 Pack,Pepperoni Pizza Subs 2 Pack,aldi,0.99,0.381,frozen pizza,CARLOS
Cut Parsley,Cut Parsley,aldi,0.5,1.6670000000000005,fresh parsley,"READY, SET…COOK!"
Parsley,Parsley,aldi,0.65,8.100000000000001,fresh parsley,"READY, SET…COOK!"
Parsley Simmer Sauce Mix,Parsley Simmer Sauce Mix,aldi,0.29,1.45,fresh parsley,BRAMWELLS
Smoked Garlic & Parsley Flatbreads,Smoked Garlic & Parsley Flatbreads,aldi,1.49,,fresh parsley,VILLAGE BAKERY
Melt In The Middle Cod Fishcake with Parsley Sauce 2 Pack,Melt In The Middle Cod Fishcake with Parsley Sauce 2 Pack,aldi,2.39,0.8240000000000001,fresh parsley,SPECIALLY SELECTED
Garlic & Cheese Pizza Bread,Garlic & Cheese Pizza Bread,aldi,1.09,0.462,frozen garlic bread,CARLOS
Garlic Bread Crisps,Garlic Bread Crisps,aldi,1.15,0.767,frozen garlic bread,CUCINA
Garlic Bread Slices 10 Pack,Garlic Bread Slices 10 Pack,aldi,1.05,0.404,frozen garlic bread,CARLOS
Garlic & Coriander Naan Breads,Garlic & Coriander Naan Breads,aldi,0.69,,frozen garlic bread,BILASH
Garlic Baguettes 2 Pack,Garlic Baguettes 2 Pack,aldi,0.85,0.251,frozen garlic bread,CARLOS
Basmati Rice,Basmati Rice,aldi,1.79,0.179,rice krispies,WORLDWIDE FOODS
Arborio Rice,Arborio Rice,aldi,2.49,0.249,rice krispies,CUCINA
Rice Pudding,Rice Pudding,aldi,0.75,0.19,rice krispies,DESSERT MENU
Rice Pudding,Rice Pudding,aldi,0.35,0.09,rice krispies,EVERYDAY ESSENTIALS
Brown Rice,Brown Rice,aldi,1.39,0.1389999999999999,rice krispies,WORLDWIDE FOODS
Basil Pesto,Basil Pesto,aldi,0.89,0.4679999999999999,pesto green,CUCINA
Pesto Rosso,Pesto Rosso,aldi,1.99,1.0470000000000002,pesto green,SPECIALLY SELECTED
Pesto Filled Gnocchi,Pesto Filled Gnocchi,aldi,1.69,0.423,pesto green,CUCINA
Pesto Alla Genovese,Pesto Alla Genovese,aldi,1.99,1.0470000000000002,pesto green,SPECIALLY SELECTED
Pesto Chicken Toastie,Pesto Chicken Toastie,aldi,2.19,,pesto green,HEAT TO EAT
Shower Gel,Shower Gel,aldi,0.99,0.198,shower gel,LACURA
Shower Gel,Shower Gel,aldi,1.69,0.3379999999999999,shower gel,ORIGINAL SOURCE
Family Shower Gel,Family Shower Gel,aldi,0.39,0.13,shower gel,LACURA
Men's Shower Gel,Men's Shower Gel,aldi,0.69,0.2299999999999999,shower gel,LACURA FOR MEN
Herbal Shower Gel,Herbal Shower Gel,aldi,0.99,0.198,shower gel,LACURA
Smooth Orange Juice,Smooth Orange Juice,aldi,1.15,0.12,orange juice,THE JUICE COMPANY
Smooth Orange Juice From Concentrate,Smooth Orange Juice From Concentrate,aldi,1.45,0.15,orange juice,THE JUICE COMPANY
Smooth Orange Juice From Concentrate,Smooth Orange Juice From Concentrate,aldi,2.19,0.11,orange juice,THE JUICE COMPANY
100% Pure Pressed Orange Juice with Bits,100% Pure Pressed Orange Juice with Bits,aldi,2.69,0.15,orange juice,THE JUICE COMPANY
100% Pure Pressed Smooth Orange Juice,100% Pure Pressed Smooth Orange Juice,aldi,2.69,0.15,orange juice,THE JUICE COMPANY
Spaghetti,Spaghetti,aldi,0.75,0.15,spaghetti,CUCINA
Spaghetti Bolognese,Spaghetti Bolognese,aldi,0.99,0.248,spaghetti,EVERYDAY ESSENTIALS
Spaghetti & Meatballs,Spaghetti & Meatballs,aldi,2.79,0.6980000000000001,spaghetti,CUCINA
Spaghetti Carbonara,Spaghetti Carbonara,aldi,2.79,0.6980000000000001,spaghetti,CUCINA
Spaghetti Bolognese,Spaghetti Bolognese,aldi,2.79,0.6980000000000001,spaghetti,CUCINA
Toothpaste,Toothpaste,aldi,0.69,0.5519999999999999,toothpaste,DENTITEX
Toothpaste,Toothpaste,aldi,2.09,2.787,toothpaste,SENSODYNE
Triple Action Toothpaste,Triple Action Toothpaste,aldi,1.24,1.653,toothpaste,COLGATE
Madagascan Vanilla Ice Cream,Madagascan Vanilla Ice Cream,aldi,2.49,0.519,vanilla ice cream,SPECIALLY SELECTED
Madagascan Vanilla Ice Cream,Madagascan Vanilla Ice Cream,aldi,2.45,2.45,vanilla ice cream,GIANNI'S
Soft Scoop Vanilla Ice Cream,Soft Scoop Vanilla Ice Cream,aldi,1.65,0.0829999999999999,vanilla ice cream,GIANNI'S
Vanilla Ice Cream Cones 6 Pack,Vanilla Ice Cream Cones 6 Pack,aldi,2.19,0.3,vanilla ice cream,GIANNI'S
Strawberry & Vanilla Ice Cream Cones 4 Pack,Strawberry & Vanilla Ice Cream Cones 4 Pack,aldi,1.25,0.284,vanilla ice cream,GIANNI'S
Tikka Masala Curry Paste,Tikka Masala Curry Paste,aldi,1.49,0.805,curry paste tikka,"READY, SET…COOK!"
Korma Curry Paste,Korma Curry Paste,aldi,1.49,0.805,curry paste tikka,"READY, SET…COOK!"
Tikka Curry in a Naan,Tikka Curry in a Naan,aldi,1.99,1.076,curry paste tikka,EAT & GO
Thai Red Curry Paste,Thai Red Curry Paste,aldi,1.29,0.717,curry paste tikka,"READY, SET…COOK!"
Thai Green Curry Paste,Thai Green Curry Paste,aldi,1.29,0.717,curry paste tikka,"READY, SET…COOK!"
Mint Chocolate Ice Creams 4 Pack,Mint Chocolate Ice Creams 4 Pack,aldi,1.79,0.407,chocolate ice cream,GIANNI'S
Mint & Chocolate Ice Cream Cones 4 Pack,Mint & Chocolate Ice Cream Cones 4 Pack,aldi,1.25,0.284,chocolate ice cream,GIANNI'S
Chocolate Brownie Ice Cream,Chocolate Brownie Ice Cream,aldi,1.99,0.398,chocolate ice cream,GIANNI'S
Cornish Ice Cream,Cornish Ice Cream,aldi,3.29,0.1649999999999999,chocolate ice cream,GIANNI'S
Strawberry Ice Cream,Strawberry Ice Cream,aldi,2.45,2.45,chocolate ice cream,GIANNI'S
Apple Juice,Apple Juice,aldi,1.09,0.11,apple juice,THE JUICE COMPANY
Apple Juice,Apple Juice,aldi,1.75,0.18,apple juice,THE JUICE COMPANY
100% Pressed Apple Juice,100% Pressed Apple Juice,aldi,0.99,0.3,apple juice,THE JUICE COMPANY
Apple Juice 1 Litre,Apple Juice 1 Litre,aldi,0.99,0.1,apple juice,THE JUICE COMPANY
Apple Juice From Concentrate 6 Pack,Apple Juice From Concentrate 6 Pack,aldi,1.89,0.158,apple juice,THE JUICE COMPANY
Korma Curry Paste,Korma Curry Paste,aldi,1.49,0.805,curry paste korma,"READY, SET…COOK!"
Tikka Masala Curry Paste,Tikka Masala Curry Paste,aldi,1.49,0.805,curry paste korma,"READY, SET…COOK!"
Thai Red Curry Paste,Thai Red Curry Paste,aldi,1.29,0.717,curry paste korma,"READY, SET…COOK!"
Thai Green Curry Paste,Thai Green Curry Paste,aldi,1.29,0.717,curry paste korma,"READY, SET…COOK!"
2 Step Korma Curry Sauce,2 Step Korma Curry Sauce,aldi,1.69,0.469,curry paste korma,SPECIALLY SELECTED
Penne Pasta 500g,Penne Pasta 500g,aldi,0.69,0.1379999999999999,penne pasta,CUCINA
Everyday Essentials Penne Pasta 500g,Penne Pasta 500g,aldi,0.41,0.0819999999999999,penne pasta,EVERYDAY ESSENTIALS
Green Pea Penne,Green Pea Penne,aldi,0.69,0.2759999999999999,penne pasta,FREE FROM
Classic Ice Lollies,Classic Ice Lollies,aldi,1.85,0.4629999999999999,ice lollies,GIANNI'S
White Ice Lollies,White Ice Lollies,aldi,1.85,0.4629999999999999,ice lollies,GIANNI'S
Cola Bottle Ice Lollies 6 Pack,Cola Bottle Ice Lollies 6 Pack,aldi,2.29,0.636,ice lollies,GIANNI'S
Mango Fruit Sticks Ice Lollies 12 Pack,Mango Fruit Sticks Ice Lollies 12 Pack,aldi,2.29,0.382,ice lollies,GIANNI'S
Pineapple Fruit Sticks Ice Lollies 12 Pack,Pineapple Fruit Sticks Ice Lollies 12 Pack,aldi,2.29,0.382,ice lollies,GIANNI'S
Fusilli Pasta 1kg,Fusilli Pasta 1kg,aldi,1.19,0.119,fusilli pasta,CUCINA
Heat & Eat Tomato & Basil Fusilli Pasta Pouch,Heat & Eat Tomato & Basil Fusilli Pasta Pouch,aldi,0.95,0.48,fusilli pasta,WORLDWIDE FOODS
Fusilli,Fusilli,aldi,0.99,0.198,fusilli pasta,NAPOLINA
Chickpea Fusilli,Chickpea Fusilli,aldi,0.69,0.2759999999999999,fusilli pasta,FREE FROM
Glutenfree Fusilli,Glutenfree Fusilli,aldi,0.29,0.0579999999999999,fusilli pasta,FREE FROM
Hair Culture Shampoo/Conditioner,Hair Culture Shampoo/Conditioner,aldi,1.79,0.358,conditioner hair,LACURA
Teriyaki Stir Fry Sauce,Teriyaki Stir Fry Sauce,aldi,0.55,0.458,stir fry sauce,ASIA SPECIALITIES
Teriyaki Stir Fry Sauce,Teriyaki Stir Fry Sauce,aldi,0.85,0.486,stir fry sauce,"READY, SET…COOK!"
Katsu Stir Fry Sauce,Katsu Stir Fry Sauce,aldi,0.85,0.486,stir fry sauce,"READY, SET…COOK!"
Chow Mein Stir Fry Sauce,Chow Mein Stir Fry Sauce,aldi,0.55,0.458,stir fry sauce,ASIA SPECIALITIES
Sweet & Sour Stir Fry Sauce,Sweet & Sour Stir Fry Sauce,aldi,0.55,0.458,stir fry sauce,ASIA SPECIALITIES
Decaf Tea Bags 80 Pack,Decaf Tea Bags 80 Pack,aldi,1.39,0.56,tea bags,DIPLOMAT
Yorkshire Tea Bags 210 Pack,Yorkshire Tea Bags 210 Pack,aldi,5.99,0.91,tea bags,TAYLORS OF HARROGATE
Original Tea Bags 210 Pack,Original Tea Bags 210 Pack,aldi,4.85,0.8,tea bags,PG TIPS
Original Tea Bags 240 Pack,Original Tea Bags 240 Pack,aldi,4.99,0.67,tea bags,TETLEY
Decaf Tea Bags 160 Pack,Decaf Tea Bags 160 Pack,aldi,4.99,1.0,tea bags,TETLEY
Instant Coffee,Instant Coffee,aldi,2.65,1.33,instant coffee,BARISSIMO
Original Instant Coffee,Original Instant Coffee,aldi,7.25,2.42,instant coffee,NESCAFE
Alta Rica 100% Arabica Instant Coffee,Alta Rica 100% Arabica Instant Coffee,aldi,6.39,3.36,instant coffee,NESCAFÉ
Latte Instant Sachets 8 Pack,Latte Instant Sachets 8 Pack,aldi,0.99,0.63,instant coffee,ALCAFÉ
Cappuccino Instant Sachets 8 Pack,Cappuccino Instant Sachets 8 Pack,aldi,0.95,0.6990000000000001,instant coffee,ALCAFÉ
Luxurious Hand Wash,Luxurious Hand Wash,aldi,1.49,0.298,hand soap,ABBOTT & BROOME
Luxury Hand & Body Wash/Lotion,Luxury Hand & Body Wash/Lotion,aldi,1.99,0.796,hand soap,LACURA
Hand Cream,Hand Cream,aldi,0.75,1.0,hand soap,LACURA
Hand Mixer/Food Chopper,Hand Mixer/Food Chopper,aldi,9.99,,hand soap,AMBIANO
Sea Salt & Chardonnay Vinegar Hand Cooked Crisps,Sea Salt & Chardonnay Vinegar Hand Cooked Crisps,aldi,1.15,0.767,hand soap,SPECIALLY SELECTED
Tomato Ketchup,Tomato Ketchup,aldi,0.89,0.162,tomato ketchup,BRAMWELLS
Tomato Ketchup,Tomato Ketchup,aldi,2.85,0.438,tomato ketchup,HEINZ
Less Sugar & Salt Tomato Ketchup,Less Sugar & Salt Tomato Ketchup,aldi,2.85,0.438,tomato ketchup,HEINZ
Reduced Salt & Sugar Ketchup,Reduced Salt & Sugar Ketchup,aldi,0.89,0.17,tomato ketchup,BRAMWELLS
Chopped Tomatoes in Tomato Juice,Chopped Tomatoes in Tomato Juice,aldi,0.43,0.11,tomato ketchup,EVERYDAY ESSENTIALS
Egg Tagliatelle,Egg Tagliatelle,aldi,1.45,0.29,tagliatelle,SPECIALLY SELECTED
Chicken Tagliatelle,Chicken Tagliatelle,aldi,2.69,0.673,tagliatelle,CUCINA
Tagliatelle Fresh Pasta,Tagliatelle Fresh Pasta,aldi,1.65,0.3299999999999999,tagliatelle,CUCINA
Ham & Mushroom Tagliatelle,Ham & Mushroom Tagliatelle,aldi,2.79,0.6980000000000001,tagliatelle,CUCINA
Breaded Cod Fish Fingers 10 Pack,Breaded Cod Fish Fingers 10 Pack,aldi,1.99,0.663,frozen fish fingers,THE FISHMONGER
Vegetable Fingers 16 Pack,Vegetable Fingers 16 Pack,aldi,1.39,0.31,frozen fish fingers,PLANT MENU
Ladies' Anti-Perspirant Deodorant,Ladies' Anti-Perspirant Deodorant,aldi,1.09,0.436,deodorant,LACURA
Men's Anti-Perspirant Deodorant,Men's Anti-Perspirant Deodorant,aldi,1.09,0.436,deodorant,LACURA FOR MEN
Ladies' Roll On Anti-Perspirant Deodorant,Ladies' Roll On Anti-Perspirant Deodorant,aldi,1.09,2.18,deodorant,LACURA
Men's Roll On Anti-Perspirant Deodorant,Men's Roll On Anti-Perspirant Deodorant,aldi,1.09,2.18,deodorant,LACURA FOR MEN
Real Mayonnaise,Real Mayonnaise,aldi,0.89,0.178,mayonnaise,BRAMWELLS
Squeezy Real Mayonnaise,Squeezy Real Mayonnaise,aldi,0.95,0.19,mayonnaise,BRAMWELLS
Squeezy Light Mayonnaise,Squeezy Light Mayonnaise,aldi,0.95,0.19,mayonnaise,BRAMWELLS
Ready Salted Crisps 6 Pack,Ready Salted Crisps 6 Pack,aldi,0.85,0.57,ready salted crisps,SNACKRITE
Ready Salted Potato Hoops 8 Pack,Ready Salted Potato Hoops 8 Pack,aldi,1.45,0.73,ready salted crisps,SNACKRITE
Ready Salted Ridged Lights Crisps 6 Pack,Ready Salted Ridged Lights Crisps 6 Pack,aldi,1.29,0.86,ready salted crisps,SNACKRITE
Lightly Salted Handcooked Crisps,Lightly Salted Handcooked Crisps,aldi,1.15,0.767,ready salted crisps,SPECIALLY SELECTED
Salt & Vinegar Crisps 6 Pack,Salt & Vinegar Crisps 6 Pack,aldi,0.85,0.567,ready salted crisps,SNACKRITE
Ground Almonds,Ground Almonds,aldi,0.99,0.6599999999999999,ground coffee,THE PANTRY
Ground Cinnamon,Ground Cinnamon,aldi,0.89,2.2,ground coffee,"READY, SET…COOK!"
Ground Coriander,Ground Coriander,aldi,0.65,2.2,ground coffee,"READY, SET…COOK!"
Ground Turmeric,Ground Turmeric,aldi,0.75,1.875,ground coffee,"READY, SET…COOK!"
Ground Black Pepper,Ground Black Pepper,aldi,1.59,1.59,ground coffee,"READY, SET…COOK!"
Lasagne Al Forno,Lasagne Al Forno,aldi,3.59,0.898,lasagne sheets,SPECIALLY SELECTED GASTRO
Lasagne Al Forno,Lasagne Al Forno,aldi,4.99,0.713,lasagne sheets,SPECIALLY SELECTED GASTRO
Creamy Lasagne Sauce,Creamy Lasagne Sauce,aldi,0.79,0.17,lasagne sheets,CUCINA
Tomato Lasagne Sauce,Tomato Lasagne Sauce,aldi,0.79,0.16,lasagne sheets,CUCINA
Beef & Pancetta Lasagne,Beef & Pancetta Lasagne,aldi,2.49,0.623,lasagne sheets,SPECIALLY SELECTED
Men's Razor Handle & Blade/Refills,Men's Razor Handle & Blade/Refills,aldi,3.59,,razor blades,LACURA
3 Blade Disposable Razor 4 Pack,3 Blade Disposable Razor 4 Pack,aldi,1.45,,razor blades,LACURA
Men's 3 Blade Disposable Razor 4 Pack,Men's 3 Blade Disposable Razor 4 Pack,aldi,1.45,,razor blades,LACURA FOR MEN
Squeezy Brown Sauce,Squeezy Brown Sauce,aldi,0.99,0.22,brown sauce,BRAMWELLS
Brown Onions,Brown Onions,aldi,0.99,0.099,brown sauce,NATURE'S PICK
Brown Rice,Brown Rice,aldi,1.39,0.1389999999999999,brown sauce,WORLDWIDE FOODS
Large Brown Onions,Large Brown Onions,aldi,0.95,,brown sauce,NATURE'S PICK
Cheese & Onion Crisps 6 Pack,Cheese & Onion Crisps 6 Pack,aldi,0.85,0.57,cheese onion crisps,SNACKRITE
Cheese & Onion Twists,Cheese & Onion Twists,aldi,0.79,0.632,cheese onion crisps,SAVOUR BAKES
Cheese & Onion Sandwich,Cheese & Onion Sandwich,aldi,1.29,,cheese onion crisps,EAT & GO
Cheddar & Onion Handcooked Crisps,Cheddar & Onion Handcooked Crisps,aldi,1.15,0.767,cheese onion crisps,SPECIALLY SELECTED
Cheese & Onion Quiche,Cheese & Onion Quiche,aldi,1.99,0.5,cheese onion crisps,CRESTWOOD
Instant Hot Chocolate Drink,Instant Hot Chocolate Drink,aldi,1.69,0.423,hot chocolate,CHOCEUR
Light Mint Hot Chocolate,Light Mint Hot Chocolate,aldi,1.69,0.563,hot chocolate,DAIRYFINE
Light Instant Hot Chocolate Salted Caramel,Light Instant Hot Chocolate Salted Caramel,aldi,1.69,0.563,hot chocolate,DAIRYFINE
Light Instant Hot Choloate Original,Light Instant Hot Choloate Original,aldi,1.69,0.563,hot chocolate,DAIRYFINE
Hot Chilli Peanuts,Hot Chilli Peanuts,aldi,0.99,0.495,hot chocolate,SNACKRITE
Basmati Rice,Basmati Rice,aldi,1.79,0.179,basmati rice,WORLDWIDE FOODS
Basmati Rice Pouch,Basmati Rice Pouch,aldi,0.49,0.196,basmati rice,WORLDWIDE FOODS
Steamed Basmati Rice,Steamed Basmati Rice,aldi,0.89,0.318,basmati rice,WORLDWIDE FOODS
Arborio Rice,Arborio Rice,aldi,2.49,0.249,basmati rice,CUCINA
Rice Pudding,Rice Pudding,aldi,0.75,0.19,basmati rice,DESSERT MENU
Salt & Vinegar Crisps 6 Pack,Salt & Vinegar Crisps 6 Pack,aldi,0.85,0.567,salt vinegar crisps,SNACKRITE
Salt & Vinegar Starry Night Mix,Salt & Vinegar Starry Night Mix,aldi,1.29,1.032,salt vinegar crisps,SNACKRITE
Salt & Vinegar Crunchy Sticks 24 Pack,Salt & Vinegar Crunchy Sticks 24 Pack,aldi,2.79,0.65,salt vinegar crisps,SNACKRITE
Sea Salt & Chardonnay Vinegar Hand Cooked Crisps,Sea Salt & Chardonnay Vinegar Hand Cooked Crisps,aldi,1.15,0.767,salt vinegar crisps,SPECIALLY SELECTED
Salt & Vinegar Flavour Potato Hoops 6 Pack,Salt & Vinegar Flavour Potato Hoops 6 Pack,aldi,1.19,0.7929999999999999,salt vinegar crisps,SNACKRITE
Dark Soy Sauce,Dark Soy Sauce,aldi,0.55,0.367,soy sauce,ASIA SPECIALITIES
Light Soy Sauce,Light Soy Sauce,aldi,0.55,0.367,soy sauce,ASIA SPECIALITIES
Soy & Ginger Fusions Tuna,Soy & Ginger Fusions Tuna,aldi,0.89,1.113,soy sauce,THE FISHMONGER
Mint Sauce,Mint Sauce,aldi,0.59,0.33,soy sauce,BRAMWELLS
Pepsi Max 8 pack,Pepsi Max 8 pack,aldi,3.75,0.14,pepsi,PEPSI MAX
Long Grain Rice Pouch,Long Grain Rice Pouch,aldi,0.49,0.196,long grain rice,WORLDWIDE FOODS
Steamed Long Grain Rice,Steamed Long Grain Rice,aldi,0.99,0.3299999999999999,long grain rice,WORLDWIDE FOODS
Easy Cook Long Grain Rice,Easy Cook Long Grain Rice,aldi,1.25,0.125,long grain rice,WORLDWIDE FOODS
Long Grain White Rice,Long Grain White Rice,aldi,0.52,0.052,long grain rice,EVERYDAY ESSENTIALS
Lightly Salted Tortilla Chips,Lightly Salted Tortilla Chips,aldi,0.57,0.29,tortilla chips,EVERYDAY ESSENTIALS
Deltas Cool Tortilla Chips,Deltas Cool Tortilla Chips,aldi,0.89,0.445,tortilla chips,SNACKRITE
Deltas Salted Tortilla Chips,Deltas Salted Tortilla Chips,aldi,0.89,0.445,tortilla chips,SNACKRITE
Deltas Chilli Flavour Tortilla Chips,Deltas Chilli Flavour Tortilla Chips,aldi,0.89,0.445,tortilla chips,SNACKRITE
Deltas Tangy Cheese Tortilla Chips,Deltas Tangy Cheese Tortilla Chips,aldi,0.89,0.445,tortilla chips,SNACKRITE
Lemonade,Lemonade,aldi,0.49,0.025,lemonade,VIVE
Diet Lemonade,Diet Lemonade,aldi,0.49,0.025,lemonade,VIVE
Raspberry Crush with Lemonade,Raspberry Crush with Lemonade,aldi,0.99,0.396,lemonade,STEFANOFF
Diet Lemonade 6 Pack,Diet Lemonade 6 Pack,aldi,1.45,0.07,lemonade,VIVE
Alcohol Free Pink & Lemonade,Alcohol Free Pink & Lemonade,aldi,0.59,0.236,lemonade,GREYSON'S
Mixed Nuts,Mixed Nuts,aldi,1.75,0.875,mixed nuts,THE FOODIE MARKET
Mint Sauce,Mint Sauce,aldi,0.59,0.33,worcestershire sauce,BRAMWELLS
Brandy Sauce,Brandy Sauce,aldi,0.29,0.06,worcestershire sauce,COWBELLE
BBQ Sauce,BBQ Sauce,aldi,0.75,0.16,worcestershire sauce,BRAMWELLS
Tartare Sauce,Tartare Sauce,aldi,0.65,0.371,worcestershire sauce,BRAMWELLS
Horseradish Sauce,Horseradish Sauce,aldi,0.65,0.371,worcestershire sauce,BRAMWELLS
Hot Peri Peri Sauce & Marinade,Hot Peri Peri Sauce & Marinade,aldi,1.39,0.525,hot sauce,BRAMWELLS
Hot Chilli Con Carne Cooking Sauce,Hot Chilli Con Carne Cooking Sauce,aldi,0.89,0.178,hot sauce,FIESTA
Hot Chilli Peanuts,Hot Chilli Peanuts,aldi,0.99,0.495,hot sauce,SNACKRITE
Lamb Hot Pot,Lamb Hot Pot,aldi,2.79,0.6980000000000001,hot sauce,INSPIRED CUISINE
Beef Hot Pot,Beef Hot Pot,aldi,2.79,0.6980000000000001,hot sauce,INSPIRED CUISINE
Wholegrain Mustard,Wholegrain Mustard,aldi,0.49,0.245,mustard,BRAMWELLS
English Mustard,English Mustard,aldi,0.49,0.245,mustard,BRAMWELLS
Dijon Mustard,Dijon Mustard,aldi,0.49,0.245,mustard,BRAMWELLS
Honey & Mustard Salad Dressing,Honey & Mustard Salad Dressing,aldi,0.99,0.396,mustard,BRAMWELLS
Gammon Steaks Honey & Mustard,Gammon Steaks Honey & Mustard,aldi,3.49,1.163,mustard,ASHFIELDS
Ready-To-Heat Sticky Jasmine Rice,Ready-To-Heat Sticky Jasmine Rice,aldi,0.65,0.26,jasmine rice,WORLDWIDE FOODS
Ready-To-Heat Sticky Jasmine Rice,Ready-To-Heat Sticky Jasmine Rice,aldi,0.65,0.26,jasmine rice,WORLDWIDE FOODS
Basmati Rice,Basmati Rice,aldi,1.79,0.179,jasmine rice,WORLDWIDE FOODS
Arborio Rice,Arborio Rice,aldi,2.49,0.249,jasmine rice,CUCINA
Rice Pudding,Rice Pudding,aldi,0.75,0.19,jasmine rice,DESSERT MENU
Sparkling Water 6 Pack,Sparkling Water 6 Pack,aldi,1.19,0.04,sparkling water,AQUA VALE
Sparkling Water 4 Pack,Sparkling Water 4 Pack,aldi,1.55,0.19,sparkling water,AQUA VALE
Lemon & Lime Flavoured Sparkling Water,Lemon & Lime Flavoured Sparkling Water,aldi,0.55,0.055,sparkling water,AQUEO
Peach & Passion Fruit Flavoured Sparkling Water,Peach & Passion Fruit Flavoured Sparkling Water,aldi,0.55,0.055,sparkling water,AQUEO
Sparkling Spring Water,Sparkling Spring Water,aldi,0.39,0.02,sparkling water,EVERYDAY ESSENTIALS
Basmati Rice,Basmati Rice,aldi,1.79,0.179,risotto rice,WORLDWIDE FOODS
Arborio Rice,Arborio Rice,aldi,2.49,0.249,risotto rice,CUCINA
Rice Pudding,Rice Pudding,aldi,0.75,0.19,risotto rice,DESSERT MENU
Rice Pudding,Rice Pudding,aldi,0.35,0.09,risotto rice,EVERYDAY ESSENTIALS
Brown Rice,Brown Rice,aldi,1.39,0.1389999999999999,risotto rice,WORLDWIDE FOODS
Sweet Popcorn Share Bag,Sweet Popcorn Share Bag,aldi,0.99,0.9,popcorn,SNACKRITE
Sweet Popcorn 6 Pack,Sweet Popcorn 6 Pack,aldi,1.09,1.514,popcorn,SNACKRITE
Sweet & Salty Popcorn Share Bag,Sweet & Salty Popcorn Share Bag,aldi,0.99,0.9,popcorn,SNACKRITE
Sweet & Salty Popcorn 6 Pack,Sweet & Salty Popcorn 6 Pack,aldi,1.09,1.514,popcorn,SNACKRITE
Dark Chocolate Bar 100g,Dark Chocolate Bar 100g,aldi,0.65,0.65,chocolate bar,EVERYDAY ESSENTIALS
White Chocolate Bar 100g,White Chocolate Bar 100g,aldi,0.65,0.65,chocolate bar,EVERYDAY ESSENTIALS
Milk Chocolate Bar 100g,Milk Chocolate Bar 100g,aldi,0.65,0.65,chocolate bar,EVERYDAY ESSENTIALS
Romeo Chocolate Bars 4 Pack,Romeo Chocolate Bars 4 Pack,aldi,1.49,0.75,chocolate bar,DAIRYFINE
Caramel Crunch Chocolate Bars 4 Pack,Caramel Crunch Chocolate Bars 4 Pack,aldi,1.49,0.98,chocolate bar,DAIRYFINE
Egg Noodles,Egg Noodles,aldi,1.19,0.29,egg noodles,"READY, SET…COOK!"
Protein Egg Noodles,Protein Egg Noodles,aldi,0.99,0.3299999999999999,egg noodles,"READY, SET…COOK!"
Egg Pappardelle,Egg Pappardelle,aldi,1.19,0.476,egg noodles,CUCINA
Egg Tagliatelle,Egg Tagliatelle,aldi,1.45,0.29,egg noodles,SPECIALLY SELECTED
Ready-to-Heat Egg Fried Rice,Ready-to-Heat Egg Fried Rice,aldi,0.55,0.22,egg noodles,WORLDWIDE FOODS
Extra Virgin Olive Oil,Extra Virgin Olive Oil,aldi,6.19,0.62,olive oil extra virgin,SOLESTA
Anchovies in Extra Virgin Olive Oil,Anchovies in Extra Virgin Olive Oil,aldi,0.69,1.38,olive oil extra virgin,THE FISHMONGER
Virgin Olive Oil 10%,Virgin Olive Oil 10%,aldi,5.69,0.5690000000000001,olive oil extra virgin,SOLESTA
Light in Colour Virgin Olive Oil 2%,Light in Colour Virgin Olive Oil 2%,aldi,5.69,0.5690000000000001,olive oil extra virgin,SOLESTA
Spray Light Olive Oil,Spray Light Olive Oil,aldi,1.29,0.679,olive oil extra virgin,SOLESTA
Still Water 6 Pack,Still Water 6 Pack,aldi,2.25,0.02,still water,AQUA VALE
Strawberry Flavoured Still Water,Strawberry Flavoured Still Water,aldi,0.55,0.055,still water,AQUA VALE
Orange & Peach Flavoured Still Water,Orange & Peach Flavoured Still Water,aldi,0.55,0.055,still water,AQUA VALE
Lemon & Lime Flavoured Still Water,Lemon & Lime Flavoured Still Water,aldi,0.55,0.055,still water,AQUA VALE
Still Spring Water,Still Spring Water,aldi,0.39,0.02,still water,EVERYDAY ESSENTIALS
Butternut Squash Each,Butternut Squash Each,aldi,1.09,,squash cordial,NATURE'S PICK
Mixed Fruit Squash,Mixed Fruit Squash,aldi,1.09,0.109,squash cordial,SUN QUENCH
Butternut Squash Soup,Butternut Squash Soup,aldi,2.49,0.415,squash cordial,SPECIALLY SELECTED
Double Strength Orange Squash,Double Strength Orange Squash,aldi,0.99,0.066,squash cordial,SUN QUENCH
Double Strength Lemon Squash,Double Strength Lemon Squash,aldi,0.99,0.066,squash cordial,SUN QUENCH FRUITY BLAST
Digestive Biscuits,Digestive Biscuits,aldi,0.59,0.15,biscuits digestive,BELMONT
Milk Chocolate Digestive Biscuits,Milk Chocolate Digestive Biscuits,aldi,2.39,0.55,biscuits digestive,MCVITIE'S
Caramelised Biscuits,Caramelised Biscuits,aldi,0.99,0.4,biscuits digestive,BELMONT
Dog Biscuits,Dog Biscuits,aldi,0.89,0.178,biscuits digestive,EARLS
Vegetable Oil,Vegetable Oil,aldi,1.45,0.15,vegetable oil,SOLESTA
Sunflower Oil,Sunflower Oil,aldi,1.49,0.15,vegetable oil,SOLESTA
British Rapeseed Oil,British Rapeseed Oil,aldi,2.75,0.55,vegetable oil,SPECIALLY SELECTED
Vegetable Soup,Vegetable Soup,aldi,0.59,0.148,vegetable oil,BRAMWELLS
Rice Noodles,Rice Noodles,aldi,0.99,0.3299999999999999,rice noodles,"READY, SET…COOK!"
Basmati Rice,Basmati Rice,aldi,1.79,0.179,rice noodles,WORLDWIDE FOODS
Arborio Rice,Arborio Rice,aldi,2.49,0.249,rice noodles,CUCINA
Brown Rice,Brown Rice,aldi,1.39,0.1389999999999999,rice noodles,WORLDWIDE FOODS
Pilau Rice,Pilau Rice,aldi,0.45,0.18,rice noodles,WORLDWIDE FOODS
Sunflower Oil,Sunflower Oil,aldi,1.49,0.15,sunflower oil,SOLESTA
Mackerel Fillets in Sunflower Oil,Mackerel Fillets in Sunflower Oil,aldi,0.89,1.01,sunflower oil,THE FISHMONGER
Spray Light Sunflower Oil,Spray Light Sunflower Oil,aldi,1.29,0.679,sunflower oil,SOLESTA
Tuna Chunks in Sunflower Oil 4 Pack,Tuna Chunks in Sunflower Oil 4 Pack,aldi,2.49,0.61,sunflower oil,THE FISHMONGER
Tuna Chunks In Sunflower Oil 4 Pack,Tuna Chunks In Sunflower Oil 4 Pack,aldi,0.65,0.64,sunflower oil,THE FISHMONGER
Baked Beans with Sausages,Baked Beans with Sausages,aldi,0.55,0.14,baked beans,BRAMWELLS
Baked Beans in Tomato Sauce,Baked Beans in Tomato Sauce,aldi,0.27,0.07,baked beans,EVERYDAY ESSENTIALS
Baked Beans in a Rich Tomato Sauce,Baked Beans in a Rich Tomato Sauce,aldi,0.4,0.1,baked beans,BRAMWELLS
Garden Peas,Garden Peas,aldi,1.15,0.128,frozen peas,FOUR SEASONS
Garden Peas,Garden Peas,aldi,2.25,0.281,frozen peas,BIRDSEYE
Marrowfat Peas,Marrowfat Peas,aldi,0.39,0.13,frozen peas,FOUR SEASONS
Mushy Peas,Mushy Peas,aldi,0.39,0.13,frozen peas,FOUR SEASONS
Garden Peas in Water,Garden Peas in Water,aldi,0.28,0.15,frozen peas,EVERYDAY ESSENTIALS
Cookies & Chocolate Whippy Cones 4 Pack,Cookies & Chocolate Whippy Cones 4 Pack,aldi,2.69,0.48,biscuits chocolate,GIANNI'S
Chocolate Chunk Cookies,Chocolate Chunk Cookies,aldi,0.99,0.5,biscuits chocolate,BELMONT
Chocolate Chip Cookies,Chocolate Chip Cookies,aldi,0.65,0.26,biscuits chocolate,EVERYDAY ESSENTIALS
Quadruple Chocolate Cookies,Quadruple Chocolate Cookies,aldi,1.99,0.995,biscuits chocolate,SPECIALLY SELECTED
Triple Chocolate Cookies,Triple Chocolate Cookies,aldi,0.99,0.495,biscuits chocolate,BELMONT
Plain Flour,Plain Flour,aldi,0.7,0.047,plain flour,THE PANTRY
Self Raising Flour,Self Raising Flour,aldi,0.7,0.047,plain flour,THE PANTRY
Wholemeal Bread Flour,Wholemeal Bread Flour,aldi,0.99,0.066,plain flour,THE PANTRY
Strong White Bread Flour,Strong White Bread Flour,aldi,1.09,0.073,plain flour,THE PANTRY
Plain Naan Breads,Plain Naan Breads,aldi,0.69,,plain flour,BILASH
Chopped Tomatoes in Tomato Juice,Chopped Tomatoes in Tomato Juice,aldi,0.43,0.11,chopped tomatoes,EVERYDAY ESSENTIALS
Chopped Tomatoes in a Rich Tomato Juice,Chopped Tomatoes in a Rich Tomato Juice,aldi,0.47,0.12,chopped tomatoes,CUCINA
Chunky Chopped Tomatoes with Herbs in Tomato Juice,Chunky Chopped Tomatoes with Herbs in Tomato Juice,aldi,0.69,0.17,chopped tomatoes,CUCINA
Peeled Plum Tomatoes in Tomato Juice,Peeled Plum Tomatoes in Tomato Juice,aldi,0.43,0.11,chopped tomatoes,EVERYDAY ESSENTIALS
Cherry Tomatoes in Rich Tomato Juice,Cherry Tomatoes in Rich Tomato Juice,aldi,0.75,0.19,chopped tomatoes,SPECIALLY SELECTED
Washing Up Liquid,Washing Up Liquid,aldi,1.09,0.109,washing up liquid,POWER FORCE
Washing Up Liquid,Washing Up Liquid,aldi,0.62,0.124,washing up liquid,POWER FORCE
Washing Up Liquid,Washing Up Liquid,aldi,0.89,0.2779999999999999,washing up liquid,FAIRY
Anti-Bacterial Washing Up Liquid Eucalyptus,Anti-Bacterial Washing Up Liquid Eucalyptus,aldi,0.79,,washing up liquid,POWER FORCE
Washing Up Bowl,Washing Up Bowl,aldi,1.29,,washing up liquid,PREMIER
Chickpeas,Chickpeas,aldi,0.45,0.19,chickpeas tinned,FOUR SEASONS
Tinned Black Beans/Green Lentils,Tinned Black Beans/Green Lentils,aldi,0.49,0.123,chickpeas tinned,FOUR SEASONS
Tinned Black Beans/Green Lentils,Tinned Black Beans/Green Lentils,aldi,0.49,0.123,chickpeas tinned,FOUR SEASONS
Sweetcorn,Sweetcorn,aldi,1.49,0.149,frozen sweetcorn,FOUR SEASONS
British Sweetcorn,British Sweetcorn,aldi,1.29,,frozen sweetcorn,NATURE'S PICK
Chicken & Sweetcorn,Chicken & Sweetcorn,aldi,1.45,0.66,frozen sweetcorn,THE DELI
Supersweet Sweetcorn in Water,Supersweet Sweetcorn in Water,aldi,0.55,0.19,frozen sweetcorn,FOUR SEASONS
Sweetcorn in Water 4 Pack,Sweetcorn in Water 4 Pack,aldi,1.85,1.12,frozen sweetcorn,FOUR SEASONS
Antibacterial Handwash,Antibacterial Handwash,aldi,0.55,0.11,surface cleaner antibacterial,LACURA
Biodegradable Surface Wipes,Biodegradable Surface Wipes,aldi,1.15,,surface cleaner antibacterial,POWER FORCE
Cleaner,Cleaner,aldi,0.85,0.1129999999999999,surface cleaner antibacterial,POWER FORCE
Patio and Wall Cleaner,Patio and Wall Cleaner,aldi,19.99,,surface cleaner antibacterial,FERREX
Mites Vacuum Cleaner,Mites Vacuum Cleaner,aldi,24.99,,surface cleaner antibacterial,AMBIANO
Self Raising Flour,Self Raising Flour,aldi,0.7,0.047,self raising flour,THE PANTRY
Plain Flour,Plain Flour,aldi,0.7,0.047,self raising flour,THE PANTRY
Wholemeal Bread Flour,Wholemeal Bread Flour,aldi,0.99,0.066,self raising flour,THE PANTRY
Strong White Bread Flour,Strong White Bread Flour,aldi,1.09,0.073,self raising flour,THE PANTRY
Mixed Vegetables,Mixed Vegetables,aldi,0.99,0.099,frozen mixed vegetables,FOUR SEASONS
Mixed Chillies,Mixed Chillies,aldi,0.55,0.8460000000000001,frozen mixed vegetables,NATURE'S PICK
Mixed Peppers,Mixed Peppers,aldi,1.79,,frozen mixed vegetables,NATURE'S PICK
Frozen Green Smoothie Mix,Frozen Green Smoothie Mix,aldi,1.75,0.35,frozen mixed vegetables,FOUR SEASONS
Red Kidney Beans,Red Kidney Beans,aldi,0.33,0.13,kidney beans tinned,EVERYDAY ESSENTIALS
Red Kidney Beans in Water,Red Kidney Beans in Water,aldi,0.42,0.18,kidney beans tinned,FOUR SEASONS
Midly Spiced Red Kidney Beans in Chilli Sauce,Midly Spiced Red Kidney Beans in Chilli Sauce,aldi,0.69,0.18,kidney beans tinned,FOUR SEASONS
Tinned Black Beans/Green Lentils,Tinned Black Beans/Green Lentils,aldi,0.49,0.123,kidney beans tinned,FOUR SEASONS
Tinned Black Beans/Green Lentils,Tinned Black Beans/Green Lentils,aldi,0.49,0.123,kidney beans tinned,FOUR SEASONS
Laundry Capsules,Laundry Capsules,aldi,3.15,1.01,washing capsules laundry,ALMAT
Washing Powder,Washing Powder,aldi,3.89,0.195,washing capsules laundry,ALMAT
Laundry Pods 29 Washes,Laundry Pods 29 Washes,aldi,6.25,1.134,washing capsules laundry,PERSIL
Washing Machine Cleaner,Washing Machine Cleaner,aldi,0.95,0.38,washing capsules laundry,MAGNUM (ALDI)
Wholemeal Bread Flour,Wholemeal Bread Flour,aldi,0.99,0.066,bread flour,THE PANTRY
Strong White Bread Flour,Strong White Bread Flour,aldi,1.09,0.073,bread flour,THE PANTRY
Plain Flour,Plain Flour,aldi,0.7,0.047,bread flour,THE PANTRY
Self Raising Flour,Self Raising Flour,aldi,0.7,0.047,bread flour,THE PANTRY
Tinned Black Beans/Green Lentils,Tinned Black Beans/Green Lentils,aldi,0.49,0.123,lentils tinned,FOUR SEASONS
Tinned Black Beans/Green Lentils,Tinned Black Beans/Green Lentils,aldi,0.49,0.123,lentils tinned,FOUR SEASONS
Red Lentils,Red Lentils,aldi,0.99,0.198,lentils tinned,WORLDWIDE FOODS
Fabric Conditioner,Fabric Conditioner,aldi,1.35,0.107,fabric conditioner,ALMAT SO SOFT
Fabric Conditioner,Fabric Conditioner,aldi,1.89,0.212,fabric conditioner,LENOR
Premium Fabric Conditioner,Premium Fabric Conditioner,aldi,1.79,0.1699999999999999,fabric conditioner,ALMAT SO SOFT
Caster Sugar,Caster Sugar,aldi,1.49,0.149,caster sugar,THE PANTRY
Icing Sugar,Icing Sugar,aldi,0.89,0.178,caster sugar,THE PANTRY
Demerara Sugar,Demerara Sugar,aldi,1.09,0.218,caster sugar,THE PANTRY
Granulated Sugar,Granulated Sugar,aldi,1.09,0.109,caster sugar,THE PANTRY
Tinned Black Beans/Green Lentils,Tinned Black Beans/Green Lentils,aldi,0.49,0.123,butter beans tinned,FOUR SEASONS
Tinned Black Beans/Green Lentils,Tinned Black Beans/Green Lentils,aldi,0.49,0.123,butter beans tinned,FOUR SEASONS
Baked Beans with Sausages,Baked Beans with Sausages,aldi,0.55,0.14,butter beans tinned,BRAMWELLS
Mixed Beans in Water,Mixed Beans in Water,aldi,0.69,0.288,butter beans tinned,FOUR SEASONS
Red Kidney Beans,Red Kidney Beans,aldi,0.33,0.13,butter beans tinned,EVERYDAY ESSENTIALS
Dark Brown Soft Sugar,Dark Brown Soft Sugar,aldi,1.09,0.218,brown sugar,THE PANTRY
Light Brown Soft Sugar,Light Brown Soft Sugar,aldi,1.09,0.218,brown sugar,THE PANTRY
Brown Onions,Brown Onions,aldi,0.99,0.099,brown sugar,NATURE'S PICK
Brown Rice,Brown Rice,aldi,1.39,0.1389999999999999,brown sugar,WORLDWIDE FOODS
Jumbo Kitchen Towel,Jumbo Kitchen Towel,aldi,1.15,,kitchen roll,EVERYDAY ESSENTIALS
Blast Kitchen Towel 3 Pack,Blast Kitchen Towel 3 Pack,aldi,3.99,,kitchen roll,POWER FORCE
Standard Kitchen Towel 2 Pack,Standard Kitchen Towel 2 Pack,aldi,1.75,,kitchen roll,POWER FORCE
Ultra Kitchen Towel 2 Pack,Ultra Kitchen Towel 2 Pack,aldi,2.55,,kitchen roll,POWER FORCE
Tuna Chunks In Brine,Tuna Chunks In Brine,aldi,0.65,0.64,tinned tuna,THE FISHMONGER
Tuna Chunks In Brine,Tuna Chunks In Brine,aldi,0.55,0.38,tinned tuna,EVERYDAY ESSENTIALS
Jalapeño Fusions Tuna,Jalapeño Fusions Tuna,aldi,0.89,1.113,tinned tuna,THE FISHMONGER
Tuna Chunks In Spring Water,Tuna Chunks In Spring Water,aldi,0.65,0.64,tinned tuna,THE FISHMONGER
Chilli & Garlic Fusions Tuna,Chilli & Garlic Fusions Tuna,aldi,0.89,1.113,tinned tuna,THE FISHMONGER
Icing Sugar,Icing Sugar,aldi,0.89,0.178,icing sugar,THE PANTRY
Caster Sugar,Caster Sugar,aldi,1.49,0.149,icing sugar,THE PANTRY
Demerara Sugar,Demerara Sugar,aldi,1.09,0.218,icing sugar,THE PANTRY
Granulated Sugar,Granulated Sugar,aldi,1.09,0.109,icing sugar,THE PANTRY
Cushelle Toilet Roll,Cushelle Toilet Roll,aldi,11.75,,toilet roll,CUSHELLE
Toilet Tissue Wipes,Toilet Tissue Wipes,aldi,0.43,,toilet roll,SAXON
Premium Toilet Paper 12 Pack,Premium Toilet Paper 12 Pack,aldi,5.29,,toilet roll,SAXON
Standard Toilet Paper 6 Pack,Standard Toilet Paper 6 Pack,aldi,2.49,,toilet roll,SAXON
Luxury Toilet Paper 4 Pack,Luxury Toilet Paper 4 Pack,aldi,1.29,,toilet roll,SAXON
Manuka Honey,Manuka Honey,aldi,4.15,1.84,honey,SPECIALLY SELECTED
Squeezy Honey,Squeezy Honey,aldi,1.39,0.31,honey,GRANDESSA
Clear Honey,Clear Honey,aldi,0.99,0.22,honey,EVERYDAY ESSENTIALS
Acacia Squeezy Honey,Acacia Squeezy Honey,aldi,2.19,0.644,honey,SPECIALLY SELECTED
Orange Blossom Squeezy Honey,Orange Blossom Squeezy Honey,aldi,2.19,0.644,honey,SPECIALLY SELECTED
Swing Bin Liners 20 Pack,Swing Bin Liners 20 Pack,aldi,0.99,,bin bags,POWER FORCE
Laundry Bags,Laundry Bags,aldi,1.49,,bin bags,EASY HOME
Dog Poop Bags,Dog Poop Bags,aldi,1.65,,bin bags,EARLS
Wrapping Foil 20M,Wrapping Foil 20M,aldi,1.09,,tin foil,EVERYDAY ESSENTIALS
Easter Munch Mix Tin,Easter Munch Mix Tin,aldi,2.99,0.8539999999999999,tin foil,DAIRYFINE
The BAKERY at ASDA The Bakery 6 Croissants 240g,The Bakery 6 Croissants 240g,asda,1.78,,croissants,The
The BAKERY at ASDA The Bakery 10 All-Butter Croissants,The Bakery 10 All-Butter Croissants,asda,2.72,,croissants,The
Exceptional by ASDA 4 All-Butter Croissants,4 All-Butter Croissants,asda,2.38,,croissants,Exceptional
The BAKERY at ASDA The Bakery 4 All-Butter Croissants,The Bakery 4 All-Butter Croissants,asda,1.44,,croissants,The
ASDA British Milk Semi Skimmed 4 Pints,British Milk Semi Skimmed 4 Pints,asda,1.65,,semi skimmed milk,ASDA
ASDA British Milk Semi Skimmed 2 Pints,British Milk Semi Skimmed 2 Pints,asda,1.2,0.106,semi skimmed milk,ASDA
ASDA British Milk Semi Skimmed 6 Pints,British Milk Semi Skimmed 6 Pints,asda,2.4,,semi skimmed milk,ASDA
ASDA Northern Irish Semi Skimmed Milk 1 Pint,Northern Irish Semi Skimmed Milk 1 Pint,asda,0.85,0.15,semi skimmed milk,ASDA
Cravendale Arla  Filtered Fresh Semi Skimmed Milk 2L Fresher for Longer,Cravendale Arla  Filtered Fresh Semi Skimmed Milk 2L Fresher for Longer,asda,2.5,0.125,semi skimmed milk,Cravendale
Exceptional by ASDA Exceptional by  4 Brioche Burger Buns,Exceptional by  4 Brioche Burger Buns,asda,1.42,,burger buns,Exceptional
The BAKERY at ASDA The Bakery 4 Sliced Brioche Burger Buns,The Bakery 4 Sliced Brioche Burger Buns,asda,0.98,,burger buns,The
Arla BOB Semi-Skimmed Milk 2L That Tastes Like Whole,Arla BOB Semi-Skimmed Milk 2L That Tastes Like Whole,asda,2.49,0.125,whole milk,Arla
Arla BOB Skimmed Milk 2L Tastes like Semi Skimmed,Arla BOB Skimmed Milk 2L Tastes like Semi Skimmed,asda,2.49,0.125,whole milk,Arla
ASDA Whole British Milk 4 Pints,Whole British Milk 4 Pints,asda,1.65,,whole milk,ASDA
ASDA British Whole Milk 6 Pints,British Whole Milk 6 Pints,asda,2.4,,whole milk,ASDA
ASDA British Whole Milk 2 Pints,British Whole Milk 2 Pints,asda,1.2,0.106,whole milk,ASDA
ASDA 8 Tender Pork Loin Steaks 800g,8 Tender Pork Loin Steaks 800g,asda,4.73,0.591,pork chops,ASDA
ASDA 4 Tender Pork Chops 700g,4 Tender Pork Chops 700g,asda,4.97,0.71,pork chops,ASDA
ASDA 6 Tender Pork Loin Steaks 600g,6 Tender Pork Loin Steaks 600g,asda,4.48,0.58,pork chops,ASDA
JUST ESSENTIALS by ASDA Pork Chops (Typically 0.78KG),Pork Chops (Typically 0.78KG),asda,3.71,0.476,pork chops,ASDA
ASDA Sticky 6 Chinese Style Pork Loin Sizzle Steaks 600g,Sticky 6 Chinese Style Pork Loin Sizzle Steaks 600g,asda,4.74,0.79,pork chops,ASDA
The BAKERY at ASDA The Bakery 6 Chocolate Chip Brioche Swirls 300g,The Bakery 6 Chocolate Chip Brioche Swirls 300g,asda,2.14,,brioche,The
The BAKERY at ASDA The Bakery Brioche Rolls 280g,The Bakery Brioche Rolls 280g,asda,1.57,,brioche,The
The BAKERY at ASDA 8 Chocolate Chip Brioche Rolls 280g,8 Chocolate Chip Brioche Rolls 280g,asda,1.57,,brioche,The
Exceptional by ASDA Exceptional by  4 Brioche Burger Buns,Exceptional by  4 Brioche Burger Buns,asda,1.42,,brioche,Exceptional
Exceptional by ASDA 6 Sliced Brioche Hot Dog Rolls,6 Sliced Brioche Hot Dog Rolls,asda,2.16,,brioche,Exceptional
Arla BOB Skimmed Milk 2L Tastes like Semi Skimmed,Arla BOB Skimmed Milk 2L Tastes like Semi Skimmed,asda,2.49,0.125,skimmed milk,Arla
Arla BOB Semi-Skimmed Milk 2L That Tastes Like Whole,Arla BOB Semi-Skimmed Milk 2L That Tastes Like Whole,asda,2.49,0.125,skimmed milk,Arla
ASDA British Milk Skimmed 4 Pints,British Milk Skimmed 4 Pints,asda,1.65,,skimmed milk,ASDA
ASDA British Milk Skimmed 2 Pints,British Milk Skimmed 2 Pints,asda,1.2,0.106,skimmed milk,ASDA
JUST ESSENTIALS by ASDA Skimmed Long Life Milk 1 Litre,Skimmed Long Life Milk 1 Litre,asda,0.69,,skimmed milk,ASDA
ASDA Flavoursome 12 Thick Cut Smoked Back Bacon Rashers 500g,Flavoursome 12 Thick Cut Smoked Back Bacon Rashers 500g,asda,3.07,0.614,smoked bacon,ASDA
ASDA Flavoursome 6 Thick Cut Smoked Back Bacon Rashers 300g,Flavoursome 6 Thick Cut Smoked Back Bacon Rashers 300g,asda,1.64,0.5469999999999999,smoked bacon,ASDA
ASDA Flavoursome 10 Smoked Back Bacon Rashers 300g,Flavoursome 10 Smoked Back Bacon Rashers 300g,asda,1.64,0.5469999999999999,smoked bacon,ASDA
JUST ESSENTIALS by ASDA Smoked Back Bacon 300g,Smoked Back Bacon 300g,asda,1.25,0.417,smoked bacon,ASDA
Exceptional by ASDA Exceptional 8 Oak Smoked Back Bacon Rashers 240g,Exceptional 8 Oak Smoked Back Bacon Rashers 240g,asda,3.47,1.4460000000000002,smoked bacon,Exceptional
ASDA 6 Sweet & Creamy Bananas,6 Sweet & Creamy Bananas,asda,0.94,,bananas,ASDA
ASDA 7 Brilliant Bananas,7 Brilliant Bananas,asda,0.88,,bananas,ASDA
ASDA Organic Organic 5 Fairtrade Bananas,Organic Organic 5 Fairtrade Bananas,asda,1.47,,bananas,ASDA
Exceptional by ASDA Strawberries 227g,Strawberries 227g,asda,2.97,1.308,strawberries,Exceptional
ASDA Ripe & Sweet Strawberries 227g,Ripe & Sweet Strawberries 227g,asda,1.97,0.868,strawberries,ASDA
ASDA Ripe & Sweet Strawberries 400g,Ripe & Sweet Strawberries 400g,asda,2.65,0.663,strawberries,ASDA
ASDA Organic Strawberries 225g,Organic Strawberries 225g,asda,2.53,1.124,strawberries,ASDA
JUST ESSENTIALS by ASDA Strawberries 227g,Strawberries 227g,asda,1.79,0.7889999999999999,strawberries,ASDA
Alpro Barista Oat Long Life Dairy Free Drink 1L,Alpro Barista Oat Long Life Dairy Free Drink 1L,asda,1.58,0.156,oat milk,Alpro
Alpro Oat No Sugars Plant-Based Chilled Drink Vegan And Dairy Free 1L,Alpro Oat No Sugars Plant-Based Chilled Drink Vegan And Dairy Free 1L,asda,1.58,0.158,oat milk,Alpro
Alpro Oat Plant-Based Chilled Drink Vegan & Dairy Free 1L,Alpro Oat Plant-Based Chilled Drink Vegan & Dairy Free 1L,asda,1.58,0.158,oat milk,Alpro
Alpro Barista Oat 750ml,Alpro Barista Oat 750ml,asda,1.62,0.216,oat milk,Alpro
ASDA Delicious 10 Unsmoked Back Bacon Rashers 300g,Delicious 10 Unsmoked Back Bacon Rashers 300g,asda,1.64,0.5469999999999999,unsmoked bacon,ASDA
ASDA 6 Thick Cut Unsmoked Back Bacon Rashers 300g,6 Thick Cut Unsmoked Back Bacon Rashers 300g,asda,1.64,0.5469999999999999,unsmoked bacon,ASDA
Exceptional by ASDA 8 Unsmoked Back Bacon Rashers 240g,8 Unsmoked Back Bacon Rashers 240g,asda,3.47,1.4460000000000002,unsmoked bacon,Exceptional
JUST ESSENTIALS by ASDA Unsmoked Back Bacon 300g,Unsmoked Back Bacon 300g,asda,1.25,0.417,unsmoked bacon,ASDA
ASDA Delicious 12 Thick Cut Unsmoked Back Bacon Rashers 500g,Delicious 12 Thick Cut Unsmoked Back Bacon Rashers 500g,asda,3.07,0.614,unsmoked bacon,ASDA
ASDA Sweet & Bursting Blueberries 300g,Sweet & Bursting Blueberries 300g,asda,3.12,1.04,blueberries,ASDA
ASDA Sweet & Bursting Blueberries 150g,Sweet & Bursting Blueberries 150g,asda,1.67,1.113,blueberries,ASDA
ASDA Just Essentials Blueberries 150g,Blueberries 150g,asda,1.3,0.867,blueberries,ASDA
Exceptional by ASDA Exceptional by  Hand Picked Blueberries 200g,Exceptional by  Hand Picked Blueberries 200g,asda,2.97,1.485,blueberries,Exceptional
ASDA Organic Blueberries,Organic Blueberries,asda,2.36,1.888,blueberries,ASDA
Exceptional by ASDA 14 Dry Cured Oak Smoked Streaky Bacon Rashers 200g,14 Dry Cured Oak Smoked Streaky Bacon Rashers 200g,asda,3.47,1.735,streaky bacon,Exceptional
Exceptional by ASDA 14 Dry Cured Unsmoked Streaky Bacon Rashers 200g,14 Dry Cured Unsmoked Streaky Bacon Rashers 200g,asda,3.47,1.735,streaky bacon,Exceptional
Exceptional by ASDA 14 Oak Smoked Streaky Bacon Rashers 200g,14 Oak Smoked Streaky Bacon Rashers 200g,asda,3.47,1.735,streaky bacon,Exceptional
ASDA 12 Tasty Smoked Streaky Bacon Rashers 200g,12 Tasty Smoked Streaky Bacon Rashers 200g,asda,2.98,1.49,streaky bacon,ASDA
Exceptional by ASDA 20 Dry Cured Oak Smoked Streaky Bacon Rashers 180g,20 Dry Cured Oak Smoked Streaky Bacon Rashers 180g,asda,3.47,1.928,streaky bacon,Exceptional
Alpro Almond No Sugar Long Life Dairy Free Drink 1L,Alpro Almond No Sugar Long Life Dairy Free Drink 1L,asda,2.08,0.156,almond milk,Alpro
Alpro Barista Almond Long Life Dairy Free Drink 1L,Alpro Barista Almond Long Life Dairy Free Drink 1L,asda,1.58,0.156,almond milk,Alpro
Alpro Almond Original Long Life Dairy Free Drink 1L,Alpro Almond Original Long Life Dairy Free Drink 1L,asda,2.08,0.156,almond milk,Alpro
Exceptional by ASDA 6 Classic Pork Sausages 400g,6 Classic Pork Sausages 400g,asda,3.17,0.7929999999999999,pork sausages,Exceptional
ASDA 8 Flavourful Pork Sausages 454g,8 Flavourful Pork Sausages 454g,asda,1.79,0.394,pork sausages,ASDA
Exceptional by ASDA 10 Classic Pork Sausages 667g,10 Classic Pork Sausages 667g,asda,4.27,0.6,pork sausages,Exceptional
Richmond 8 Thick Pork Sausages 410g,Richmond 8 Thick Pork Sausages 410g,asda,2.17,0.329,pork sausages,Richmond
Exceptional by ASDA 12 Classic Pork Chipolata Sausages 375g,12 Classic Pork Chipolata Sausages 375g,asda,3.17,0.845,pork sausages,Exceptional
Exceptional by ASDA Exceptional by ASDA Hand Picked Raspberries 150g,Hand Picked Raspberries 150g,asda,2.97,1.98,raspberries,Exceptional
ASDA Sweet & Plump Raspberries 250g,Sweet & Plump Raspberries 250g,asda,3.43,1.372,raspberries,ASDA
ASDA Sweet & Plump Raspberries 150g,Sweet & Plump Raspberries 150g,asda,2.13,1.42,raspberries,ASDA
Alpro Barista Oat Long Life Dairy Free Drink 1L,Alpro Barista Oat Long Life Dairy Free Drink 1L,asda,1.58,0.156,lactose free milk,Alpro
Alpro Oat No Sugars Plant-Based Chilled Drink Vegan And Dairy Free 1L,Alpro Oat No Sugars Plant-Based Chilled Drink Vegan And Dairy Free 1L,asda,1.58,0.158,lactose free milk,Alpro
Alpro Soya Growing Up Long Life Dairy Free Drink 1-3+ Years 1L,Alpro Soya Growing Up Long Life Dairy Free Drink 1-3+ Years 1L,asda,1.88,0.188,lactose free milk,Alpro
Alpro Almond No Sugar Long Life Dairy Free Drink 1L,Alpro Almond No Sugar Long Life Dairy Free Drink 1L,asda,2.08,0.156,lactose free milk,Alpro
Alpro Barista Almond Long Life Dairy Free Drink 1L,Alpro Barista Almond Long Life Dairy Free Drink 1L,asda,1.58,0.156,lactose free milk,Alpro
ASDA Zingy & Crisp Braeburn Apples,Zingy & Crisp Braeburn Apples,asda,1.67,,braeburn apples,ASDA
ASDA Royal Gala Apples,Royal Gala Apples,asda,1.67,,braeburn apples,ASDA
ASDA 4 Juicy & Crisp Honeycrunch Apples,4 Juicy & Crisp Honeycrunch Apples,asda,1.97,,braeburn apples,ASDA
HECK! HECK! Chicken Italia Gluten Free Chipolatas 10 pack 340g,HECK! HECK! Chicken Italia Gluten Free Chipolatas 10 pack 340g,asda,3.17,0.932,chicken sausages,HECK!
Richmond 8 Roast Chicken Sausages 410g,Richmond 8 Roast Chicken Sausages 410g,asda,2.48,0.605,chicken sausages,Richmond
ASDA ASDA 8 Succulent Chicken Sausages 454g,8 Succulent Chicken Sausages 454g,asda,2.98,0.6559999999999999,chicken sausages,ASDA
HECK! HECK! Simply Chicken Chipolatas Gluten Free 10 pack 340g,HECK! HECK! Simply Chicken Chipolatas Gluten Free 10 pack 340g,asda,3.17,0.6559999999999999,chicken sausages,HECK!
ASDA 30 Chicken Cocktail Sausages 246g,30 Chicken Cocktail Sausages 246g,asda,3.5,0.874,chicken sausages,ASDA
Flora Buttery Butter Alternative With Natural Ingredients 1kg,Flora Buttery Butter Alternative With Natural Ingredients 1kg,asda,4.75,0.345,salted butter,Flora
Flora Original Butter Alternative With Natural Ingredients 1kg,Flora Original Butter Alternative With Natural Ingredients 1kg,asda,4.75,0.475,salted butter,Flora
ASDA British Salted Butter 250g,British Salted Butter 250g,asda,1.99,0.796,salted butter,ASDA
ASDA British Salted Butter 500g,British Salted Butter 500g,asda,3.94,0.788,salted butter,ASDA
ASDA British Unsalted Butter 250g,British Unsalted Butter 250g,asda,1.99,0.796,salted butter,ASDA
ASDA Royal Gala Apples,Royal Gala Apples,asda,1.67,,gala apples,ASDA
ASDA Zingy & Crisp Braeburn Apples,Zingy & Crisp Braeburn Apples,asda,1.67,,gala apples,ASDA
ASDA 4 Juicy & Crisp Honeycrunch Apples,4 Juicy & Crisp Honeycrunch Apples,asda,1.97,,gala apples,ASDA
Exceptional by ASDA Spanish Chorizo 225g,Spanish Chorizo 225g,asda,2.65,1.178,chorizo,Exceptional
ASDA Diced Chorizo Twin Pack 130g,Diced Chorizo Twin Pack 130g,asda,2.48,1.908,chorizo,ASDA
ASDA Cured Chorizo 110g,Cured Chorizo 110g,asda,1.42,1.291,chorizo,ASDA
Exceptional by ASDA Spanish Spicy Chorizo 225g,Spanish Spicy Chorizo 225g,asda,2.65,1.178,chorizo,Exceptional
Argal Chorizo Doux Mild,Argal Chorizo Doux Mild,asda,2.77,1.385,chorizo,Argal
ASDA 5 Sweet & Juicy Medium Oranges,5 Sweet & Juicy Medium Oranges,asda,1.5,,oranges,ASDA
JUST ESSENTIALS by ASDA Oranges,Oranges,asda,0.99,,oranges,ASDA
ASDA 4 Sweet & Juicy Large Oranges,4 Sweet & Juicy Large Oranges,asda,2.24,,oranges,ASDA
ASDA 10 Sweet & Juicy Medium Oranges,10 Sweet & Juicy Medium Oranges,asda,2.34,,oranges,ASDA
Exceptional by ASDA 4 Orangegold Oranges,4 Orangegold Oranges,asda,2.28,,oranges,Exceptional
ASDA Pizza Pepperoni 125g,Pizza Pepperoni 125g,asda,1.62,1.296,pepperoni,ASDA
ASDA Double Pepperoni Stonebaked Pizza by  309g,Double Pepperoni Stonebaked Pizza by  309g,asda,1.65,0.534,pepperoni,ASDA
JUST ESSENTIALS by ASDA Just Essentials Pepperoni Pizza 314g,Just Essentials Pepperoni Pizza 314g,asda,1.1,0.35,pepperoni,ASDA
Attack A Snak Pepperoni N'Cheese Wrap Kit with Tomato Ketchup 83g,Attack A Snak Pepperoni N'Cheese Wrap Kit with Tomato Ketchup 83g,asda,1.5,1.205,pepperoni,Attack
Chicago Town 2 Deep Dish Pepperoni Mini Pizzas 2 x 155g,Chicago Town 2 Deep Dish Pepperoni Mini Pizzas 2 x 155g,asda,1.55,0.5,pepperoni,Chicago
Flora Buttery Butter Alternative With Natural Ingredients 1kg,Flora Buttery Butter Alternative With Natural Ingredients 1kg,asda,4.75,0.345,unsalted butter,Flora
Flora Lighter Butter Alternative With Natural Ingredients 1kg,Flora Lighter Butter Alternative With Natural Ingredients 1kg,asda,4.75,0.345,unsalted butter,Flora
Flora Plant Butter Spreadable Butter Alternative 400g,Flora Plant Butter Spreadable Butter Alternative 400g,asda,2.0,0.488,unsalted butter,Flora
Flora Original Butter Alternative With Natural Ingredients 1kg,Flora Original Butter Alternative With Natural Ingredients 1kg,asda,4.75,0.475,unsalted butter,Flora
ASDA British Unsalted Butter 500g,British Unsalted Butter 500g,asda,3.94,0.788,unsalted butter,ASDA
Dairly High Protein Cottage Cheese 200g,Dairly High Protein Cottage Cheese 200g,asda,1.2,0.6,cottage cheese,Dairly
Dairly Cottage Cheese Natural 200g,Dairly Cottage Cheese Natural 200g,asda,1.2,0.6,cottage cheese,Dairly
Boursin Garlic & Herbs Soft French Cream Cheese 150g,Boursin Garlic & Herbs Soft French Cream Cheese 150g,asda,2.94,1.96,cottage cheese,Boursin
Boursin Black Pepper Soft French Cream Cheese 150g,Boursin Black Pepper Soft French Cream Cheese 150g,asda,2.94,1.96,cottage cheese,Boursin
ASDA Cottage Cheese 300g,Cottage Cheese 300g,asda,1.58,0.5269999999999999,cottage cheese,ASDA
ASDA Wafer Thin Honey Roast Ham 200g,Wafer Thin Honey Roast Ham 200g,asda,1.97,0.985,ham sliced,ASDA
ASDA 10 Slices Honey Roast Dry Cured Ham 250g,10 Slices Honey Roast Dry Cured Ham 250g,asda,2.74,1.096,ham sliced,ASDA
ASDA Wafer Thin Cooked Ham 400g,Wafer Thin Cooked Ham 400g,asda,2.24,0.5,ham sliced,ASDA
ASDA Sliced Cured Ham on the Bone 120g,Sliced Cured Ham on the Bone 120g,asda,2.24,1.867,ham sliced,ASDA
ASDA Cooked Ham 125g,Cooked Ham 125g,asda,1.0,0.8,ham sliced,ASDA
Flora Buttery Butter Alternative With Natural Ingredients 1kg,Flora Buttery Butter Alternative With Natural Ingredients 1kg,asda,4.75,0.345,spreadable butter,Flora
Flora Plant Butter Spreadable Butter Alternative 400g,Flora Plant Butter Spreadable Butter Alternative 400g,asda,2.0,0.488,spreadable butter,Flora
Flora Lighter Butter Alternative With Natural Ingredients 1kg,Flora Lighter Butter Alternative With Natural Ingredients 1kg,asda,4.75,0.345,spreadable butter,Flora
Flora Original Butter Alternative With Natural Ingredients 1kg,Flora Original Butter Alternative With Natural Ingredients 1kg,asda,4.75,0.475,spreadable butter,Flora
Lurpak Lighter Spreadable Blend of Butter and Rapeseed Oil 400g,Lurpak Lighter Spreadable Blend of Butter and Rapeseed Oil 400g,asda,4.0,1.0,spreadable butter,Lurpak
ASDA Tangy & Zesty Lemons,Tangy & Zesty Lemons,asda,1.33,,lemons,ASDA
ASDA Lemons,Lemons,asda,0.35,,lemons,ASDA
ASDA 3 Large Unwaxed Lemons,3 Large Unwaxed Lemons,asda,1.47,,lemons,ASDA
MOWI Superior Scottish Salmon Fillets 230g,MOWI Superior Scottish Salmon Fillets 230g,asda,5.57,2.4219999999999997,salmon fillets,MOWI
Mowi Infusions Garlic & Herb Scottish Salmon Fillets 220g,Mowi Infusions Garlic & Herb Scottish Salmon Fillets 220g,asda,5.43,2.468,salmon fillets,Mowi
MOWI Piri Piri Scottish Salmon Fillets 180g,MOWI Piri Piri Scottish Salmon Fillets 180g,asda,5.63,3.128,salmon fillets,MOWI
Leap Wild Sockeye Salmon 220g,Leap Wild Sockeye Salmon 220g,asda,9.25,3.136,salmon fillets,Leap
MOWI Superior Scottish Smoked Salmon 100g,MOWI Superior Scottish Smoked Salmon 100g,asda,5.46,5.46,salmon fillets,MOWI
ASDA 12 Free Range Medium Eggs,12 Free Range Medium Eggs,asda,2.85,,free range eggs,ASDA
ASDA 12 Free Range Large Eggs,12 Free Range Large Eggs,asda,3.3,,free range eggs,ASDA
ASDA Free Range 6 Medium Eggs,Free Range 6 Medium Eggs,asda,1.8,,free range eggs,ASDA
ASDA Free Range 6 Large Eggs,Free Range 6 Large Eggs,asda,2.1,,free range eggs,ASDA
Exceptional by ASDA 6 Free Range Golden Yolk Eggs 328g,6 Free Range Golden Yolk Eggs 328g,asda,1.97,,free range eggs,Exceptional
ASDA Olive Spread 500g,Olive Spread 500g,asda,1.4,0.2799999999999999,olive spread,ASDA
Bertolli Olive Oil Alternative to Spreadable Butter 450G,Bertolli Olive Oil Alternative to Spreadable Butter 450G,asda,2.85,0.633,olive spread,Bertolli
Bertolli Olive Oil Light Spread Alternative to Spreadable Butter 450g,Bertolli Olive Oil Light Spread Alternative to Spreadable Butter 450g,asda,2.44,0.542,olive spread,Bertolli
Bertolli Olive Oil Alternative to Spreadable Butter 1Kg,Bertolli Olive Oil Alternative to Spreadable Butter 1Kg,asda,5.25,0.525,olive spread,Bertolli
ASDA 2 Flaky Cod Fillets 260g,2 Flaky Cod Fillets 260g,asda,7.24,2.785,cod fillets,ASDA
ASDA Delicate 2 Hake Fillets 240g,Delicate 2 Hake Fillets 240g,asda,4.4,1.8329999999999995,cod fillets,ASDA
Young's 4 Breaded Haddock Fillets 400g,Young's 4 Breaded Haddock Fillets 400g,asda,6.45,1.613,cod fillets,Young's
ASDA Tender 2 Sea Bream Fillets 180g,Tender 2 Sea Bream Fillets 180g,asda,4.4,2.444,cod fillets,ASDA
ASDA Cod Fillets by  320g,Cod Fillets by  320g,asda,5.0,1.5630000000000002,cod fillets,ASDA
ASDA 12 Free Range Medium Eggs,12 Free Range Medium Eggs,asda,2.85,,medium eggs,ASDA
ASDA Free Range 6 Medium Eggs,Free Range 6 Medium Eggs,asda,1.8,,medium eggs,ASDA
Sharwood's Medium Egg Noodles 226g,Sharwood's Medium Egg Noodles 226g,asda,1.6,0.553,medium eggs,Sharwood's
Blue Dragon Medium Egg Noodles 250g,Blue Dragon Medium Egg Noodles 250g,asda,1.33,0.532,medium eggs,Blue
ASDA Medium Egg Noodles 250g,Medium Egg Noodles 250g,asda,1.15,0.4599999999999999,medium eggs,ASDA
ASDA Zingy & Zesty Limes,Zingy & Zesty Limes,asda,1.18,,limes,ASDA
Pilgrims Choice Extra Mature Cheddar 550g,Pilgrims Choice Extra Mature Cheddar 550g,asda,3.98,0.724,mature cheddar,Pilgrims
Pilgrims Choice Mature Cheddar 550g,Pilgrims Choice Mature Cheddar 550g,asda,3.98,0.724,mature cheddar,Pilgrims
Pilgrims Choice Extra Mature Cheddar 350g,Pilgrims Choice Extra Mature Cheddar 350g,asda,3.08,0.8800000000000001,mature cheddar,Pilgrims
Pilgrims Choice The Crumbly & Creamy One Extra Mature Grated Cheddar 180g,Pilgrims Choice The Crumbly & Creamy One Extra Mature Grated Cheddar 180g,asda,1.75,0.972,mature cheddar,Pilgrims
Pilgrims Choice The Crumbly & Creamy One Extra Mature Sliced Cheddar 150g,Pilgrims Choice The Crumbly & Creamy One Extra Mature Sliced Cheddar 150g,asda,1.75,1.167,mature cheddar,Pilgrims
ASDA Large Avocado,Large Avocado,asda,0.88,,avocado,ASDA
ASDA Organic Ripe Avocado,Organic Ripe Avocado,asda,1.36,,avocado,ASDA
Holy Moly Smashed Avocado 3 x 57g,Holy Moly Smashed Avocado 3 x 57g,asda,2.7,1.579,avocado,Holy
Pilgrims Choice Mature Cheddar 550g,Pilgrims Choice Mature Cheddar 550g,asda,3.98,0.724,mild cheddar,Pilgrims
Pilgrims Choice Mature Cheddar 350g,Pilgrims Choice Mature Cheddar 350g,asda,3.08,0.8800000000000001,mild cheddar,Pilgrims
JUST ESSENTIALS by ASDA White Cheddar 400g,White Cheddar 400g,asda,2.49,0.623,mild cheddar,ASDA
ASDA British Mild Cheddar 400g,British Mild Cheddar 400g,asda,3.0,0.75,mild cheddar,ASDA
ASDA Mild British Cheddar 750g,Mild British Cheddar 750g,asda,4.98,0.6639999999999999,mild cheddar,ASDA
ASDA Organic Organic 6 Free Range Mixed Eggs 328g,Organic Organic 6 Free Range Mixed Eggs 328g,asda,2.47,,organic eggs,ASDA
Purely Organic 6 Mixed Size Organic Eggs 328g,Purely Organic 6 Mixed Size Organic Eggs 328g,asda,2.84,,organic eggs,Purely
Califia Farms Simple & Organic Oat 750ml,Califia Farms Simple & Organic Oat 750ml,asda,2.24,0.299,organic eggs,Califia
Young's 4 Breaded Haddock Fillets 400g,Young's 4 Breaded Haddock Fillets 400g,asda,6.45,1.613,haddock fillets,Young's
ASDA Delicate 2 Hake Fillets 240g,Delicate 2 Hake Fillets 240g,asda,4.4,1.8329999999999995,haddock fillets,ASDA
ASDA 2 Flaky Cod Fillets 260g,2 Flaky Cod Fillets 260g,asda,7.24,2.785,haddock fillets,ASDA
ASDA Haddock Fillets 320g,Haddock Fillets 320g,asda,5.0,1.5630000000000002,haddock fillets,ASDA
ASDA 2 Delicate Smoked Haddock Fillets 220g,2 Delicate Smoked Haddock Fillets 220g,asda,5.97,2.714,haddock fillets,ASDA
ASDA Tender 2 Sea Bream Fillets 180g,Tender 2 Sea Bream Fillets 180g,asda,4.4,2.444,sea bass,ASDA
ASDA 2 Sea Bass Fillets 180g,2 Sea Bass Fillets 180g,asda,5.75,3.194,sea bass,ASDA
ASDA Juicy & Sweet Mango Fingers 140g,Juicy & Sweet Mango Fingers 140g,asda,1.63,1.164,mango,ASDA
ASDA Tropical & Sweet Large Mango,Tropical & Sweet Large Mango,asda,0.88,,mango,ASDA
ASDA Dried Mango 75g,Dried Mango 75g,asda,1.87,2.493,mango,ASDA
ASDA Juicy & Sweet Mango Chunks 275g,Juicy & Sweet Mango Chunks 275g,asda,2.73,0.993,mango,ASDA
Pilgrims Choice Extra Mature Cheddar 550g,Pilgrims Choice Extra Mature Cheddar 550g,asda,3.98,0.724,extra mature cheddar,Pilgrims
Pilgrims Choice Extra Mature Cheddar 350g,Pilgrims Choice Extra Mature Cheddar 350g,asda,3.08,0.8800000000000001,extra mature cheddar,Pilgrims
Pilgrims Choice Mature Cheddar 550g,Pilgrims Choice Mature Cheddar 550g,asda,3.98,0.724,extra mature cheddar,Pilgrims
Pilgrims Choice The Crumbly & Creamy One Extra Mature Sliced Cheddar 150g,Pilgrims Choice The Crumbly & Creamy One Extra Mature Sliced Cheddar 150g,asda,1.75,1.167,extra mature cheddar,Pilgrims
Pilgrims Choice Mature Cheddar 350g,Pilgrims Choice Mature Cheddar 350g,asda,3.08,0.8800000000000001,extra mature cheddar,Pilgrims
Danone Skyr Icelandic Style Yoghurt 450g,Danone Skyr Icelandic Style Yoghurt 450g,asda,2.25,0.2779999999999999,greek yoghurt,Danone
Alpro Greek Style Plain Dairy Free Yoghurt Alternative 400g,Alpro Greek Style Plain Dairy Free Yoghurt Alternative 400g,asda,2.48,0.445,greek yoghurt,Alpro
Yeo Valley Organic Natural Greek Style Yogurt 450g,Yeo Valley Organic Natural Greek Style Yogurt 450g,asda,1.92,0.384,greek yoghurt,Yeo
JUST ESSENTIALS by ASDA Red Leicester 400g,Red Leicester 400g,asda,2.49,0.623,red leicester,ASDA
ASDA British Red Leicester 400g,British Red Leicester 400g,asda,3.0,0.75,red leicester,ASDA
ASDA British Red Leicester 250g,British Red Leicester 250g,asda,2.82,1.128,red leicester,ASDA
ASDA Grated Red Leicester British Cheese 250g,Grated Red Leicester British Cheese 250g,asda,4.5,0.98,red leicester,ASDA
ASDA 10 British Red Leicester Slices 250g,10 British Red Leicester Slices 250g,asda,4.5,0.98,red leicester,ASDA
Exceptional by ASDA Exceptional by  Cooked & Peeled Jumbo King Prawns 150g,Exceptional by  Cooked & Peeled Jumbo King Prawns 150g,asda,4.25,2.8329999999999997,king prawns,Exceptional
ASDA King Prawns 200g,King Prawns 200g,asda,3.68,1.84,king prawns,ASDA
ASDA King Prawns 200g,King Prawns 200g,asda,3.66,1.83,king prawns,ASDA
ASDA Succulent Raw & Peeled King Prawns 160g,Succulent Raw & Peeled King Prawns 160g,asda,3.12,1.95,king prawns,ASDA
ASDA Cooked & Peeled King Prawns 150g,Cooked & Peeled King Prawns 150g,asda,3.75,2.5,king prawns,ASDA
Yeo Valley Organic Natural Greek Style Yogurt 450g,Yeo Valley Organic Natural Greek Style Yogurt 450g,asda,1.92,0.384,natural yoghurt,Yeo
Danone Skyr Icelandic Style Yoghurt 450g,Danone Skyr Icelandic Style Yoghurt 450g,asda,2.25,0.2779999999999999,natural yoghurt,Danone
Arla LactoFREE Natural Yogurt 400g,Arla LactoFREE Natural Yogurt 400g,asda,1.47,0.368,natural yoghurt,Arla
Yeo Valley Kefir Natural 350g,Yeo Valley Kefir Natural 350g,asda,1.51,0.4309999999999999,natural yoghurt,Yeo
ASDA Refreshing & Sweet Seedless Red Grapes 500g,Refreshing & Sweet Seedless Red Grapes 500g,asda,1.77,0.354,grapes,ASDA
ASDA Crisp & Juicy Seedless Green Grapes 500g,Crisp & Juicy Seedless Green Grapes 500g,asda,1.77,0.354,grapes,ASDA
ASDA Sweet & Juicy Seedless Mixed Grapes 500g,Sweet & Juicy Seedless Mixed Grapes 500g,asda,1.87,0.374,grapes,ASDA
ASDA Sweet & Crisp Seedless Black Grapes 500g,Sweet & Crisp Seedless Black Grapes 500g,asda,1.77,0.354,grapes,ASDA
JUST ESSENTIALS by ASDA Just Essentials Seedless Grapes 500g,Just Essentials Seedless Grapes 500g,asda,1.37,0.274,grapes,ASDA
MOWI Superior Scottish Smoked Salmon 100g,MOWI Superior Scottish Smoked Salmon 100g,asda,5.46,5.46,smoked salmon,MOWI
MOWI Piri Piri Scottish Salmon Fillets 180g,MOWI Piri Piri Scottish Salmon Fillets 180g,asda,5.63,3.128,smoked salmon,MOWI
Leap Wild Sockeye Salmon 220g,Leap Wild Sockeye Salmon 220g,asda,9.25,3.136,smoked salmon,Leap
Leap Wild Smoked Sockeye Salmon 100g,Leap Wild Smoked Sockeye Salmon 100g,asda,8.5,6.35,smoked salmon,Leap
ASDA Boneless Salmon Side 800g,Boneless Salmon Side 800g,asda,18.24,2.28,smoked salmon,ASDA
ASDA Tangy & Tropical Pineapple,Tangy & Tropical Pineapple,asda,0.98,,pineapple,ASDA
ASDA Giant Pineapple,Giant Pineapple,asda,1.88,,pineapple,ASDA
ASDA Pineapple Chunks 450g,Pineapple Chunks 450g,asda,2.82,0.627,pineapple,ASDA
ASDA Juicy & Sweet Pineapple Chunks 400g,Juicy & Sweet Pineapple Chunks 400g,asda,2.67,0.6679999999999999,pineapple,ASDA
ASDA Grated Mozzarella 250g,Grated Mozzarella 250g,asda,4.5,0.98,mozzarella,ASDA
ASDA Mozzarella 215g,Mozzarella 215g,asda,1.24,0.992,mozzarella,ASDA
JUST ESSENTIALS by ASDA Mozzarella 210g,Mozzarella 210g,asda,0.69,0.5519999999999999,mozzarella,ASDA
ASDA Light Mozzarella 215g,Light Mozzarella 215g,asda,1.24,0.992,mozzarella,ASDA
Galbani Mini Italian Mozzarella Cheese&nbsp;150g,Galbani Mini Italian Mozzarella Cheese&nbsp;150g,asda,2.35,1.567,mozzarella,Galbani
Lindahls Kvarg Raspberry Flavoured 150g,Lindahls Kvarg Raspberry Flavoured 150g,asda,1.0,0.667,flavoured yoghurt,Lindahls
Lindahls Protein+ Immunity Lemon Flavoured 150g,Lindahls Protein+ Immunity Lemon Flavoured 150g,asda,1.0,0.667,flavoured yoghurt,Lindahls
Arla Protein Vanilla Flavoured Milk 482ml,Arla Protein Vanilla Flavoured Milk 482ml,asda,1.72,0.357,flavoured yoghurt,Arla
Arla Protein Strawberry and Raspberry Flavoured Milk 482ml,Arla Protein Strawberry and Raspberry Flavoured Milk 482ml,asda,1.72,0.357,flavoured yoghurt,Arla
Arla Protein Food To Go Vanilla Hazelnut Flavoured Meal Replacement Shake 500ml,Arla Protein Food To Go Vanilla Hazelnut Flavoured Meal Replacement Shake 500ml,asda,3.42,0.6839999999999999,flavoured yoghurt,Arla
Young's 2 Chip Shop Succulent Jumbo Fish 480g,Young's 2 Chip Shop Succulent Jumbo Fish 480g,asda,4.97,0.771,fish fingers,Young's
Exceptional by ASDA 6 Chunky Breaded Fish Fingers 400g,6 Chunky Breaded Fish Fingers 400g,asda,3.56,0.89,fish fingers,Exceptional
ASDA Sweet & Refreshing Honeydew Melon,Sweet & Refreshing Honeydew Melon,asda,1.87,,melon,ASDA
ASDA Cantaloupe Melon,Cantaloupe Melon,asda,1.94,,melon,ASDA
ASDA Galia Melon,Galia Melon,asda,1.97,,melon,ASDA
ASDA Sweet & Juicy Melon Slices 400g,Sweet & Juicy Melon Slices 400g,asda,2.17,0.5429999999999999,melon,ASDA
Danone Skyr Icelandic Style Yoghurt 450g,Danone Skyr Icelandic Style Yoghurt 450g,asda,2.25,0.2779999999999999,skyr yoghurt,Danone
Arla Skyr High Protein Natural Icelandic Style Yogurt 450g,Arla Skyr High Protein Natural Icelandic Style Yogurt 450g,asda,1.52,0.3379999999999999,skyr yoghurt,Arla
Arla Skyr High Protein Natural Icelandic Style Yogurt 1kg,Arla Skyr High Protein Natural Icelandic Style Yogurt 1kg,asda,2.97,0.297,skyr yoghurt,Arla
Arla Skyr High Protein Vanilla Icelandic Style Yogurt 450g,Arla Skyr High Protein Vanilla Icelandic Style Yogurt 450g,asda,1.52,0.3379999999999999,skyr yoghurt,Arla
Arla Skyr High Protein Coconut Icelandic Style Yogurt 450g,Arla Skyr High Protein Coconut Icelandic Style Yogurt 450g,asda,1.52,0.3379999999999999,skyr yoghurt,Arla
Boursin Garlic & Herbs Soft French Cream Cheese 150g,Boursin Garlic & Herbs Soft French Cream Cheese 150g,asda,2.94,1.96,cream cheese,Boursin
Boursin Black Pepper Soft French Cream Cheese 150g,Boursin Black Pepper Soft French Cream Cheese 150g,asda,2.94,1.96,cream cheese,Boursin
Philadelphia Garlic & Herbs Soft Cream Cheese 165g,Philadelphia Garlic & Herbs Soft Cream Cheese 165g,asda,2.08,0.606,cream cheese,Philadelphia
Philadelphia Original Soft Cream Cheese 165G,Philadelphia Original Soft Cream Cheese 165G,asda,2.08,0.606,cream cheese,Philadelphia
Philadelphia Chives Soft Cream Cheese Tub 165 g,Philadelphia Chives Soft Cream Cheese Tub 165 g,asda,2.08,0.606,cream cheese,Philadelphia
Leap Wild Yellowfin Tuna 2 Steaks 240g,Leap Wild Yellowfin Tuna 2 Steaks 240g,asda,9.3,3.875,tuna steaks,Leap
ASDA 2 Tuna Steaks 280g,2 Tuna Steaks 280g,asda,3.68,1.314,tuna steaks,ASDA
ASDA Tuna Steak in a Little Spring Water 3 x 110g (330g),Tuna Steak in a Little Spring Water 3 x 110g (330g),asda,3.15,0.955,tuna steaks,ASDA
ASDA Tuna Steak in a Little Sunflower Oil 3 x 110g (330g),Tuna Steak in a Little Sunflower Oil 3 x 110g (330g),asda,3.15,0.955,tuna steaks,ASDA
ASDA Tuna Steak in a Little Brine 3 x 110g (330g),Tuna Steak in a Little Brine 3 x 110g (330g),asda,3.15,0.955,tuna steaks,ASDA
ASDA Fresh Double Cream 300ml,Fresh Double Cream 300ml,asda,1.6,0.533,double cream,ASDA
ASDA Fresh Double Cream 600ml,Fresh Double Cream 600ml,asda,2.9,0.483,double cream,ASDA
Elmlea Double Cream Alternative,Elmlea Double Cream Alternative,asda,1.25,0.4629999999999999,double cream,Elmlea
Elmlea Double Light Alternative to Cream 270ml,Elmlea Double Light Alternative to Cream 270ml,asda,1.25,0.4629999999999999,double cream,Elmlea
ASDA Extra Thick Fresh Double Cream 300ml,Extra Thick Fresh Double Cream 300ml,asda,2.0,0.667,double cream,ASDA
ASDA 4 Soft & Sweet Kiwi Fruit,4 Soft & Sweet Kiwi Fruit,asda,1.47,,kiwi,ASDA
ASDA Organic 4 Kiwi Fruit,Organic 4 Kiwi Fruit,asda,1.88,,kiwi,ASDA
ASDA Fresh Single Cream 300ml,Fresh Single Cream 300ml,asda,1.3,0.433,single cream,ASDA
Elmlea Single Cream Alternative 270ml,Elmlea Single Cream Alternative 270ml,asda,1.25,0.4629999999999999,single cream,Elmlea
ASDA Fresh Double Cream 300ml,Fresh Double Cream 300ml,asda,1.6,0.533,single cream,ASDA
ASDA Fresh Double Cream 600ml,Fresh Double Cream 600ml,asda,2.9,0.483,single cream,ASDA
Rodda's Classic Cornish Clotted Cream 227g,Rodda's Classic Cornish Clotted Cream 227g,asda,3.1,1.366,single cream,Rodda's
The BAKERY at ASDA The Bakery Soft White Medium Sliced 800g,The Bakery Soft White Medium Sliced 800g,asda,0.74,,white sliced bread,The
Kingsmill Soft White Bread Medium Sliced Loaf 800g,Kingsmill Soft White Bread Medium Sliced Loaf 800g,asda,1.23,0.154,white sliced bread,Kingsmill
The BAKERY at ASDA The Bakery Soft White Toastie Thick Sliced 800g,The Bakery Soft White Toastie Thick Sliced 800g,asda,0.75,,white sliced bread,The
The BAKERY at ASDA The Bakery Sliced White Farmhouse Loaf 800g,The Bakery Sliced White Farmhouse Loaf 800g,asda,1.48,0.185,white sliced bread,The
Kingsmill Soft White Bread Thick Sliced Loaf 800g,Kingsmill Soft White Bread Thick Sliced Loaf 800g,asda,1.23,0.154,white sliced bread,Kingsmill
ASDA Sweet & Delicate Conference Pears,Sweet & Delicate Conference Pears,asda,1.57,0.257,pears,ASDA
ASDA Sweet & Crisp Dessert Pears 610g,Sweet & Crisp Dessert Pears 610g,asda,1.57,0.257,pears,ASDA
ASDA Garden Gang Incredible Pears,Garden Gang Incredible Pears,asda,1.17,0.2339999999999999,pears,ASDA
ASDA Sweet & Delicate Conference Pears 4 Pack,Sweet & Delicate Conference Pears 4 Pack,asda,1.97,,pears,ASDA
Exceptional by ASDA Hand Picked Seasonally Selected Pears,Hand Picked Seasonally Selected Pears,asda,2.34,,pears,Exceptional
President French Brie Cheese 200g,President French Brie Cheese 200g,asda,2.4,1.2,brie,President
ASDA Somerset Brie 160g,Somerset Brie 160g,asda,2.2,1.375,brie,ASDA
JUST ESSENTIALS by ASDA French Brie 200g,French Brie 200g,asda,1.65,0.825,brie,ASDA
ASDA Fresh Soured Cream 300ml,Fresh Soured Cream 300ml,asda,0.85,0.283,sour cream,ASDA
ASDA Sour Cream 280g,Sour Cream 280g,asda,1.65,0.589,sour cream,ASDA
ASDA Reduced Fat Fresh Soured Cream 300ml,Reduced Fat Fresh Soured Cream 300ml,asda,0.85,0.283,sour cream,ASDA
ASDA Sour Cream & Chive 290g,Sour Cream & Chive 290g,asda,1.28,0.441,sour cream,ASDA
ASDA Sour Cream & Onion Flavour Party Mix 150g,Sour Cream & Onion Flavour Party Mix 150g,asda,1.25,0.833,sour cream,ASDA
ASDA Tart & Sweet Plums 400g,Tart & Sweet Plums 400g,asda,1.47,0.368,plums,ASDA
JUST ESSENTIALS by ASDA Plums,Plums,asda,0.9,0.225,plums,ASDA
ASDA Tart & Sweet Plums 400g,Tart & Sweet Plums 400g,asda,2.48,0.62,plums,ASDA
ASDA 10 Party Breaded Halloumi Fries 170g,10 Party Breaded Halloumi Fries 170g,asda,2.48,1.459,halloumi,ASDA
Exceptional by ASDA Traditional Halloumi 225g,Traditional Halloumi 225g,asda,3.55,1.5779999999999998,halloumi,Exceptional
The BAKERY at ASDA The Bakery Wholemeal Medium Sliced 800g,The Bakery Wholemeal Medium Sliced 800g,asda,0.75,,wholemeal bread,The
The BAKERY at ASDA The Bakery Wholemeal Toastie Thick Sliced 800g,The Bakery Wholemeal Toastie Thick Sliced 800g,asda,0.75,,wholemeal bread,The
Warburtons The True Taste of Wholemeal 800g,Warburtons The True Taste of Wholemeal 800g,asda,1.35,0.1689999999999999,wholemeal bread,Warburtons
Kingsmill Tasty Wholemeal Bread Medium Sliced Loaf 800g,Kingsmill Tasty Wholemeal Bread Medium Sliced Loaf 800g,asda,1.23,0.154,wholemeal bread,Kingsmill
Exceptional by ASDA Wholemeal & Rye Farmhouse Loaf 800g,Wholemeal & Rye Farmhouse Loaf 800g,asda,1.47,0.184,wholemeal bread,Exceptional
ASDA Blue Stilton 220g,Blue Stilton 220g,asda,2.76,1.255,stilton,ASDA
Exceptional by ASDA Blue Stilton 200g,Blue Stilton 200g,asda,3.15,1.575,stilton,Exceptional
Jason's No 06 Majestic Malted Sourdough 450g,Jason's No 06 Majestic Malted Sourdough 450g,asda,2.13,0.473,sourdough bread,Jason's
Jason's No1 The Great White Sourdough 450g,Jason's No1 The Great White Sourdough 450g,asda,2.13,0.473,sourdough bread,Jason's
ASDA Easter White Potatoes 2kg,Easter White Potatoes 2kg,asda,0.3,,potatoes,ASDA
ASDA Organic White Potatoes 1.5kg,Organic White Potatoes 1.5kg,asda,1.77,0.118,potatoes,ASDA
Exceptional by ASDA British Potatoes 2kg,British Potatoes 2kg,asda,1.97,,potatoes,Exceptional
Exceptional by ASDA 4 British Baking Potatoes,4 British Baking Potatoes,asda,1.67,,potatoes,Exceptional
Albert Bartlett Sweet Potatoes,Albert Bartlett Sweet Potatoes,asda,1.78,,potatoes,Albert
ASDA Tender Chicken Breast Fillets 1kg,Tender Chicken Breast Fillets 1kg,asda,6.94,0.646,chicken breast,ASDA
ASDA Tender Diced Chicken Breast 400g,Tender Diced Chicken Breast 400g,asda,3.65,0.913,chicken breast,ASDA
ASDA Tender Chicken Breast Fillets 650g,Tender Chicken Breast Fillets 650g,asda,4.77,0.734,chicken breast,ASDA
ASDA Tender Chicken Breast Fillets 1.6kg,Tender Chicken Breast Fillets 1.6kg,asda,10.76,0.673,chicken breast,ASDA
ASDA Tender Chicken Breast Portions 320g,Tender Chicken Breast Portions 320g,asda,2.4,0.75,chicken breast,ASDA
ASDA 10 Dutch Gouda Sliced 250g,10 Dutch Gouda Sliced 250g,asda,4.5,0.98,gouda,ASDA
ASDA Gouda Nutty & Mellow 200g,Gouda Nutty & Mellow 200g,asda,1.96,0.98,gouda,ASDA
Mlekovita Gouda Cheese Slices 150g,Mlekovita Gouda Cheese Slices 150g,asda,1.8,1.2,gouda,Mlekovita
ASDA Creamy & Flavoursome Sweet Potatoes 1kg,Creamy & Flavoursome Sweet Potatoes 1kg,asda,1.24,0.124,sweet potatoes,ASDA
ASDA Seasoned Sweet Potato Fries 500g,Seasoned Sweet Potato Fries 500g,asda,2.18,0.436,sweet potatoes,ASDA
Albert Bartlett Sweet Potatoes,Albert Bartlett Sweet Potatoes,asda,1.78,,sweet potatoes,Albert
Albert Bartlett Sweet Potato Mash 300g,Albert Bartlett Sweet Potato Mash 300g,asda,2.5,0.4469999999999999,sweet potatoes,Albert
ASDA Smooth & Rich Red Potatoes 2kg,Smooth & Rich Red Potatoes 2kg,asda,1.55,,sweet potatoes,ASDA
Warburtons Warburtons Seeded Batch Bread 800G,Warburtons Warburtons Seeded Batch Bread 800G,asda,1.9,0.238,seeded bread,Warburtons
The BAKERY at ASDA The Bakery Seeded Thick Sliced 800g,The Bakery Seeded Thick Sliced 800g,asda,1.24,0.155,seeded bread,The
Warburtons Original Seeded Batch 400g,Warburtons Original Seeded Batch 400g,asda,1.18,0.295,seeded bread,Warburtons
ASDA Succulent Boneless Chicken Thigh Fillets 1kg,Succulent Boneless Chicken Thigh Fillets 1kg,asda,6.84,0.617,chicken thighs,ASDA
ASDA Succulent Chicken Thighs 2kg,Succulent Chicken Thighs 2kg,asda,5.43,0.272,chicken thighs,ASDA
ASDA Succulent Boneless Chicken Thigh Fillets 650g,Succulent Boneless Chicken Thigh Fillets 650g,asda,5.67,0.8720000000000001,chicken thighs,ASDA
ASDA Succulent Chicken Thighs 1.1kg,Succulent Chicken Thighs 1.1kg,asda,3.53,0.321,chicken thighs,ASDA
Shazans Chicken Thighs 1kg,Shazans Chicken Thighs 1kg,asda,4.33,0.433,chicken thighs,Shazans
Exceptional by ASDA British Baby Potatoes 1kg,British Baby Potatoes 1kg,asda,1.52,0.152,baby potatoes,Exceptional
ASDA Firm & Flavoursome Baby Potatoes 1kg,Firm & Flavoursome Baby Potatoes 1kg,asda,1.07,0.107,baby potatoes,ASDA
ASDA Organic Organic Baby Potatoes 750g,Organic Organic Baby Potatoes 750g,asda,1.32,0.176,baby potatoes,ASDA
Exceptional by ASDA British Baby Potatoes 500g,British Baby Potatoes 500g,asda,0.9,0.18,baby potatoes,Exceptional
Exceptional by ASDA Creamy Baby Potato Salad 275g,Creamy Baby Potato Salad 275g,asda,2.27,0.782,baby potatoes,Exceptional
ASDA Edam 220g,Edam 220g,asda,2.3,1.045,edam,ASDA
ASDA 10 Dutch Edam Slices 250g,10 Dutch Edam Slices 250g,asda,4.5,0.98,edam,ASDA
JUST ESSENTIALS by ASDA Grated Cheddar 500g,Grated Cheddar 500g,asda,2.99,0.5980000000000001,grated cheddar,ASDA
ASDA Grated Mature British Cheddar 250g,Grated Mature British Cheddar 250g,asda,4.5,0.98,grated cheddar,ASDA
ASDA Grated Mild British Cheddar 250g,Grated Mild British Cheddar 250g,asda,4.5,0.98,grated cheddar,ASDA
ASDA British Extra Mature Grated Cheddar 250g,British Extra Mature Grated Cheddar 250g,asda,4.5,0.98,grated cheddar,ASDA
Cathedral City Cathedral City Grated Mature Cheddar Cheese 180g,Cathedral City Cathedral City Grated Mature Cheddar Cheese 180g,asda,2.36,1.111,grated cheddar,Cathedral
ASDA Side for Two 2 Flame-Baked Plain Naan 320g,Side for Two 2 Flame-Baked Plain Naan 320g,asda,2.0,0.625,naan bread,ASDA
Patak's Plain Naan Breads x 2,Patak's Plain Naan Breads x 2,asda,1.54,0.7,naan bread,Patak's
ASDA Succulent Extra Tasty Large Chicken,Succulent Extra Tasty Large Chicken,asda,6.5,0.354,whole chicken,ASDA
ASDA Succulent Large Chicken 1.7kg,Succulent Large Chicken 1.7kg,asda,5.14,0.302,whole chicken,ASDA
ASDA Succulent Medium Chicken,Succulent Medium Chicken,asda,4.53,0.312,whole chicken,ASDA
ASDA Succulent Extra Tasty Small Chicken,Succulent Extra Tasty Small Chicken,asda,5.07,0.4059999999999999,whole chicken,ASDA
ASDA Succulent Extra Large Chicken (Typically 2.1KG),Succulent Extra Large Chicken (Typically 2.1KG),asda,6.43,0.282,whole chicken,ASDA
Mission Original Mini Tortilla Wraps 6 Pack,Mission Original Mini Tortilla Wraps 6 Pack,asda,1.03,,wraps tortilla,Mission
Mission Mission Chargrilled Tortilla Wraps 6 Pack,Mission Mission Chargrilled Tortilla Wraps 6 Pack,asda,1.4,,wraps tortilla,Mission
Mission Deli Mission Wheat & White Tortilla Wraps 6 Pack,Mission Deli Mission Wheat & White Tortilla Wraps 6 Pack,asda,1.4,,wraps tortilla,Mission
Old El Paso Regular Super Soft Flour Tortillas Wraps 8Pk 326G,Old El Paso Regular Super Soft Flour Tortillas Wraps 8Pk 326G,asda,3.0,0.491,wraps tortilla,Old
Mission Original XL Tortilla Wraps 6 Pack,Mission Original XL Tortilla Wraps 6 Pack,asda,1.66,,wraps tortilla,Mission
JUST ESSENTIALS by ASDA 10 Mild Cheddar Slices 200g,10 Mild Cheddar Slices 200g,asda,1.39,0.6950000000000001,cheese slices,ASDA
ASDA Succulent Chicken Drumsticks 1.1kg,Succulent Chicken Drumsticks 1.1kg,asda,2.42,0.22,chicken drumsticks,ASDA
ASDA Succulent Chicken Drumsticks 2kg,Succulent Chicken Drumsticks 2kg,asda,4.68,0.222,chicken drumsticks,ASDA
ASDA Roast Chicken Drumsticks 450g,Roast Chicken Drumsticks 450g,asda,3.3,0.733,chicken drumsticks,ASDA
ASDA Summer Grill by  Chinese Inspired Chicken Thighs & Drumsticks 700g,Summer Grill by  Chinese Inspired Chicken Thighs & Drumsticks 700g,asda,4.74,0.6769999999999999,chicken drumsticks,ASDA
ASDA Smoky BBQ Chicken Wings 525g,Smoky BBQ Chicken Wings 525g,asda,4.68,0.891,chicken drumsticks,ASDA
JUST ESSENTIALS by ASDA Chicken Wings 1.1kg,Chicken Wings 1.1kg,asda,2.41,0.219,chicken wings,ASDA
ASDA BBQ Chicken Wings 1kg,BBQ Chicken Wings 1kg,asda,3.92,0.392,chicken wings,ASDA
ASDA Hot & Spicy Chicken Wings 1kg,Hot & Spicy Chicken Wings 1kg,asda,3.92,0.392,chicken wings,ASDA
ASDA Smoky BBQ Chicken Wings 525g,Smoky BBQ Chicken Wings 525g,asda,4.68,0.891,chicken wings,ASDA
ASDA Buffalo Chicken Wings with Ranch Dip 525g,Buffalo Chicken Wings with Ranch Dip 525g,asda,4.68,0.883,chicken wings,ASDA
The BAKERY at ASDA The Bakery 9 Crumpets,The Bakery 9 Crumpets,asda,0.68,,crumpets,The
The BAKERY at ASDA 6 Crumpets,6 Crumpets,asda,0.48,,crumpets,The
Warburtons 9 Original Crumpets,Warburtons 9 Original Crumpets,asda,1.15,,crumpets,Warburtons
Warburtons 6 Original Crumpets,Warburtons 6 Original Crumpets,asda,0.9,,crumpets,Warburtons
HECK! HECK! Steak & Butter Gluten Free Beef Meatballs 12 pack 300g,HECK! HECK! Steak & Butter Gluten Free Beef Meatballs 12 pack 300g,asda,4.32,1.44,beef mince,HECK!
ASDA Beef & Pork Mince 750g,Beef & Pork Mince 750g,asda,4.88,0.651,beef mince,ASDA
ASDA Full-Flavoured 24 Beef Meatballs 672g,Full-Flavoured 24 Beef Meatballs 672g,asda,6.17,0.808,beef mince,ASDA
ASDA 15% Fat Beef Mince 500g,15% Fat Beef Mince 500g,asda,4.74,0.948,beef mince,ASDA
Exceptional by ASDA British Aberdeen Angus Lean Beef Mince 5% Fat,British Aberdeen Angus Lean Beef Mince 5% Fat,asda,6.27,1.254,lean beef mince,Exceptional
ASDA Sirloin Beef Steak 227g,Sirloin Beef Steak 227g,asda,5.33,2.348,sirloin steak,ASDA
Exceptional by ASDA Aberdeen Angus 8oz Sirloin Steak 227g,Aberdeen Angus 8oz Sirloin Steak 227g,asda,7.78,3.4270000000000005,sirloin steak,Exceptional
ASDA Sirloin Thin Cut 2 Beef Steaks,Sirloin Thin Cut 2 Beef Steaks,asda,9.28,2.994,sirloin steak,ASDA
ASDA Ribeye Beef Steak,Ribeye Beef Steak,asda,6.84,3.013,sirloin steak,ASDA
Exceptional by ASDA Aberdeen Angus 8oz Sirloin Steak with Wild Garlic & Parsley Butter,Aberdeen Angus 8oz Sirloin Steak with Wild Garlic & Parsley Butter,asda,7.41,3.0,sirloin steak,Exceptional
ASDA Ribeye Beef Steak,Ribeye Beef Steak,asda,6.84,3.013,ribeye steak,ASDA
Exceptional by ASDA Aberdeen Angus 8oz Ribeye Steak 227g,Aberdeen Angus 8oz Ribeye Steak 227g,asda,8.14,3.586,ribeye steak,Exceptional
Exceptional by ASDA Aberdeen Angus 8oz Sirloin Steak 227g,Aberdeen Angus 8oz Sirloin Steak 227g,asda,7.78,3.4270000000000005,ribeye steak,Exceptional
ASDA Sirloin Beef Steak 227g,Sirloin Beef Steak 227g,asda,5.33,2.348,ribeye steak,ASDA
Exceptional by ASDA Aberdeen Angus 8oz Sirloin Steak with Wild Garlic & Parsley Butter,Aberdeen Angus 8oz Sirloin Steak with Wild Garlic & Parsley Butter,asda,7.41,3.0,ribeye steak,Exceptional
ASDA Tender Lean Diced Beef 400g,Tender Lean Diced Beef 400g,asda,5.22,1.3050000000000002,beef stewing steak,ASDA
ASDA Tender Lean Diced Beef 700g,Tender Lean Diced Beef 700g,asda,8.86,1.266,beef stewing steak,ASDA
ASDA Tender Beef Braising Steak,Tender Beef Braising Steak,asda,5.12,1.28,beef stewing steak,ASDA
ASDA Tender Lean Diced Beef 250g,Tender Lean Diced Beef 250g,asda,3.97,1.588,beef stewing steak,ASDA
Exceptional by ASDA British Aberdeen Angus Diced Beef,British Aberdeen Angus Diced Beef,asda,6.06,1.731,beef stewing steak,Exceptional
ASDA Flavourful Lamb Mince 20% Fat 500g,Flavourful Lamb Mince 20% Fat 500g,asda,6.97,1.394,lamb mince,ASDA
ASDA Lamb Mince 400g,Lamb Mince 400g,asda,4.96,1.24,lamb mince,ASDA
ASDA Flavourful Lamb Mince 10% Fat 500g,Flavourful Lamb Mince 10% Fat 500g,asda,8.14,1.496,lamb mince,ASDA
ASDA 20 Delicious Garlic & Herb Lamb Mini Meatballs 340g,20 Delicious Garlic & Herb Lamb Mini Meatballs 340g,asda,3.97,1.168,lamb mince,ASDA
ASDA 5% Fat Beef Mince 400g,5% Fat Beef Mince 400g,asda,4.68,1.17,lamb mince,ASDA
ASDA 4 Tender Lamb Chops 300g,4 Tender Lamb Chops 300g,asda,5.97,1.99,lamb chops,ASDA
ASDA Tender Thin Cut Lamb Rump Steaks 200g,Tender Thin Cut Lamb Rump Steaks 200g,asda,3.74,1.66,lamb chops,ASDA
ASDA 2 Tender Lamb Leg Chops 320g,2 Tender Lamb Leg Chops 320g,asda,5.62,1.7559999999999998,lamb chops,ASDA
ASDA 2 Tender Lamb Rump Steaks 300g,2 Tender Lamb Rump Steaks 300g,asda,5.62,1.873,lamb chops,ASDA
ASDA Slow Cooked Lamb Shank with Mint Gravy 390g,Slow Cooked Lamb Shank with Mint Gravy 390g,asda,5.47,1.403,lamb chops,ASDA
ASDA Succulent Lean Pork Mince 5% Fat 500g,Succulent Lean Pork Mince 5% Fat 500g,asda,2.57,0.514,pork mince,ASDA
ASDA Flavourful 10% Fat Pork Mince 750g,Flavourful 10% Fat Pork Mince 750g,asda,3.97,0.529,pork mince,ASDA
JUST ESSENTIALS by ASDA Pork Mince 15% Fat 500g,Pork Mince 15% Fat 500g,asda,2.47,0.494,pork mince,ASDA
ASDA Beef & Pork Mince 750g,Beef & Pork Mince 750g,asda,4.88,0.651,pork mince,ASDA
ASDA Lamb Mince 400g,Lamb Mince 400g,asda,4.96,1.24,pork mince,ASDA
ASDA 3 Crunchy & Fragrant Brown Onions,3 Crunchy & Fragrant Brown Onions,asda,0.95,,brown onions,ASDA
ASDA Brown Onions 1kg,Brown Onions 1kg,asda,0.99,,brown onions,ASDA
ASDA Organic Brown Onions,Organic Brown Onions,asda,1.0,0.2,brown onions,ASDA
McCain Air Fryer Hash Brown Bites 600g,McCain Air Fryer Hash Brown Bites 600g,asda,2.24,0.373,brown onions,McCain
ASDA 3 Sweet & Crunchy Red Onions,3 Sweet & Crunchy Red Onions,asda,0.95,,red onions,ASDA
ASDA Sweet & Crunchy Sliced Red Onion 150g,Sweet & Crunchy Sliced Red Onion 150g,asda,0.6,0.4,red onions,ASDA
ASDA Sweet & Crunchy Red Onions 1kg,Sweet & Crunchy Red Onions 1kg,asda,0.98,,red onions,ASDA
ASDA Organic Organic Red Onions,Organic Organic Red Onions,asda,1.24,0.248,red onions,ASDA
ASDA Sliced Red Onion 650g,Sliced Red Onion 650g,asda,1.65,0.254,red onions,ASDA
ASDA Fragrant & Crunchy Spring Onions,Fragrant & Crunchy Spring Onions,asda,0.69,,spring onions,ASDA
ASDA Fragrant & Crunchy Spring Onions 125g,Fragrant & Crunchy Spring Onions 125g,asda,0.88,0.704,spring onions,ASDA
ASDA Fragrant & Punchy Jumbo Spring Onions,Fragrant & Punchy Jumbo Spring Onions,asda,0.97,,spring onions,ASDA
ASDA Organic Spring Onions,Organic Spring Onions,asda,1.05,,spring onions,ASDA
ASDA Garlic 5 Bulbs,Garlic 5 Bulbs,asda,2.1,,garlic,ASDA
Exceptional by ASDA Oak Smoked Garlic,Oak Smoked Garlic,asda,0.82,2.343,garlic,Exceptional
ASDA 4 Fragrant & Bold Garlic,4 Fragrant & Bold Garlic,asda,0.87,,garlic,ASDA
ASDA Garlic,Garlic,asda,0.47,,garlic,ASDA
ASDA Cook Garlic Granules 60g,Cook Garlic Granules 60g,asda,1.1,1.8329999999999995,garlic,ASDA
Twinings 20 Superblends Detox Lemon & Ginger with Burdock Root & Fennel 40g,Twinings 20 Superblends Detox Lemon & Ginger with Burdock Root & Fennel 40g,asda,3.49,8.725,ginger root,Twinings
ASDA Crunchy & Sweet Carrots 1kg,Crunchy & Sweet Carrots 1kg,asda,0.69,,carrots,ASDA
ASDA Crunchy & Sweet Carrots 500g,Crunchy & Sweet Carrots 500g,asda,0.55,0.11,carrots,ASDA
ASDA Sweet & Crunchy Sliced Carrots 300g,Sweet & Crunchy Sliced Carrots 300g,asda,0.6,0.2,carrots,ASDA
ASDA Sliced Carrots in Water 300g,Sliced Carrots in Water 300g,asda,0.5,0.313,carrots,ASDA
ASDA Sweet & Earthy Parsnips 500g,Sweet & Earthy Parsnips 500g,asda,0.74,0.148,parsnips,ASDA
JUST ESSENTIALS by ASDA Just Essentials Parsnips 500g,Just Essentials Parsnips 500g,asda,0.55,0.11,parsnips,ASDA
Ella's Kitchen Apples Carrots + Parsnips 6+ Months 120g,Ella's Kitchen Apples Carrots + Parsnips 6+ Months 120g,asda,1.26,1.05,parsnips,Ella's
Aunt Bessie's Honey Glazed Parsnips 500g,Aunt Bessie's Honey Glazed Parsnips 500g,asda,2.98,0.5,parsnips,Aunt
ASDA Tender & Crunchy Broccoli,Tender & Crunchy Broccoli,asda,0.79,0.219,broccoli,ASDA
ASDA Sweet & Crunchy Tenderstem Broccoli 160g,Sweet & Crunchy Tenderstem Broccoli 160g,asda,1.28,0.8,broccoli,ASDA
ASDA Earthy & Crisp Cauliflower & Broccoli Florets 400g,Earthy & Crisp Cauliflower & Broccoli Florets 400g,asda,1.37,0.343,broccoli,ASDA
ASDA Broccoli Florets 1kg,Broccoli Florets 1kg,asda,1.44,0.144,broccoli,ASDA
"ASDA Crisp & Colourful Carrots, Cauliflower & Broccoli 240g","Crisp & Colourful Carrots, Cauliflower & Broccoli 240g",asda,1.0,0.417,broccoli,ASDA
ASDA Light & Nutty Cauliflower,Light & Nutty Cauliflower,asda,1.19,,cauliflower,ASDA
ASDA Large Cauliflower,Large Cauliflower,asda,2.0,,cauliflower,ASDA
ASDA Cauliflower Florets 1kg,Cauliflower Florets 1kg,asda,1.54,0.154,cauliflower,ASDA
ASDA Light & Nutty Cauliflower Florets 250g,Light & Nutty Cauliflower Florets 250g,asda,1.0,0.4,cauliflower,ASDA
ASDA Earthy & Crisp Cauliflower & Broccoli Florets 400g,Earthy & Crisp Cauliflower & Broccoli Florets 400g,asda,1.37,0.343,cauliflower,ASDA
ASDA Whole Cucumber,Whole Cucumber,asda,0.99,,cucumber,ASDA
ASDA Cool & Crunchy Cucumber Portion,Cool & Crunchy Cucumber Portion,asda,0.68,,cucumber,ASDA
ASDA Organic Organic Cucumber,Organic Organic Cucumber,asda,1.14,,cucumber,ASDA
ASDA Butternut Squash (Typically 1.2KG),Butternut Squash (Typically 1.2KG),asda,1.42,0.118,butternut squash,ASDA
COOK by ASDA Butternut Squash Chunks 700g,COOK by ASDA Butternut Squash Chunks 700g,asda,2.1,0.3,butternut squash,COOK
Exceptional by ASDA Butternut Squash & Sage Girasoli 250g,Butternut Squash & Sage Girasoli 250g,asda,3.5,1.4,butternut squash,Exceptional
Heinz Curried Butternut Squash Soup 400g,Heinz Curried Butternut Squash Soup 400g,asda,5.0,0.41,butternut squash,Heinz
Yorkshire Provender Chicken & Lentil with Butternut Squash 560g,Yorkshire Provender Chicken & Lentil with Butternut Squash 560g,asda,3.44,0.614,butternut squash,Yorkshire
ASDA Fragrant & Juicy Sweet Vine Ripened Tomatoes 250g,Fragrant & Juicy Sweet Vine Ripened Tomatoes 250g,asda,0.98,0.392,vine tomatoes,ASDA
ASDA Crunchy & Fragrant Vine Ripened Tomatoes,Crunchy & Fragrant Vine Ripened Tomatoes,asda,1.37,,vine tomatoes,ASDA
Exceptional by ASDA Vine Ripened Tomatoes,Vine Ripened Tomatoes,asda,2.06,,vine tomatoes,Exceptional
Exceptional by ASDA Petite Plum Vine Tomatoes 220g,Petite Plum Vine Tomatoes 220g,asda,2.07,0.941,vine tomatoes,Exceptional
ASDA Crunchy & Juicy Cherry Tomatoes 300g,Crunchy & Juicy Cherry Tomatoes 300g,asda,0.99,0.3299999999999999,vine tomatoes,ASDA
ASDA Sweet & Juicy Cooked Beetroot 300g,Sweet & Juicy Cooked Beetroot 300g,asda,0.78,0.26,beetroot,ASDA
ASDA Sliced Beetroot in Vinegar 440g,Sliced Beetroot in Vinegar 440g,asda,1.35,0.472,beetroot,ASDA
ASDA Sliced Beetroot in Vinegar 710g,Sliced Beetroot in Vinegar 710g,asda,1.52,0.329,beetroot,ASDA
Baxters Crinkled Beetroot 340g,Baxters Crinkled Beetroot 340g,asda,1.77,0.77,beetroot,Baxters
ASDA Extra Special Extra Special Apple Balsamic Vinegar Infused Beetroot 175g,Extra Special Apple Balsamic Vinegar Infused Beetroot 175g,asda,1.08,0.617,beetroot,ASDA
Exceptional by ASDA Exceptional by  Basil Pesto 130g,Exceptional by  Basil Pesto 130g,asda,2.75,2.115,fresh basil,Exceptional
ASDA Sweet Tomato & Basil Sauce 350g,Sweet Tomato & Basil Sauce 350g,asda,1.9,0.5429999999999999,fresh basil,ASDA
"Exceptional by ASDA Burrata, Roasted Cherry Tomato & Basil Ravioli 250g","Burrata, Roasted Cherry Tomato & Basil Ravioli 250g",asda,3.5,1.4,fresh basil,Exceptional
Exceptional by ASDA Woodfired Margherita with Basil Pesto Pizza 475g,Woodfired Margherita with Basil Pesto Pizza 475g,asda,4.75,1.0,fresh basil,Exceptional
Exceptional by ASDA Woodfired Margherita with Basil Pesto Pizza 235g,Woodfired Margherita with Basil Pesto Pizza 235g,asda,3.25,1.383,fresh basil,Exceptional
ASDA Crunchy & Juicy Cherry Tomatoes 300g,Crunchy & Juicy Cherry Tomatoes 300g,asda,0.99,0.3299999999999999,cherry tomatoes,ASDA
JUST ESSENTIALS by ASDA Cherry Tomatoes 250g,Cherry Tomatoes 250g,asda,0.62,0.248,cherry tomatoes,ASDA
ASDA Fragrant & Juicy Sweet Vine Ripened Tomatoes 250g,Fragrant & Juicy Sweet Vine Ripened Tomatoes 250g,asda,0.98,0.392,cherry tomatoes,ASDA
Exceptional by ASDA Petite Plum Vine Tomatoes 220g,Petite Plum Vine Tomatoes 220g,asda,2.07,0.941,cherry tomatoes,Exceptional
Exceptional by ASDA Pomodorini Cherry Tomatoes 400g,Pomodorini Cherry Tomatoes 400g,asda,0.94,0.235,cherry tomatoes,Exceptional
ASDA Carrot & Coriander Soup 600g,Carrot & Coriander Soup 600g,asda,1.84,0.307,fresh coriander,ASDA
Cravendale Arla  Filtered Fresh Semi Skimmed Milk 2L Fresher for Longer,Cravendale Arla  Filtered Fresh Semi Skimmed Milk 2L Fresher for Longer,asda,2.5,0.125,fresh coriander,Cravendale
ASDA Mild & Tender Baby Spinach 180g,Mild & Tender Baby Spinach 180g,asda,1.08,0.6,baby spinach,ASDA
"ASDA Mild Beetroot, Baby Spinach & Baby Kale Salad 120g","Mild Beetroot, Baby Spinach & Baby Kale Salad 120g",asda,1.08,0.9,baby spinach,ASDA
"LITTLE ANGELS by ASDA by  Organic Sweet Potato, Red Lentil & Spinach Dhal 7m+ 130g","LITTLE ANGELS by ASDA by  Organic Sweet Potato, Red Lentil & Spinach Dhal 7m+ 130g",asda,0.72,0.554,baby spinach,LITTLE
ASDA Delicate & Peppery Baby Leaf & Rocket Salad 75g,Delicate & Peppery Baby Leaf & Rocket Salad 75g,asda,1.08,1.44,rocket salad,ASDA
ASDA Strong & Peppery Wild Rocket 60g,Strong & Peppery Wild Rocket 60g,asda,1.0,1.6670000000000005,rocket salad,ASDA
"ASDA Strong & Peppery Watercress, Spinach & Rocket 80g","Strong & Peppery Watercress, Spinach & Rocket 80g",asda,1.08,1.35,rocket salad,ASDA
Sensodyne Pronamel Pronamel Active Enamel Shield Fresh Mint Toothpaste 75ml,Sensodyne Pronamel Pronamel Active Enamel Shield Fresh Mint Toothpaste 75ml,asda,5.5,7.333,fresh mint,Sensodyne
"Corsodyl Medicated Antibacterial Mouthwash Fresh Mint, 300ml","Corsodyl Medicated Antibacterial Mouthwash Fresh Mint, 300ml",asda,5.23,1.743,fresh mint,Corsodyl
Tetley Herbal Fresh Mint Tea Bags x20,Tetley Herbal Fresh Mint Tea Bags x20,asda,1.56,4.875,fresh mint,Tetley
JUST ESSENTIALS by ASDA Just Essentials by  Fresh Mint Toothpaste 100ml,Just Essentials by  Fresh Mint Toothpaste 100ml,asda,0.47,0.47,fresh mint,ASDA
Colgate Total Active Prevention Fresh Mint Toothpaste 75ml,Colgate Total Active Prevention Fresh Mint Toothpaste 75ml,asda,2.5,3.3329999999999997,fresh mint,Colgate
ASDA Zesty 2 Lemon & Parsley Kiln Roasted Salmon Fillets 180g,Zesty 2 Lemon & Parsley Kiln Roasted Salmon Fillets 180g,asda,5.65,3.139,fresh parsley,ASDA
ASDA Tasty Garlic & Parsley Marinated King Prawns 150g,Tasty Garlic & Parsley Marinated King Prawns 150g,asda,3.75,2.5,fresh parsley,ASDA
ASDA Iceberg Lettuce,Iceberg Lettuce,asda,0.89,,iceberg lettuce,ASDA
ASDA Sweet & Crisp Shredded Iceberg Lettuce 130g,Sweet & Crisp Shredded Iceberg Lettuce 130g,asda,0.5,0.385,iceberg lettuce,ASDA
ASDA Iceberg Lettuce 200g,Iceberg Lettuce 200g,asda,0.64,0.32,iceberg lettuce,ASDA
ASDA Spaghetti 500g,Spaghetti 500g,asda,1.2,0.15,spaghetti,ASDA
ASDA Wholewheat Spaghetti 500g,Wholewheat Spaghetti 500g,asda,1.2,0.15,spaghetti,ASDA
Barilla Pasta Spaghetti 500g,Barilla Pasta Spaghetti 500g,asda,1.0,0.2,spaghetti,Barilla
Heinz Spaghetti 400g,Heinz Spaghetti 400g,asda,5.0,0.313,spaghetti,Heinz
ASDA Sweet & Crisp Romaine Lettuce Hearts,Sweet & Crisp Romaine Lettuce Hearts,asda,1.2,,romaine lettuce,ASDA
ASDA 2 Crisp & Crunchy Little Gem Lettuce,2 Crisp & Crunchy Little Gem Lettuce,asda,0.77,,romaine lettuce,ASDA
ASDA Mild & Tender Baby Button Mushrooms 200g,Mild & Tender Baby Button Mushrooms 200g,asda,1.14,0.5700000000000001,mushrooms,ASDA
ASDA Mild & Versatile White Mushrooms 400g,Mild & Versatile White Mushrooms 400g,asda,1.29,0.323,mushrooms,ASDA
ASDA Nutty & Earthy Chestnut Mushrooms 250g,Nutty & Earthy Chestnut Mushrooms 250g,asda,1.07,0.428,mushrooms,ASDA
Exceptional by ASDA British Shiitake Mushrooms 115g,British Shiitake Mushrooms 115g,asda,1.67,1.452,mushrooms,Exceptional
Exceptional by ASDA British Mixed Mushrooms 150g,British Mixed Mushrooms 150g,asda,1.77,1.1800000000000002,mushrooms,Exceptional
ASDA Penne 500g,Penne 500g,asda,1.2,0.1379999999999999,penne pasta,ASDA
ASDA Penne 1kg,Penne 1kg,asda,1.28,0.128,penne pasta,ASDA
ASDA Penne 3kg,Penne 3kg,asda,3.0,0.1,penne pasta,ASDA
ASDA Wholewheat Penne 500g,Wholewheat Penne 500g,asda,1.2,0.15,penne pasta,ASDA
ASDA Fusilli 1kg,Fusilli 1kg,asda,1.29,0.129,fusilli pasta,ASDA
ASDA Fusilli 500g,Fusilli 500g,asda,1.2,0.15,fusilli pasta,ASDA
ASDA Fusilli 3kg,Fusilli 3kg,asda,3.8,0.127,fusilli pasta,ASDA
ASDA Tricolore Fusilli 500g,Tricolore Fusilli 500g,asda,1.2,0.15,fusilli pasta,ASDA
Napolina Fusilli 500g,Napolina Fusilli 500g,asda,1.5,0.3,fusilli pasta,Napolina
JUST ESSENTIALS by ASDA 3 Mixed Peppers,3 Mixed Peppers,asda,1.79,,peppers mixed,ASDA
ASDA Crisp & Fragrant Sweet Peppers 3 Pack,Crisp & Fragrant Sweet Peppers 3 Pack,asda,2.1,,peppers mixed,ASDA
COOK by ASDA Cook Sliced Mixed Peppers 600g,COOK by ASDA Cook Sliced Mixed Peppers 600g,asda,1.6,0.267,peppers mixed,COOK
ASDA Warm & Fruity Mixed Chillies 60g,Warm & Fruity Mixed Chillies 60g,asda,0.53,0.883,peppers mixed,ASDA
Ben's Original Mixed Pepper Microwave Rice 220g,Ben's Original Mixed Pepper Microwave Rice 220g,asda,1.32,0.6,peppers mixed,Ben's
ASDA Tagliatelle 500g,Tagliatelle 500g,asda,1.2,0.15,tagliatelle,ASDA
ASDA Fresh Egg Tagliatelle 500g,Fresh Egg Tagliatelle 500g,asda,1.9,0.38,tagliatelle,ASDA
ASDA Ham & Mushroom Tagliatelle 400g,Ham & Mushroom Tagliatelle 400g,asda,8.5,0.8300000000000001,tagliatelle,ASDA
ASDA ASDA Chicken Tagliatelle 400g,Chicken Tagliatelle 400g,asda,8.5,0.8300000000000001,tagliatelle,ASDA
COOK by ASDA Cook Easy Red Chilli 95g,COOK by ASDA Cook Easy Red Chilli 95g,asda,1.55,1.632,red chillies,COOK
Very Lazy Chopped Red Chillies 190g,Very Lazy Chopped Red Chillies 190g,asda,1.94,0.8210000000000001,red chillies,Very
Tyrrells Sweet Chilli & Red Pepper Sharing Crisps 150g,Tyrrells Sweet Chilli & Red Pepper Sharing Crisps 150g,asda,2.5,1.167,red chillies,Tyrrells
ASDA Red Pepper & Chilli Houmous 200g,Red Pepper & Chilli Houmous 200g,asda,1.4,0.7,red chillies,ASDA
Rajah Red Chillies Crushed Spices 200g,Rajah Red Chillies Crushed Spices 200g,asda,3.0,1.5,red chillies,Rajah
ASDA Linguine 500g,Linguine 500g,asda,1.2,0.15,linguine,ASDA
ASDA Calorie Controlled Garlic Mushroom Linguine 380g,Calorie Controlled Garlic Mushroom Linguine 380g,asda,3.5,0.921,linguine,ASDA
ASDA Mild & Delicate Courgettes 330g,Mild & Delicate Courgettes 330g,asda,1.07,0.324,courgettes,ASDA
ASDA Courgettes (Typically 0.35KG),Courgettes (Typically 0.35KG),asda,0.78,0.222,courgettes,ASDA
ASDA Aubergine,Aubergine,asda,0.99,,aubergine,ASDA
Dolmio Lasagne Creamy White Pasta Sauce 440g,Dolmio Lasagne Creamy White Pasta Sauce 440g,asda,3.5,0.561,lasagne sheets,Dolmio
Dolmio Lasagne Red Tomato Pasta Sauce 450g,Dolmio Lasagne Red Tomato Pasta Sauce 450g,asda,3.5,0.549,lasagne sheets,Dolmio
ASDA Italian Inspired Lasagne Sheets 375g,Italian Inspired Lasagne Sheets 375g,asda,1.2,0.187,lasagne sheets,ASDA
ASDA Fresh Egg Lasagne Sheets 300g,Fresh Egg Lasagne Sheets 300g,asda,1.9,0.633,lasagne sheets,ASDA
Napolina Lasagne 375g,Napolina Lasagne 375g,asda,1.23,0.3279999999999999,lasagne sheets,Napolina
Tilda Pure Original Basmati Rice 1kg,Tilda Pure Original Basmati Rice 1kg,asda,4.88,0.4,basmati rice,Tilda
Ben's Original Basmati Microwave Rice 220g,Ben's Original Basmati Microwave Rice 220g,asda,0.97,0.441,basmati rice,Ben's
ASDA Basmati White Rice 1kg,Basmati White Rice 1kg,asda,1.85,0.185,basmati rice,ASDA
Salaam Basmati Rice 5kg,Salaam Basmati Rice 5kg,asda,11.0,0.22,basmati rice,Salaam
Trophy Basmati Rice 10kg,Trophy Basmati Rice 10kg,asda,20.0,0.2,basmati rice,Trophy
JUST ESSENTIALS by ASDA Green Beans 240g,Green Beans 240g,asda,0.93,0.388,green beans,ASDA
ASDA Whole Green Beans 750g,Whole Green Beans 750g,asda,1.08,0.144,green beans,ASDA
ASDA Cut Green Beans in Water 400g,Cut Green Beans in Water 400g,asda,1.26,0.615,green beans,ASDA
"ASDA Crisp & Colourful Broccoli, Carrots Baby Corn & Green Beans 240g","Crisp & Colourful Broccoli, Carrots Baby Corn & Green Beans 240g",asda,2.5,0.567,green beans,ASDA
ASDA 4 Sweet & Juicy Sweetcorn Cobettes,4 Sweet & Juicy Sweetcorn Cobettes,asda,1.37,,sweetcorn,ASDA
ASDA Sweet & Juicy Sweetcorn Twin Pack,Sweet & Juicy Sweetcorn Twin Pack,asda,1.37,,sweetcorn,ASDA
ASDA Sweetcorn in Water 198g,Sweetcorn in Water 198g,asda,0.5,0.316,sweetcorn,ASDA
Tilda Pure Original Basmati Rice 1kg,Tilda Pure Original Basmati Rice 1kg,asda,4.88,0.4,long grain rice,Tilda
ASDA Easy Cook Long Grain White Rice,Easy Cook Long Grain White Rice,asda,1.25,0.125,long grain rice,ASDA
ASDA Long Grain Micro Rice 250g,Long Grain Micro Rice 250g,asda,0.64,0.256,long grain rice,ASDA
ASDA Easy Cook Long Grain White Rice,Easy Cook Long Grain White Rice,asda,2.4,0.12,long grain rice,ASDA
ASDA Long Grain White Rice 500g,Long Grain White Rice 500g,asda,1.12,0.224,long grain rice,ASDA
McCain Naked Oven Chips Straight Cut 900g,McCain Naked Oven Chips Straight Cut 900g,asda,2.0,0.222,frozen chips oven,McCain
McCain Naked Oven Chips Straight Cut 1.7kg,McCain Naked Oven Chips Straight Cut 1.7kg,asda,3.7,0.218,frozen chips oven,McCain
McCain Home Chips Straight Cut 1kg,McCain Home Chips Straight Cut 1kg,asda,3.18,0.25,frozen chips oven,McCain
McCain Home Chips Crinkle Cut 1.6kg,McCain Home Chips Crinkle Cut 1.6kg,asda,4.28,0.231,frozen chips oven,McCain
ASDA Double Pepperoni Stonebaked Pizza by  309g,Double Pepperoni Stonebaked Pizza by  309g,asda,1.65,0.534,frozen pizza,ASDA
ASDA Four Cheese Stonebaked Pizza 315g,Four Cheese Stonebaked Pizza 315g,asda,1.65,0.524,frozen pizza,ASDA
ASDA BBQ Chicken Stonebaked Pizza 340g,BBQ Chicken Stonebaked Pizza 340g,asda,1.65,0.485,frozen pizza,ASDA
ASDA Sweet Chilli Chicken Stonebaked Pizza 340g,Sweet Chilli Chicken Stonebaked Pizza 340g,asda,1.65,0.485,frozen pizza,ASDA
ASDA Ham & Pineapple Stonebaked Pizza 335g,Ham & Pineapple Stonebaked Pizza 335g,asda,1.65,0.493,frozen pizza,ASDA
ASDA Tender & Nutty Asparagus 180g,Tender & Nutty Asparagus 180g,asda,1.65,0.917,asparagus,ASDA
Exceptional by ASDA Asparagus Tips 100g,Asparagus Tips 100g,asda,1.48,1.48,asparagus,Exceptional
ASDA Jasmine Micro Rice 250g,Jasmine Micro Rice 250g,asda,0.64,0.256,jasmine rice,ASDA
ASDA Thai Jasmine Rice 500g,Thai Jasmine Rice 500g,asda,1.76,0.352,jasmine rice,ASDA
Mai Thai AAA Jasmine Fragrant Rice 5kg,Mai Thai AAA Jasmine Fragrant Rice 5kg,asda,7.97,0.159,jasmine rice,Mai
Tilda Microwave Fragrant Jasmine Rice 250g,Tilda Microwave Fragrant Jasmine Rice 250g,asda,1.0,0.38,jasmine rice,Tilda
Tilda Fragrant Jasmine 500g,Tilda Fragrant Jasmine 500g,asda,2.0,0.4,jasmine rice,Tilda
ASDA Risotto Arborio Rice 500g,Risotto Arborio Rice 500g,asda,2.47,0.494,risotto rice,ASDA
Gallo Traditional Risotto Rice 500g,Gallo Traditional Risotto Rice 500g,asda,2.78,0.43,risotto rice,Gallo
ASDA Spanish Paella Rice 500g,Spanish Paella Rice 500g,asda,2.4,0.48,risotto rice,ASDA
ASDA Thai Jasmine Rice 500g,Thai Jasmine Rice 500g,asda,1.76,0.352,risotto rice,ASDA
ASDA Table Celery,Table Celery,asda,0.75,,celery,ASDA
ASDA Mild & Crunchy Celery Sticks 350g,Mild & Crunchy Celery Sticks 350g,asda,1.26,0.36,celery,ASDA
ASDA 10 Garlic Baguette Slices 260g,10 Garlic Baguette Slices 260g,asda,1.23,0.473,frozen garlic bread,ASDA
ASDA Party Breaded Garlic Mushrooms 400g,Party Breaded Garlic Mushrooms 400g,asda,2.6,0.65,frozen garlic bread,ASDA
Discover-In Garlic & Herb Chicken Grills 450g,Discover-In Garlic & Herb Chicken Grills 450g,asda,3.98,0.884,frozen garlic bread,Discover-In
Birds Eye 2 Garlic & Herb Chicken Kievs 204g,Birds Eye 2 Garlic & Herb Chicken Kievs 204g,asda,2.98,1.461,frozen garlic bread,Birds
ASDA Free From Free From Garlic Baguette 170g,Free From Free From Garlic Baguette 170g,asda,2.0,1.176,frozen garlic bread,ASDA
ASDA Soft & Savoury Free Range Egg Noodles 300g,Soft & Savoury Free Range Egg Noodles 300g,asda,2.5,0.357,egg noodles,ASDA
Blue Dragon Medium Egg Noodles 250g,Blue Dragon Medium Egg Noodles 250g,asda,1.33,0.532,egg noodles,Blue
ASDA Medium Egg Noodles 250g,Medium Egg Noodles 250g,asda,1.15,0.4599999999999999,egg noodles,ASDA
ASDA Soft & Savoury Free Range Egg Noodles 600g,Soft & Savoury Free Range Egg Noodles 600g,asda,1.52,0.253,egg noodles,ASDA
Sharwood's Medium Egg Noodles 226g,Sharwood's Medium Egg Noodles 226g,asda,1.6,0.553,egg noodles,Sharwood's
Carte D'Or Madagascan Vanilla Light Ice Cream Tub 900 ml,Carte D'Or Madagascan Vanilla Light Ice Cream Tub 900 ml,asda,3.74,0.2779999999999999,vanilla ice cream,Carte
ASDA Soft Scoop Vanilla Flavour Ice Cream 2 Litres,Soft Scoop Vanilla Flavour Ice Cream 2 Litres,asda,1.85,,vanilla ice cream,ASDA
ASDA Really Creamy Vanilla Ice Cream 900ml,Really Creamy Vanilla Ice Cream 900ml,asda,2.52,0.2799999999999999,vanilla ice cream,ASDA
Wall's Soft Scoop Vanilla Ice Cream Dessert Tub 1800ml,Wall's Soft Scoop Vanilla Ice Cream Dessert Tub 1800ml,asda,2.75,0.133,vanilla ice cream,Wall's
Carte D'Or Madagascan Vanilla Ice Cream Tub 900ml,Carte D'Or Madagascan Vanilla Ice Cream Tub 900ml,asda,3.74,0.2779999999999999,vanilla ice cream,Carte
ASDA Really Creamy Triple Chocolate Ice Cream 900ml,Really Creamy Triple Chocolate Ice Cream 900ml,asda,2.52,0.2799999999999999,chocolate ice cream,ASDA
ASDA Milk Chocolate Coated Ice Creams 3 x 110ml (330ml),Milk Chocolate Coated Ice Creams 3 x 110ml (330ml),asda,2.1,0.636,chocolate ice cream,ASDA
Carte D'Or Indulgent Chocolate Ice Cream Tub 900ml,Carte D'Or Indulgent Chocolate Ice Cream Tub 900ml,asda,3.74,0.2779999999999999,chocolate ice cream,Carte
Snickers Chocolate Peanut Ice Cream Bars 4pack (4 x 45.6g),Snickers Chocolate Peanut Ice Cream Bars 4pack (4 x 45.6g),asda,2.85,1.113,chocolate ice cream,Snickers
ASDA Chocolate Almond Coated Ice Creams 3 x 110ml (330ml),Chocolate Almond Coated Ice Creams 3 x 110ml (330ml),asda,2.1,0.636,chocolate ice cream,ASDA
Pot Noodle Chicken Fajita Instant Noodles 90 g,Pot Noodle Chicken Fajita Instant Noodles 90 g,asda,1.18,1.311,rice noodles,Pot
ASDA Rice Noodles 250g,Rice Noodles 250g,asda,1.15,0.4599999999999999,rice noodles,ASDA
ASDA Mild & Delicate Rice Noodles 225g,Mild & Delicate Rice Noodles 225g,asda,2.5,0.476,rice noodles,ASDA
Haribo Haribo Push-Up Strawberry & Vanilla Ice Cream Lollies 4 x 85ml,Haribo Haribo Push-Up Strawberry & Vanilla Ice Cream Lollies 4 x 85ml,asda,2.98,0.876,ice lollies,Haribo
Calippo Mini Orange and Lemon-Lime Ice Lollies 5 x 80ml,Calippo Mini Orange and Lemon-Lime Ice Lollies 5 x 80ml,asda,2.86,0.7150000000000001,ice lollies,Calippo
Calippo Mini Cola Ice Lollies 5 x 80ml,Calippo Mini Cola Ice Lollies 5 x 80ml,asda,2.47,0.618,ice lollies,Calippo
Solero Exotic Ice Cream Sticks 3 x 90ml,Solero Exotic Ice Cream Sticks 3 x 90ml,asda,2.74,1.015,ice lollies,Solero
ASDA Sweetcorn in Water 198g,Sweetcorn in Water 198g,asda,0.5,0.316,tinned sweetcorn,ASDA
ASDA Sweetcorn in Water 326g,Sweetcorn in Water 326g,asda,0.56,0.215,tinned sweetcorn,ASDA
JUST ESSENTIALS by ASDA Just Essentials Sweetcorn 326g,Just Essentials Sweetcorn 326g,asda,0.5,0.192,tinned sweetcorn,ASDA
John West Cracker Toppers Mayo & Sweetcorn Tuna 80g,John West Cracker Toppers Mayo & Sweetcorn Tuna 80g,asda,1.68,2.1,tinned sweetcorn,John
Rio Mare Insalatissime Sweetcorn Tuna Salad 160g,Rio Mare Insalatissime Sweetcorn Tuna Salad 160g,asda,1.7,1.0630000000000002,tinned sweetcorn,Rio
Heinz Baked Beans Pizza Flavour 390g,Heinz Baked Beans Pizza Flavour 390g,asda,5.0,0.359,baked beans,Heinz
Merchant Gourmet Gourmet Baked Beans 200g,Merchant Gourmet Gourmet Baked Beans 200g,asda,1.5,0.75,baked beans,Merchant
Merchant Gourmet Barbecue Baked Beans 200g,Merchant Gourmet Barbecue Baked Beans 200g,asda,1.5,0.75,baked beans,Merchant
Bold Bean Co Rich Tomato Baked Beans 390g,Bold Bean Co Rich Tomato Baked Beans 390g,asda,3.5,0.897,baked beans,Bold
Bold Bean Co Smoky Chilli Baked Beans 390g,Bold Bean Co Smoky Chilli Baked Beans 390g,asda,3.5,0.897,baked beans,Bold
Heinz Cream of Tomato Soup 6 x 400g,Heinz Cream of Tomato Soup 6 x 400g,asda,5.24,0.218,tinned soup,Heinz
Heinz Cream of Tomato Soup  4 x 400g,Heinz Cream of Tomato Soup  4 x 400g,asda,3.75,0.2339999999999999,tinned soup,Heinz
Heinz Cream of Chicken Soup 4 x 400g,Heinz Cream of Chicken Soup 4 x 400g,asda,3.75,0.2339999999999999,tinned soup,Heinz
Heinz Cream of Tomato Soup 400g,Heinz Cream of Tomato Soup 400g,asda,5.0,0.41,tinned soup,Heinz
Heinz Cream of Chicken Soup 290g,Heinz Cream of Chicken Soup 290g,asda,5.0,0.41,tinned soup,Heinz
Mutti Finely Chopped Tomatoes 4x400g,Mutti Finely Chopped Tomatoes 4x400g,asda,5.85,0.25,chopped tomatoes,Mutti
Napolina Chopped Tomatoes in a Rich Tomato Juice 4 x 400g,Napolina Chopped Tomatoes in a Rich Tomato Juice 4 x 400g,asda,3.5,0.219,chopped tomatoes,Napolina
Napolina Peeled Plum Tomatoes in a Rich Tomato Juice 4 x 400g,Napolina Peeled Plum Tomatoes in a Rich Tomato Juice 4 x 400g,asda,3.5,0.219,chopped tomatoes,Napolina
ASDA 30 Omega 3 Fish Fingers 900g,30 Omega 3 Fish Fingers 900g,asda,3.28,0.364,frozen fish fingers,ASDA
ASDA 10 Omega 3 Fish Fingers 300g,10 Omega 3 Fish Fingers 300g,asda,1.12,0.373,frozen fish fingers,ASDA
Birds Eye 10 Breaded Cod Fish Fingers 280g,Birds Eye 10 Breaded Cod Fish Fingers 280g,asda,4.48,1.3210000000000002,frozen fish fingers,Birds
JUST ESSENTIALS by ASDA Just Essentials by  10 Fish Fingers 250g,Just Essentials by  10 Fish Fingers 250g,asda,0.8,0.32,frozen fish fingers,ASDA
Birds Eye 32 Breaded Omega 3 Fish Fingers 896g,Birds Eye 32 Breaded Omega 3 Fish Fingers 896g,asda,5.0,0.558,frozen fish fingers,Birds
Alpro Barista Coconut Long Life Dairy Free Drink 1L,Alpro Barista Coconut Long Life Dairy Free Drink 1L,asda,2.1,0.21,coconut milk,Alpro
Alpro Coconut Long Life Dairy Free Drink 1L,Alpro Coconut Long Life Dairy Free Drink 1L,asda,2.07,0.207,coconut milk,Alpro
Alpro Coconut Original Chilled Dairy Free Drink 1L,Alpro Coconut Original Chilled Dairy Free Drink 1L,asda,2.07,0.207,coconut milk,Alpro
KTC Coconut Milk 400ml,KTC Coconut Milk 400ml,asda,1.57,0.393,coconut milk,KTC
Amoy Coconut Milk 400ml,Amoy Coconut Milk 400ml,asda,2.0,0.5,coconut milk,Amoy
Walkers Baked Sea Salt Multipack Snacks Crisps 6 x 22g,Walkers Baked Sea Salt Multipack Snacks Crisps 6 x 22g,asda,2.15,1.629,ready salted crisps,Walkers
Walkers Sensations Salt & Black Peppercorn Sharing Crisps 150g,Walkers Sensations Salt & Black Peppercorn Sharing Crisps 150g,asda,2.5,1.1,ready salted crisps,Walkers
Walkers Salt & Vinegar Multipack Crisps 6x25g,Walkers Salt & Vinegar Multipack Crisps 6x25g,asda,2.15,1.433,ready salted crisps,Walkers
Walkers Baked Salt & Vinegar Multipack Snacks Crisps 6 x 22g,Walkers Baked Salt & Vinegar Multipack Snacks Crisps 6 x 22g,asda,2.15,1.629,ready salted crisps,Walkers
ASDA Ready Salted Crisps 6 x 25g (150g),Ready Salted Crisps 6 x 25g (150g),asda,1.0,0.667,ready salted crisps,ASDA
Bold Bean Co Queen Chickpeas 570g,Bold Bean Co Queen Chickpeas 570g,asda,3.25,0.8130000000000001,chickpeas tinned,Bold
ASDA Organic Organic Chickpeas in Water 400g,Organic Organic Chickpeas in Water 400g,asda,1.24,0.517,chickpeas tinned,ASDA
Napolina Chickpeas in Water 240g,Napolina Chickpeas in Water 240g,asda,1.5,0.417,chickpeas tinned,Napolina
ASDA Chickpeas in Water 400g,Chickpeas in Water 400g,asda,0.54,0.225,chickpeas tinned,ASDA
ASDA Red Kidney Beans in Water 400g,Red Kidney Beans in Water 400g,asda,0.45,0.188,kidney beans tinned,ASDA
Napolina Red Kidney Beans in Water 400g,Napolina Red Kidney Beans in Water 400g,asda,1.5,0.417,kidney beans tinned,Napolina
ASDA Chilli Beans in Chilli Sauce 390g,Chilli Beans in Chilli Sauce 390g,asda,0.94,0.241,kidney beans tinned,ASDA
ASDA Organic Organic Red Kidney Beans in Water 400g,Organic Organic Red Kidney Beans in Water 400g,asda,1.24,0.517,kidney beans tinned,ASDA
Heinz Tomato Grana Padano Mascarpone Pasta Sauce 350G,Heinz Tomato Grana Padano Mascarpone Pasta Sauce 350G,asda,1.56,0.446,pasta sauce tomato,Heinz
ASDA Tomato & Garlic Pasta Sauce 500g,Tomato & Garlic Pasta Sauce 500g,asda,0.69,0.1379999999999999,pasta sauce tomato,ASDA
ASDA Creamy Tomato Pasta Bake 500g,Creamy Tomato Pasta Bake 500g,asda,0.69,0.1379999999999999,pasta sauce tomato,ASDA
ASDA Tomato & Basil Stir-In Sauce 190g,Tomato & Basil Stir-In Sauce 190g,asda,1.48,0.779,pasta sauce tomato,ASDA
ASDA Chunky Veg & Tomato Pasta Sauce 500g,Chunky Veg & Tomato Pasta Sauce 500g,asda,0.75,0.15,pasta sauce tomato,ASDA
Walkers Baked Cheese & Onion Multipack Snacks Crisps 6 x 22g,Walkers Baked Cheese & Onion Multipack Snacks Crisps 6 x 22g,asda,2.15,1.629,cheese onion crisps,Walkers
Walkers Sensations Mature Cheddar Cheese & Chilli Sharing Crisps 150g,Walkers Sensations Mature Cheddar Cheese & Chilli Sharing Crisps 150g,asda,2.5,1.1,cheese onion crisps,Walkers
"Walkers Crisps Picked Onion, 6x25g","Walkers Crisps Picked Onion, 6x25g",asda,2.15,1.433,cheese onion crisps,Walkers
Sensations Balsamic Vinegar & Caramelised Onion Sharing Crisps 150g,Sensations Balsamic Vinegar & Caramelised Onion Sharing Crisps 150g,asda,2.5,1.1,cheese onion crisps,Sensations
Walkers Baked Variety Multipack Snacks Crisps 6 x 22g,Walkers Baked Variety Multipack Snacks Crisps 6 x 22g,asda,2.15,1.629,cheese onion crisps,Walkers
Napolina Lentils in Water 400g,Napolina Lentils in Water 400g,asda,1.5,0.377,lentils tinned,Napolina
Walkers Salt & Vinegar Multipack Crisps 6x25g,Walkers Salt & Vinegar Multipack Crisps 6x25g,asda,2.15,1.433,salt vinegar crisps,Walkers
Walkers Salt & Vinegar Sharing Crisps 150g,Walkers Salt & Vinegar Sharing Crisps 150g,asda,1.35,0.9,salt vinegar crisps,Walkers
Sensations Balsamic Vinegar & Caramelised Onion Sharing Crisps 150g,Sensations Balsamic Vinegar & Caramelised Onion Sharing Crisps 150g,asda,2.5,1.1,salt vinegar crisps,Sensations
Walkers Baked Salt & Vinegar Multipack Snacks Crisps 6 x 22g,Walkers Baked Salt & Vinegar Multipack Snacks Crisps 6 x 22g,asda,2.15,1.629,salt vinegar crisps,Walkers
Doritos Zingy Salt & Vinegar Tortilla Chips Sharing Bag Crisps 180g,Doritos Zingy Salt & Vinegar Tortilla Chips Sharing Bag Crisps 180g,asda,2.5,0.972,salt vinegar crisps,Doritos
ASDA Green Pesto 190g,Green Pesto 190g,asda,0.99,0.521,pesto green,ASDA
ASDA Italian Inspired Green Pesto 190g,Italian Inspired Green Pesto 190g,asda,1.3,0.6839999999999999,pesto green,ASDA
ASDA Green Pesto Micro Pasta 200g,Green Pesto Micro Pasta 200g,asda,1.25,0.625,pesto green,ASDA
ASDA Free From Free From by  Green Pesto 190g,Free From Free From by  Green Pesto 190g,asda,1.05,0.553,pesto green,ASDA
Loyd Grossman Italian Green Pesto Alla Genovese 190g,Loyd Grossman Italian Green Pesto Alla Genovese 190g,asda,2.95,1.316,pesto green,Loyd
COOK by ASDA Tikka Masala Curry Paste 200g,COOK by ASDA Tikka Masala Curry Paste 200g,asda,2.23,1.115,curry paste tikka,COOK
Sharwood's Indian Tikka Masala Reduced Fat Curry Paste 280g,Sharwood's Indian Tikka Masala Reduced Fat Curry Paste 280g,asda,2.17,0.775,curry paste tikka,Sharwood's
Patak's Tikka Masala Curry Spice Paste 283g,Patak's Tikka Masala Curry Spice Paste 283g,asda,2.86,1.011,curry paste tikka,Patak's
Patak's Tikka Masala Paste Pots 2 x 70g,Patak's Tikka Masala Paste Pots 2 x 70g,asda,1.43,1.021,curry paste tikka,Patak's
The Spice Tailor Tikka Masala Indian Curry Sauce Meal Kit 300g,The Spice Tailor Tikka Masala Indian Curry Sauce Meal Kit 300g,asda,3.78,1.26,curry paste tikka,The
Doritos Cool Original Tortilla Chips Sharing Bag Crisps 180g,Doritos Cool Original Tortilla Chips Sharing Bag Crisps 180g,asda,2.5,1.389,tortilla chips,Doritos
Doritos Chilli Heatwave Tortilla Chips Sharing Bag Crisps 180g,Doritos Chilli Heatwave Tortilla Chips Sharing Bag Crisps 180g,asda,2.5,1.389,tortilla chips,Doritos
Doritos Tangy Cheese Tortilla Chips Sharing Bag Crisps 180g,Doritos Tangy Cheese Tortilla Chips Sharing Bag Crisps 180g,asda,2.5,1.389,tortilla chips,Doritos
Doritos Zingy Salt & Vinegar Tortilla Chips Sharing Bag Crisps 180g,Doritos Zingy Salt & Vinegar Tortilla Chips Sharing Bag Crisps 180g,asda,2.5,0.972,tortilla chips,Doritos
Doritos Cool Original Tortilla Chips Multipack Crisps 5x30g,Doritos Cool Original Tortilla Chips Multipack Crisps 5x30g,asda,2.15,1.167,tortilla chips,Doritos
ASDA Butter Beans in Water 400g,Butter Beans in Water 400g,asda,0.45,0.191,butter beans tinned,ASDA
Napolina Butter Beans in Water 400g,Napolina Butter Beans in Water 400g,asda,1.5,0.417,butter beans tinned,Napolina
Bold Bean Co Queen Butter Beans 570g,Bold Bean Co Queen Butter Beans 570g,asda,3.25,0.8130000000000001,butter beans tinned,Bold
ASDA Mixed Nut Selection 190g,Mixed Nut Selection 190g,asda,2.02,1.0630000000000002,mixed nuts,ASDA
ASDA Chopped Mixed Nuts 150g,Chopped Mixed Nuts 150g,asda,1.28,0.853,mixed nuts,ASDA
ASDA Roasted & Salted Mixed Nuts 200g,Roasted & Salted Mixed Nuts 200g,asda,2.25,1.125,mixed nuts,ASDA
ASDA Mixed Fruit 500g,Mixed Fruit 500g,asda,1.8,0.36,mixed nuts,ASDA
ASDA Mixed Fruit Snack Boxes 10 x 14g (140g),Mixed Fruit Snack Boxes 10 x 14g (140g),asda,1.1,0.714,mixed nuts,ASDA
ASDA Tuna Chunks in Spring Water 4 x 145g (580g),Tuna Chunks in Spring Water 4 x 145g (580g),asda,2.49,0.61,tinned tuna,ASDA
ASDA Tuna Chunks in Brine 4 x 145g (580g),Tuna Chunks in Brine 4 x 145g (580g),asda,2.49,0.61,tinned tuna,ASDA
John West Tuna Chunks in Spring Water 4x125g (102g drained),John West Tuna Chunks in Spring Water 4x125g (102g drained),asda,4.24,0.858,tinned tuna,John
John West Tuna Chunks in Sunflower Oil 4x125g (95g drained),John West Tuna Chunks in Sunflower Oil 4x125g (95g drained),asda,4.24,0.921,tinned tuna,John
ASDA Tuna Chunks in Spring Water 145g,Tuna Chunks in Spring Water 145g,asda,0.72,0.706,tinned tuna,ASDA
Patak's Korma Paste Pots 2 x 70g,Patak's Korma Paste Pots 2 x 70g,asda,1.43,1.021,curry paste korma,Patak's
Patak's Korma Curry Spice Paste 290g,Patak's Korma Curry Spice Paste 290g,asda,2.86,0.986,curry paste korma,Patak's
ASDA Korma Curry Paste 220g,Korma Curry Paste 220g,asda,2.34,1.064,curry paste korma,ASDA
Patak's Korma Curry Sauce 450g,Patak's Korma Curry Sauce 450g,asda,3.5,0.5269999999999999,curry paste korma,Patak's
Sharwood's Indian Korma Reduced Fat Curry Paste 280g,Sharwood's Indian Korma Reduced Fat Curry Paste 280g,asda,2.17,0.775,curry paste korma,Sharwood's
Butterkist Crunchy Toffee Popcorn 170g,Butterkist Crunchy Toffee Popcorn 170g,asda,1.94,1.029,popcorn,Butterkist
Butterkist Sweet & Salty Popcorn 100g,Butterkist Sweet & Salty Popcorn 100g,asda,1.35,1.35,popcorn,Butterkist
Sephra Sweet Popcorn 140g,Sephra Sweet Popcorn 140g,asda,2.5,1.786,popcorn,Sephra
Sephra Sweet & Salty Popcorn 140g,Sephra Sweet & Salty Popcorn 140g,asda,2.5,1.786,popcorn,Sephra
Butterkist Cookies & Cream Toffee Popcorn 155g,Butterkist Cookies & Cream Toffee Popcorn 155g,asda,1.94,1.129,popcorn,Butterkist
ASDA Sweet Chilli & Garlic Stir-Fry Sauce 120g,Sweet Chilli & Garlic Stir-Fry Sauce 120g,asda,0.67,0.558,stir fry sauce,ASDA
ASDA Chow Mein Stir-Fry Sauce 120g,Chow Mein Stir-Fry Sauce 120g,asda,0.65,0.542,stir fry sauce,ASDA
Blue Dragon Hoisin and Garlic Stir Fry Sauce 120g,Blue Dragon Hoisin and Garlic Stir Fry Sauce 120g,asda,1.4,0.792,stir fry sauce,Blue
Blue Dragon Blue Dragon Teriyaki Stir Fry Sauce 120g,Blue Dragon Blue Dragon Teriyaki Stir Fry Sauce 120g,asda,1.4,0.792,stir fry sauce,Blue
Blue Dragon Chow Mein Stir Fry Sauce 120g,Blue Dragon Chow Mein Stir Fry Sauce 120g,asda,1.4,0.792,stir fry sauce,Blue
Cadbury Dairy Milk Caramel Chocolate Bar 4 Pack Multipack 148g (4 x 37g),Cadbury Dairy Milk Caramel Chocolate Bar 4 Pack Multipack 148g (4 x 37g),asda,1.75,1.182,chocolate bar,Cadbury
Cadbury Dairy Milk Little Bars Chocolate Bar 4 Pack Multipack 72g (4 x 18g),Cadbury Dairy Milk Little Bars Chocolate Bar 4 Pack Multipack 72g (4 x 18g),asda,1.37,1.903,chocolate bar,Cadbury
Cadbury Dairy Milk Chocolate Bar 4 Pack Multipack 134g (4 x 33.5g),Cadbury Dairy Milk Chocolate Bar 4 Pack Multipack 134g (4 x 33.5g),asda,2.24,1.306,chocolate bar,Cadbury
Cadbury Crunchie Chocolate Bar 4 Pack Multipack 128g (4 x 32g),Cadbury Crunchie Chocolate Bar 4 Pack Multipack 128g (4 x 32g),asda,2.24,1.367,chocolate bar,Cadbury
Cadbury Dairy Milk Classic Chocolate Bar 180 g,Cadbury Dairy Milk Classic Chocolate Bar 180 g,asda,2.74,1.25,chocolate bar,Cadbury
Heinz Tomato Ketchup 700g,Heinz Tomato Ketchup 700g,asda,3.65,0.521,tomato ketchup,Heinz
Heinz Tomato Ketchup 460g,Heinz Tomato Ketchup 460g,asda,2.98,0.648,tomato ketchup,Heinz
Heinz Tomato Ketchup 910g,Heinz Tomato Ketchup 910g,asda,4.48,0.492,tomato ketchup,Heinz
Heinz 50% Less Sugar & Salt Tomato Ketchup 665g,Heinz 50% Less Sugar & Salt Tomato Ketchup 665g,asda,3.61,0.5429999999999999,tomato ketchup,Heinz
ASDA Classic Tomato Ketchup 970g,Classic Tomato Ketchup 970g,asda,1.35,0.1389999999999999,tomato ketchup,ASDA
Hellmann's Real Mayonnaise 600 g,Hellmann's Real Mayonnaise 600 g,asda,3.25,0.542,mayonnaise,Hellmann's
Hellmann's Mayonnaise Light 600 g,Hellmann's Mayonnaise Light 600 g,asda,3.25,0.542,mayonnaise,Hellmann's
Hellmann's Condiment Roasted Garlic Mayonnaise 250 ml,Hellmann's Condiment Roasted Garlic Mayonnaise 250 ml,asda,2.58,1.098,mayonnaise,Hellmann's
Hellmann's Condiment Chilli Charger Mayonnaise 250 ml,Hellmann's Condiment Chilli Charger Mayonnaise 250 ml,asda,2.68,1.072,mayonnaise,Hellmann's
Heinz Seriously Good Mayonnaise 775g,Heinz Seriously Good Mayonnaise 775g,asda,3.88,0.501,mayonnaise,Heinz
ASDA Digestive Biscuits 400g,Digestive Biscuits 400g,asda,0.65,0.1629999999999999,biscuits digestive,ASDA
"McVitie's Digestives The Original Biscuits Twin Pack 2 x 360g, 720g","McVitie's Digestives The Original Biscuits Twin Pack 2 x 360g, 720g",asda,3.18,0.442,biscuits digestive,McVitie's
McVitie's Digestives The Original Biscuits 360g,McVitie's Digestives The Original Biscuits 360g,asda,1.88,0.522,biscuits digestive,McVitie's
McVitie's Milk Chocolate Digestive Biscuits Twin Pack 2 x 266g,McVitie's Milk Chocolate Digestive Biscuits Twin Pack 2 x 266g,asda,3.48,0.654,biscuits digestive,McVitie's
Blue Riband Original Milk Chocolate Wafer Biscuit Bar 6 Pack Multipack 108g,Blue Riband Original Milk Chocolate Wafer Biscuit Bar 6 Pack Multipack 108g,asda,0.97,0.898,biscuits chocolate,Blue
ASDA Milk Chocolate Digestives 300g,Milk Chocolate Digestives 300g,asda,1.2,0.4,biscuits chocolate,ASDA
Toffee Crisp Milk Chocolate Biscuit Bar 7 Pack Multipack 130.9g,Toffee Crisp Milk Chocolate Biscuit Bar 7 Pack Multipack 130.9g,asda,1.34,1.024,biscuits chocolate,Toffee
Tunnock's Milk Chocolate Tea Cakes 6 x 24g,Tunnock's Milk Chocolate Tea Cakes 6 x 24g,asda,1.14,,biscuits chocolate,Tunnock's
ASDA Classic Brown Sauce 460g,Classic Brown Sauce 460g,asda,1.16,0.252,brown sauce,ASDA
HP Brown Sauce 450g,HP Brown Sauce 450g,asda,2.98,0.662,brown sauce,HP
ASDA Just Essentials Brown Sauce 460g,Brown Sauce 460g,asda,1.0,0.217,brown sauce,ASDA
HP Brown Sauce 285g,HP Brown Sauce 285g,asda,2.28,0.6950000000000001,brown sauce,HP
Daddies Favourite Brown Sauce 400g,Daddies Favourite Brown Sauce 400g,asda,1.98,0.495,brown sauce,Daddies
ASDA Dark Soy Sauce 150ml,Dark Soy Sauce 150ml,asda,0.55,0.367,soy sauce,ASDA
ASDA Light Soy Sauce 150ml,Light Soy Sauce 150ml,asda,0.55,0.367,soy sauce,ASDA
Blue Dragon Soy Light Sauce 375ml,Blue Dragon Soy Light Sauce 375ml,asda,3.0,0.544,soy sauce,Blue
Blue Dragon Soy Sauce 375ml,Blue Dragon Soy Sauce 375ml,asda,3.0,0.544,soy sauce,Blue
Amoy Dark Soy Sauce 150ml,Amoy Dark Soy Sauce 150ml,asda,2.0,0.987,soy sauce,Amoy
Fairy Original Washing Up Liquid Green with LiftAction 1015ML,Fairy Original Washing Up Liquid Green with LiftAction 1015ML,asda,2.84,0.257,washing up liquid,Fairy
Fairy MaxPower Liquid Antibacterial 660 ML,Fairy MaxPower Liquid Antibacterial 660 ML,asda,3.74,0.4549999999999999,washing up liquid,Fairy
Fairy Max Power Washing Up Liquid 660ML,Fairy Max Power Washing Up Liquid 660ML,asda,3.74,0.4549999999999999,washing up liquid,Fairy
Fairy Washing Up Liquid Pomegranate & Grapefruit 1015ML,Fairy Washing Up Liquid Pomegranate & Grapefruit 1015ML,asda,3.0,0.257,washing up liquid,Fairy
Fairy MaxPower Washing Up  Liquid 660 ML,Fairy MaxPower Washing Up  Liquid 660 ML,asda,3.74,0.4549999999999999,washing up liquid,Fairy
Lea & Perrins Lea and Perrins Worcester Sauce 290ml,Lea & Perrins Lea and Perrins Worcester Sauce 290ml,asda,3.28,1.131,worcestershire sauce,Lea
Lea & Perrins Lea and Perrins Worcester Sauce 150ml,Lea & Perrins Lea and Perrins Worcester Sauce 150ml,asda,2.28,1.3199999999999998,worcestershire sauce,Lea
Walkers Worcester Sauce Lea & Perrins  Multipack Crisps 6x25g,Walkers Worcester Sauce Lea & Perrins  Multipack Crisps 6x25g,asda,2.15,1.433,worcestershire sauce,Walkers
Walkers French Fries Worcester Sauce Multipack Snacks Crisps 6x18g,Walkers French Fries Worcester Sauce Multipack Snacks Crisps 6x18g,asda,2.15,1.991,worcestershire sauce,Walkers
Zoflora 70 Large Lemon Zing Antibacterial Multi-Surface Cleaning Wipes,Zoflora 70 Large Lemon Zing Antibacterial Multi-Surface Cleaning Wipes,asda,2.5,,surface cleaner antibacterial,Zoflora
Zoflora 70 Midnight Blooms Antibacterial Multi-Surface Cleaning Large Wipes,Zoflora 70 Midnight Blooms Antibacterial Multi-Surface Cleaning Large Wipes,asda,2.5,,surface cleaner antibacterial,Zoflora
ASDA Multi Surface Cleaning Spray 750ml,Multi Surface Cleaning Spray 750ml,asda,0.85,0.1129999999999999,surface cleaner antibacterial,ASDA
Zoflora Linen Fresh Multipurpose Disinfectant Cleaner 800ml,Zoflora Linen Fresh Multipurpose Disinfectant Cleaner 800ml,asda,2.24,0.2799999999999999,surface cleaner antibacterial,Zoflora
Astonish Pomegranate & Raspberry Antibacterial Surface Cleanser 750ml,Astonish Pomegranate & Raspberry Antibacterial Surface Cleanser 750ml,asda,1.0,0.133,surface cleaner antibacterial,Astonish
Surf 3 in 1 Tropical Lily Laundry Washing Detergent Capsules 29 washes,Surf 3 in 1 Tropical Lily Laundry Washing Detergent Capsules 29 washes,asda,5.5,0.844,washing capsules laundry,Surf
Surf 3 in 1 Tropical Lily Laundry Washing Detergent Capsules 39 washes,Surf 3 in 1 Tropical Lily Laundry Washing Detergent Capsules 39 washes,asda,6.25,0.882,washing capsules laundry,Surf
Encona West Indian Original Hot Pepper Sauce 220ml,Encona West Indian Original Hot Pepper Sauce 220ml,asda,1.68,0.764,hot sauce,Encona
Cholula Original Mexican Hot Sauce 150ml,Cholula Original Mexican Hot Sauce 150ml,asda,2.48,1.653,hot sauce,Cholula
Frank's RedHot Original Cayenne Pepper Hot Sauce 148ml,Frank's RedHot Original Cayenne Pepper Hot Sauce 148ml,asda,2.48,1.6760000000000002,hot sauce,Frank's
Encona Jamaican Scotch Bonnet Sauce 220ml,Encona Jamaican Scotch Bonnet Sauce 220ml,asda,1.68,0.764,hot sauce,Encona
Dunn's River Jamaican-Style Hot Sauce 85g,Dunn's River Jamaican-Style Hot Sauce 85g,asda,0.8,0.941,hot sauce,Dunn's
Comfort Fresh Fabric Conditioner Blue Skies 80 washes (2.4 L),Comfort Fresh Fabric Conditioner Blue Skies 80 washes (2.4 L),asda,4.74,0.19,fabric conditioner,Comfort
Comfort Fresh Fabric Conditioner Sunshiny Days 80 washes (2.4 L),Comfort Fresh Fabric Conditioner Sunshiny Days 80 washes (2.4 L),asda,4.74,0.19,fabric conditioner,Comfort
Lenor Fabric Conditioner 48 Washes,Lenor Fabric Conditioner 48 Washes,asda,3.98,0.202,fabric conditioner,Lenor
Comfort Fresh Fabric Conditioner Blue Skies 31 washes (930 ml),Comfort Fresh Fabric Conditioner Blue Skies 31 washes (930 ml),asda,1.74,0.187,fabric conditioner,Comfort
"Fairy Outdoorable Fabric Conditioner, 53 Washes, 742ml Cherry Blossom & Nordic Cotton","Fairy Outdoorable Fabric Conditioner, 53 Washes, 742ml Cherry Blossom & Nordic Cotton",asda,4.98,0.404,fabric conditioner,Fairy
Colman's Mustard Original English 100 g,Colman's Mustard Original English 100 g,asda,1.67,1.5,mustard,Colman's
Maille Mustard Dijon Original 215 g,Maille Mustard Dijon Original 215 g,asda,3.25,1.279,mustard,Maille
ASDA Wholegrain Mustard 165g,Wholegrain Mustard 165g,asda,0.4,0.242,mustard,ASDA
Maille Mustard Wholegrain 210 g,Maille Mustard Wholegrain 210 g,asda,3.25,1.31,mustard,Maille
Colman's Original Mustard Powder English 57 g,Colman's Original Mustard Powder English 57 g,asda,2.5,4.386,mustard,Colman's
ASDA Extra Virgin Olive Oil 1 Litre,Extra Virgin Olive Oil 1 Litre,asda,7.13,0.713,olive oil extra virgin,ASDA
Napolina Extra Virgin Olive Oil 250ml,Napolina Extra Virgin Olive Oil 250ml,asda,2.73,1.092,olive oil extra virgin,Napolina
Filippo Berio Extra Virgin Olive Oil 500ml,Filippo Berio Extra Virgin Olive Oil 500ml,asda,4.98,0.996,olive oil extra virgin,Filippo
Filippo Berio Extra Virgin Olive Oil 250ml,Filippo Berio Extra Virgin Olive Oil 250ml,asda,3.98,1.592,olive oil extra virgin,Filippo
Filippo Berio Extra Virgin Olive Oil 1Litre,Filippo Berio Extra Virgin Olive Oil 1Litre,asda,12.48,0.898,olive oil extra virgin,Filippo
Regina Absorb 4R Kitchen Roll,Regina Absorb 4R Kitchen Roll,asda,4.95,,kitchen roll,Regina
Regina Blitz Household Towel 3 Roll,Regina Blitz Household Towel 3 Roll,asda,6.64,,kitchen roll,Regina
Plenty Original Kitchen Roll 2 Rolls,Plenty Original Kitchen Roll 2 Rolls,asda,2.75,,kitchen roll,Plenty
ASDA Shades 2 Durable Kitchen Towels Rolls,Shades 2 Durable Kitchen Towels Rolls,asda,2.48,,kitchen roll,ASDA
Nicky Elite Toilet Tissue,Nicky Elite Toilet Tissue,asda,3.98,,toilet roll,Nicky
Regina Soft Bamboo 9R Toilet Tissue,Regina Soft Bamboo 9R Toilet Tissue,asda,3.98,,toilet roll,Regina
Regina Absorb 4R Kitchen Roll,Regina Absorb 4R Kitchen Roll,asda,4.95,,toilet roll,Regina
Andrex Family Soft Toilet Tissue 24 Rolls,Andrex Family Soft Toilet Tissue 24 Rolls,asda,11.16,,toilet roll,Andrex
Andrex Ultimate Quilts Toilet Tissue 9 Rolls,Andrex Ultimate Quilts Toilet Tissue 9 Rolls,asda,6.5,,toilet roll,Andrex
ASDA Vegetable Oil 1 Litre,Vegetable Oil 1 Litre,asda,1.6,0.16,vegetable oil,ASDA
ASDA Vegetable Oil 3 Litres,Vegetable Oil 3 Litres,asda,4.7,0.157,vegetable oil,ASDA
KTC Extended Life Vegetable Oil 5Litres,KTC Extended Life Vegetable Oil 5Litres,asda,7.5,0.15,vegetable oil,KTC
KTC Extended Life Vegetable Oil 1 Litre,KTC Extended Life Vegetable Oil 1 Litre,asda,2.52,0.252,vegetable oil,KTC
ASDA 20 Tie Top Bin Bags 75 Litres,20 Tie Top Bin Bags 75 Litres,asda,2.28,,bin bags,ASDA
ASDA 20 Drawstring Bin Bags 75 Litres,20 Drawstring Bin Bags 75 Litres,asda,2.54,,bin bags,ASDA
ASDA 10 Flat Top Wheelie Bin Liners 240 Litres,10 Flat Top Wheelie Bin Liners 240 Litres,asda,2.5,,bin bags,ASDA
ASDA 15 Extra Strong Tie Handle Bin Bags 75 Litres,15 Extra Strong Tie Handle Bin Bags 75 Litres,asda,2.98,,bin bags,ASDA
ASDA Sunflower Oil 1 Litre,Sunflower Oil 1 Litre,asda,1.6,0.16,sunflower oil,ASDA
KTC Pure Sunflower Oil 5 Litres,KTC Pure Sunflower Oil 5 Litres,asda,7.5,0.15,sunflower oil,KTC
ASDA Sunflower Oil 3 Litres,Sunflower Oil 3 Litres,asda,4.7,0.157,sunflower oil,ASDA
Flora Pure Sunflower Oil 1 Litre,Flora Pure Sunflower Oil 1 Litre,asda,3.48,0.348,sunflower oil,Flora
ASDA Sunflower Oil Spray 200ml,Sunflower Oil Spray 200ml,asda,1.71,0.8550000000000001,sunflower oil,ASDA
JUST ESSENTIALS by ASDA Just Essentials Plain Flour 1.5kg,Just Essentials Plain Flour 1.5kg,asda,0.7,,plain flour,ASDA
McDougalls Pre Sifted Plain Flour,McDougalls Pre Sifted Plain Flour,asda,1.88,0.1709999999999999,plain flour,McDougalls
Be-Ro Plain Flour 1.1kg,Be-Ro Plain Flour 1.1kg,asda,1.88,0.1709999999999999,plain flour,Be-Ro
BAKE by ASDA Bake by Plain Flour 1.5kg,BAKE by ASDA Bake by Plain Flour 1.5kg,asda,0.78,,plain flour,BAKE
ASDA Free From Free From by  Plain Flour 1kg,Free From Free From by  Plain Flour 1kg,asda,1.52,0.152,plain flour,ASDA
ASDA Non-PVC Cling Film 50 Metres,Non-PVC Cling Film 50 Metres,asda,1.96,,cling film,ASDA
Bacofoil Non-Stick Kitchen Foil with BacoLift Surface and Easy Cut System 30cm x 20m,Bacofoil Non-Stick Kitchen Foil with BacoLift Surface and Easy Cut System 30cm x 20m,asda,5.65,,tin foil,Bacofoil
ASDA Kitchen Foil 10 Metres,Kitchen Foil 10 Metres,asda,1.46,,tin foil,ASDA
ASDA Extra Strong Kitchen Foil 10 Metres,Extra Strong Kitchen Foil 10 Metres,asda,2.22,,tin foil,ASDA
ASDA Strong Kitchen Foil 20 Metres,Strong Kitchen Foil 20 Metres,asda,3.0,,tin foil,ASDA
Bacofoil The Original Kitchen Foil with Easy-Cut System 30cm x 10m,Bacofoil The Original Kitchen Foil with Easy-Cut System 30cm x 10m,asda,3.75,,tin foil,Bacofoil
McDougalls Pre-Sifted Self Raising Flour 1.1kg,McDougalls Pre-Sifted Self Raising Flour 1.1kg,asda,1.88,0.1709999999999999,self raising flour,McDougalls
ASDA Free From Free From by  Self Raising Flour 1kg,Free From Free From by  Self Raising Flour 1kg,asda,1.52,0.152,self raising flour,ASDA
Allinson's Self Raising Flour 1kg,Allinson's Self Raising Flour 1kg,asda,1.18,0.1,self raising flour,Allinson's
FREEE by Doves Farm FREEE Gluten Free Self Raising White Flour 1kg,FREEE by Doves Farm FREEE Gluten Free Self Raising White Flour 1kg,asda,1.84,0.184,self raising flour,FREEE
McDougalls Self Raising Flour 500g,McDougalls Self Raising Flour 500g,asda,1.34,0.268,self raising flour,McDougalls
Allinson Strong White Bread Flour 3kg,Allinson Strong White Bread Flour 3kg,asda,3.4,0.1129999999999999,bread flour,Allinson
Allinson Very Strong Wholemeal Bread Flour 1kg,Allinson Very Strong Wholemeal Bread Flour 1kg,asda,1.7,0.1699999999999999,bread flour,Allinson
Allinson Very Strong White Bread Flour 1kg,Allinson Very Strong White Bread Flour 1kg,asda,1.6,0.16,bread flour,Allinson
Africa's Finest Cassava Flour 1kg,Africa's Finest Cassava Flour 1kg,asda,2.98,0.298,bread flour,Africa's
Silver Spoon Caster Sugar 1kg,Silver Spoon Caster Sugar 1kg,asda,2.25,0.2,caster sugar,Silver
ASDA Caster Sugar 1kg,Caster Sugar 1kg,asda,1.56,0.156,caster sugar,ASDA
Billington's Golden Caster Natural Unrefined Cane Sugar 1kg,Billington's Golden Caster Natural Unrefined Cane Sugar 1kg,asda,2.7,0.27,caster sugar,Billington's
Silver Spoon Caster Sugar 1kg,Silver Spoon Caster Sugar 1kg,asda,2.25,0.2,brown sugar,Silver
ASDA Light Brown Sugar 500g,Light Brown Sugar 500g,asda,1.9,0.38,brown sugar,ASDA
ASDA Dark Brown Sugar 500g,Dark Brown Sugar 500g,asda,1.9,0.38,brown sugar,ASDA
ASDA Demerara Sugar 500g,Demerara Sugar 500g,asda,1.8,0.36,brown sugar,ASDA
Billington's Demerara Natural Unrefined Cane Sugar 1kg,Billington's Demerara Natural Unrefined Cane Sugar 1kg,asda,3.3,0.3299999999999999,brown sugar,Billington's
Silver Spoon Caster Sugar 1kg,Silver Spoon Caster Sugar 1kg,asda,2.25,0.2,icing sugar,Silver
BAKE by ASDA BAKE by ASDA Icing Sugar 500g,BAKE by ASDA BAKE by ASDA Icing Sugar 500g,asda,1.03,0.206,icing sugar,BAKE
Silver Spoon Icing Sugar 1kg,Silver Spoon Icing Sugar 1kg,asda,2.55,0.255,icing sugar,Silver
Silver Spoon British Icing Sugar 3kg,Silver Spoon British Icing Sugar 3kg,asda,6.62,0.221,icing sugar,Silver
Silver Spoon Icing Sugar 500g,Silver Spoon Icing Sugar 500g,asda,1.68,0.3,icing sugar,Silver
Rowse Runny Honey 340g,Rowse Runny Honey 340g,asda,2.88,0.735,honey,Rowse
Hilltop Blossom Honey 720g,Hilltop Blossom Honey 720g,asda,3.85,0.5349999999999999,honey,Hilltop
Rowse Runny Honey 680g,Rowse Runny Honey 680g,asda,3.67,0.54,honey,Rowse
ASDA Classic Runny Honey 720g,Classic Runny Honey 720g,asda,2.75,0.382,honey,ASDA
Rowse Runny Honey 250g,Rowse Runny Honey 250g,asda,1.78,0.712,honey,Rowse
Sanex Skin Therapy Anti-Itchiness & Anti-Irritation Shower Gel Body Wash 450ml,Sanex Skin Therapy Anti-Itchiness & Anti-Irritation Shower Gel Body Wash 450ml,asda,5.48,0.667,shower gel,Sanex
Radox Mineral Therapy Feel Nourished Shower Cream 450 ml,Radox Mineral Therapy Feel Nourished Shower Cream 450 ml,asda,4.0,0.364,shower gel,Radox
Sanex Skin Therapy Oily Skin Shower Gel Body Wash 450ml,Sanex Skin Therapy Oily Skin Shower Gel Body Wash 450ml,asda,5.48,0.667,shower gel,Sanex
Radox Mineral Therapy Feel Restored Shower Cream 450 ml,Radox Mineral Therapy Feel Restored Shower Cream 450 ml,asda,4.0,0.364,shower gel,Radox
Sensodyne Intensive Enamel Repair Whitening Toothpaste 75ml,Sensodyne Intensive Enamel Repair Whitening Toothpaste 75ml,asda,4.0,5.333,toothpaste,Sensodyne
Sensodyne Intensive Enamel Repair Toothpaste Extra Fresh 75ml,Sensodyne Intensive Enamel Repair Toothpaste Extra Fresh 75ml,asda,4.0,5.333,toothpaste,Sensodyne
Colgate Sensitive Instant Relief Repair + Multi-Protection Toothpaste 100ml,Colgate Sensitive Instant Relief Repair + Multi-Protection Toothpaste 100ml,asda,3.48,3.4799999999999995,toothpaste,Colgate
Head & Shoulders DermaXPro Soothing Comfort Anti Dandruff Shampoo 300ml with Aloe Vera,Head & Shoulders DermaXPro Soothing Comfort Anti Dandruff Shampoo 300ml with Aloe Vera,asda,5.98,1.333,shampoo,Head
Head & Shoulders DermaXPro Repairing Moisture Anti Dandruff Shampoo 300ml with Coconut Oil,Head & Shoulders DermaXPro Repairing Moisture Anti Dandruff Shampoo 300ml with Coconut Oil,asda,5.98,1.333,shampoo,Head
Head & Shoulders Classic Clean 2in1 Anti-Dandruff Shampoo and Conditioner 1000ml Pump,Head & Shoulders Classic Clean 2in1 Anti-Dandruff Shampoo and Conditioner 1000ml Pump,asda,8.99,0.899,shampoo,Head
Aussie 3 Minute Miracle Reconstructor Deep Conditioner 250ml. Hair Treatment for Dry Hair,Aussie 3 Minute Miracle Reconstructor Deep Conditioner 250ml. Hair Treatment for Dry Hair,asda,4.98,1.4,conditioner hair,Aussie
Palmolive Naturals Milk & Honey Liquid Handwash Soap 300ml,Palmolive Naturals Milk & Honey Liquid Handwash Soap 300ml,asda,1.48,0.333,hand soap,Palmolive
Palmolive Blushing Rose Scent Liquid Hand Wash Soap 300ml,Palmolive Blushing Rose Scent Liquid Hand Wash Soap 300ml,asda,1.48,0.333,hand soap,Palmolive
Palmolive Aquarium Liquid Handwash Soap 300ml,Palmolive Aquarium Liquid Handwash Soap 300ml,asda,1.48,0.333,hand soap,Palmolive
Palmolive Hygiene Plus Sensitive Antibacterial Hand Wash Soap 300ml,Palmolive Hygiene Plus Sensitive Antibacterial Hand Wash Soap 300ml,asda,1.48,0.333,hand soap,Palmolive
Baylis & Harding Goodness Rose & Geranium Natural Hand Wash 500ml,Baylis & Harding Goodness Rose & Geranium Natural Hand Wash 500ml,asda,3.98,0.596,hand soap,Baylis
Gillette Proglide 8 Razor Refill for Men,Gillette Proglide 8 Razor Refill for Men,asda,28.0,,razor blades,Gillette
Gillette ProGlide   Razor For Men,Gillette ProGlide   Razor For Men,asda,10.0,,razor blades,Gillette
Gillette Fusion5 8 Razor Refill for Men,Gillette Fusion5 8 Razor Refill for Men,asda,23.0,,razor blades,Gillette
Gillette Fusion5 Razor Refills For Men,Gillette Fusion5 Razor Refills For Men,asda,26.0,,razor blades,Gillette
Gillette UEFA Champions League Special Edition  Mach3 Razor Blades x12,Gillette UEFA Champions League Special Edition  Mach3 Razor Blades x12,asda,21.0,,razor blades,Gillette
ASDA Fruity Seedless Strawberry Jam 454g,Fruity Seedless Strawberry Jam 454g,asda,0.89,0.196,jam strawberry,ASDA
Hartley's Best Strawberry Seedless Jam 300g,Hartley's Best Strawberry Seedless Jam 300g,asda,1.61,0.333,jam strawberry,Hartley's
Bonne Maman Strawberry and Wild Strawberry Conserve 370g,Bonne Maman Strawberry and Wild Strawberry Conserve 370g,asda,2.88,0.778,jam strawberry,Bonne
ASDA Fruity Strawberry Jam 454g,Fruity Strawberry Jam 454g,asda,0.89,0.196,jam strawberry,ASDA
Hartley's Best Strawberry Jam 300g,Hartley's Best Strawberry Jam 300g,asda,1.61,0.333,jam strawberry,Hartley's
Meridian Protein Smooth Peanut Butter 700g,Meridian Protein Smooth Peanut Butter 700g,asda,5.7,0.8140000000000001,peanut butter,Meridian
Meridian Crunchy Peanut Butter Palm Oil Free 1Kg,Meridian Crunchy Peanut Butter Palm Oil Free 1Kg,asda,6.44,0.55,peanut butter,Meridian
Nutella Hazelnut Chocolate Spread Jar 630g,Nutella Hazelnut Chocolate Spread Jar 630g,asda,5.25,0.746,nutella,Nutella
Nutella Hazelnut Chocolate Spread Jar 1000g,Nutella Hazelnut Chocolate Spread Jar 1000g,asda,6.92,0.692,nutella,Nutella
Exceptional by ASDA Seville Orange Breakfast Marmalade 340g,Seville Orange Breakfast Marmalade 340g,asda,1.86,0.5469999999999999,marmalade,Exceptional
Exceptional by ASDA Exceptional by  Three Fruits Marmalade 340g,Exceptional by  Three Fruits Marmalade 340g,asda,1.86,0.5469999999999999,marmalade,Exceptional
Exceptional by ASDA Exceptional by  Thick Cut Dark Seville Orange Marmalade 340g,Exceptional by  Thick Cut Dark Seville Orange Marmalade 340g,asda,1.86,0.5469999999999999,marmalade,Exceptional
ASDA Thick Cut Orange Marmalade 454g,Thick Cut Orange Marmalade 454g,asda,1.02,0.225,marmalade,ASDA
Scott's Porage Original Porridge Oats 1kg,Scott's Porage Original Porridge Oats 1kg,asda,4.5,0.294,porridge oats,Scott's
Quaker British Porridge Rolled Oats 1kg,Quaker British Porridge Rolled Oats 1kg,asda,4.5,0.294,porridge oats,Quaker
Quaker Oat So Simple Original Big Pack Porridge Sachets 12x27g,Quaker Oat So Simple Original Big Pack Porridge Sachets 12x27g,asda,3.75,1.157,porridge oats,Quaker
Quaker Oat So Simple Golden Syrup Big Pack Porridge Sachets 20x36g,Quaker Oat So Simple Golden Syrup Big Pack Porridge Sachets 20x36g,asda,4.75,0.6599999999999999,porridge oats,Quaker
Quaker Oat So Simple Golden Syrup Porridge Sachets 10x36g,Quaker Oat So Simple Golden Syrup Porridge Sachets 10x36g,asda,3.75,1.042,porridge oats,Quaker
Jordans No Added Sugar Triple Nut Granola Breakfast Cereal 425g,Jordans No Added Sugar Triple Nut Granola Breakfast Cereal 425g,asda,3.58,0.706,granola,Jordans
Jordans Protein Boost Granola Chocolate & Hazelnut 400g,Jordans Protein Boost Granola Chocolate & Hazelnut 400g,asda,3.6,0.9,granola,Jordans
Jordans No Added Sugar Apple & Berry Granola Breakfast Cereal 425g,Jordans No Added Sugar Apple & Berry Granola Breakfast Cereal 425g,asda,3.58,0.706,granola,Jordans
Jordans Protein Boost Granola Red Berry 400g,Jordans Protein Boost Granola Red Berry 400g,asda,3.6,0.9,granola,Jordans
Weetabix Original 24 pack cereal,Weetabix Original 24 pack cereal,asda,3.48,,weetabix,Weetabix
Weetabix Crispy Minis Chocolate Chip 500g,Weetabix Crispy Minis Chocolate Chip 500g,asda,3.8,0.76,weetabix,Weetabix
Weetabix Crispy Minis Fruit & Nut 500g,Weetabix Crispy Minis Fruit & Nut 500g,asda,3.8,0.76,weetabix,Weetabix
Weetabix Crispy Minis Caramelised Biscuit 500g,Weetabix Crispy Minis Caramelised Biscuit 500g,asda,3.8,0.76,weetabix,Weetabix
Weetabix Original 72 pack cereal,Weetabix Original 72 pack cereal,asda,7.5,,weetabix,Weetabix
Kellogg's Rice Krispies Breakfast Cereal 660g,Kellogg's Rice Krispies Breakfast Cereal 660g,asda,4.0,0.53,rice krispies,Kellogg's
ASDA Rice Snaps 375g,Rice Snaps 375g,asda,0.95,0.253,rice krispies,ASDA
ASDA Orange Juice with Bits 1Litre,Orange Juice with Bits 1Litre,asda,2.0,0.2,orange juice,ASDA
ASDA Clementine Juice 1 Litre,Clementine Juice 1 Litre,asda,2.0,0.2,orange juice,ASDA
ASDA Smooth Orange Juice 1Litre,Smooth Orange Juice 1Litre,asda,2.0,0.2,orange juice,ASDA
Innocent innocent pure Orange Juice with Bits 900ml,Innocent innocent pure Orange Juice with Bits 900ml,asda,3.18,0.353,orange juice,Innocent
Innocent innocent pure Orange Juice Smooth 900ml,Innocent innocent pure Orange Juice Smooth 900ml,asda,3.18,0.353,orange juice,Innocent
ASDA Apple Juice 1 Litre,Apple Juice 1 Litre,asda,2.0,0.2,apple juice,ASDA
Innocent Apple Juice Family Size 1.35L,Innocent Apple Juice Family Size 1.35L,asda,4.08,0.257,apple juice,Innocent
Tropicana Orchard Apple Fruit Juice 1.5L,Tropicana Orchard Apple Fruit Juice 1.5L,asda,4.28,0.285,apple juice,Tropicana
ASDA Apple Juice from Concentrate 1 Litre,Apple Juice from Concentrate 1 Litre,asda,1.57,0.157,apple juice,ASDA
ASDA Apple Juice from Concentrate 150ml,Apple Juice from Concentrate 150ml,asda,1.02,0.227,apple juice,ASDA
Tetley Original Tea Bags 1.25kg,Tetley Original Tea Bags 1.25kg,asda,8.75,0.7,tea bags,Tetley
Taylors of Harrogate Yorkshire Tea 160 Tea Bags 500g,Taylors of Harrogate Yorkshire Tea 160 Tea Bags 500g,asda,6.17,1.234,tea bags,Taylors
ASDA Extra Strong 80 Tea Bags 232g,Extra Strong 80 Tea Bags 232g,asda,2.14,0.922,tea bags,ASDA
Taylors of Harrogate Yorkshire Tea 80 Tea Bags 250g,Taylors of Harrogate Yorkshire Tea 80 Tea Bags 250g,asda,3.74,1.2,tea bags,Taylors
Taylors of Harrogate Yorkshire Tea Decaf 160 Tea Bags 500g,Taylors of Harrogate Yorkshire Tea Decaf 160 Tea Bags 500g,asda,6.28,1.2,tea bags,Taylors
ASDA Gold Roasted Coffee 200g,Gold Roasted Coffee 200g,asda,2.65,1.325,instant coffee,ASDA
ASDA Extra Special Extra Special Colombian Instant Coffee 100g,Extra Special Colombian Instant Coffee 100g,asda,3.32,3.3200000000000003,instant coffee,ASDA
Exceptional by ASDA Brazilian Instant Coffee 100g,Brazilian Instant Coffee 100g,asda,3.32,3.3200000000000003,instant coffee,Exceptional
ASDA Rich Roasted Coffee Instant Granules 200g,Rich Roasted Coffee Instant Granules 200g,asda,2.34,1.17,instant coffee,ASDA
Nescafe Gold Blend Instant Coffee  95g,Nescafe Gold Blend Instant Coffee  95g,asda,4.0,4.0,instant coffee,Nescafe
ASDA Italian Style Roasted Ground 227g,Italian Style Roasted Ground 227g,asda,3.47,1.529,ground coffee,ASDA
Exceptional by Asda Ground Colombian Roast Coffee 227g,Ground Colombian Roast Coffee 227g,asda,3.98,1.753,ground coffee,Exceptional
ASDA French Style Roasted Ground 227g,French Style Roasted Ground 227g,asda,3.5,1.542,ground coffee,ASDA
Exceptional by Asda Javan Volcanic Island Roast Ground Coffee 227g,Javan Volcanic Island Roast Ground Coffee 227g,asda,3.98,1.753,ground coffee,Exceptional
Exceptional by Asda Ethiopian Mocha Limu Roast Coffee 227g,Ethiopian Mocha Limu Roast Coffee 227g,asda,3.98,1.753,ground coffee,Exceptional
Galaxy Instant Hot Chocolate 25g,Galaxy Instant Hot Chocolate 25g,asda,0.4,1.6,hot chocolate,Galaxy
Cadbury Drinking Hot Chocolate Cocoa Powder Tin 500g,Cadbury Drinking Hot Chocolate Cocoa Powder Tin 500g,asda,4.49,0.898,hot chocolate,Cadbury
Galaxy Instant Hot Chocolate 370g,Galaxy Instant Hot Chocolate 370g,asda,3.98,1.076,hot chocolate,Galaxy
ASDA Instant Hot Chocolate 400g,Instant Hot Chocolate 400g,asda,1.9,0.475,hot chocolate,ASDA
ASDA Light Instant Hot Chocolate 300g,Light Instant Hot Chocolate 300g,asda,2.78,0.927,hot chocolate,ASDA
Pepsi Max No Sugar Cola Cans 8 x 330ml,Pepsi Max No Sugar Cola Cans 8 x 330ml,asda,3.98,0.151,pepsi,Pepsi
Pepsi Cola Zero Sugar Strawberries 'N' Cream Flavour Cans 8 x 330ml,Pepsi Cola Zero Sugar Strawberries 'N' Cream Flavour Cans 8 x 330ml,asda,4.24,0.161,pepsi,Pepsi
Pepsi Cola Cans 8 x 330ml,Pepsi Cola Cans 8 x 330ml,asda,4.48,0.1699999999999999,pepsi,Pepsi
Pepsi Max Cherry No Sugar Cola Cans 8 x 330ml,Pepsi Max Cherry No Sugar Cola Cans 8 x 330ml,asda,3.5,0.133,pepsi,Pepsi
Pepsi Cola Zero Sugar Cream Soda Flavour Cans 8 x 330ml,Pepsi Cola Zero Sugar Cream Soda Flavour Cans 8 x 330ml,asda,4.24,0.161,pepsi,Pepsi
ASDA Diet Lemonade 2 Litres,Diet Lemonade 2 Litres,asda,0.8,,lemonade,ASDA
ASDA Classic Lemonade 2 Litres,Classic Lemonade 2 Litres,asda,0.8,,lemonade,ASDA
Schweppes Lemonade 2L Bottle,Schweppes Lemonade 2L Bottle,asda,1.38,,lemonade,Schweppes
San Pellegrino Sparkling Natural Mineral Water 6x500ml,San Pellegrino Sparkling Natural Mineral Water 6x500ml,asda,3.95,0.132,sparkling water,San
Evian Evian Sparkling Natural Mineral water 1L,Evian Evian Sparkling Natural Mineral water 1L,asda,1.43,0.143,sparkling water,Evian
ASDA Asda Sparkling Natural Mineral Water 12 x 500ml,Sparkling Natural Mineral Water 12 x 500ml,asda,2.92,,sparkling water,ASDA
ASDA Sparkling Natural Mineral Water 4 x 2 Litres,Sparkling Natural Mineral Water 4 x 2 Litres,asda,1.75,,sparkling water,ASDA
ASDA Sparkling Blueberry & Raspberry Flavour Water 1 Litre,Sparkling Blueberry & Raspberry Flavour Water 1 Litre,asda,0.77,,sparkling water,ASDA
Evian Natural Bottled Mineral Still Water Multipack 6x1.5L,Evian Natural Bottled Mineral Still Water Multipack 6x1.5L,asda,5.97,,still water,Evian
Evian Evian Natural Mineral Water 6 x 50cl,Evian Evian Natural Mineral Water 6 x 50cl,asda,3.23,0.108,still water,Evian
Volvic Touch of Fruit Strawberry Sugar Free Still Flavoured Water 1.5L,Volvic Touch of Fruit Strawberry Sugar Free Still Flavoured Water 1.5L,asda,1.34,,still water,Volvic
Evian Evian Natural Bottled Mineral Still Water 1.5L,Evian Evian Natural Bottled Mineral Still Water 1.5L,asda,1.45,,still water,Evian
ASDA Still Natural Mineral Water 12 x 500ml,Still Natural Mineral Water 12 x 500ml,asda,2.0,,still water,ASDA
ASDA Apple & Strawberry Squash 1.5 Litres,Apple & Strawberry Squash 1.5 Litres,asda,1.14,,squash cordial,ASDA
ASDA Quadruple Strength Apple & Blackcurrant Squash 1.5 Litres,Quadruple Strength Apple & Blackcurrant Squash 1.5 Litres,asda,1.84,0.123,squash cordial,ASDA
ASDA Apple Squash 1.5 Litres,Apple Squash 1.5 Litres,asda,1.14,,squash cordial,ASDA
"ASDA Fruity Mandarin, Lemon & Lime Squash 1 Litre","Fruity Mandarin, Lemon & Lime Squash 1 Litre",asda,1.3,0.13,squash cordial,ASDA
ASDA Fruity Mango & Raspberry Squash 1 Litre,Fruity Mango & Raspberry Squash 1 Litre,asda,1.3,0.13,squash cordial,ASDA
ASDA Garden Peas 1kg,Garden Peas 1kg,asda,1.56,0.156,frozen peas,ASDA
Birds Eye Garden Peas 375g,Birds Eye Garden Peas 375g,asda,1.72,0.4589999999999999,frozen peas,Birds
ASDA Sweetcorn 1kg,Sweetcorn 1kg,asda,1.68,0.1679999999999999,frozen sweetcorn,ASDA
"ASDA Steam Bags Carrot, Peas & Sweetcorn 4 x 160g (640g)","Steam Bags Carrot, Peas & Sweetcorn 4 x 160g (640g)",asda,2.12,0.331,frozen sweetcorn,ASDA
ASDA Mixed Vegetables 1kg,Mixed Vegetables 1kg,asda,1.15,0.1149999999999999,frozen mixed vegetables,ASDA
JUST ESSENTIALS by ASDA Just Essentials Mixed Vegetables 1kg,Just Essentials Mixed Vegetables 1kg,asda,0.99,,frozen mixed vegetables,ASDA
Birds Eye Country Mixed Vegetables 640g,Birds Eye Country Mixed Vegetables 640g,asda,2.98,0.466,frozen mixed vegetables,Birds
ASDA Shredded Mixed Cabbage 750g,Shredded Mixed Cabbage 750g,asda,1.52,0.2029999999999999,frozen mixed vegetables,ASDA
Birds Eye Select Mixed Vegetables 640g,Birds Eye Select Mixed Vegetables 640g,asda,2.98,0.466,frozen mixed vegetables,Birds
Morrisons British Whole Milk 4 Pint,British Whole Milk 4 Pint,morrisons,1.65,,whole milk,Morrisons
Morrisons Whole British Milk 4 Pints,Whole British Milk 4 Pints,morrisons,1.65,,whole milk,Morrisons
Morrisons British Whole Milk 2 Pint,British Whole Milk 2 Pint,morrisons,1.2,,whole milk,Morrisons
Morrisons Long Life British Whole Milk,Long Life British Whole Milk,morrisons,6.15,,whole milk,Morrisons
Morrisons Whole British Milk 1 Pint,Whole British Milk 1 Pint,morrisons,0.85,,whole milk,Morrisons
Morrisons British Semi Skimmed Milk 4 Pint,British Semi Skimmed Milk 4 Pint,morrisons,1.65,,semi skimmed milk,Morrisons
Morrisons Semi Skimmed British Milk 4 Pints,Semi Skimmed British Milk 4 Pints,morrisons,1.65,,semi skimmed milk,Morrisons
Morrisons British Semi Skimmed Milk  2 Pints,British Semi Skimmed Milk  2 Pints,morrisons,1.2,,semi skimmed milk,Morrisons
Morrisons Less Than 2% Fat Semi Skimmed Long Life Milk 6 x 1L,Less Than 2% Fat Semi Skimmed Long Life Milk 6 x 1L,morrisons,6.15,,semi skimmed milk,Morrisons
Morrisons British Semi Skimmed Milk 2 Pint,British Semi Skimmed Milk 2 Pint,morrisons,1.2,,semi skimmed milk,Morrisons
Morrisons Brown Onions   1kg,Brown Onions   1kg,morrisons,0.99,,brown onions,Morrisons
Morrisons Onions 3 pk,Onions 3 pk,morrisons,0.95,,brown onions,Morrisons
Morrisons Large Mild Brown Onions,Large Mild Brown Onions,morrisons,2.0,,brown onions,Morrisons
Morrisons Organic Brown Onions 500g,Organic Brown Onions 500g,morrisons,1.05,,brown onions,Morrisons
Morrisons British Skimmed Milk 4 Pint,British Skimmed Milk 4 Pint,morrisons,1.65,,skimmed milk,Morrisons
Morrisons British Skimmed Milk 2 Pint,British Skimmed Milk 2 Pint,morrisons,1.2,,skimmed milk,Morrisons
Morrisons British Skimmed Milk 2 Pints,British Skimmed Milk 2 Pints,morrisons,1.2,,skimmed milk,Morrisons
Morrisons British Skimmed Milk 4 Pints,British Skimmed Milk 4 Pints,morrisons,1.65,,skimmed milk,Morrisons
Morrisons Long Life British Skimmed Milk,Long Life British Skimmed Milk,morrisons,6.15,,skimmed milk,Morrisons
Morrisons The Butcher's On Market Street British Pork Loin Chops 400g,The Butcher's On Market Street British Pork Loin Chops 400g,morrisons,4.25,,pork chops,Morrisons
Morrisons British Pork Loin Steaks 400g,British Pork Loin Steaks 400g,morrisons,4.25,,pork chops,Morrisons
Morrisons The Best Hampshire Breed 2 Pork Chops,Hampshire Breed 2 Pork Chops,morrisons,5.0,,pork chops,Morrisons
Market Street British Pork Loin Steaks,British Pork Loin Steaks,morrisons,3.0,,pork chops,Market
Morrisons British Pork Loin Steaks 600g,British Pork Loin Steaks 600g,morrisons,5.9,,pork chops,Morrisons
Morrisons Red Onions 3 Pack,Red Onions 3 Pack,morrisons,0.95,,red onions,Morrisons
Morrisons Red Onions 1kg,Red Onions 1kg,morrisons,0.95,,red onions,Morrisons
Morrisons Sliced Red Onion,Sliced Red Onion,morrisons,1.65,,red onions,Morrisons
Morrisons Market Street Sliced Red Onions,Sliced Red Onions,morrisons,0.75,,red onions,Morrisons
Morrisons Onions 3 pk,Onions 3 pk,morrisons,0.95,,red onions,Morrisons
Califia Farms Oat Barista Chilled,Califia Farms Oat Barista Chilled,morrisons,1.5,,oat milk,Califia
Oatly Oat Drink Barista Edition Long Life 1L,Oatly Oat Drink Barista Edition Long Life 1L,morrisons,2.2,,oat milk,Oatly
Oatly Oat Drink Barista Edition Multi Pack 3x1.5L,Oatly Oat Drink Barista Edition Multi Pack 3x1.5L,morrisons,8.1,,oat milk,Oatly
Oatly Oat Drink Whole Long Life 1L,Oatly Oat Drink Whole Long Life 1L,morrisons,1.5,,oat milk,Oatly
Oatly Oat Drink Semi Long Life 1L,Oatly Oat Drink Semi Long Life 1L,morrisons,1.5,,oat milk,Oatly
Morrisons Salad Onions (minimum 100g),Salad Onions (minimum 100g),morrisons,0.69,,spring onions,Morrisons
Morrisons Jumbo Salad Onions   130g,Jumbo Salad Onions   130g,morrisons,1.0,,spring onions,Morrisons
Morrisons Spring Greens,Spring Greens,morrisons,0.9,,spring onions,Morrisons
Blue Dragon Oyster & Spring Onion Stir Fry Cooking Sauce Mild 120g,Blue Dragon Oyster & Spring Onion Stir Fry Cooking Sauce Mild 120g,morrisons,0.75,,spring onions,Blue
New York Bakery Co. Original Bagels 5 Pack,New York Bakery Co. Original Bagels 5 Pack,morrisons,1.35,,bagels,New
Warburtons Seeded Protein Thin Bagels,Warburtons Seeded Protein Thin Bagels,morrisons,1.4,,bagels,Warburtons
New York Bakery Co. Cinnamon & Raisin Bagels 5 Pack,New York Bakery Co. Cinnamon & Raisin Bagels 5 Pack,morrisons,1.35,,bagels,New
New York Bakery Co. Red Onion & Chive Bagels,New York Bakery Co. Red Onion & Chive Bagels,morrisons,1.35,,bagels,New
Morrisons 10 Pack Smoked Back Bacon Rashers 300g,10 Pack Smoked Back Bacon Rashers 300g,morrisons,1.49,,smoked bacon,Morrisons
Morrisons 16 Rashers Smoked Back Bacon 500g,16 Rashers Smoked Back Bacon 500g,morrisons,4.25,,smoked bacon,Morrisons
Morrisons 6 Pack Smoked Back Bacon Rashers 300g,6 Pack Smoked Back Bacon Rashers 300g,morrisons,1.49,,smoked bacon,Morrisons
Morrisons Smoked Lardons,Smoked Lardons,morrisons,2.75,,smoked bacon,Morrisons
Morrisons 8 Lean Smoked Bacon Medallions,8 Lean Smoked Bacon Medallions,morrisons,3.25,,smoked bacon,Morrisons
Alpro Almond No Sugars Chilled Drink 1L,Alpro Almond No Sugars Chilled Drink 1L,morrisons,2.2,,almond milk,Alpro
Morrisons Almond Unsweetened Uht,Almond Unsweetened Uht,morrisons,1.25,,almond milk,Morrisons
Plenish Organic Almond Milk,Plenish Organic Almond Milk,morrisons,2.25,,almond milk,Plenish
Blue Diamond Almonds Almond Breeze Unsweetened,Blue Diamond Almonds Almond Breeze Unsweetened,morrisons,1.9,,almond milk,Blue
Morrisons Oat Milk,Oat Milk,morrisons,1.5,,almond milk,Morrisons
Morrisons Garlic,Garlic,morrisons,0.87,,garlic,Morrisons
Very Lazy Chopped Garlic,Very Lazy Chopped Garlic,morrisons,1.75,,garlic,Very
Morrisons Organic Garlic 3 Pack,Organic Garlic 3 Pack,morrisons,1.0,,garlic,Morrisons
Morrisons Garlic Granules,Garlic Granules,morrisons,1.09,,garlic,Morrisons
Morrisons Chopped Garlic,Chopped Garlic,morrisons,1.5,,garlic,Morrisons
Morrisons 10 Pack Unsmoked Back Bacon Rashers 300g,10 Pack Unsmoked Back Bacon Rashers 300g,morrisons,1.49,,unsmoked bacon,Morrisons
Morrisons 16 Rashers Unsmoked Back Bacon 500g,16 Rashers Unsmoked Back Bacon 500g,morrisons,4.25,,unsmoked bacon,Morrisons
Morrisons 6 Pack Unsmoked Back Bacon Rashers 300g,6 Pack Unsmoked Back Bacon Rashers 300g,morrisons,1.49,,unsmoked bacon,Morrisons
Morrisons The Best 6 Unsmoked Thick Cut Back Bacon 240g,6 Unsmoked Thick Cut Back Bacon 240g,morrisons,3.5,,unsmoked bacon,Morrisons
Morrisons Lean Unsmoked Bacon Medallions,Lean Unsmoked Bacon Medallions,morrisons,3.25,,unsmoked bacon,Morrisons
Morrisons Croissants,Croissants,morrisons,1.8,,croissants,Morrisons
Morrisons The Best All Butter Croissants 4 Pack,All Butter Croissants 4 Pack,morrisons,2.4,,croissants,Morrisons
Morrisons Bake At Home 6 Croissants 348g,Bake At Home 6 Croissants 348g,morrisons,3.35,,croissants,Morrisons
Morrisons All Butter Croissants,All Butter Croissants,morrisons,2.25,,croissants,Morrisons
Pret 6 All Butter Croissants 330g,Pret 6 All Butter Croissants 330g,morrisons,4.15,,croissants,Pret
Lindahls Protein Cottage Cheese 175g,Lindahls Protein Cottage Cheese 175g,morrisons,1.25,,cottage cheese,Lindahls
Morrisons Low Fat Cottage Cheese,Low Fat Cottage Cheese,morrisons,1.6,,cottage cheese,Morrisons
Morrisons Natural Full Fat Cottage Cheese 300g,Natural Full Fat Cottage Cheese 300g,morrisons,1.6,,cottage cheese,Morrisons
Longley Farm Yorkshire Natural Cottage Cheese 250g,Longley Farm Yorkshire Natural Cottage Cheese 250g,morrisons,1.79,,cottage cheese,Longley
Morrisons Pineapple Cottage Cheese,Pineapple Cottage Cheese,morrisons,1.6,,cottage cheese,Morrisons
Morrisons Smoked Streaky Bacon 16 Rashers,Smoked Streaky Bacon 16 Rashers,morrisons,1.71,,streaky bacon,Morrisons
Spoilt Pig Dry Cured Smoked Streaky Bacon,Spoilt Pig Dry Cured Smoked Streaky Bacon,morrisons,2.5,,streaky bacon,Spoilt
Morrisons Unsmoked Streaky Bacon 16 Rashers,Unsmoked Streaky Bacon 16 Rashers,morrisons,1.71,,streaky bacon,Morrisons
Morrisons The Best Dry Cured Smoked Streaky Bacon,Dry Cured Smoked Streaky Bacon,morrisons,3.5,,streaky bacon,Morrisons
Morrisons The Best Dry Cured Unsmoked Streaky Bacon,Dry Cured Unsmoked Streaky Bacon,morrisons,3.5,,streaky bacon,Morrisons
Old Jamaica Ginger Beer,Old Jamaica Ginger Beer,morrisons,0.6,,ginger root,Old
Twinings Detox Lemon & Ginger With Burdock Root & Fennel 20 Bags,Twinings Detox Lemon & Ginger With Burdock Root & Fennel 20 Bags,morrisons,2.5,,ginger root,Twinings
Morrisons Ginger 125g,Ginger 125g,morrisons,1.55,,ginger root,Morrisons
Morrisons Ginger Nuts,Ginger Nuts,morrisons,0.59,,ginger root,Morrisons
Fentimans Natural Ginger Beer,Fentimans Natural Ginger Beer,morrisons,3.6,,ginger root,Fentimans
Arla LactoFREE Semi Skimmed Milk Drink,Arla LactoFREE Semi Skimmed Milk Drink,morrisons,1.5,,lactose free milk,Arla
Arla LactoFREE Whole Milk Drink,Arla LactoFREE Whole Milk Drink,morrisons,1.5,,lactose free milk,Arla
Morrisons Lactose Free Semi Skimmed Milk 1L,Lactose Free Semi Skimmed Milk 1L,morrisons,1.35,,lactose free milk,Morrisons
Morrisons Lactose Free Whole Milk,Lactose Free Whole Milk,morrisons,1.35,,lactose free milk,Morrisons
Morrisons Lactose Free Skimmed Milk,Lactose Free Skimmed Milk,morrisons,1.35,,lactose free milk,Morrisons
Morrisons The Best 4 Brioche Buns,4 Brioche Buns,morrisons,1.45,,burger buns,Morrisons
St Pierre 6 Brioche Buns,St Pierre 6 Brioche Buns,morrisons,2.25,,burger buns,St
St. Pierre 4 Seeded Brioche Burger Buns,St. Pierre 4 Seeded Brioche Burger Buns,morrisons,2.9,,burger buns,St.
Baker Street Seeded Burger Buns 6 Pack,Baker Street Seeded Burger Buns 6 Pack,morrisons,1.65,,burger buns,Baker
Morrisons Large Free Range Eggs   12 Pack,Large Free Range Eggs   12 Pack,morrisons,3.3,,free range eggs,Morrisons
Morrisons Large Free Range Eggs   6 Pack,Large Free Range Eggs   6 Pack,morrisons,2.1,,free range eggs,Morrisons
Morrisons The Best 6 White Golden Yolk Free Range Eggs,6 White Golden Yolk Free Range Eggs,morrisons,2.9,,free range eggs,Morrisons
Morrisons Medium Free Range Eggs 12 Pack,Medium Free Range Eggs 12 Pack,morrisons,2.85,,free range eggs,Morrisons
Morrisons Medium Free Range Eggs   6 Pack,Medium Free Range Eggs   6 Pack,morrisons,1.75,,free range eggs,Morrisons
Morrisons The Best 4 Brioche Buns,4 Brioche Buns,morrisons,1.45,,brioche,Morrisons
St Pierre 6 Brioche Buns,St Pierre 6 Brioche Buns,morrisons,2.25,,brioche,St
St Pierre Brioche Loaf,St Pierre Brioche Loaf,morrisons,3.65,,brioche,St
Morrisons Choc Chip Brioche Rolls,Choc Chip Brioche Rolls,morrisons,1.7,,brioche,Morrisons
Morrisons Carrots   1kg,Carrots   1kg,morrisons,0.69,,carrots,Morrisons
Morrisons Carrots  500g,Carrots  500g,morrisons,0.55,,carrots,Morrisons
Morrisons Wonky Carrots 1.45kg,Wonky Carrots 1.45kg,morrisons,0.76,,carrots,Morrisons
Morrisons Chantenay Carrots,Chantenay Carrots,morrisons,1.3,,carrots,Morrisons
Morrisons The Best 6 Thick Pork Sausages 400g,6 Thick Pork Sausages 400g,morrisons,3.25,,pork sausages,Morrisons
Richmond 12 Thick Pork Sausages 615g,Richmond 12 Thick Pork Sausages 615g,morrisons,2.0,,pork sausages,Richmond
Morrisons  Butcher's Style 8 Pork Sausages 454g,Butcher's Style 8 Pork Sausages 454g,morrisons,2.25,,pork sausages,Morrisons
The Best Signature Collection 4 Ultimate Pork Sausages 360g,The Best Signature Collection 4 Ultimate Pork Sausages 360g,morrisons,4.0,,pork sausages,Morrisons
Morrisons The Best 16 Thick Pork Sausages 1kg,16 Thick Pork Sausages 1kg,morrisons,6.0,,pork sausages,Morrisons
Morrisons Medium Free Range Eggs 12 Pack,Medium Free Range Eggs 12 Pack,morrisons,2.85,,medium eggs,Morrisons
Morrisons Medium Free Range Eggs   6 Pack,Medium Free Range Eggs   6 Pack,morrisons,1.75,,medium eggs,Morrisons
Morrisons Large Free Range Eggs   12 Pack,Large Free Range Eggs   12 Pack,morrisons,3.3,,medium eggs,Morrisons
Chuckle Medium Free Range Eggs For Farmers,Chuckle Medium Free Range Eggs For Farmers,morrisons,3.25,,medium eggs,Chuckle
Chuckle  Medium Free Range Eggs For Farmers,Chuckle  Medium Free Range Eggs For Farmers,morrisons,1.95,,medium eggs,Chuckle
Morrisons British Salted Butter   250g,British Salted Butter   250g,morrisons,1.99,,salted butter,Morrisons
Anchor Butter 500g,Anchor Butter 500g,morrisons,4.0,,salted butter,Anchor
Lurpak Slightly Salted Butter 200g,Lurpak Slightly Salted Butter 200g,morrisons,1.95,,salted butter,Lurpak
Kerrygold Salted Pure Irish Butter 200g,Kerrygold Salted Pure Irish Butter 200g,morrisons,2.25,,salted butter,Kerrygold
Morrisons The Best West Country Butter,West Country Butter,morrisons,2.9,,salted butter,Morrisons
Heck Simply Chicken Sausages,Heck Simply Chicken Sausages,morrisons,2.75,,chicken sausages,Heck
HECK! Chicken Italia Gluten Free Sausage Rashers 6 Pack 300g,HECK! Chicken Italia Gluten Free Sausage Rashers 6 Pack 300g,morrisons,2.5,,chicken sausages,HECK!
Morrisons 25 Chicken Cocktail Sausages,25 Chicken Cocktail Sausages,morrisons,2.25,,chicken sausages,Morrisons
Heck Chicken Italia Sausage,Heck Chicken Italia Sausage,morrisons,3.2,,chicken sausages,Heck
Richmond 8 Roast Chicken Sausages 410g,Richmond 8 Roast Chicken Sausages 410g,morrisons,2.5,,chicken sausages,Richmond
Morrisons Unsalted British Butter   250g,Unsalted British Butter   250g,morrisons,1.99,,unsalted butter,Morrisons
Lurpak Unsalted Butter,Lurpak Unsalted Butter,morrisons,1.95,,unsalted butter,Lurpak
Kerrygold Pure Irish Butter Unsalted 200g,Kerrygold Pure Irish Butter Unsalted 200g,morrisons,2.25,,unsalted butter,Kerrygold
Elmlea Creamy & Buttery Blend Unsalted Block   250g,Elmlea Creamy & Buttery Blend Unsalted Block   250g,morrisons,1.5,,unsalted butter,Elmlea
Country Life Unsalted Butter   200g,Country Life Unsalted Butter   200g,morrisons,2.7,,unsalted butter,Country
Morrisons Parsnips 500g,Parsnips 500g,morrisons,0.74,,parsnips,Morrisons
Morrisons Wonky Parsnips 500g,Wonky Parsnips 500g,morrisons,0.55,,parsnips,Morrisons
Aunt Bessie's Honey Glazed Parsnips 500g,Aunt Bessie's Honey Glazed Parsnips 500g,morrisons,2.5,,parsnips,Aunt
Morrisons Roasting Parsnips,Roasting Parsnips,morrisons,2.5,,parsnips,Morrisons
Fyffes Loose Bananas,Fyffes Loose Bananas,morrisons,0.17,,bananas,Fyffes
Freshlay Golden Yolker 10 Mixed Weight Eggs,Freshlay Golden Yolker 10 Mixed Weight Eggs,morrisons,3.8,,organic eggs,Freshlay
Purely Organic 10 Mixed Size Eggs,Purely Organic 10 Mixed Size Eggs,morrisons,5.2,,organic eggs,Purely
Morrisons Organic 6 Mixed Size British Egg Selection,Organic 6 Mixed Size British Egg Selection,morrisons,2.8,,organic eggs,Morrisons
Morrisons The Best 6 White Golden Yolk Free Range Eggs,6 White Golden Yolk Free Range Eggs,morrisons,2.9,,organic eggs,Morrisons
Clarence Court Assorted Cotswold Legbar Eggs 6 pack,Clarence Court Assorted Cotswold Legbar Eggs 6 pack,morrisons,3.2,,organic eggs,Clarence
Morrisons Cooking Chorizo,Cooking Chorizo,morrisons,3.75,,chorizo,Morrisons
Morrisons Spanish Chorizo Ring 200g,Spanish Chorizo Ring 200g,morrisons,2.5,,chorizo,Morrisons
Morrisons Diced Spanish Chorizo,Diced Spanish Chorizo,morrisons,2.69,,chorizo,Morrisons
Morrisons Spicy Spanish Chorizo Ring,Spicy Spanish Chorizo Ring,morrisons,2.5,,chorizo,Morrisons
Elpozo Chorizo Ring   200g,Elpozo Chorizo Ring   200g,morrisons,4.25,,chorizo,Elpozo
Fage Total 5% Fat Strained Yoghurt,Fage Total 5% Fat Strained Yoghurt,morrisons,2.95,,greek yoghurt,Fage
Morrisons The Best Authentic Luxury Greek Yogurt 1kg,Authentic Luxury Greek Yogurt 1kg,morrisons,4.0,,greek yoghurt,Morrisons
Morrisons Greek Style Yogurt  1kg,Greek Style Yogurt  1kg,morrisons,2.0,,greek yoghurt,Morrisons
Morrisons The Best Greek Yogurt 10% Fat 500g,Greek Yogurt 10% Fat 500g,morrisons,2.29,,greek yoghurt,Morrisons
Morrisons Greek Style Yogurt 500g,Greek Style Yogurt 500g,morrisons,1.15,,greek yoghurt,Morrisons
Anchor Spreadable Blend of Butter and Rapeseed Oil 400g,Anchor Spreadable Blend of Butter and Rapeseed Oil 400g,morrisons,2.75,,spreadable butter,Anchor
Country Life British Spreadable,Country Life British Spreadable,morrisons,5.7,,spreadable butter,Country
Morrisons Salted Spreadable With 100% British Butter 500g,Salted Spreadable With 100% British Butter 500g,morrisons,2.18,,spreadable butter,Morrisons
Morrisons Reduced Fat Spreadable 500g,Reduced Fat Spreadable 500g,morrisons,2.18,,spreadable butter,Morrisons
Lurpak Slightly Salted Spreadable Blend of Butter and Rapeseed Oil   750g,Lurpak Slightly Salted Spreadable Blend of Butter and Rapeseed Oil   750g,morrisons,5.5,,spreadable butter,Lurpak
Morrisons Savers Strawberries  227g,Strawberries  227g,morrisons,1.99,,strawberries,Morrisons
Morrisons Strawberries 400g,Strawberries 400g,morrisons,3.6,,strawberries,Morrisons
Morrisons Savers Low Fat Natural Yogurt 500g,Low Fat Natural Yogurt 500g,morrisons,0.55,,natural yoghurt,Morrisons
Morrisons Natural Yogurt,Natural Yogurt,morrisons,1.1,,natural yoghurt,Morrisons
Morrisons Fat Free Natural Yogurt,Fat Free Natural Yogurt,morrisons,1.1,,natural yoghurt,Morrisons
Morrisons Whole Milk Natural Yoghurt,Whole Milk Natural Yoghurt,morrisons,2.0,,natural yoghurt,Morrisons
Morrisons Broccoli Florets,Broccoli Florets,morrisons,1.25,,broccoli,Morrisons
Morrisons Broccoli & Cauliflower Florets  375g,Broccoli & Cauliflower Florets  375g,morrisons,1.25,,broccoli,Morrisons
Morrisons Broccoli  375g,Broccoli  375g,morrisons,0.82,,broccoli,Morrisons
Market Street Tenderstem Broccoli Tips,Tenderstem Broccoli Tips,morrisons,1.39,,broccoli,Market
Morrisons Carrots Broccoli & Cauliflower,Carrots Broccoli & Cauliflower,morrisons,1.0,,broccoli,Morrisons
Kerrygold Spreadable Olive Oil   200g,Kerrygold Spreadable Olive Oil   200g,morrisons,3.5,,olive spread,Kerrygold
Morrisons Olive Spread 500g,Olive Spread 500g,morrisons,1.45,,olive spread,Morrisons
Bertolli Olive Oil Spread,Bertolli Olive Oil Spread,morrisons,2.25,,olive spread,Bertolli
Bertolli Olive Oil Light Spread,Bertolli Olive Oil Light Spread,morrisons,2.25,,olive spread,Bertolli
ProActiv Buttery Taste Spread,ProActiv Buttery Taste Spread,morrisons,4.75,,olive spread,ProActiv
Morrisons Blueberries    150g,Blueberries    150g,morrisons,1.9,,blueberries,Morrisons
Morrisons Blueberries  350g,Blueberries  350g,morrisons,3.35,,blueberries,Morrisons
Morrisons Savers Blueberries  125g,Blueberries  125g,morrisons,1.08,,blueberries,Morrisons
Morrisons  Blueberries  450g,Blueberries  450g,morrisons,4.25,,blueberries,Morrisons
Morrisons Organic Blueberries,Organic Blueberries,morrisons,2.35,,blueberries,Morrisons
Chicago Town Takeaway Large Stuffed Pepperoni Pizza (Tomato stuffed crust),Chicago Town Takeaway Large Stuffed Pepperoni Pizza (Tomato stuffed crust),morrisons,3.25,,pepperoni,Chicago
Morrisons Stonebaked Pepperoni Pizza 285g,Stonebaked Pepperoni Pizza 285g,morrisons,3.5,,pepperoni,Morrisons
Morrisons The Best Pepperoni Ring,Pepperoni Ring,morrisons,2.5,,pepperoni,Morrisons
Morrisons Pepperoni,Pepperoni,morrisons,1.75,,pepperoni,Morrisons
Morrisons Pepperoni 100g,Pepperoni 100g,morrisons,1.0,,pepperoni,Morrisons
Morrisons Medium Cauliflower,Medium Cauliflower,morrisons,1.19,,cauliflower,Morrisons
Morrisons Broccoli & Cauliflower Florets  375g,Broccoli & Cauliflower Florets  375g,morrisons,1.25,,cauliflower,Morrisons
Morrisons Large Cauliflower,Large Cauliflower,morrisons,2.1,,cauliflower,Morrisons
Morrisons Cauliflower Florets,Cauliflower Florets,morrisons,1.5,,cauliflower,Morrisons
Morrisons Steam & Serve Cauliflower Rice (4x150g),Steam & Serve Cauliflower Rice (4x150g),morrisons,2.75,,cauliflower,Morrisons
Peppa Pig Kids Strawberry Yoghurt Pots,Peppa Pig Kids Strawberry Yoghurt Pots,morrisons,1.0,,flavoured yoghurt,Peppa
Morrisons The Best Fudge Yoghurt,Fudge Yoghurt,morrisons,0.85,,flavoured yoghurt,Morrisons
Morrisons The Best Rhubarb And Custard Yoghurt,Rhubarb And Custard Yoghurt,morrisons,0.85,,flavoured yoghurt,Morrisons
Morrisons Mature Cheddar  400g,Mature Cheddar  400g,morrisons,3.0,,mature cheddar,Morrisons
Morrisons Savers Mature White Cheddar  400g,Mature White Cheddar  400g,morrisons,2.49,,mature cheddar,Morrisons
Morrisons Mature Cheddar 750g,Mature Cheddar 750g,morrisons,5.4,,mature cheddar,Morrisons
Morrisons The Best Somerset Cheddar Crunch   300g,Somerset Cheddar Crunch   300g,morrisons,3.49,,mature cheddar,Morrisons
Morrisons Mature Cheddar 240g,Mature Cheddar 240g,morrisons,2.75,,mature cheddar,Morrisons
Morrisons The Best British Finely Sliced Applewood Smoked Ham 100g,British Finely Sliced Applewood Smoked Ham 100g,morrisons,3.25,,ham sliced,Morrisons
Morrisons British Honey Roast Ham 120g,British Honey Roast Ham 120g,morrisons,2.0,,ham sliced,Morrisons
Market Street Deli Breaded Ham,Deli Breaded Ham,morrisons,2.5,,ham sliced,Market
Morrisons British Thinly Sliced Honey Roast Ham  120g,British Thinly Sliced Honey Roast Ham  120g,morrisons,2.0,,ham sliced,Morrisons
Morrisons The Best Finely Sliced Dry Cured Cooked Ham 240g,Finely Sliced Dry Cured Cooked Ham 240g,morrisons,5.0,,ham sliced,Morrisons
Driscoll's Raspberries   125g,Driscoll's Raspberries   125g,morrisons,3.0,,raspberries,Driscoll's
Morrisons Raspberries   250g,Raspberries   250g,morrisons,3.25,,raspberries,Morrisons
Morrisons Raspberries  150g,Raspberries  150g,morrisons,2.15,,raspberries,Morrisons
Morrisons Raspberries 300g,Raspberries 300g,morrisons,3.35,,raspberries,Morrisons
Morrisons Whole Cucumber,Whole Cucumber,morrisons,0.99,,cucumber,Morrisons
Morrisons Market Street Large Cucumber,Large Cucumber,morrisons,1.15,,cucumber,Morrisons
Mrs Elswood Sweet Cucumber Sandwich Slices  (540g),Mrs Elswood Sweet Cucumber Sandwich Slices  (540g),morrisons,2.0,,cucumber,Mrs
Morrisons Cucumber Portion,Cucumber Portion,morrisons,0.68,,cucumber,Morrisons
Morrisons Mild Cheddar,Mild Cheddar,morrisons,3.0,,mild cheddar,Morrisons
Morrisons Savers Mild White Cheddar  400g,Mild White Cheddar  400g,morrisons,2.49,,mild cheddar,Morrisons
Morrisons Savers Mild White Cheddar,Mild White Cheddar,morrisons,3.88,,mild cheddar,Morrisons
Morrisons Mild Cheddar 240g,Mild Cheddar 240g,morrisons,2.75,,mild cheddar,Morrisons
Cathedral City Mild Cheddar Cheese,Cathedral City Mild Cheddar Cheese,morrisons,3.0,,mild cheddar,Cathedral
Morrisons The Best Piccolina Vine Tomatoes 400g,Piccolina Vine Tomatoes 400g,morrisons,3.3,,vine tomatoes,Morrisons
Morrisons Vine Ripe Cherry Tomatoes  225g,Vine Ripe Cherry Tomatoes  225g,morrisons,1.35,,vine tomatoes,Morrisons
Morrisons The Best Piccolina Vine Tomatoes 220g,Piccolina Vine Tomatoes 220g,morrisons,2.15,,vine tomatoes,Morrisons
Morrisons Vine Ripened Large Tomatoes,Vine Ripened Large Tomatoes,morrisons,1.25,,vine tomatoes,Morrisons
Morrisons Sweet Vine Ripened Tomatoes   250g,Sweet Vine Ripened Tomatoes   250g,morrisons,1.15,,vine tomatoes,Morrisons
Arla Skyr High Protein Natural Icelandic Style Yogurt,Arla Skyr High Protein Natural Icelandic Style Yogurt,morrisons,2.25,,skyr yoghurt,Arla
Arla Skyr High Protein Vanilla Icelandic Style Yogurt,Arla Skyr High Protein Vanilla Icelandic Style Yogurt,morrisons,2.25,,skyr yoghurt,Arla
Arla Skyr High Protein Strawberry Icelandic Style Yogurt,Arla Skyr High Protein Strawberry Icelandic Style Yogurt,morrisons,2.25,,skyr yoghurt,Arla
Danone Skyr Plain Yoghurt 800g,Danone Skyr Plain Yoghurt 800g,morrisons,3.3,,skyr yoghurt,Danone
Danone Skyr Strawberry Yoghurt Drink 270g,Danone Skyr Strawberry Yoghurt Drink 270g,morrisons,1.2,,skyr yoghurt,Danone
Morrisons 2 Salmon Fillets 220g,2 Salmon Fillets 220g,morrisons,4.5,,salmon fillets,Morrisons
Morrisons The Best 2 Scottish Salmon Fillets 220g,2 Scottish Salmon Fillets 220g,morrisons,6.1,,salmon fillets,Morrisons
Morrisons 3 Skin on & Boneless Wild Pink Salmon Fillets 330g,3 Skin on & Boneless Wild Pink Salmon Fillets 330g,morrisons,5.5,,salmon fillets,Morrisons
Morrisons Market Street 4 Boneless Salmon Fillets 440g,4 Boneless Salmon Fillets 440g,morrisons,8.0,,salmon fillets,Morrisons
Morrisons Hot Smoked Sweet Chilli Salmon Fillet 2 Pack,Hot Smoked Sweet Chilli Salmon Fillet 2 Pack,morrisons,5.95,,salmon fillets,Morrisons
Morrisons Loose Braeburn Apples,Loose Braeburn Apples,morrisons,0.5,,braeburn apples,Morrisons
Morrisons Braeburn Apples 6 Pack,Braeburn Apples 6 Pack,morrisons,1.8,,braeburn apples,Morrisons
Morrisons Royal Gala Apples   6 Pack,Royal Gala Apples   6 Pack,morrisons,1.89,,braeburn apples,Morrisons
Morrisons Apples 1.2kg,Apples 1.2kg,morrisons,2.5,,braeburn apples,Morrisons
Morrisons Bramley Apples (Min 3),Bramley Apples (Min 3),morrisons,2.6,,braeburn apples,Morrisons
Morrisons Baby Plum Tomatoes   250g,Baby Plum Tomatoes   250g,morrisons,0.68,,cherry tomatoes,Morrisons
Morrisons Cherry Tomatoes 420g,Cherry Tomatoes 420g,morrisons,1.4,,cherry tomatoes,Morrisons
Organic Cherry Tomatoes On The Vine 200g,Organic Cherry Tomatoes On The Vine 200g,morrisons,2.0,,cherry tomatoes,Organic
MorrisonsThe Best San Marzano Cooking Plum Tomatoes 400g,The Best San Marzano Cooking Plum Tomatoes 400g,morrisons,2.15,,cherry tomatoes,Morrisons
Morrisons Vine Ripe Cherry Tomatoes  225g,Vine Ripe Cherry Tomatoes  225g,morrisons,1.35,,cherry tomatoes,Morrisons
Morrisons Loose Royal Gala Apples,Loose Royal Gala Apples,morrisons,0.5,,gala apples,Morrisons
Morrisons Small Apples,Small Apples,morrisons,0.99,,gala apples,Morrisons
Morrisons Royal Gala Apples   6 Pack,Royal Gala Apples   6 Pack,morrisons,1.89,,gala apples,Morrisons
Morrisons Apples 1.2kg,Apples 1.2kg,morrisons,2.5,,gala apples,Morrisons
Morrisons Organic Gala Apples 6 Pack,Organic Gala Apples 6 Pack,morrisons,2.35,,gala apples,Morrisons
Birds Eye 4 Breaded Cod Fish Fillets 400g,Birds Eye 4 Breaded Cod Fish Fillets 400g,morrisons,5.0,,cod fillets,Birds
Young's 4 Chip Shop Omega 3 Fish Fillets,Young's 4 Chip Shop Omega 3 Fish Fillets,morrisons,3.0,,cod fillets,Young's
Morrisons 3 Skinless & Boneless Haddock Fillets 320g,3 Skinless & Boneless Haddock Fillets 320g,morrisons,5.0,,cod fillets,Morrisons
Morrisons 3 Skinless & Boneless Cod Fillets 320g,3 Skinless & Boneless Cod Fillets 320g,morrisons,5.0,,cod fillets,Morrisons
Morrisons 2 Cod Fillets 220g,2 Cod Fillets 220g,morrisons,6.1,,cod fillets,Morrisons
Morrisons British Double Cream 600ml,British Double Cream 600ml,morrisons,2.95,,double cream,Morrisons
Morrisons British Double Cream 300ml,British Double Cream 300ml,morrisons,1.65,,double cream,Morrisons
Morrisons British Double Cream,British Double Cream,morrisons,1.2,,double cream,Morrisons
Morrisons British Extra Thick Double Cream,British Extra Thick Double Cream,morrisons,2.1,,double cream,Morrisons
Morrisons For Farmers British Double Cream,For Farmers British Double Cream,morrisons,1.85,,double cream,Morrisons
Morrisons Extra Mature Cheddar  400g,Extra Mature Cheddar  400g,morrisons,3.0,,extra mature cheddar,Morrisons
Morrisons Extra Mature Cheddar 750g,Extra Mature Cheddar 750g,morrisons,5.4,,extra mature cheddar,Morrisons
Pilgrims Choice Extra Mature Cheddar,Pilgrims Choice Extra Mature Cheddar,morrisons,3.7,,extra mature cheddar,Pilgrims
Lake District Extra Mature Cheddar 700g,Lake District Extra Mature Cheddar 700g,morrisons,7.0,,extra mature cheddar,Lake
Morrisons The Best Somerset Cheddar Crunch   300g,Somerset Cheddar Crunch   300g,morrisons,3.49,,extra mature cheddar,Morrisons
Birds Eye 4 Large Breaded Haddock Fillets 400g,Birds Eye 4 Large Breaded Haddock Fillets 400g,morrisons,5.0,,haddock fillets,Birds
Young's Chip Shop 4 Haddock Fillets,Young's Chip Shop 4 Haddock Fillets,morrisons,5.0,,haddock fillets,Young's
Morrisons 3 Skinless & Boneless Haddock Fillets 320g,3 Skinless & Boneless Haddock Fillets 320g,morrisons,5.0,,haddock fillets,Morrisons
Morrisons The Best Breaded Chunky Haddock Fillets,Breaded Chunky Haddock Fillets,morrisons,5.8,,haddock fillets,Morrisons
Baxters Luxury Cullen Skink Cream of Smoked Haddock Soup,Baxters Luxury Cullen Skink Cream of Smoked Haddock Soup,morrisons,3.9,,haddock fillets,Baxters
Morrisons Red Leicester,Red Leicester,morrisons,3.0,,red leicester,Morrisons
Morrisons Savers Red Leicester,Red Leicester,morrisons,2.49,,red leicester,Morrisons
Morrisons The Best Vintage Red Fox   300g,Vintage Red Fox   300g,morrisons,3.25,,red leicester,Morrisons
Morrisons Red Leicester 240g,Red Leicester 240g,morrisons,2.75,,red leicester,Morrisons
Morrisons The Best Aged Red Leicester,Aged Red Leicester,morrisons,3.75,,red leicester,Morrisons
Morrisons Baby Spinach 160g,Baby Spinach 160g,morrisons,1.0,,baby spinach,Morrisons
Morrisons Spinach,Spinach,morrisons,2.25,,baby spinach,Morrisons
Morrisons Baby Leaf Salad 60g,Baby Leaf Salad 60g,morrisons,0.89,,baby spinach,Morrisons
Morrisons Organic Baby Spinach 100g,Organic Baby Spinach 100g,morrisons,1.55,,baby spinach,Morrisons
Morrisons Whole Leaf Spinach,Whole Leaf Spinach,morrisons,1.3,,baby spinach,Morrisons
Morrisons Oranges,Oranges,morrisons,1.39,,oranges,Morrisons
Morrisons Large Oranges 4 Pack,Large Oranges 4 Pack,morrisons,2.2,,oranges,Morrisons
Morrisons British Single Cream,British Single Cream,morrisons,2.18,,single cream,Morrisons
Elmlea Single Alternative To Cream,Elmlea Single Alternative To Cream,morrisons,1.25,,single cream,Elmlea
Elmlea Single Light Alternative To Cream,Elmlea Single Light Alternative To Cream,morrisons,1.25,,single cream,Elmlea
Morrisons British Double Cream 300ml,British Double Cream 300ml,morrisons,1.65,,single cream,Morrisons
Morrisons British Double Cream,British Double Cream,morrisons,1.2,,single cream,Morrisons
Morrisons 2 Sea Bass Fillets 180g,2 Sea Bass Fillets 180g,morrisons,5.5,,sea bass,Morrisons
Morrisons Sea Bream Fillets,Sea Bream Fillets,morrisons,5.5,,sea bass,Morrisons
Morrisons Grated Mozzarella 240g,Grated Mozzarella 240g,morrisons,2.75,,mozzarella,Morrisons
Galbani Mozzarella,Galbani Mozzarella,morrisons,1.3,,mozzarella,Galbani
Morrisons Grated Mozzarella & Cheddar Mix 240g,Grated Mozzarella & Cheddar Mix 240g,morrisons,2.75,,mozzarella,Morrisons
Galbani Maxi Mozzarella   250g,Galbani Maxi Mozzarella   250g,morrisons,2.5,,mozzarella,Galbani
Morrisons Grated Mozzarella,Grated Mozzarella,morrisons,6.0,,mozzarella,Morrisons
Morrisons Wild Rocket 60g,Wild Rocket 60g,morrisons,1.0,,rocket salad,Morrisons
"Morrisons Watercress, Spinach & Rocket","Watercress, Spinach & Rocket",morrisons,1.0,,rocket salad,Morrisons
Unbeleafable Rocket & Baby Leaves,Unbeleafable Rocket & Baby Leaves,morrisons,1.5,,rocket salad,Unbeleafable
Morrisons Rocket & Baby Leaf Salad 60g,Rocket & Baby Leaf Salad 60g,morrisons,0.89,,rocket salad,Morrisons
Morrisons  Bistro Salad,Bistro Salad,morrisons,1.4,,rocket salad,Morrisons
Morrisons British Soured Cream,British Soured Cream,morrisons,0.99,,sour cream,Morrisons
Morrisons Soured Cream & Chive Dip 170g,Soured Cream & Chive Dip 170g,morrisons,1.3,,sour cream,Morrisons
Old El Paso Squeezy Soured Cream 230g,Old El Paso Squeezy Soured Cream 230g,morrisons,2.5,,sour cream,Old
Morrisons Creamy Soured Cream Squeezy Topping 280g,Creamy Soured Cream Squeezy Topping 280g,morrisons,1.5,,sour cream,Morrisons
Morrisons Sour Cream & Chive Dip,Sour Cream & Chive Dip,morrisons,1.5,,sour cream,Morrisons
Morrisons Savers Lemons  4 Pack,Lemons  4 Pack,morrisons,0.89,,lemons,Morrisons
Morrisons Unwaxed Lemons   4 Pack,Unwaxed Lemons   4 Pack,morrisons,1.4,,lemons,Morrisons
Morrisons Lemons & Limes,Lemons & Limes,morrisons,1.55,,lemons,Morrisons
Morrisons Organic Lemons 3 Pack,Organic Lemons 3 Pack,morrisons,1.9,,lemons,Morrisons
Philadelphia Original Soft Cream Cheese 165g,Philadelphia Original Soft Cream Cheese 165g,morrisons,1.35,,cream cheese,Philadelphia
Morrisons Savers Soft Cheese 200g,Soft Cheese 200g,morrisons,0.95,,cream cheese,Morrisons
Philadelphia Light Low Fat Soft Cream Cheese 165g,Philadelphia Light Low Fat Soft Cream Cheese 165g,morrisons,1.35,,cream cheese,Philadelphia
Morrisons Full Fat Soft Cheese 200g,Full Fat Soft Cheese 200g,morrisons,1.5,,cream cheese,Morrisons
Morrisons 50% Reduced Fat Soft Cheese 200g,50% Reduced Fat Soft Cheese 200g,morrisons,1.5,,cream cheese,Morrisons
Morrisons British Reduced Fat Creme Fraiche,British Reduced Fat Creme Fraiche,morrisons,0.85,,creme fraiche,Morrisons
Morrisons British Creme Fraiche,British Creme Fraiche,morrisons,1.0,,creme fraiche,Morrisons
Oatly Creamy Oat Fraiche Chilled 200ml,Oatly Creamy Oat Fraiche Chilled 200ml,morrisons,1.85,,creme fraiche,Oatly
Morrisons Iceberg Lettuce,Iceberg Lettuce,morrisons,0.89,,iceberg lettuce,Morrisons
Morrisons Shredded Iceberg Lettuce 80g,Shredded Iceberg Lettuce 80g,morrisons,0.47,,iceberg lettuce,Morrisons
Morrisons Organic Lettuce (2 to 3 heads of lettuce),Organic Lettuce (2 to 3 heads of lettuce),morrisons,2.0,,iceberg lettuce,Morrisons
Morrisons Chopped Iceberg Lettuce 200g,Chopped Iceberg Lettuce 200g,morrisons,0.85,,iceberg lettuce,Morrisons
Morrisons Cooked & Peeled King Prawns  150g,Cooked & Peeled King Prawns  150g,morrisons,3.75,,king prawns,Morrisons
Morrisons The Best Raw Peeled King Prawns,Raw Peeled King Prawns,morrisons,5.25,,king prawns,Morrisons
Morrisons The Best Jumbo King Prawns,Jumbo King Prawns,morrisons,4.25,,king prawns,Morrisons
Morrisons Raw Peeled King Prawns,Raw Peeled King Prawns,morrisons,3.99,,king prawns,Morrisons
Morrisons The Best Peeled & Cooked Jumbo King Prawns,Peeled & Cooked Jumbo King Prawns,morrisons,5.25,,king prawns,Morrisons
Morrisons British Chicken Breast Fillets 1kg,British Chicken Breast Fillets 1kg,morrisons,6.84,,chicken breast,Morrisons
Morrisons British Chicken Breast Fillets 2KG,British Chicken Breast Fillets 2KG,morrisons,12.5,,chicken breast,Morrisons
Morrisons British Chicken Breast Fillets 630g,British Chicken Breast Fillets 630g,morrisons,4.65,,chicken breast,Morrisons
Morrisons The Best Corn Fed Free Range Chicken Breast Fillets,Corn Fed Free Range Chicken Breast Fillets,morrisons,5.9,,chicken breast,Morrisons
Morrisons British Chicken Diced Breast Fillets 400g,British Chicken Diced Breast Fillets 400g,morrisons,3.95,,chicken breast,Morrisons
Morrisons Little Gem Lettuce  2 Pack,Little Gem Lettuce  2 Pack,morrisons,0.77,,romaine lettuce,Morrisons
Morrisons The Best Sweet Gem Lettuce,Sweet Gem Lettuce,morrisons,1.5,,romaine lettuce,Morrisons
Morrisons Romaine Lettuce Hearts,Romaine Lettuce Hearts,morrisons,1.2,,romaine lettuce,Morrisons
Morrisons Red Gem Lettuce,Red Gem Lettuce,morrisons,1.2,,romaine lettuce,Morrisons
Morrisons Iceberg Lettuce,Iceberg Lettuce,morrisons,0.89,,romaine lettuce,Morrisons
Morrisons Limes 4 Pack,Limes 4 Pack,morrisons,0.94,,limes,Morrisons
Morrisons Lemons & Limes,Lemons & Limes,morrisons,1.55,,limes,Morrisons
Morrisons Smoked Salmon Slices,Smoked Salmon Slices,morrisons,4.25,,smoked salmon,Morrisons
Big Blue Sea Smoked Salmon Slices,Big Blue Sea Smoked Salmon Slices,morrisons,3.0,,smoked salmon,Big
Morrisons Ready To Eat Smoked Salmon Slices,Ready To Eat Smoked Salmon Slices,morrisons,2.3,,smoked salmon,Morrisons
Morrisons The Best Scottish Mild Smoked Salmon,Scottish Mild Smoked Salmon,morrisons,4.75,,smoked salmon,Morrisons
Morrisons The Best Strong & Intense Smoked Scottish Salmon    100g,Strong & Intense Smoked Scottish Salmon    100g,morrisons,4.75,,smoked salmon,Morrisons
Morrisons Closed Cup Mushrooms 465g,Closed Cup Mushrooms 465g,morrisons,1.5,,mushrooms,Morrisons
Morrisons Closed Cup Mushrooms,Closed Cup Mushrooms,morrisons,1.0,,mushrooms,Morrisons
Morrisons Chestnut Mushrooms 340g,Chestnut Mushrooms 340g,morrisons,1.5,,mushrooms,Morrisons
Morrisons Button Mushrooms 250g,Button Mushrooms 250g,morrisons,1.5,,mushrooms,Morrisons
Morrisons Family Pack Closed Cup Mushrooms 700g,Family Pack Closed Cup Mushrooms 700g,morrisons,2.0,,mushrooms,Morrisons
Morrisons Large Ripened Avocado Single,Large Ripened Avocado Single,morrisons,0.88,,avocado,Morrisons
Morrisons Extra Large Avocado,Extra Large Avocado,morrisons,1.5,,avocado,Morrisons
Morrisons Savers Avocado,Avocado,morrisons,1.29,,avocado,Morrisons
Birds Eye 20 Omega 3 Fish Fingers 560g,Birds Eye 20 Omega 3 Fish Fingers 560g,morrisons,3.0,,fish fingers,Birds
Birds Eye 8 Breaded Cod Fish Fingers,Birds Eye 8 Breaded Cod Fish Fingers,morrisons,3.5,,fish fingers,Birds
Birds Eye 8 Breaded Haddock Fish Fingers    240g,Birds Eye 8 Breaded Haddock Fish Fingers    240g,morrisons,3.5,,fish fingers,Birds
Birds Eye 26 Breaded Cod Fish Fingers    780g,Birds Eye 26 Breaded Cod Fish Fingers    780g,morrisons,8.5,,fish fingers,Birds
Birds Eye 40 Breaded Omega 3 Fish Fingers    1.12kg,Birds Eye 40 Breaded Omega 3 Fish Fingers    1.12kg,morrisons,6.5,,fish fingers,Birds
President French Brie    200g,President French Brie    200g,morrisons,2.25,,brie,President
Castello Extra Creamy Brie Cheese,Castello Extra Creamy Brie Cheese,morrisons,2.0,,brie,Castello
Morrisons French Brie,French Brie,morrisons,1.65,,brie,Morrisons
Morrisons Somerset Brie,Somerset Brie,morrisons,2.25,,brie,Morrisons
Market Street Deli Mild & Creamy French Brie,Deli Mild & Creamy French Brie,morrisons,1.75,,brie,Market
Morrisons Market Street British Boneless Chicken Thigh Fillets 600g,British Boneless Chicken Thigh Fillets 600g,morrisons,5.5,,chicken thighs,Morrisons
Morrisons Market Street British Boneless Chicken Thigh Fillets 1kg,British Boneless Chicken Thigh Fillets 1kg,morrisons,6.95,,chicken thighs,Morrisons
Morrisons Market Street British Chicken Thighs 1kg,British Chicken Thighs 1kg,morrisons,3.4,,chicken thighs,Morrisons
Morrisons Chicken Thighs,Chicken Thighs,morrisons,3.5,,chicken thighs,Morrisons
Morrisons Mango Chunks 500g,Mango Chunks 500g,morrisons,3.35,,mango,Morrisons
Morrisons Ripe & Ready To Eat Mango,Ripe & Ready To Eat Mango,morrisons,1.75,,mango,Morrisons
Morrisons Mango 240g,Mango 240g,morrisons,2.5,,mango,Morrisons
Morrisons Mango Chunks   450g,Mango Chunks   450g,morrisons,4.0,,mango,Morrisons
Morrisons Ready To Eat Loose Mango,Ready To Eat Loose Mango,morrisons,0.88,,mango,Morrisons
Morrisons Fishmongers Frozen Yellow Fin Tuna Steaks,Fishmongers Frozen Yellow Fin Tuna Steaks,morrisons,4.25,,tuna steaks,Morrisons
John West No Drain Fridge Pot Tuna Steak In Sunflower Oil (3x110g),John West No Drain Fridge Pot Tuna Steak In Sunflower Oil (3x110g),morrisons,3.5,,tuna steaks,John
Morrisons 3 Skinless & Boneless Tuna Steaks 300g,3 Skinless & Boneless Tuna Steaks 300g,morrisons,5.0,,tuna steaks,Morrisons
Morrisons No Drain Tuna Steak In A Little Spring Water (3x110g),No Drain Tuna Steak In A Little Spring Water (3x110g),morrisons,3.0,,tuna steaks,Morrisons
Morrisons No Drain Tuna Steak In A Little Brine (3x110g),No Drain Tuna Steak In A Little Brine (3x110g),morrisons,3.0,,tuna steaks,Morrisons
Morrisons Roast In The Bag Extra Tasty Whole Chicken 1.6kg,Roast In The Bag Extra Tasty Whole Chicken 1.6kg,morrisons,6.8,,whole chicken,Morrisons
Morrisons The Best Corn Fed Free Range Whole Chicken,Corn Fed Free Range Whole Chicken,morrisons,10.99,,whole chicken,Morrisons
Morrisons Market Street Extra Large Whole Chicken   2.15kg,Extra Large Whole Chicken   2.15kg,morrisons,7.3,,whole chicken,Morrisons
Morrisons Market Street British Large Whole Chicken   1.7kg,British Large Whole Chicken   1.7kg,morrisons,5.8,,whole chicken,Morrisons
Morrisons Organic Whole Chicken,Organic Whole Chicken,morrisons,15.5,,whole chicken,Morrisons
Morrisons Savers Mixed Peppers 3 Pack (Colours May Vary),Mixed Peppers 3 Pack (Colours May Vary),morrisons,1.79,,peppers mixed,Morrisons
Morrisons Mackerel Strips With Mixed Pepper,Mackerel Strips With Mixed Pepper,morrisons,5.5,,peppers mixed,Morrisons
Morrisons Sliced Mixed Peppers,Sliced Mixed Peppers,morrisons,1.25,,peppers mixed,Morrisons
Morrisons Grilled Mixed Peppers (280g),Grilled Mixed Peppers (280g),morrisons,2.69,,peppers mixed,Morrisons
Morrisons Halloumi 200g,Halloumi 200g,morrisons,1.77,,halloumi,Morrisons
Olympus Halloumi Cheese  225g,Olympus Halloumi Cheese  225g,morrisons,2.89,,halloumi,Olympus
Morrisons The Best Halloumi,Halloumi,morrisons,3.65,,halloumi,Morrisons
Morrisons Seedless Red Grapes 400g,Seedless Red Grapes 400g,morrisons,2.0,,grapes,Morrisons
Morrisons Seedless Green Grapes 400g,Seedless Green Grapes 400g,morrisons,2.0,,grapes,Morrisons
Explore Cotton Candy Seedless Grapes 400g,Explore Cotton Candy Seedless Grapes 400g,morrisons,2.4,,grapes,Explore
Morrisons Seedless Black Grapes 400g,Seedless Black Grapes 400g,morrisons,2.0,,grapes,Morrisons
Hovis Farmhouse Soft White Bread,Hovis Farmhouse Soft White Bread,morrisons,1.0,,white sliced bread,Hovis
Warburtons Original Farmhouse Bread 800g,Warburtons Original Farmhouse Bread 800g,morrisons,1.35,,white sliced bread,Warburtons
Morrisons White Medium Sliced Bread 800g,White Medium Sliced Bread 800g,morrisons,0.74,,white sliced bread,Morrisons
Hovis Soft White Medium Bread 800g,Hovis Soft White Medium Bread 800g,morrisons,1.39,,white sliced bread,Hovis
Morrisons Toastie Thick Sliced White Bread 800g,Toastie Thick Sliced White Bread 800g,morrisons,0.75,,white sliced bread,Morrisons
1912 Artisan Stilton Cheese,1912 Artisan Stilton Cheese,morrisons,2.25,,stilton,1912
Morrisons Blue Stilton,Blue Stilton,morrisons,2.9,,stilton,Morrisons
Market Street Deli Mature Blue Stilton,Deli Mature Blue Stilton,morrisons,2.13,,stilton,Market
Morrisons The Best Stilton,Stilton,morrisons,3.5,,stilton,Morrisons
Very Lazy Red Chillies,Very Lazy Red Chillies,morrisons,1.75,,red chillies,Very
Santa Maria Hot Red Jalapenos 200g,Santa Maria Hot Red Jalapenos 200g,morrisons,1.5,,red chillies,Santa
Morrisons Red Chillies,Red Chillies,morrisons,0.59,,red chillies,Morrisons
Morrisons Mixed Chillies,Mixed Chillies,morrisons,0.6,,red chillies,Morrisons
Morrisons Bird Eye Chillies,Bird Eye Chillies,morrisons,1.0,,red chillies,Morrisons
Morrisons  British Chicken Drumsticks 1kg,British Chicken Drumsticks 1kg,morrisons,2.15,,chicken drumsticks,Morrisons
Morrisons Chicken Drumsticks,Chicken Drumsticks,morrisons,1.5,,chicken drumsticks,Morrisons
Morrisons Roast Chicken Drumsticks,Roast Chicken Drumsticks,morrisons,3.75,,chicken drumsticks,Morrisons
Morrisons Chicken Drumstick Fillets,Chicken Drumstick Fillets,morrisons,4.92,,chicken drumsticks,Morrisons
Morrisons Market Street British Chicken Drumstick Fillets 600g,British Chicken Drumstick Fillets 600g,morrisons,2.95,,chicken drumsticks,Morrisons
Fyffes Pineapple,Fyffes Pineapple,morrisons,0.98,,pineapple,Fyffes
Morrisons Pineapple,Pineapple,morrisons,2.5,,pineapple,Morrisons
Morrisons Pineapple   500g,Pineapple   500g,morrisons,3.0,,pineapple,Morrisons
Morrisons Pineapple 450g,Pineapple 450g,morrisons,3.35,,pineapple,Morrisons
Del Monte Pineapple Chunks In Juice (432g),Del Monte Pineapple Chunks In Juice (432g),morrisons,1.3,,pineapple,Del
Morrisons British Chicken Wings,British Chicken Wings,morrisons,2.19,,chicken wings,Morrisons
Morrisons Chicken Wings,Chicken Wings,morrisons,1.5,,chicken wings,Morrisons
Morrisons Smoky BBQ Chicken Wings,Smoky BBQ Chicken Wings,morrisons,2.5,,chicken wings,Morrisons
Morrisons Chinese Marinated Chicken Wings,Chinese Marinated Chicken Wings,morrisons,2.5,,chicken wings,Morrisons
Morrisons Peri Peri Marinated Chicken Wings,Peri Peri Marinated Chicken Wings,morrisons,2.5,,chicken wings,Morrisons
Morrisons Courgettes,Courgettes,morrisons,1.39,,courgettes,Morrisons
Morrisons Gouda Slices 240g,Gouda Slices 240g,morrisons,2.75,,gouda,Morrisons
Lindahls Protein Gouda Cheese Slices 125g,Lindahls Protein Gouda Cheese Slices 125g,morrisons,2.0,,gouda,Lindahls
Old Amsterdam Mature Gouda,Old Amsterdam Mature Gouda,morrisons,3.5,,gouda,Old
Morrisons Deli Gouda with Garlic & Cracked Black Pepper   90g,Deli Gouda with Garlic & Cracked Black Pepper   90g,morrisons,2.5,,gouda,Morrisons
Morrisons Wholemeal Medium Sliced Bread,Wholemeal Medium Sliced Bread,morrisons,0.75,,wholemeal bread,Morrisons
Allinson's Champion Wholemeal,Allinson's Champion Wholemeal,morrisons,1.2,,wholemeal bread,Allinson's
Warburtons Medium Wholemeal Bread,Warburtons Medium Wholemeal Bread,morrisons,0.99,,wholemeal bread,Warburtons
Hovis Tasty Wholemeal Medium Bread,Hovis Tasty Wholemeal Medium Bread,morrisons,1.5,,wholemeal bread,Hovis
Warburtons Wholemeal Medium Bread,Warburtons Wholemeal Medium Bread,morrisons,1.35,,wholemeal bread,Warburtons
Morrisons The Best 12% Fat Matured Scotch Steak Mince   500g,12% Fat Matured Scotch Steak Mince   500g,morrisons,6.0,,beef mince,Morrisons
Morrisons Beef Mince 1kg,Beef Mince 1kg,morrisons,8.0,,beef mince,Morrisons
Morrisons British Beef Steak Mince 5% Fat 500g,British Beef Steak Mince 5% Fat 500g,morrisons,5.19,,beef mince,Morrisons
Morrisons Beef And Pork Mince 1kg,Beef And Pork Mince 1kg,morrisons,7.5,,beef mince,Morrisons
Morrisons Lean Beef Mince 5% Fat  500g,Lean Beef Mince 5% Fat  500g,morrisons,6.5,,beef mince,Morrisons
Warburtons White With Sourdough 400g,Warburtons White With Sourdough 400g,morrisons,1.4,,sourdough bread,Warburtons
Jason's Sourdough The Great White Straight Up Sourdough 450g,Jason's Sourdough The Great White Straight Up Sourdough 450g,morrisons,2.15,,sourdough bread,Jason's
Morrisons The Best White Sourdough Bloomer 400g,White Sourdough Bloomer 400g,morrisons,2.35,,sourdough bread,Morrisons
Jason's White Ciabattin Sourdough,Jason's White Ciabattin Sourdough,morrisons,2.2,,sourdough bread,Jason's
Jason's Grains And Seeds Ciabattin Sourdough,Jason's Grains And Seeds Ciabattin Sourdough,morrisons,2.2,,sourdough bread,Jason's
Morrisons Purple Aubergine,Purple Aubergine,morrisons,0.99,,aubergine,Morrisons
Morrisons The Best Tomato & Aubergine Pasta Sauce 350g,Tomato & Aubergine Pasta Sauce 350g,morrisons,2.15,,aubergine,Morrisons
Patak's Authentic Aubergine Pickle 312g,Patak's Authentic Aubergine Pickle 312g,morrisons,2.5,,aubergine,Patak's
Morrisons Edam Slices 240g,Edam Slices 240g,morrisons,2.75,,edam,Morrisons
Market Street Deli Dutch Edam,Deli Dutch Edam,morrisons,1.25,,edam,Market
Morrisons Edam Wedge,Edam Wedge,morrisons,3.2,,edam,Morrisons
Mlekovita Edam Natural Slices,Mlekovita Edam Natural Slices,morrisons,1.85,,edam,Mlekovita
Morrisons Honeydew Melon,Honeydew Melon,morrisons,1.87,,melon,Morrisons
Morrisons Melon Slices,Melon Slices,morrisons,2.5,,melon,Morrisons
Morrisons Whole Cantaloupe Melon,Whole Cantaloupe Melon,morrisons,1.95,,melon,Morrisons
Morrisons Melon Medley,Melon Medley,morrisons,2.5,,melon,Morrisons
Hovis Seed Sensations Seven Seeds Bread,Hovis Seed Sensations Seven Seeds Bread,morrisons,1.0,,seeded bread,Hovis
Hovis Seed Sensations Seven Seeds Bread 800g,Hovis Seed Sensations Seven Seeds Bread 800g,morrisons,2.0,,seeded bread,Hovis
Warburtons Seeded Batch Bread,Warburtons Seeded Batch Bread,morrisons,1.9,,seeded bread,Warburtons
Hovis Seeded Batch Bread,Hovis Seeded Batch Bread,morrisons,1.5,,seeded bread,Hovis
Morrisons Savers Green Beans,Green Beans,morrisons,0.77,,green beans,Morrisons
Morrisons The Best Extra Fine Green Beans 200g,Extra Fine Green Beans 200g,morrisons,1.55,,green beans,Morrisons
Morrisons Fine Green Beans 170g,Fine Green Beans 170g,morrisons,1.11,,green beans,Morrisons
Morrisons Stringless Beans,Stringless Beans,morrisons,1.45,,green beans,Morrisons
Morrisons Fine Green Beans,Fine Green Beans,morrisons,1.05,,green beans,Morrisons
Morrisons Grated Mature White Cheddar 240g,Grated Mature White Cheddar 240g,morrisons,2.75,,grated cheddar,Morrisons
Morrisons Extra Mature Grated Cheese,Extra Mature Grated Cheese,morrisons,2.75,,grated cheddar,Morrisons
Morrisons 50% Reduced Fat Mature Grated Cheddar 200g,50% Reduced Fat Mature Grated Cheddar 200g,morrisons,2.75,,grated cheddar,Morrisons
Morrisons Savers Grated Cheese 1kg,Grated Cheese 1kg,morrisons,5.95,,grated cheddar,Morrisons
Morrisons Grated Medium White Cheddar 240g,Grated Medium White Cheddar 240g,morrisons,2.75,,grated cheddar,Morrisons
Morrisons Lean Beef Mince 5% Fat  500g,Lean Beef Mince 5% Fat  500g,morrisons,6.5,,lean beef mince,Morrisons
Morrisons The Best 12% Fat Matured Scotch Steak Mince   500g,12% Fat Matured Scotch Steak Mince   500g,morrisons,6.0,,lean beef mince,Morrisons
Morrisons British Beef Steak Mince 5% Fat 500g,British Beef Steak Mince 5% Fat 500g,morrisons,5.19,,lean beef mince,Morrisons
Morrisons British Beef Steak Mince 5% Fat 250g,British Beef Steak Mince 5% Fat 250g,morrisons,2.75,,lean beef mince,Morrisons
Morrisons British Beef Lean Steak Mince 5% Fat 750g,British Beef Lean Steak Mince 5% Fat 750g,morrisons,7.5,,lean beef mince,Morrisons
Morrisons Ripe & Ready Conference Pears  4 Pack,Ripe & Ready Conference Pears  4 Pack,morrisons,2.3,,pears,Morrisons
Morrisons Ready To Eat Blush Qtee Pears,Ready To Eat Blush Qtee Pears,morrisons,2.0,,pears,Morrisons
Morrisons Conference Pears,Conference Pears,morrisons,1.9,,pears,Morrisons
Morrisons Wonky Pears (Min 4),Wonky Pears (Min 4),morrisons,0.99,,pears,Morrisons
Morrisons Pears,Pears,morrisons,2.3,,pears,Morrisons
Morrisons Kiwi,Kiwi,morrisons,1.19,,kiwi,Morrisons
"Innocent Green Energise, Kiwi & Cucumber Super Smoothie 750ml","Innocent Green Energise, Kiwi & Cucumber Super Smoothie 750ml",morrisons,2.5,,kiwi,Innocent
Morrisons Ready To Eat Kiwi Fruit,Ready To Eat Kiwi Fruit,morrisons,1.6,,kiwi,Morrisons
Green Giant Original Sweetcorn (4x198g),Green Giant Original Sweetcorn (4x198g),morrisons,3.0,,sweetcorn,Green
Green Giant Salt Free Sweetcorn (4x198g),Green Giant Salt Free Sweetcorn (4x198g),morrisons,3.0,,sweetcorn,Green
Morrisons Sweetcorn In Water,Sweetcorn In Water,morrisons,2.25,,sweetcorn,Morrisons
Morrisons Super Sweet Sweetcorn,Super Sweet Sweetcorn,morrisons,1.85,,sweetcorn,Morrisons
Morrisons British Sirloin Steak 227g,British Sirloin Steak 227g,morrisons,7.0,,sirloin steak,Morrisons
Market Street Scotch Sirloin Steak,Scotch Sirloin Steak,morrisons,6.4,,sirloin steak,Market
Market Street British Prime Sirloin Steak,British Prime Sirloin Steak,morrisons,9.6,,sirloin steak,Market
Morrisons Asparagus,Asparagus,morrisons,2.3,,asparagus,Morrisons
Morrisons The Best Asparagus Tips,Asparagus Tips,morrisons,2.0,,asparagus,Morrisons
Morrisons The Best Asparagus Tips & Tenderstem Broccoli,Asparagus Tips & Tenderstem Broccoli,morrisons,2.25,,asparagus,Morrisons
Upper Crust Chicken & Asparagus Pie 680g,Upper Crust Chicken & Asparagus Pie 680g,morrisons,3.75,,asparagus,Upper
Morrisons Mature Cheddar Slices 240g,Mature Cheddar Slices 240g,morrisons,2.75,,cheese slices,Morrisons
Morrisons Mozzarella Slices 240g,Mozzarella Slices 240g,morrisons,2.75,,cheese slices,Morrisons
Morrisons Savers 15 Cheesy Slices,15 Cheesy Slices,morrisons,0.83,,cheese slices,Morrisons
Lake District 8 Mature Cheddar Slices,Lake District 8 Mature Cheddar Slices,morrisons,2.0,,cheese slices,Lake
Morrisons Mature Cheesy Slices 170g,Mature Cheesy Slices 170g,morrisons,1.19,,cheese slices,Morrisons
Morrisons Ready To Eat Plums,Ready To Eat Plums,morrisons,3.0,,plums,Morrisons
Morrisons The Best Plums 4 Pack,Plums 4 Pack,morrisons,2.5,,plums,Morrisons
Morrisons Plums,Plums,morrisons,1.0,,plums,Morrisons
Market Street British Prime Rib Eye Steak,British Prime Rib Eye Steak,morrisons,9.96,,ribeye steak,Market
Market Street Scotch Rib Eye Steak,Scotch Rib Eye Steak,morrisons,6.8,,ribeye steak,Market
Market Street Scotch Sirloin Steak,Scotch Sirloin Steak,morrisons,6.4,,ribeye steak,Market
Limited Edish Beef Ribeye Steak 200g,Limited Edish Beef Ribeye Steak 200g,morrisons,6.0,,ribeye steak,Limited
The Clay Oven Bakery Garlic & Coriander Naan Bread   2 Pack,The Clay Oven Bakery Garlic & Coriander Naan Bread   2 Pack,morrisons,1.85,,naan bread,The
The Clay Oven Bakery Plain Naan Bread   2 pack,The Clay Oven Bakery Plain Naan Bread   2 pack,morrisons,1.85,,naan bread,The
Mission Original XL Tortilla Wraps,Mission Original XL Tortilla Wraps,morrisons,1.5,,wraps tortilla,Mission
Old El Paso Stand 'N' Stuff 8 Soft Tortilla Boats 198g,Old El Paso Stand 'N' Stuff 8 Soft Tortilla Boats 198g,morrisons,2.5,,wraps tortilla,Old
Old El Paso Large Extra Thin Tortilla Wraps,Old El Paso Large Extra Thin Tortilla Wraps,morrisons,2.15,,wraps tortilla,Old
Old El Paso 6 Large Super Soft Flour Tortilla Wraps,Old El Paso 6 Large Super Soft Flour Tortilla Wraps,morrisons,1.8,,wraps tortilla,Old
Market Street British Lean Casserole Steak,British Lean Casserole Steak,morrisons,7.8,,beef stewing steak,Market
Morrisons Diced Beef 500g,Diced Beef 500g,morrisons,5.56,,beef stewing steak,Morrisons
Morrisons British Diced Beef 430g,British Diced Beef 430g,morrisons,5.5,,beef stewing steak,Morrisons
Morrisons Beef Braising Steak,Beef Braising Steak,morrisons,16.0,,beef stewing steak,Morrisons
Morrisons The Butcher's On Market Street British Diced Beef 750g,The Butcher's On Market Street British Diced Beef 750g,morrisons,9.5,,beef stewing steak,Morrisons
Morrisons Baby Potatoes   1kg,Baby Potatoes   1kg,morrisons,1.09,,potatoes,Morrisons
Morrisons Maris Piper Potatoes 2kg,Maris Piper Potatoes 2kg,morrisons,1.95,,potatoes,Morrisons
Morrisons The Best British All Rounder Potatoes   2kg,British All Rounder Potatoes   2kg,morrisons,2.3,,potatoes,Morrisons
Morrisons Baking Potatoes  2kg,Baking Potatoes  2kg,morrisons,1.85,,potatoes,Morrisons
Morrisons Red Potatoes 2kg,Red Potatoes 2kg,morrisons,1.89,,potatoes,Morrisons
Morrisons Celery,Celery,morrisons,0.75,,celery,Morrisons
Morrisons Celery Sticks,Celery Sticks,morrisons,0.9,,celery,Morrisons
Morrisons Organic Celery,Organic Celery,morrisons,1.3,,celery,Morrisons
Schwartz Celery Salt Jar,Schwartz Celery Salt Jar,morrisons,2.0,,celery,Schwartz
Strong Roots Oven Baked Sweet Potato Chips,Strong Roots Oven Baked Sweet Potato Chips,morrisons,2.0,,sweet potatoes,Strong
Morrisons Sweet Potato Chunks,Sweet Potato Chunks,morrisons,1.79,,sweet potatoes,Morrisons
Morrisons Sweet Potato Fries,Sweet Potato Fries,morrisons,2.15,,sweet potatoes,Morrisons
Morrisons Sweet Potatoes  1kg,Sweet Potatoes  1kg,morrisons,1.19,,sweet potatoes,Morrisons
Morrisons Market Street Baking Sweet Potatoes Twin Pack,Baking Sweet Potatoes Twin Pack,morrisons,1.85,,sweet potatoes,Morrisons
Warburtons 6 Crumpets,Warburtons 6 Crumpets,morrisons,0.75,,crumpets,Warburtons
Morrisons Crumpets,Crumpets,morrisons,0.45,,crumpets,Morrisons
Jason's Sourdough Crumpets,Jason's Sourdough Crumpets,morrisons,1.8,,crumpets,Jason's
Warburtons 9 Crumpets,Warburtons 9 Crumpets,morrisons,1.25,,crumpets,Warburtons
Morrisons Beef And Pork Mince 550g,Beef And Pork Mince 550g,morrisons,4.25,,lamb mince,Morrisons
Morrisons The Butcher's on Market Street British Lamb Mince 454g,The Butcher's on Market Street British Lamb Mince 454g,morrisons,6.0,,lamb mince,Morrisons
Morrisons Lamb Mince,Lamb Mince,morrisons,5.5,,lamb mince,Morrisons
Morrisons British 15% Fat Beef Mince 500g,British 15% Fat Beef Mince 500g,morrisons,5.0,,lamb mince,Morrisons
Morrisons Beef Mince 1kg,Beef Mince 1kg,morrisons,8.0,,lamb mince,Morrisons
Morrisons The Butcher's On Market Street British Lamb Chops 320g,The Butcher's On Market Street British Lamb Chops 320g,morrisons,6.5,,lamb chops,Morrisons
Crown Farms Mutton Chops 800g,Crown Farms Mutton Chops 800g,morrisons,7.5,,lamb chops,Crown
Market Street British Spring Lamb Stuffed Breast,British Spring Lamb Stuffed Breast,morrisons,3.91,,lamb chops,Market
Morrisons Lamb Mince,Lamb Mince,morrisons,5.5,,lamb chops,Morrisons
Morrisons Baby Potatoes   1kg,Baby Potatoes   1kg,morrisons,1.09,,baby potatoes,Morrisons
Morrisons Miniature Potatoes,Miniature Potatoes,morrisons,1.0,,baby potatoes,Morrisons
Morrisons Herby Baby Potatoes,Herby Baby Potatoes,morrisons,1.0,,baby potatoes,Morrisons
Morrisons Baby Potatoes With Chives & Salted Butter 350g,Baby Potatoes With Chives & Salted Butter 350g,morrisons,2.25,,baby potatoes,Morrisons
Morrisons The Butcher's on Market Street British Pork Mince 5% Fat 454g,The Butcher's on Market Street British Pork Mince 5% Fat 454g,morrisons,2.32,,pork mince,Morrisons
Morrisons Beef And Pork Mince 550g,Beef And Pork Mince 550g,morrisons,4.25,,pork mince,Morrisons
Morrisons Beef And Pork Mince 1kg,Beef And Pork Mince 1kg,morrisons,7.5,,pork mince,Morrisons
Morrisons Savers 20% Fat Pork Mince 454g,20% Fat Pork Mince 454g,morrisons,2.27,,pork mince,Morrisons
Morrisons Butternut Squash,Butternut Squash,morrisons,1.5,,butternut squash,Morrisons
Morrisons Butternut Squash Chunks 500g,Butternut Squash Chunks 500g,morrisons,1.25,,butternut squash,Morrisons
Morrisons The Best Butternut Squash & Sage Girasole,Butternut Squash & Sage Girasole,morrisons,3.5,,butternut squash,Morrisons
Morrisons Natural Cooked Beetroot,Natural Cooked Beetroot,morrisons,0.78,,beetroot,Morrisons
Morrisons Bunched Beetroot,Bunched Beetroot,morrisons,1.9,,beetroot,Morrisons
Morrisons Sliced Beetroot (340g),Sliced Beetroot (340g),morrisons,1.1,,beetroot,Morrisons
Baxters Sliced Beetroot (567g),Baxters Sliced Beetroot (567g),morrisons,1.75,,beetroot,Baxters
Morrisons Fresh Coriander,Fresh Coriander,morrisons,1.25,,fresh coriander,Morrisons
Morrisons Market St Living Coriander,Market St Living Coriander,morrisons,1.6,,fresh coriander,Morrisons
Morrisons Fresh Mint,Fresh Mint,morrisons,0.7,,fresh mint,Morrisons
Morrisons Living Mint,Living Mint,morrisons,1.6,,fresh mint,Morrisons
Morrisons Fresh Coriander,Fresh Coriander,morrisons,1.25,,fresh mint,Morrisons
Morrisons Market St Living Basil,Market St Living Basil,morrisons,1.6,,fresh basil,Morrisons
Morrisons Fresh Basil   30g,Fresh Basil   30g,morrisons,0.7,,fresh basil,Morrisons
Morrisons Fresh Coriander,Fresh Coriander,morrisons,1.25,,fresh basil,Morrisons
Morrisons Flat Leaf Parsley   100g,Flat Leaf Parsley   100g,morrisons,1.39,,fresh parsley,Morrisons
Market Street Living Parsley,Living Parsley,morrisons,1.6,,fresh parsley,Market
Morrisons Fresh Flat Leaf Parsley   30g,Fresh Flat Leaf Parsley   30g,morrisons,0.7,,fresh parsley,Morrisons
Morrisons Living Flat Leaf Parsley,Living Flat Leaf Parsley,morrisons,1.6,,fresh parsley,Morrisons
Morrisons Spaghetti 500g,Spaghetti 500g,morrisons,0.75,,spaghetti,Morrisons
Napolina Spaghetti,Napolina Spaghetti,morrisons,1.0,,spaghetti,Napolina
Barilla Pasta Spaghetti   500g,Barilla Pasta Spaghetti   500g,morrisons,1.5,,spaghetti,Barilla
Heinz Spaghetti in Tomato Sauce Multipack,Heinz Spaghetti in Tomato Sauce Multipack,morrisons,2.99,,spaghetti,Heinz
Green Giant Original Sweetcorn (4x198g),Green Giant Original Sweetcorn (4x198g),morrisons,3.0,,tinned sweetcorn,Green
Green Giant Salt Free Sweetcorn (4x198g),Green Giant Salt Free Sweetcorn (4x198g),morrisons,3.0,,tinned sweetcorn,Green
Morrisons Sweetcorn In Water,Sweetcorn In Water,morrisons,2.25,,tinned sweetcorn,Morrisons
Heinz Cream of Tomato Soup 400g,Heinz Cream of Tomato Soup 400g,morrisons,1.7,,tinned soup,Heinz
Heinz Cream of Tomato Soup Value Pack,Heinz Cream of Tomato Soup Value Pack,morrisons,6.0,,tinned soup,Heinz
Heinz Cream Of Chicken Soup,Heinz Cream Of Chicken Soup,morrisons,6.0,,tinned soup,Heinz
Heinz Cream of Chicken Soup,Heinz Cream of Chicken Soup,morrisons,1.7,,tinned soup,Heinz
Morrisons Penne,Penne,morrisons,0.69,,penne pasta,Morrisons
Morrisons Penne Pasta,Penne Pasta,morrisons,1.29,,penne pasta,Morrisons
Morrisons Penne Mozzarella,Penne Mozzarella,morrisons,3.75,,penne pasta,Morrisons
Napolina Penne Pasta,Napolina Penne Pasta,morrisons,1.0,,penne pasta,Napolina
Morrisons Italian Tagliatelle,Italian Tagliatelle,morrisons,2.25,,tagliatelle,Morrisons
Morrisons Mushroom & Ham Tagliatelle,Mushroom & Ham Tagliatelle,morrisons,3.75,,tagliatelle,Morrisons
Morrisons Fusilli,Fusilli,morrisons,0.75,,fusilli pasta,Morrisons
Napolina Fusilli Pasta,Napolina Fusilli Pasta,morrisons,1.0,,fusilli pasta,Napolina
Morrisons The Best Sundried Tomato & Garlic Pasta Sauce 350g,Sundried Tomato & Garlic Pasta Sauce 350g,morrisons,2.0,,pasta sauce tomato,Morrisons
Morrisons Tomato & Garlic Pasta Sauce,Tomato & Garlic Pasta Sauce,morrisons,0.79,,pasta sauce tomato,Morrisons
Morrisons The Best Pesto Genovese   190g,Pesto Genovese   190g,morrisons,2.2,,pesto green,Morrisons
Morrisons Green Pesto,Green Pesto,morrisons,0.89,,pesto green,Morrisons
Morrisons Red Pesto,Red Pesto,morrisons,0.89,,pesto green,Morrisons
Morrisons Plant Revolution Vegan Green Pesto 190g,Plant Revolution Vegan Green Pesto 190g,morrisons,0.89,,pesto green,Morrisons
Morrisons Linguine,Linguine,morrisons,0.75,,linguine,Morrisons
Napolina Linguine Pasta,Napolina Linguine Pasta,morrisons,1.0,,linguine,Napolina
Morrisons The Best Chilli King Prawn Linguine 400g,Chilli King Prawn Linguine 400g,morrisons,4.75,,linguine,Morrisons
Morrisons Lasagne Sheets,Lasagne Sheets,morrisons,0.75,,lasagne sheets,Morrisons
Napolina Plain Lasagne,Napolina Plain Lasagne,morrisons,1.6,,lasagne sheets,Napolina
Barilla Pasta Lasagne Sheets   500g,Barilla Pasta Lasagne Sheets   500g,morrisons,1.75,,lasagne sheets,Barilla
Badshah Basmati Rice 10kg,Badshah Basmati Rice 10kg,morrisons,12.0,,basmati rice,Badshah
Morrisons Tikka Masala Curry Paste,Tikka Masala Curry Paste,morrisons,1.9,,curry paste tikka,Morrisons
The Spice Tailor Tikka Masala Indian Curry Sauce Kit,The Spice Tailor Tikka Masala Indian Curry Sauce Kit,morrisons,3.25,,curry paste tikka,The
Sharwood's Indian Tikka Masala Reduced Fat Curry Paste 280g,Sharwood's Indian Tikka Masala Reduced Fat Curry Paste 280g,morrisons,2.95,,curry paste tikka,Sharwood's
Morrisons Low Fat Tikka Masala Sauce,Low Fat Tikka Masala Sauce,morrisons,1.0,,curry paste tikka,Morrisons
Patak's Korma Indian Mild Spice Paste Pots  2 x 70g,Patak's Korma Indian Mild Spice Paste Pots  2 x 70g,morrisons,1.85,,curry paste korma,Patak's
Morrisons Korma Curry Paste,Korma Curry Paste,morrisons,1.9,,curry paste korma,Morrisons
Loyd Grossman Korma Curry Cooking Sauce 350g,Loyd Grossman Korma Curry Cooking Sauce 350g,morrisons,2.25,,curry paste korma,Loyd
Morrisons Massaman Paste,Massaman Paste,morrisons,2.25,,curry paste korma,Morrisons
Blue Dragon Hoisin & Garlic Stir Fry Cooking Sauce Mild 120g,Blue Dragon Hoisin & Garlic Stir Fry Cooking Sauce Mild 120g,morrisons,0.75,,stir fry sauce,Blue
Blue Dragon Sweet Chilli & Garlic Stir Fry Cooking Sauce Medium 120g,Blue Dragon Sweet Chilli & Garlic Stir Fry Cooking Sauce Medium 120g,morrisons,0.75,,stir fry sauce,Blue
Morrisons Chow Mein Stir Fry Sauce,Chow Mein Stir Fry Sauce,morrisons,0.55,,stir fry sauce,Morrisons
Morrisons Teriyaki Stir Fry Sauce,Teriyaki Stir Fry Sauce,morrisons,0.55,,stir fry sauce,Morrisons
Morrisons Easy Cook Long Grain Rice,Easy Cook Long Grain Rice,morrisons,1.25,,long grain rice,Morrisons
Ben's Original Long Grain Rice,Ben's Original Long Grain Rice,morrisons,5.25,,long grain rice,Ben's
Mai Thai Jasmine Rice 10KG,Mai Thai Jasmine Rice 10KG,morrisons,12.0,,jasmine rice,Mai
Mai Thai Aaa Jasmine Fragrant Rice,Mai Thai Aaa Jasmine Fragrant Rice,morrisons,8.0,,jasmine rice,Mai
Tilda Fragrant Jasmine Rice,Tilda Fragrant Jasmine Rice,morrisons,3.0,,jasmine rice,Tilda
Morrisons Thai Fragrant Rice,Thai Fragrant Rice,morrisons,1.75,,jasmine rice,Morrisons
Heinz Tomato Ketchup 910g,Heinz Tomato Ketchup 910g,morrisons,4.0,,tomato ketchup,Heinz
Heinz Tomato Ketchup 50% Less Sugar & Salt,Heinz Tomato Ketchup 50% Less Sugar & Salt,morrisons,4.0,,tomato ketchup,Heinz
Heinz Tomato Ketchup  460g,Heinz Tomato Ketchup  460g,morrisons,2.5,,tomato ketchup,Heinz
Gallo Traditional Risotto   500g,Gallo Traditional Risotto   500g,morrisons,2.0,,risotto rice,Gallo
Morrisons Basmati Rice,Basmati Rice,morrisons,3.58,,risotto rice,Morrisons
Riso Gallo Easy Cook Risotto Rice 500g,Riso Gallo Easy Cook Risotto Rice 500g,morrisons,2.65,,risotto rice,Riso
Morrisons Paella Rice,Paella Rice,morrisons,2.45,,risotto rice,Morrisons
Hellmann's Real Mayonnaise 600g,Hellmann's Real Mayonnaise 600g,morrisons,3.25,,mayonnaise,Hellmann's
Morrisons Mayonnaise,Mayonnaise,morrisons,0.95,,mayonnaise,Morrisons
Hellmann's Real Squeezy Mayonnaise 750ml,Hellmann's Real Squeezy Mayonnaise 750ml,morrisons,3.25,,mayonnaise,Hellmann's
HP Brown Sauce,HP Brown Sauce,morrisons,2.5,,brown sauce,HP
Daddies Favourite Brown Sauce,Daddies Favourite Brown Sauce,morrisons,2.0,,brown sauce,Daddies
Morrisons Brown Sauce,Brown Sauce,morrisons,0.98,,brown sauce,Morrisons
HP Brown Sauce Handy Pack,HP Brown Sauce Handy Pack,morrisons,2.3,,brown sauce,HP
Morrisons Egg Noodles,Egg Noodles,morrisons,1.3,,egg noodles,Morrisons
Morrisons Medium Egg Noodles,Medium Egg Noodles,morrisons,0.95,,egg noodles,Morrisons
Blue Dragon Medium Egg Noodles 4 Pack,Blue Dragon Medium Egg Noodles 4 Pack,morrisons,1.25,,egg noodles,Blue
Sharwood's Medium Egg Noodles,Sharwood's Medium Egg Noodles,morrisons,1.45,,egg noodles,Sharwood's
Itsu Rice Noodles 180g,Itsu Rice Noodles 180g,morrisons,1.25,,rice noodles,Itsu
Morrisons Rice Noodles,Rice Noodles,morrisons,1.3,,rice noodles,Morrisons
Mama Instant Vermicelli Noodles,Mama Instant Vermicelli Noodles,morrisons,1.95,,rice noodles,Mama
Kikkoman Naturally Brewed Soy,Kikkoman Naturally Brewed Soy,morrisons,2.25,,soy sauce,Kikkoman
Blue Dragon Light Soy Sauce 150 ml,Blue Dragon Light Soy Sauce 150 ml,morrisons,1.85,,soy sauce,Blue
Blue Dragon Dark Soy Sauce 150 ml,Blue Dragon Dark Soy Sauce 150 ml,morrisons,1.85,,soy sauce,Blue
Morrisons Baked Beans 4x410g,Baked Beans 4x410g,morrisons,1.5,,baked beans,Morrisons
Heinz Baked Beans 4x415g,Heinz Baked Beans 4x415g,morrisons,3.5,,baked beans,Heinz
Branston Baked Beans,Branston Baked Beans,morrisons,4.0,,baked beans,Branston
Bonne Maman Strawberry Conserve   370g,Bonne Maman Strawberry Conserve   370g,morrisons,3.0,,jam strawberry,Bonne
Mackays Scottish Strawberry Preserve,Mackays Scottish Strawberry Preserve,morrisons,2.3,,jam strawberry,Mackays
Morrisons The Best Strawberry Conserve  340g,Strawberry Conserve  340g,morrisons,2.55,,jam strawberry,Morrisons
Morrisons Strawberry Jam,Strawberry Jam,morrisons,1.15,,jam strawberry,Morrisons
Lea & Perrins Worcestershire Sauce,Lea & Perrins Worcestershire Sauce,morrisons,2.0,,worcestershire sauce,Lea
Walkers Worcester Sauce Crisps With Lea And Perrins 6x25g,Walkers Worcester Sauce Crisps With Lea And Perrins 6x25g,morrisons,1.75,,worcestershire sauce,Walkers
Morrisons Worcester Sauce,Worcester Sauce,morrisons,1.3,,worcestershire sauce,Morrisons
Morrisons Habanero Hot Chilli Sauce,Habanero Hot Chilli Sauce,morrisons,1.7,,hot sauce,Morrisons
Chicago Town Takeaway Large Stuffed Pepperoni Pizza (Tomato stuffed crust),Chicago Town Takeaway Large Stuffed Pepperoni Pizza (Tomato stuffed crust),morrisons,3.25,,frozen pizza,Chicago
Chicago Town Takeaway Stuffed Crust BBQ Chicken Large Pizza   668g,Chicago Town Takeaway Stuffed Crust BBQ Chicken Large Pizza   668g,morrisons,3.25,,frozen pizza,Chicago
Chicago Town Cheese Pizza Tomato Stuffed Crust Takeaway,Chicago Town Cheese Pizza Tomato Stuffed Crust Takeaway,morrisons,3.25,,frozen pizza,Chicago
Morrisons English Mustard,English Mustard,morrisons,0.93,,mustard,Morrisons
French's American Classic Mustard 397g,French's American Classic Mustard 397g,morrisons,3.55,,mustard,French's
Colman's Original English Mustard 100g,Colman's Original English Mustard 100g,morrisons,2.0,,mustard,Colman's
Morrisons Peanut Butter Crunchy,Peanut Butter Crunchy,morrisons,3.99,,peanut butter,Morrisons
Nutella & Go! Hazelnut Chocolate Spread and Breadsticks Snack Pot,Nutella & Go! Hazelnut Chocolate Spread and Breadsticks Snack Pot,morrisons,1.35,,nutella,Nutella
Nutella Hazelnut Chocolate Spread Jar 630g,Nutella Hazelnut Chocolate Spread Jar 630g,morrisons,5.25,,nutella,Nutella
Nutella Hazelnut Spread with Cocoa 1000g,Nutella Hazelnut Spread with Cocoa 1000g,morrisons,7.0,,nutella,Nutella
Nutella Chocolate & Hazelnut Spread   350g,Nutella Chocolate & Hazelnut Spread   350g,morrisons,3.2,,nutella,Nutella
Indus Chickpeas   400g,Indus Chickpeas   400g,morrisons,0.45,,chickpeas tinned,Indus
KTC Chickpeas In Salted Water (400g),KTC Chickpeas In Salted Water (400g),morrisons,0.5,,chickpeas tinned,KTC
Laila Chickpeas,Laila Chickpeas,morrisons,2.5,,chickpeas tinned,Laila
Morrisons Red Kidney Beans (400g),Red Kidney Beans (400g),morrisons,0.39,,kidney beans tinned,Morrisons
Morrisons Red Kidney Beans in Chilli Sauce (405g),Red Kidney Beans in Chilli Sauce (405g),morrisons,1.0,,kidney beans tinned,Morrisons
Heinz Tinned Baked Beans 415g,Heinz Tinned Baked Beans 415g,morrisons,1.4,,kidney beans tinned,Heinz
KTC Red Kidney Beans In Salted Water (400g),KTC Red Kidney Beans In Salted Water (400g),morrisons,0.5,,kidney beans tinned,KTC
Morrisons Garlic Flatbread 234G,Garlic Flatbread 234G,morrisons,1.75,,frozen garlic bread,Morrisons
Morrisons 10 Garlic Bread Slices,10 Garlic Bread Slices,morrisons,1.3,,frozen garlic bread,Morrisons
Morrisons 2 Garlic Baguettes,2 Garlic Baguettes,morrisons,1.0,,frozen garlic bread,Morrisons
Morrisons Italian Cheese & Garlic Bread,Italian Cheese & Garlic Bread,morrisons,2.35,,frozen garlic bread,Morrisons
Il Casolare Unfiltered Extra Virgin Olive Oil,Il Casolare Unfiltered Extra Virgin Olive Oil,morrisons,8.5,,olive oil extra virgin,Il
Filippo Berio Special Selection Extra Virgin Olive Oil,Filippo Berio Special Selection Extra Virgin Olive Oil,morrisons,5.0,,olive oil extra virgin,Filippo
Napolina Extra Virgin Olive Oil,Napolina Extra Virgin Olive Oil,morrisons,4.5,,olive oil extra virgin,Napolina
Terra Delyssa Extra Virgin Olive Oil 750ml,Terra Delyssa Extra Virgin Olive Oil 750ml,morrisons,9.75,,olive oil extra virgin,Terra
Bonne Maman Bitter Orange Marmalade,Bonne Maman Bitter Orange Marmalade,morrisons,2.3,,marmalade,Bonne
Frank Cooper's Fine Cut Oxford Marmalade,Frank Cooper's Fine Cut Oxford Marmalade,morrisons,2.5,,marmalade,Frank
La Vieja Fabrica Seville Orange Fine Cut Marmalade,La Vieja Fabrica Seville Orange Fine Cut Marmalade,morrisons,2.15,,marmalade,La
Morrisons The Best Seville Orange Marmalade,Seville Orange Marmalade,morrisons,1.8,,marmalade,Morrisons
Carte D'or Madagascan Vanilla Ice Cream Tub 900ml,Carte D'or Madagascan Vanilla Ice Cream Tub 900ml,morrisons,2.5,,vanilla ice cream,Carte
Kelly's Vanilla Bean with Cornish Clotted Cream 425ml,Kelly's Vanilla Bean with Cornish Clotted Cream 425ml,morrisons,3.0,,vanilla ice cream,Kelly's
Kelly's Vanilla Cornish Dairy Ice Cream,Kelly's Vanilla Cornish Dairy Ice Cream,morrisons,4.5,,vanilla ice cream,Kelly's
Morrisons Vanilla Ice Cream,Vanilla Ice Cream,morrisons,2.75,,vanilla ice cream,Morrisons
Morrisons Green Lentils In Water,Green Lentils In Water,morrisons,0.5,,lentils tinned,Morrisons
Napolina Lentils In Water 400g,Napolina Lentils In Water 400g,morrisons,1.0,,lentils tinned,Napolina
Ainsley Harriott Tasty Grains Mediterranean Couscous Bulgur & Lentils 100g,Ainsley Harriott Tasty Grains Mediterranean Couscous Bulgur & Lentils 100g,morrisons,1.0,,lentils tinned,Ainsley
Crisp 'n' Dry Rapeseed Oil,Crisp 'n' Dry Rapeseed Oil,morrisons,2.25,,vegetable oil,Crisp
Morrisons Vegetable Oil    1l,Vegetable Oil    1l,morrisons,1.95,,vegetable oil,Morrisons
Morrisons Vegetable Oil,Vegetable Oil,morrisons,5.0,,vegetable oil,Morrisons
Morrisons Sunflower Oil   1L,Sunflower Oil   1L,morrisons,1.95,,vegetable oil,Morrisons
Flora Pure Sunflower Oil with Vitamin E,Flora Pure Sunflower Oil with Vitamin E,morrisons,4.5,,vegetable oil,Flora
Morrisons Savers Porridge Oats,Porridge Oats,morrisons,0.85,,porridge oats,Morrisons
Morrisons Porridge Oats,Porridge Oats,morrisons,1.35,,porridge oats,Morrisons
Flahavan's Organic Porridge Oats   1kg,Flahavan's Organic Porridge Oats   1kg,morrisons,3.0,,porridge oats,Flahavan's
Mornflake Mighty Oats Creamy Superfast Oats 2kg,Mornflake Mighty Oats Creamy Superfast Oats 2kg,morrisons,3.09,,porridge oats,Mornflake
Scott's Porage Original Porridge Oats,Scott's Porage Original Porridge Oats,morrisons,2.95,,porridge oats,Scott's
Carte D'Or Indulgent Chocolate Ice Cream Tub 900ml,Carte D'Or Indulgent Chocolate Ice Cream Tub 900ml,morrisons,2.5,,chocolate ice cream,Carte
Ben & Jerry's Chocolate Fudge Brownie Ice Cream Tub 465ml,Ben & Jerry's Chocolate Fudge Brownie Ice Cream Tub 465ml,morrisons,3.0,,chocolate ice cream,Ben
Magnum Classic Ice Cream Sticks 6 x 100ml,Magnum Classic Ice Cream Sticks 6 x 100ml,morrisons,4.75,,chocolate ice cream,Magnum
Haagen-Dazs Belgian Chocolate Ice Cream,Haagen-Dazs Belgian Chocolate Ice Cream,morrisons,3.95,,chocolate ice cream,Haagen-Dazs
Morrisons Double Chocolate Ice Cream,Double Chocolate Ice Cream,morrisons,2.75,,chocolate ice cream,Morrisons
Morrisons Butter Beans In Water (400g),Butter Beans In Water (400g),morrisons,0.45,,butter beans tinned,Morrisons
Heinz No Added Sugar Baked Beans 200g,Heinz No Added Sugar Baked Beans 200g,morrisons,1.0,,butter beans tinned,Heinz
Morrisons Mixed Beans (300g),Mixed Beans (300g),morrisons,0.7,,butter beans tinned,Morrisons
Branston Baked Beans,Branston Baked Beans,morrisons,0.75,,butter beans tinned,Branston
Morrisons Traditional Sliced Runner Beans,Traditional Sliced Runner Beans,morrisons,1.85,,butter beans tinned,Morrisons
Morrisons Cornflakes 500g,Cornflakes 500g,morrisons,0.95,,cornflakes,Morrisons
Flora Pure Sunflower Oil with Vitamin E,Flora Pure Sunflower Oil with Vitamin E,morrisons,4.5,,sunflower oil,Flora
Morrisons Sunflower Oil   1L,Sunflower Oil   1L,morrisons,1.95,,sunflower oil,Morrisons
Morrisons Sunflower Oil,Sunflower Oil,morrisons,5.97,,sunflower oil,Morrisons
Morrisons Vegetable Oil    1l,Vegetable Oil    1l,morrisons,1.95,,sunflower oil,Morrisons
Crisp 'n' Dry Rapeseed Oil,Crisp 'n' Dry Rapeseed Oil,morrisons,2.25,,sunflower oil,Crisp
Fab Strawberry Ice Lollies,Fab Strawberry Ice Lollies,morrisons,2.0,,ice lollies,Fab
Nestle Rowntrees Fruit Pastilles Lollies Family Pack,Nestle Rowntrees Fruit Pastilles Lollies Family Pack,morrisons,3.5,,ice lollies,Nestle
Rowntree's Fruit Pastilles Lollies 4 Pack,Rowntree's Fruit Pastilles Lollies 4 Pack,morrisons,2.5,,ice lollies,Rowntree's
Morrisons Rocket Ice Lollies,Rocket Ice Lollies,morrisons,1.7,,ice lollies,Morrisons
Morrisons Savers Ice Lollies,Ice Lollies,morrisons,1.15,,ice lollies,Morrisons
Birds Eye 20 Omega 3 Fish Fingers 560g,Birds Eye 20 Omega 3 Fish Fingers 560g,morrisons,3.0,,frozen fish fingers,Birds
Birds Eye 8 Breaded Haddock Fish Fingers    240g,Birds Eye 8 Breaded Haddock Fish Fingers    240g,morrisons,3.5,,frozen fish fingers,Birds
Morrisons 10 Omega 3 Fish Fingers,10 Omega 3 Fish Fingers,morrisons,0.93,,frozen fish fingers,Morrisons
Young's 15 Omega 3 Fish Fingers 450g,Young's 15 Omega 3 Fish Fingers 450g,morrisons,3.5,,frozen fish fingers,Young's
Birds Eye 26 Breaded Cod Fish Fingers    780g,Birds Eye 26 Breaded Cod Fish Fingers    780g,morrisons,8.5,,frozen fish fingers,Birds
Jordans Super Berry Granola Breakfast Cereal,Jordans Super Berry Granola Breakfast Cereal,morrisons,2.95,,granola,Jordans
Morrisons Simply Granola,Simply Granola,morrisons,2.65,,granola,Morrisons
Morrisons Superberry Granola,Superberry Granola,morrisons,3.6,,granola,Morrisons
Morrisons The Best Nuts & Seed Granola 500g,Nuts & Seed Granola 500g,morrisons,3.0,,granola,Morrisons
Jordans Simply Granola with a Hint of Honey Breakfast Cereal,Jordans Simply Granola with a Hint of Honey Breakfast Cereal,morrisons,3.75,,granola,Jordans
Morrisons Plain Flour   1.5kg,Plain Flour   1.5kg,morrisons,0.7,,plain flour,Morrisons
Morrisons Self Raising Flour,Self Raising Flour,morrisons,0.7,,plain flour,Morrisons
McDougalls Plain Flour Pre-sifted   1.1kg,McDougalls Plain Flour Pre-sifted   1.1kg,morrisons,2.05,,plain flour,McDougalls
Morrisons Plain Flour   500g,Plain Flour   500g,morrisons,0.53,,plain flour,Morrisons
Be-Ro Plain Flour   1.1kg,Be-Ro Plain Flour   1.1kg,morrisons,2.05,,plain flour,Be-Ro
John West Tuna Chunks in Spring Water 4x125g (102g drained),John West Tuna Chunks in Spring Water 4x125g (102g drained),morrisons,3.75,,tinned tuna,John
John West Tuna Chunks in Sunflower Oil 4x125g (102g drained),John West Tuna Chunks in Sunflower Oil 4x125g (102g drained),morrisons,3.75,,tinned tuna,John
Morrisons Tuna Chunks In Spring Water 4x145g,Tuna Chunks In Spring Water 4x145g,morrisons,2.49,,tinned tuna,Morrisons
John West Tuna Chunks in Brine 4x125g (102g drained),John West Tuna Chunks in Brine 4x125g (102g drained),morrisons,3.75,,tinned tuna,John
John West No Drain Tuna Chunks with a Little Spring Water MSC 3x100g,John West No Drain Tuna Chunks with a Little Spring Water MSC 3x100g,morrisons,4.0,,tinned tuna,John
Morrisons Self Raising Flour,Self Raising Flour,morrisons,0.7,,self raising flour,Morrisons
McDougalls Self Raising Flour   1.1kg,McDougalls Self Raising Flour   1.1kg,morrisons,2.05,,self raising flour,McDougalls
Be-Ro Self Raising Flour   1.1kg,Be-Ro Self Raising Flour   1.1kg,morrisons,2.05,,self raising flour,Be-Ro
McDougalls Supreme Sponge Premium Self Raising Flour,McDougalls Supreme Sponge Premium Self Raising Flour,morrisons,2.5,,self raising flour,McDougalls
Allinson's Self-Raising Wholemeal Flour,Allinson's Self-Raising Wholemeal Flour,morrisons,1.79,,self raising flour,Allinson's
Weetabix Chocolate Cereal,Weetabix Chocolate Cereal,morrisons,3.0,,weetabix,Weetabix
Weetabix Cereal 48 Pack,Weetabix Cereal 48 Pack,morrisons,5.5,,weetabix,Weetabix
Weetabix Cereal,Weetabix Cereal,morrisons,8.0,,weetabix,Weetabix
Weetabix Banana Cereal,Weetabix Banana Cereal,morrisons,3.0,,weetabix,Weetabix
Allinson's Strong White Bread Flour,Allinson's Strong White Bread Flour,morrisons,1.75,,bread flour,Allinson's
Morrisons Strong White Flour,Strong White Flour,morrisons,1.3,,bread flour,Morrisons
Allinson's Very Strong Wholemeal Bread Flour,Allinson's Very Strong Wholemeal Bread Flour,morrisons,1.9,,bread flour,Allinson's
Allinson's Very Strong White Bread Flour,Allinson's Very Strong White Bread Flour,morrisons,1.9,,bread flour,Allinson's
Wright's Mixed Grain Bread Mix,Wright's Mixed Grain Bread Mix,morrisons,1.4,,bread flour,Wright's
Morrisons The Best Hand Cooked Sea Salted Crisps 125g,Hand Cooked Sea Salted Crisps 125g,morrisons,1.0,,ready salted crisps,Morrisons
Walkers Ready Salted Multipack Crisps,Walkers Ready Salted Multipack Crisps,morrisons,3.24,,ready salted crisps,Walkers
Morrisons Ready Salted Flavour Crisps Multipack,Ready Salted Flavour Crisps Multipack,morrisons,1.1,,ready salted crisps,Morrisons
Walkers Ready Salted Multipack Crisps 6 Pack,Walkers Ready Salted Multipack Crisps 6 Pack,morrisons,2.2,,ready salted crisps,Walkers
Seabrook Sea Salt Crisps 6 Pack,Seabrook Sea Salt Crisps 6 Pack,morrisons,1.5,,ready salted crisps,Seabrook
McCoy's Cheddar & Onion Multipack Crisps 6 Pack,McCoy's Cheddar & Onion Multipack Crisps 6 Pack,morrisons,1.75,,cheese onion crisps,McCoy's
Jacob's Baked Cheddars Cheese Crackers,Jacob's Baked Cheddars Cheese Crackers,morrisons,1.0,,cheese onion crisps,Jacob's
Morrisons Cheese and Onion Flavour Crisps Multipack,Cheese and Onion Flavour Crisps Multipack,morrisons,1.1,,cheese onion crisps,Morrisons
Walkers Cheese & Onion Multipack Crisps,Walkers Cheese & Onion Multipack Crisps,morrisons,3.24,,cheese onion crisps,Walkers
Walkers Cheese & Onion Multipack Crisps 6 Pack x 25g,Walkers Cheese & Onion Multipack Crisps 6 Pack x 25g,morrisons,2.2,,cheese onion crisps,Walkers
Alpen No Added Sugar Muesli 550g,Alpen No Added Sugar Muesli 550g,morrisons,2.5,,muesli,Alpen
Alpen No Added Sugar Muesli   950g,Alpen No Added Sugar Muesli   950g,morrisons,3.99,,muesli,Alpen
Morrisons Extra Fruity Muesli,Extra Fruity Muesli,morrisons,2.5,,muesli,Morrisons
Morrisons No Added Sugar Swiss Style Muesli 1kg,No Added Sugar Swiss Style Muesli 1kg,morrisons,2.5,,muesli,Morrisons
Morrisons Fruit & Nut Muesli,Fruit & Nut Muesli,morrisons,2.5,,muesli,Morrisons
Kellogg's Rice Krispies Breakfast Cereal,Kellogg's Rice Krispies Breakfast Cereal,morrisons,3.85,,rice krispies,Kellogg's
Kellogg's Rice Krispies Breakfast Cereal 430g,Kellogg's Rice Krispies Breakfast Cereal 430g,morrisons,3.5,,rice krispies,Kellogg's
Morrisons Rice Crackles,Rice Crackles,morrisons,1.25,,rice krispies,Morrisons
Kellogg's Rice Krispies Multigrain Shapes Breakfast Cereal 350g,Kellogg's Rice Krispies Multigrain Shapes Breakfast Cereal 350g,morrisons,3.5,,rice krispies,Kellogg's
Kellogg's Rice Krispies Breakfast Cereal Bars 4x20g,Kellogg's Rice Krispies Breakfast Cereal Bars 4x20g,morrisons,1.0,,rice krispies,Kellogg's
Tate & Lyle Pure Cane Caster Sugar 1kg,Tate & Lyle Pure Cane Caster Sugar 1kg,morrisons,2.25,,caster sugar,Tate
Tate & Lyle Pure Cane Caster Sugar 500g,Tate & Lyle Pure Cane Caster Sugar 500g,morrisons,1.75,,caster sugar,Tate
Tate & Lyle Pure Cane Caster Sugar 2kg,Tate & Lyle Pure Cane Caster Sugar 2kg,morrisons,4.2,,caster sugar,Tate
Tate & Lyle Fairtrade Golden Caster Pure Cane Sugar 1kg,Tate & Lyle Fairtrade Golden Caster Pure Cane Sugar 1kg,morrisons,2.75,,caster sugar,Tate
Tate & Lyle Pure Cane Granulated Sugar 500g,Tate & Lyle Pure Cane Granulated Sugar 500g,morrisons,0.89,,caster sugar,Tate
Kettle Chips Sea Salt & Balsamic Vinegar of Modena Sharing Crisps,Kettle Chips Sea Salt & Balsamic Vinegar of Modena Sharing Crisps,morrisons,1.65,,salt vinegar crisps,Kettle
Morrisons The Best Sea Salt & Vinegar Crisps,Sea Salt & Vinegar Crisps,morrisons,1.0,,salt vinegar crisps,Morrisons
Pringles Salt & Vinegar   165g,Pringles Salt & Vinegar   165g,morrisons,1.5,,salt vinegar crisps,Pringles
McCoy's Coated Peanuts Salt & Malt Vinegar,McCoy's Coated Peanuts Salt & Malt Vinegar,morrisons,1.75,,salt vinegar crisps,McCoy's
Morrisons Salt and Vinegar Flavour Crisps Multipack,Salt and Vinegar Flavour Crisps Multipack,morrisons,1.1,,salt vinegar crisps,Morrisons
Morrisons Lightly Salted Tortilla Chips,Lightly Salted Tortilla Chips,morrisons,0.8,,tortilla chips,Morrisons
Morrisons Cool Tortilla Chips,Cool Tortilla Chips,morrisons,0.8,,tortilla chips,Morrisons
Morrisons Tortilla Chips,Tortilla Chips,morrisons,1.0,,tortilla chips,Morrisons
Gran Luchito Lightly Salted Tortilla Chips 170g,Gran Luchito Lightly Salted Tortilla Chips 170g,morrisons,2.7,,tortilla chips,Gran
Innocent Smooth Orange Juice,Innocent Smooth Orange Juice,morrisons,3.0,,orange juice,Innocent
Morrisons The Best Freshly Squeezed Orange Juice with Bits,Freshly Squeezed Orange Juice with Bits,morrisons,2.75,,orange juice,Morrisons
Innocent Orange Juice with Bits,Innocent Orange Juice with Bits,morrisons,3.0,,orange juice,Innocent
Morrisons Orange Juice from Concentrate 1L,Orange Juice from Concentrate 1L,morrisons,1.45,,orange juice,Morrisons
Morrisons Orange Juice From Concentrate Smooth 1L,Orange Juice From Concentrate Smooth 1L,morrisons,1.75,,orange juice,Morrisons
Tate & Lyle Fairtrade Light Brown Soft Sugar,Tate & Lyle Fairtrade Light Brown Soft Sugar,morrisons,3.0,,brown sugar,Tate
Tate & Lyle Fairtrade Dark Brown Soft Sugar,Tate & Lyle Fairtrade Dark Brown Soft Sugar,morrisons,3.0,,brown sugar,Tate
Billington's Demerara Sugar,Billington's Demerara Sugar,morrisons,2.15,,brown sugar,Billington's
Tate & Lyle Fairtrade Unrefined Demerara Pure Cane Sugar 1kg,Tate & Lyle Fairtrade Unrefined Demerara Pure Cane Sugar 1kg,morrisons,3.3,,brown sugar,Tate
Tate & Lyle Fairtrade Golden Granulated Pure Cane Sugar 1kg,Tate & Lyle Fairtrade Golden Granulated Pure Cane Sugar 1kg,morrisons,2.75,,brown sugar,Tate
Morrisons Mixed Nuts,Mixed Nuts,morrisons,2.75,,mixed nuts,Morrisons
Morrisons The Best Chunky Mixed Nuts,Chunky Mixed Nuts,morrisons,3.5,,mixed nuts,Morrisons
Tate & Lyle Cane Icing Sugar 1kg,Tate & Lyle Cane Icing Sugar 1kg,morrisons,2.55,,icing sugar,Tate
Tate & Lyle Cane Icing Sugar 500g,Tate & Lyle Cane Icing Sugar 500g,morrisons,1.4,,icing sugar,Tate
Silver Spoon Creamy Vanilla Flavour Icing Sugar   200g,Silver Spoon Creamy Vanilla Flavour Icing Sugar   200g,morrisons,1.8,,icing sugar,Silver
Morrisons Sugar Strand Sprinkles,Sugar Strand Sprinkles,morrisons,1.25,,icing sugar,Morrisons
Silver Spoon Chocolate Fudge Flavour Icing Sugar   200g,Silver Spoon Chocolate Fudge Flavour Icing Sugar   200g,morrisons,1.8,,icing sugar,Silver
Innocent Apple Juice,Innocent Apple Juice,morrisons,3.0,,apple juice,Innocent
Morrisons 100% Cloudy Apple Juice 1L,100% Cloudy Apple Juice 1L,morrisons,2.0,,apple juice,Morrisons
Morrisons Apple Juice from Concentrate 1L,Apple Juice from Concentrate 1L,morrisons,1.45,,apple juice,Morrisons
Morrisons Apple Juice From Concentrate,Apple Juice From Concentrate,morrisons,1.35,,apple juice,Morrisons
Morrisons Cloudy Apple 100% Fruit Juice,Cloudy Apple 100% Fruit Juice,morrisons,3.0,,apple juice,Morrisons
Hilltop Blossom Honey   720g,Hilltop Blossom Honey   720g,morrisons,3.4,,honey,Hilltop
Rowse Pure & Natural Squeezy Runny Honey   340g,Rowse Pure & Natural Squeezy Runny Honey   340g,morrisons,2.0,,honey,Rowse
Morrisons Squeezy Pure Clear Honey 454g,Squeezy Pure Clear Honey 454g,morrisons,1.95,,honey,Morrisons
Morrisons Squeezy Pure Honey,Squeezy Pure Honey,morrisons,4.0,,honey,Morrisons
Morrisons Pure Clear Honey,Pure Clear Honey,morrisons,1.75,,honey,Morrisons
Taylors of Harrogate Yorkshire Tea 240 Tea Bags,Taylors of Harrogate Yorkshire Tea 240 Tea Bags,morrisons,6.5,,tea bags,Taylors
Morrisons Everyday Tea Bags 240 Pack,Everyday Tea Bags 240 Pack,morrisons,3.25,,tea bags,Morrisons
Tetley Original Tea Bags 400s 1.25kg,Tetley Original Tea Bags 400s 1.25kg,morrisons,6.5,,tea bags,Tetley
Tetley Original Tea Bags x240,Tetley Original Tea Bags x240,morrisons,6.1,,tea bags,Tetley
Taylors of Harrogate Yorkshire Tea 160 Tea Bags,Taylors of Harrogate Yorkshire Tea 160 Tea Bags,morrisons,7.0,,tea bags,Taylors
Butterkist Crunchy Toffee Popcorn,Butterkist Crunchy Toffee Popcorn,morrisons,1.65,,popcorn,Butterkist
Proper Corn Sweet & Salty Popcorn 6x14g,Proper Corn Sweet & Salty Popcorn 6x14g,morrisons,1.75,,popcorn,Proper
Morrisons Sweet & Salt Popcorn,Sweet & Salt Popcorn,morrisons,1.1,,popcorn,Morrisons
Butterkist Sweet & Salted Microwave Popcorn 3x60g,Butterkist Sweet & Salted Microwave Popcorn 3x60g,morrisons,1.75,,popcorn,Butterkist
Whitworths Popcorn,Whitworths Popcorn,morrisons,2.5,,popcorn,Whitworths
Cadbury Dairy Milk Classic Chocolate Bar,Cadbury Dairy Milk Classic Chocolate Bar,morrisons,1.5,,chocolate bar,Cadbury
Morrisons Savers Milk Chocolate,Milk Chocolate,morrisons,0.65,,chocolate bar,Morrisons
Cadbury Dairy Milk Biscoff Biscuit Chocolate Bar 105g,Cadbury Dairy Milk Biscoff Biscuit Chocolate Bar 105g,morrisons,1.5,,chocolate bar,Cadbury
Morrisons Milk Chocolate,Milk Chocolate,morrisons,2.3,,chocolate bar,Morrisons
Cadbury Dairy Milk Chocolate Bar 360g,Cadbury Dairy Milk Chocolate Bar 360g,morrisons,5.5,,chocolate bar,Cadbury
Nescafe Gold Blend  Coffee Origins Alta Rica,Nescafe Gold Blend  Coffee Origins Alta Rica,morrisons,6.5,,instant coffee,Nescafe
Nescafe Azera Americano Instant Coffee 140g,Nescafe Azera Americano Instant Coffee 140g,morrisons,8.25,,instant coffee,Nescafe
Douwe Egberts Pure Gold Instant Coffee,Douwe Egberts Pure Gold Instant Coffee,morrisons,8.1,,instant coffee,Douwe
Morrisons Gold Roast Instant Coffee 200g,Gold Roast Instant Coffee 200g,morrisons,2.65,,instant coffee,Morrisons
Nescafe Original Instant Coffee Refill,Nescafe Original Instant Coffee Refill,morrisons,3.75,,instant coffee,Nescafe
Taylors Rich Italian Ground Coffee,Taylors Rich Italian Ground Coffee,morrisons,5.75,,ground coffee,Taylors
Morrisons The Best Fair Trade Colombian Ground Coffee 227g,Fair Trade Colombian Ground Coffee 227g,morrisons,4.3,,ground coffee,Morrisons
Lavazza Qualita Rossa Ground Coffee,Lavazza Qualita Rossa Ground Coffee,morrisons,11.5,,ground coffee,Lavazza
Morrisons Italian Roast & Ground Coffee,Italian Roast & Ground Coffee,morrisons,3.6,,ground coffee,Morrisons
Illy Espresso Ground Coffee,Illy Espresso Ground Coffee,morrisons,6.75,,ground coffee,Illy
McVitie's Digestives The Original Biscuits Twin Pack,McVitie's Digestives The Original Biscuits Twin Pack,morrisons,2.5,,biscuits digestive,McVitie's
McVitie's Digestives Biscuits The Light One,McVitie's Digestives Biscuits The Light One,morrisons,2.0,,biscuits digestive,McVitie's
Galaxy Milk Chocolate Digestive Biscuits,Galaxy Milk Chocolate Digestive Biscuits,morrisons,2.0,,biscuits digestive,Galaxy
George Wilkinson Hot Chocolate Maker,George Wilkinson Hot Chocolate Maker,morrisons,30.0,,hot chocolate,George
Cadbury Drinking Chocolate Hot Chocolate Tub,Cadbury Drinking Chocolate Hot Chocolate Tub,morrisons,4.5,,hot chocolate,Cadbury
Morrisons Instant Hot Chocolate,Instant Hot Chocolate,morrisons,2.5,,hot chocolate,Morrisons
Galaxy Instant Hot Chocolate,Galaxy Instant Hot Chocolate,morrisons,4.0,,hot chocolate,Galaxy
Cadbury Chocolate Jar Break,Cadbury Chocolate Jar Break,morrisons,4.0,,hot chocolate,Cadbury
McVitie's Jaffa Cakes Original Twin Pack Biscuits 20 Pack Multipack,McVitie's Jaffa Cakes Original Twin Pack Biscuits 20 Pack Multipack,morrisons,1.85,,biscuits chocolate,McVitie's
Cadbury Dairy Milk Fingers Milk Chocolate Covered Biscuits,Cadbury Dairy Milk Fingers Milk Chocolate Covered Biscuits,morrisons,1.5,,biscuits chocolate,Cadbury
"Fox's Biscuits Rocky Caramel Biscuit Bars Multipack, 7 Pack 136.5g","Fox's Biscuits Rocky Caramel Biscuit Bars Multipack, 7 Pack 136.5g",morrisons,1.25,,biscuits chocolate,Fox's
Tunnock's Milk Chocolate Tea Cakes Multipack,Tunnock's Milk Chocolate Tea Cakes Multipack,morrisons,2.3,,biscuits chocolate,Tunnock's
KitKat 2 Finger Milk Chocolate Biscuit Bars 8 Pack Multipack,KitKat 2 Finger Milk Chocolate Biscuit Bars 8 Pack Multipack,morrisons,2.2,,biscuits chocolate,KitKat
Morrisons Lemon Washing Up Liquid,Lemon Washing Up Liquid,morrisons,0.56,,washing up liquid,Morrisons
Morrisons Apple Washing Up Liquid,Apple Washing Up Liquid,morrisons,0.56,,washing up liquid,Morrisons
Morrisons Original Washing Up Liquid,Original Washing Up Liquid,morrisons,0.56,,washing up liquid,Morrisons
Fairy Original Washing Up Liquid,Fairy Original Washing Up Liquid,morrisons,4.0,,washing up liquid,Fairy
Fairy Original Washing Up Liquid Green with Lift Action,Fairy Original Washing Up Liquid Green with Lift Action,morrisons,2.7,,washing up liquid,Fairy
Dettol Antibacterial Disinfectant Surface CleansingSpray,Dettol Antibacterial Disinfectant Surface CleansingSpray,morrisons,1.75,,surface cleaner antibacterial,Dettol
Morrisons 50 Original Anti-Bacterial Multi Surface Large Wipes,50 Original Anti-Bacterial Multi Surface Large Wipes,morrisons,1.1,,surface cleaner antibacterial,Morrisons
Dettol Fresh Cotton Antibacterial Laundry Sanitiser,Dettol Fresh Cotton Antibacterial Laundry Sanitiser,morrisons,7.5,,surface cleaner antibacterial,Dettol
Morrisons 120 Rhubarb Anti-Bacterial Multi Surface Large Wipes,120 Rhubarb Anti-Bacterial Multi Surface Large Wipes,morrisons,2.0,,surface cleaner antibacterial,Morrisons
Pepsi Max No Sugar Cola Cans 24 x 330ml,Pepsi Max No Sugar Cola Cans 24 x 330ml,morrisons,12.0,,pepsi,Pepsi
Pepsi Regular,Pepsi Regular,morrisons,12.5,,pepsi,Pepsi
Pepsi Max Cherry No Sugar Cola Cans  24 x 330ml,Pepsi Max Cherry No Sugar Cola Cans  24 x 330ml,morrisons,12.0,,pepsi,Pepsi
Pepsi Max No Sugar Cola Bottle  2L,Pepsi Max No Sugar Cola Bottle  2L,morrisons,2.15,,pepsi,Pepsi
Pepsi Max 12x330ml,Pepsi Max 12x330ml,morrisons,5.9,,pepsi,Pepsi
Persil 3-In-1 Bio Washing Capsules 15 Washes,Persil 3-In-1 Bio Washing Capsules 15 Washes,morrisons,3.0,,washing capsules laundry,Persil
Surf 3 in 1 Laundry Washing Detergent Capsules Passion Bloom 15 Washes,Surf 3 in 1 Laundry Washing Detergent Capsules Passion Bloom 15 Washes,morrisons,3.0,,washing capsules laundry,Surf
Morrisons Lavender Fresh Laundry Pods 21 Pack,Lavender Fresh Laundry Pods 21 Pack,morrisons,2.76,,washing capsules laundry,Morrisons
Persil 3 in 1 Washing Capsules Non Bio 26 Washes,Persil 3 in 1 Washing Capsules Non Bio 26 Washes,morrisons,6.5,,washing capsules laundry,Persil
Ariel Platinum + Lenor All-In-1 Washing Capsules,Ariel Platinum + Lenor All-In-1 Washing Capsules,morrisons,9.0,,washing capsules laundry,Ariel
Morrisons Diet Lemonade 2L,Diet Lemonade 2L,morrisons,0.49,,lemonade,Morrisons
Morrisons Lemonade 2L,Lemonade 2L,morrisons,0.49,,lemonade,Morrisons
Morrisons Lemonade 6 x 330ml,Lemonade 6 x 330ml,morrisons,2.0,,lemonade,Morrisons
Schweppes Lemonade,Schweppes Lemonade,morrisons,1.55,,lemonade,Schweppes
Morrisons Diet Lemonade 6 x 330ml,Diet Lemonade 6 x 330ml,morrisons,2.0,,lemonade,Morrisons
Comfort Ultra Fresh & Protect Fresh Sky Fabric Conditioner 58 Washes,Comfort Ultra Fresh & Protect Fresh Sky Fabric Conditioner 58 Washes,morrisons,3.0,,fabric conditioner,Comfort
Comfort Fabric Conditioner Pure Sensitive Skin 80 Washes,Comfort Fabric Conditioner Pure Sensitive Skin 80 Washes,morrisons,4.0,,fabric conditioner,Comfort
Comfort Fresh Fabric Conditioner Sunshiny Days 80 Washes,Comfort Fresh Fabric Conditioner Sunshiny Days 80 Washes,morrisons,4.0,,fabric conditioner,Comfort
Comfort Creations Fabric Conditioner Honeysuckle & Sandalwood 30 Washes,Comfort Creations Fabric Conditioner Honeysuckle & Sandalwood 30 Washes,morrisons,2.0,,fabric conditioner,Comfort
Fairy Outdoorable Fabric Conditioner Liquid   84 Washes,Fairy Outdoorable Fabric Conditioner Liquid   84 Washes,morrisons,4.5,,fabric conditioner,Fairy
Highland Spring Still Spring Water 6 x 1.5L,Highland Spring Still Spring Water 6 x 1.5L,morrisons,3.85,,still water,Highland
Highland Spring Still Water 12 x 500ml,Highland Spring Still Water 12 x 500ml,morrisons,3.0,,still water,Highland
White Rock Spring Water 24x500ml,White Rock Spring Water 24x500ml,morrisons,5.0,,still water,White
Morrisons Yorkshire Vale Water  12 x 50cl,Yorkshire Vale Water  12 x 50cl,morrisons,2.0,,still water,Morrisons
Morrisons Yorkshire Vale Still Spring Water 6 x 2L,Yorkshire Vale Still Spring Water 6 x 2L,morrisons,2.5,,still water,Morrisons
Highland Spring Sparkling Spring Water,Highland Spring Sparkling Spring Water,morrisons,3.5,,sparkling water,Highland
San Pellegrino Sparkling Natural Mineral Water,San Pellegrino Sparkling Natural Mineral Water,morrisons,5.5,,sparkling water,San
Morrisons Sparkling Spring Water,Sparkling Spring Water,morrisons,1.39,,sparkling water,Morrisons
Morrisons Yorkshire Vale Sparkling Spring Water,Yorkshire Vale Sparkling Spring Water,morrisons,2.5,,sparkling water,Morrisons
Morrisons No Added Sugar Sparkling Raspberry & Blackberry Spring Water 1L,No Added Sugar Sparkling Raspberry & Blackberry Spring Water 1L,morrisons,0.8,,sparkling water,Morrisons
Regina Blitz All Purpose Kitchen Towel  2 Pack,Regina Blitz All Purpose Kitchen Towel  2 Pack,morrisons,3.0,,kitchen roll,Regina
Plenty White Kitchen Towel 2 Rolls,Plenty White Kitchen Towel 2 Rolls,morrisons,2.75,,kitchen roll,Plenty
Morrisons Kitchen Towel 4 Pack,Kitchen Towel 4 Pack,morrisons,3.75,,kitchen roll,Morrisons
Morrisons 2 Double Kitchen Rolls,2 Double Kitchen Rolls,morrisons,2.5,,kitchen roll,Morrisons
Elegance Supreme Soft Frangranced Toilet Tissue 24 Pack,Elegance Supreme Soft Frangranced Toilet Tissue 24 Pack,morrisons,8.25,,toilet roll,Elegance
Morrisons Toilet Tissue White 9 Rolls,Toilet Tissue White 9 Rolls,morrisons,3.4,,toilet roll,Morrisons
Morrisons Savers Double Toilet Rolls 6 Rolls,Double Toilet Rolls 6 Rolls,morrisons,2.27,,toilet roll,Morrisons
Morrisons Pure Linen 6 Mega Toilet Roll,Pure Linen 6 Mega Toilet Roll,morrisons,3.7,,toilet roll,Morrisons
Morrisons Pure Linen 4 Toilet Roll,Pure Linen 4 Toilet Roll,morrisons,2.0,,toilet roll,Morrisons
Robinsons Apple & Blackcurrant No Added Sugar Squash 1L,Robinsons Apple & Blackcurrant No Added Sugar Squash 1L,morrisons,2.0,,squash cordial,Robinsons
Robinsons Summer Fruits No Added Sugar Squash 1L,Robinsons Summer Fruits No Added Sugar Squash 1L,morrisons,2.0,,squash cordial,Robinsons
Morrisons No Added Sugar Apple & Pear Fruit & Barley Squash 1L,No Added Sugar Apple & Pear Fruit & Barley Squash 1L,morrisons,1.5,,squash cordial,Morrisons
Morrisons Apple Quad Concentrate Squash,Apple Quad Concentrate Squash,morrisons,1.85,,squash cordial,Morrisons
Robinsons Fruit Creations Peach & Raspberry Squash,Robinsons Fruit Creations Peach & Raspberry Squash,morrisons,2.5,,squash cordial,Robinsons
Morrisons Nourish Natural Jojoba & Chamomile Extracts Shower Gel,Nourish Natural Jojoba & Chamomile Extracts Shower Gel,morrisons,0.99,,shower gel,Morrisons
Morrisons Zesty Natural Lemon & Tea Tree Oils Shower Gel,Zesty Natural Lemon & Tea Tree Oils Shower Gel,morrisons,0.99,,shower gel,Morrisons
Morrisons Awake Natural Sea Minerals & Fennel 2 In 1 Shower Gel & Shampoo,Awake Natural Sea Minerals & Fennel 2 In 1 Shower Gel & Shampoo,morrisons,0.99,,shower gel,Morrisons
Morrisons Jammy Doughnut Shower Gel,Jammy Doughnut Shower Gel,morrisons,0.99,,shower gel,Morrisons
Original Source Vanilla & Raspberry Shower Gel,Original Source Vanilla & Raspberry Shower Gel,morrisons,1.65,,shower gel,Original
Birds Eye Garden Peas 800g,Birds Eye Garden Peas 800g,morrisons,2.95,,frozen peas,Birds
Morrisons Garden Peas 1kg,Garden Peas 1kg,morrisons,1.7,,frozen peas,Morrisons
Morrisons Pvc Free Cling Film 75m,Pvc Free Cling Film 75m,morrisons,2.7,,cling film,Morrisons
Morrisons Cling Film 40M,Cling Film 40M,morrisons,1.85,,cling film,Morrisons
Bacofoil PVC Free Cling Film 30m,Bacofoil PVC Free Cling Film 30m,morrisons,2.95,,cling film,Bacofoil
Morrisons Drawstring Swing Bin Liners,Drawstring Swing Bin Liners,morrisons,2.7,,bin bags,Morrisons
Morrisons 50L Drawstring Tall Kitchen Waste Bin Liners,50L Drawstring Tall Kitchen Waste Bin Liners,morrisons,4.15,,bin bags,Morrisons
Colgate Advanced White Teeth Whitening Toothpaste,Colgate Advanced White Teeth Whitening Toothpaste,morrisons,3.0,,toothpaste,Colgate
Colgate Max White Sparkle Diamonds Teeth Whitening Toothpaste,Colgate Max White Sparkle Diamonds Teeth Whitening Toothpaste,morrisons,3.0,,toothpaste,Colgate
Oral-B Pro 3D White Clinical Intensive Whitening Toothpaste,Oral-B Pro 3D White Clinical Intensive Whitening Toothpaste,morrisons,10.0,,toothpaste,Oral-B
Colgate Triple Action Toothpaste,Colgate Triple Action Toothpaste,morrisons,1.25,,toothpaste,Colgate
Aquafresh Triple Protection Fresh & Minty Toothpaste 75ml,Aquafresh Triple Protection Fresh & Minty Toothpaste 75ml,morrisons,1.0,,toothpaste,Aquafresh
Birds Eye Supersweet Sweetcorn 640g,Birds Eye Supersweet Sweetcorn 640g,morrisons,3.0,,frozen sweetcorn,Birds
Birds Eye Garden Peas & Sweetcorn 640g,Birds Eye Garden Peas & Sweetcorn 640g,morrisons,3.0,,frozen sweetcorn,Birds
Morrisons Super Sweet Sweetcorn,Super Sweet Sweetcorn,morrisons,1.85,,frozen sweetcorn,Morrisons
Morrisons Sweetcorn In Water,Sweetcorn In Water,morrisons,2.25,,frozen sweetcorn,Morrisons
Garnier Ultimate Blends Hair Food Coconut Shampoo,Garnier Ultimate Blends Hair Food Coconut Shampoo,morrisons,3.0,,shampoo,Garnier
Head & Shoulders Dermaxpro Scalp Care Revitaliser Shampoo,Head & Shoulders Dermaxpro Scalp Care Revitaliser Shampoo,morrisons,4.0,,shampoo,Head
Ogx Thick & Full Biotin & Collagen Shampoo,Ogx Thick & Full Biotin & Collagen Shampoo,morrisons,4.0,,shampoo,Ogx
Herbal Essences Rose Shampoo,Herbal Essences Rose Shampoo,morrisons,3.0,,shampoo,Herbal
Pantene Core Repair & Protect Shampoo,Pantene Core Repair & Protect Shampoo,morrisons,6.5,,shampoo,Pantene
Bacofoil The Non Stick Kitchen Foil 5m x 300mm,Bacofoil The Non Stick Kitchen Foil 5m x 300mm,morrisons,2.45,,tin foil,Bacofoil
Morrisons Kitchen Foil 30m,Kitchen Foil 30m,morrisons,4.0,,tin foil,Morrisons
Morrisons Kitchen Foil 10m,Kitchen Foil 10m,morrisons,1.5,,tin foil,Morrisons
Morrisons Extra Strong Foil 20m x 300mm,Extra Strong Foil 20m x 300mm,morrisons,3.25,,tin foil,Morrisons
Bacofoil The Non-Stick Kitchen Foil 20m,Bacofoil The Non-Stick Kitchen Foil 20m,morrisons,5.95,,tin foil,Bacofoil
Herbal Essences Argan Conditioner,Herbal Essences Argan Conditioner,morrisons,3.0,,conditioner hair,Herbal
Herbal Essences Orange Blossom Conditioner,Herbal Essences Orange Blossom Conditioner,morrisons,3.0,,conditioner hair,Herbal
Palmer's Coconut Oil Formula Moisture Boost Conditioner,Palmer's Coconut Oil Formula Moisture Boost Conditioner,morrisons,4.0,,conditioner hair,Palmer's
Monday Moisture Conditioner,Monday Moisture Conditioner,morrisons,3.75,,conditioner hair,Monday
Dove Intense Repair Conditioner 350ml,Dove Intense Repair Conditioner 350ml,morrisons,2.25,,conditioner hair,Dove
Birds Eye Country Mixed Vegetables 640g,Birds Eye Country Mixed Vegetables 640g,morrisons,3.0,,frozen mixed vegetables,Birds
Morrisons Frozen Mixed Vegetables,Frozen Mixed Vegetables,morrisons,1.25,,frozen mixed vegetables,Morrisons
Morrisons Chargrilled Vegetables,Chargrilled Vegetables,morrisons,2.75,,frozen mixed vegetables,Morrisons
Baylis & Harding Elements Hand Wash White Tea & Neroli,Baylis & Harding Elements Hand Wash White Tea & Neroli,morrisons,1.85,,hand soap,Baylis
Astonish Protect + Care Anti-Bacterial Peony Bloom Hand Wash,Astonish Protect + Care Anti-Bacterial Peony Bloom Hand Wash,morrisons,1.0,,hand soap,Astonish
Mitchum Ultimate Floral Citrus Anti Perspirant & Deodorant Spray   250ml,Mitchum Ultimate Floral Citrus Anti Perspirant & Deodorant Spray   250ml,morrisons,2.66,,deodorant,Mitchum
Soft & Gentle Hyaluronic Care Rosewater Dew 72h Deodorant 250ml,Soft & Gentle Hyaluronic Care Rosewater Dew 72h Deodorant 250ml,morrisons,2.2,,deodorant,Soft
Right Guard Total Defence 5 Clean Deodorant Spray,Right Guard Total Defence 5 Clean Deodorant Spray,morrisons,1.95,,deodorant,Right
Gillette Fusion 5 Razors For Men 4 Refill Razor Blades,Gillette Fusion 5 Razors For Men 4 Refill Razor Blades,morrisons,13.0,,razor blades,Gillette
Wilkinson Sword Hydro 5 Men's Razor Blades,Wilkinson Sword Hydro 5 Men's Razor Blades,morrisons,8.25,,razor blades,Wilkinson
Venus Spa Breeze Razor 3 Blades Refills,Venus Spa Breeze Razor 3 Blades Refills,morrisons,10.55,,razor blades,Venus
Gillette Fusion 5 Power Razors For Men 4 Refill Razor Blades,Gillette Fusion 5 Power Razors For Men 4 Refill Razor Blades,morrisons,15.0,,razor blades,Gillette
Venus Spa Blades,Venus Spa Blades,morrisons,24.0,,razor blades,Venus
Cravendale Filtered Fresh Semi Skimmed Milk Fresher for Long...,Cravendale Filtered Fresh Semi Skimmed Milk Fresher for Long...,sainsburys,3.0,0.13,semi skimmed milk,Cravendale
Arla Bob Skimmed Milk Tastes like Semi Skimmed 2L,Arla Bob Skimmed Milk Tastes like Semi Skimmed 2L,sainsburys,2.0,0.143,semi skimmed milk,Arla
Arla BOB Semi Skimmed Milk That Tastes Like Whole 2L,Arla BOB Semi Skimmed Milk That Tastes Like Whole 2L,sainsburys,2.0,0.143,semi skimmed milk,Arla
"Sainsbury's British Semi Skimmed Milk, SO Organic 2.27L (4 p...","British Semi Skimmed Milk, SO Organic 2.27L (4 p...",sainsburys,2.45,0.108,semi skimmed milk,Sainsbury's
Sainsbury's British Filtered Semi Skimmed Milk 2L,British Filtered Semi Skimmed Milk 2L,sainsburys,2.1,0.105,semi skimmed milk,Sainsbury's
Cravendale Filtered Fresh Whole Milk Fresher for Longer 3L,Cravendale Filtered Fresh Whole Milk Fresher for Longer 3L,sainsburys,3.0,0.13,whole milk,Cravendale
Arla Lactofree Fresh Whole Milk Drink 1 Litre,Arla Lactofree Fresh Whole Milk Drink 1 Litre,sainsburys,1.5,0.195,whole milk,Arla
Cravendale Filtered Fresh Whole Milk Fresher for Longer 1L,Cravendale Filtered Fresh Whole Milk Fresher for Longer 1L,sainsburys,1.4,0.175,whole milk,Cravendale
Sainsbury's British Filtered Whole Milk 2L,British Filtered Whole Milk 2L,sainsburys,2.1,0.105,whole milk,Sainsbury's
Cravendale Filtered Fresh Skimmed Milk Fresher for Longer 1L,Cravendale Filtered Fresh Skimmed Milk Fresher for Longer 1L,sainsburys,1.4,0.1399999999999999,skimmed milk,Cravendale
Arla Bob Skimmed Milk Tastes like Semi Skimmed 2L,Arla Bob Skimmed Milk Tastes like Semi Skimmed 2L,sainsburys,2.0,0.1,skimmed milk,Arla
Arla Lactofree Organic Semi Skimmed Milk Drink 1 Litre,Arla Lactofree Organic Semi Skimmed Milk Drink 1 Litre,sainsburys,2.1,0.21,skimmed milk,Arla
Sainsbury's British Skimmed Milk 2.27L (4 pint),British Skimmed Milk 2.27L (4 pint),sainsburys,1.6573,,skimmed milk,Sainsbury's
"Sainsbury's Skimmed British Milk, SO Organic 1.136L","Skimmed British Milk, SO Organic 1.136L",sainsburys,2.0,0.176,skimmed milk,Sainsbury's
Alpro Oat Milk No Sugars Chilled Dairy Alternative 1L,Alpro Oat Milk No Sugars Chilled Dairy Alternative 1L,sainsburys,2.1,0.21,oat milk,Alpro
MOMA Extra Creamy Oat Drink Chilled 750ml,MOMA Extra Creamy Oat Drink Chilled 750ml,sainsburys,1.8,0.24,oat milk,MOMA
MOMA Barista Oat Drink Chilled 750ml,MOMA Barista Oat Drink Chilled 750ml,sainsburys,1.8,0.24,oat milk,MOMA
Oatly Oat Drink Barista Edition Long Life 1L,Oatly Oat Drink Barista Edition Long Life 1L,sainsburys,2.2,0.22,oat milk,Oatly
Califia Farms Oat Drink Barista Blend 1L,Califia Farms Oat Drink Barista Blend 1L,sainsburys,1.5,0.15,oat milk,Califia
Alpro Almond Milk No Sugars Chilled Dairy Alternative 1L,Alpro Almond Milk No Sugars Chilled Dairy Alternative 1L,sainsburys,2.2,0.22,almond milk,Alpro
Alpro Almond Milk Chilled Dairy Alternative 1L,Alpro Almond Milk Chilled Dairy Alternative 1L,sainsburys,2.2,0.22,almond milk,Alpro
Alpro Almond Milk No Sugars Long Life Dairy Alternative 1L,Alpro Almond Milk No Sugars Long Life Dairy Alternative 1L,sainsburys,2.4,0.24,almond milk,Alpro
Sainsbury's Unsweetened Long Life Almond Drink 1L,Unsweetened Long Life Almond Drink 1L,sainsburys,1.25,0.125,almond milk,Sainsbury's
Plenish Organic Almond 1L,Plenish Organic Almond 1L,sainsburys,1.8,0.18,almond milk,Plenish
Warburtons Protein Thin Bagels x4,Warburtons Protein Thin Bagels x4,sainsburys,1.8546,,bagels,Warburtons
Fitzgeralds Family Bakery Deli Style Sourdough Bagels Pre-Sl...,Fitzgeralds Family Bakery Deli Style Sourdough Bagels Pre-Sl...,sainsburys,2.1042,,bagels,Fitzgeralds
Warburtons Original Thin Bagels x6,Warburtons Original Thin Bagels x6,sainsburys,1.4,,bagels,Warburtons
Alpro Soya Milk No Sugars Chilled Dairy Alternative 1L,Alpro Soya Milk No Sugars Chilled Dairy Alternative 1L,sainsburys,1.78,0.178,soy milk,Alpro
Alpro Soya Milk Chilled Dairy Alternative 1L,Alpro Soya Milk Chilled Dairy Alternative 1L,sainsburys,1.78,0.178,soy milk,Alpro
Alpro Soya Milk No Sugars Long Life Dairy Alternative 1L,Alpro Soya Milk No Sugars Long Life Dairy Alternative 1L,sainsburys,1.78,0.178,soy milk,Alpro
Vitasoy 6 x 250ml Malt Soy Drink,Vitasoy 6 x 250ml Malt Soy Drink,sainsburys,3.5,0.233,soy milk,Vitasoy
Vitasoy 6 x 250ml Soy Drink,Vitasoy 6 x 250ml Soy Drink,sainsburys,3.5,0.233,soy milk,Vitasoy
"Sainsbury's Outdoor Bred British Pork Cutlets, Taste the Dif...","Outdoor Bred British Pork Cutlets, Taste the Dif...",sainsburys,4.16,0.756,pork chops,Sainsbury's
Sainsbury's British Pork Loin Steaks x4 480g,British Pork Loin Steaks x4 480g,sainsburys,4.75,0.99,pork chops,Sainsbury's
Sainsbury's British Pork Loin Medallions x4 400g,British Pork Loin Medallions x4 400g,sainsburys,4.5,1.125,pork chops,Sainsbury's
Sainsbury's British Pork Loin Steaks x8 800g,British Pork Loin Steaks x8 800g,sainsburys,7.5,0.938,pork chops,Sainsbury's
Sainsbury's Thick Cut British Pork Chops x2 500g,Thick Cut British Pork Chops x2 500g,sainsburys,5.25,1.05,pork chops,Sainsbury's
Sainsburys All Butter Croissants x2,Sainsburys All Butter Croissants x2,sainsburys,1.9095,,croissants,Sainsbury's
Sainsbury's Croissants x6 240g,Croissants x6 240g,sainsburys,1.5025,,croissants,Sainsbury's
Sainsbury's Brioche Burger Buns Rolls x4,Brioche Burger Buns Rolls x4,sainsburys,1.0927,,burger buns,Sainsbury's
"Sainsbury's Brioche Burger Buns Rolls, Taste the Difference ...","Brioche Burger Buns Rolls, Taste the Difference ...",sainsburys,1.5038,,burger buns,Sainsbury's
Sainsbury's Sesame Seed Brioche Burger Buns Rolls x4,Sesame Seed Brioche Burger Buns Rolls x4,sainsburys,1.0927,,burger buns,Sainsbury's
St. Pierre Seeded Brioche Burger Buns Pre-Sliced Rolls x4,St. Pierre Seeded Brioche Burger Buns Pre-Sliced Rolls x4,sainsburys,2.0,,burger buns,St.
Sheldon's Burger Buns Rolls x6,Sheldon's Burger Buns Rolls x6,sainsburys,1.6027,,burger buns,Sheldon's
Sainsbury's Extra Large Brown Onions x2,Extra Large Brown Onions x2,sainsburys,1.407,,brown onions,Sainsbury's
Sainsbury's Smoked Air Dried Wiltshire Cured Back Bacon Rash...,Smoked Air Dried Wiltshire Cured Back Bacon Rash...,sainsburys,2.5,1.042,smoked bacon,Sainsbury's
Sainsbury's Smoked Back Bacon Rashers x10 300g,Smoked Back Bacon Rashers x10 300g,sainsburys,1.49,0.497,smoked bacon,Sainsbury's
"Sainsbury's Smoked Air Dried Streaky Bacon Rashers, Taste th...","Smoked Air Dried Streaky Bacon Rashers, Taste th...",sainsburys,2.5,1.137,smoked bacon,Sainsbury's
Sainsbury's Smoked Thick Cut Back Bacon Rashers X6 300g,Smoked Thick Cut Back Bacon Rashers X6 300g,sainsburys,1.49,0.497,smoked bacon,Sainsbury's
Sainsbury's Smoked 16 Back Bacon Rashers 2x250g,Smoked 16 Back Bacon Rashers 2x250g,sainsburys,2.39,0.478,smoked bacon,Sainsbury's
Alpro Oat Milk No Sugars Chilled Dairy Alternative 1L,Alpro Oat Milk No Sugars Chilled Dairy Alternative 1L,sainsburys,2.1,0.21,lactose free milk,Alpro
Arla Lactofree Fresh Whole Milk Drink 1 Litre,Arla Lactofree Fresh Whole Milk Drink 1 Litre,sainsburys,1.5,0.15,lactose free milk,Arla
Sainsbury's Everyday Lactose Free Semi Skimmed Dairy Drink 1...,Everyday Lactose Free Semi Skimmed Dairy Drink 1...,sainsburys,1.35,0.135,lactose free milk,Sainsbury's
Sainsbury's Everyday Lactose Free Skimmed Dairy Drink 1L,Everyday Lactose Free Skimmed Dairy Drink 1L,sainsburys,1.35,0.135,lactose free milk,Sainsbury's
Arla Lactofree Semi Skimmed Milk Drink 1L,Arla Lactofree Semi Skimmed Milk Drink 1L,sainsburys,1.5,0.15,lactose free milk,Arla
Anchor Salted Butter 200g,Anchor Salted Butter 200g,sainsburys,1.7,0.85,salted butter,Anchor
Lurpak Slightly Salted Spreadable Blend of Butter & Rapeseed...,Lurpak Slightly Salted Spreadable Blend of Butter & Rapeseed...,sainsburys,3.0,0.75,salted butter,Lurpak
"Sainsbury's Salted Spreadable, Taste the Difference 250g","Salted Spreadable, Taste the Difference 250g",sainsburys,2.8,1.12,salted butter,Sainsbury's
"Sainsbury's British Butter, Salted 250g","British Butter, Salted 250g",sainsburys,1.99,0.796,salted butter,Sainsbury's
Sainsbury's Brioche Burger Buns Rolls x4,Brioche Burger Buns Rolls x4,sainsburys,1.0927,,brioche,Sainsbury's
"Sainsbury's Brioche Burger Buns Rolls, Taste the Difference ...","Brioche Burger Buns Rolls, Taste the Difference ...",sainsburys,1.5038,,brioche,Sainsbury's
Sainsbury's Milk Chocolate Chip Brioche Roll x8,Milk Chocolate Chip Brioche Roll x8,sainsburys,1.7021,,brioche,Sainsbury's
Sainsbury's Sesame Seed Brioche Burger Buns Rolls x4,Sesame Seed Brioche Burger Buns Rolls x4,sainsburys,1.0927,,brioche,Sainsbury's
Sainsbury's Butter Brioche Roll x8,Butter Brioche Roll x8,sainsburys,1.7021,,brioche,Sainsbury's
Sainsbury's Unsmoked Air Dried Wiltshire Cured Back Bacon Ra...,Unsmoked Air Dried Wiltshire Cured Back Bacon Ra...,sainsburys,2.5,1.042,unsmoked bacon,Sainsbury's
Sainsbury's Unsmoked Back Bacon Rashers x10 300g,Unsmoked Back Bacon Rashers x10 300g,sainsburys,1.49,0.497,unsmoked bacon,Sainsbury's
Sainsbury's Unsmoked Thick Cut Back Bacon Rashers x6 300g,Unsmoked Thick Cut Back Bacon Rashers x6 300g,sainsburys,1.49,0.497,unsmoked bacon,Sainsbury's
Sainsbury's Reduced Fat Unsmoked Bacon Medallions x8 200g,Reduced Fat Unsmoked Bacon Medallions x8 200g,sainsburys,1.59,0.795,unsmoked bacon,Sainsbury's
Sainsbury's Unsmoked 16 Back Bacon Rashers 2x250g,Unsmoked 16 Back Bacon Rashers 2x250g,sainsburys,2.39,0.478,unsmoked bacon,Sainsbury's
"Sainsbury's Sliced Red Onions, Inspired to Cook 150g","Sliced Red Onions, Inspired to Cook 150g",sainsburys,0.75,0.5,red onions,Sainsbury's
"Sainsbury's Red Onions, SO Organic 500g","Red Onions, SO Organic 500g",sainsburys,1.45,0.29,red onions,Sainsbury's
Sainsbury's Sliced Red Onions 500g,Sliced Red Onions 500g,sainsburys,1.5,0.3,red onions,Sainsbury's
"Sainsbury's British Pork and Red Onion Sausages, Taste the D...","British Pork and Red Onion Sausages, Taste the D...",sainsburys,3.25,0.8130000000000001,red onions,Sainsbury's
"Sainsbury's Wood-Fired Four Cheese & Caramelised Red Onion, ...","Wood-Fired Four Cheese & Caramelised Red Onion, ...",sainsburys,4.0,0.842,red onions,Sainsbury's
"Sainsbury's Spring Onion Bunch, SO Organic 100g","Spring Onion Bunch, SO Organic 100g",sainsburys,0.11,,spring onions,Sainsbury's
"Sainsbury's Cheddar & Spring Onion Crisps, Taste the Differe...","Cheddar & Spring Onion Crisps, Taste the Differe...",sainsburys,1.5,1.0,spring onions,Sainsbury's
Higgidy Hoisin Pulled Mushroom & Spring Onion Rolls 160g,Higgidy Hoisin Pulled Mushroom & Spring Onion Rolls 160g,sainsburys,3.5,2.1879999999999997,spring onions,Higgidy
Blue Dragon Oyster & Spring Onion Stir Fry Sauce 120g,Blue Dragon Oyster & Spring Onion Stir Fry Sauce 120g,sainsburys,0.95,0.792,spring onions,Blue
itsu Chicken & Spring Onion 8 Gyoza Dumplings 150g,itsu Chicken & Spring Onion 8 Gyoza Dumplings 150g,sainsburys,3.0,2.0,spring onions,itsu
Sainsbury's Fairtrade Bananas x8,Fairtrade Bananas x8,sainsburys,1.3917,,bananas,Sainsbury's
Anchor Unsalted Butter 200g,Anchor Unsalted Butter 200g,sainsburys,1.7,0.85,unsalted butter,Anchor
Lurpak Unsalted Spreadable Blend of Butter & Rapeseed Oil 40...,Lurpak Unsalted Spreadable Blend of Butter & Rapeseed Oil 40...,sainsburys,3.0,0.75,unsalted butter,Lurpak
"Sainsbury's British Butter, Unsalted 250g","British Butter, Unsalted 250g",sainsburys,1.99,0.796,unsalted butter,Sainsbury's
Lurpak Unsalted Butter 200g,Lurpak Unsalted Butter 200g,sainsburys,2.8,1.4,unsalted butter,Lurpak
"Sainsbury's British Butter Unsalted, SO Organic 250g","British Butter Unsalted, SO Organic 250g",sainsburys,3.2,1.28,unsalted butter,Sainsbury's
"Sainsbury's Smoked Air Dried Streaky Bacon Rashers, Taste th...","Smoked Air Dried Streaky Bacon Rashers, Taste th...",sainsburys,2.5,1.137,streaky bacon,Sainsbury's
Sainsbury's Smoked Streaky Bacon Rashers x14 300g,Smoked Streaky Bacon Rashers x14 300g,sainsburys,2.29,0.763,streaky bacon,Sainsbury's
"Sainsbury's Unsmoked Air Dried Streaky Bacon Rashers, Taste ...","Unsmoked Air Dried Streaky Bacon Rashers, Taste ...",sainsburys,2.5,1.137,streaky bacon,Sainsbury's
Sainsbury's Unsmoked Streaky Bacon Rashers x14 300g,Unsmoked Streaky Bacon Rashers x14 300g,sainsburys,2.29,0.763,streaky bacon,Sainsbury's
Finnebrogue Naked Smoked Streaky Bacon Rashers x12 200g,Finnebrogue Naked Smoked Streaky Bacon Rashers x12 200g,sainsburys,2.5,1.25,streaky bacon,Finnebrogue
Lurpak Slightly Salted Spreadable Blend of Butter & Rapeseed...,Lurpak Slightly Salted Spreadable Blend of Butter & Rapeseed...,sainsburys,3.0,0.75,spreadable butter,Lurpak
Anchor Spreadable Blend of Butter & Rapeseed Oil Spread 750g,Anchor Spreadable Blend of Butter & Rapeseed Oil Spread 750g,sainsburys,5.0,0.667,spreadable butter,Anchor
Lurpak Lighter Spreadable Blend of Slightly Salted Butter & ...,Lurpak Lighter Spreadable Blend of Slightly Salted Butter & ...,sainsburys,3.0,0.75,spreadable butter,Lurpak
Sainsbury's Buttersoft Spreadable 500g,Buttersoft Spreadable 500g,sainsburys,2.35,0.47,spreadable butter,Sainsbury's
Sainsbury's Strawberries 400g,Strawberries 400g,sainsburys,3.6,0.9,strawberries,Sainsbury's
"Sainsbury's Pork Sausages, Taste the Difference x10 667g","Pork Sausages, Taste the Difference x10 667g",sainsburys,4.75,0.712,pork sausages,Sainsbury's
"Sainsbury's British Pork & Apple Sausages, Taste the Differe...","British Pork & Apple Sausages, Taste the Differe...",sainsburys,2.75,0.688,pork sausages,Sainsbury's
Sainsbury's Butcher's Choice British Pork & British Bacon Pi...,Butcher's Choice British Pork & British Bacon Pi...,sainsburys,3.0,1.154,pork sausages,Sainsbury's
"Sainsbury's British Pork Sausages, Taste the Difference x6 4...","British Pork Sausages, Taste the Difference x6 4...",sainsburys,2.75,0.688,pork sausages,Sainsbury's
"Sainsbury's British Pork Cumberland Sausages, Taste the Diff...","British Pork Cumberland Sausages, Taste the Diff...",sainsburys,3.25,0.8130000000000001,pork sausages,Sainsbury's
Very Lazy Chopped Garlic 200g,Very Lazy Chopped Garlic 200g,sainsburys,1.95,0.975,garlic,Very
Sainsbury's Garlic Granules 58g,Garlic Granules 58g,sainsburys,1.1,1.897,garlic,Sainsbury's
Sainsbury's Garlic Granules 138g,Garlic Granules 138g,sainsburys,1.8,1.3039999999999998,garlic,Sainsbury's
Sainsbury's Garlic Paste 75g,Garlic Paste 75g,sainsburys,1.75,2.3329999999999997,garlic,Sainsbury's
MOJU 420ml 7 x Shots Ginger Dosing Bottle,MOJU 420ml 7 x Shots Ginger Dosing Bottle,sainsburys,3.95,0.941,ginger root,MOJU
Belvoir Farm 750ml Ginger Beer Bottle,Belvoir Farm 750ml Ginger Beer Bottle,sainsburys,3.5,0.4669999999999999,ginger root,Belvoir
Sainsbury's Root Ginger Loose,Root Ginger Loose,sainsburys,5.6,0.5599999999999999,ginger root,Sainsbury's
Clipper Fairtrade Restoring Roots Ginger & Turmeric Organic ...,Clipper Fairtrade Restoring Roots Ginger & Turmeric Organic ...,sainsburys,1.7,4.7219999999999995,ginger root,Clipper
Mother Root Ginger 0.0% Alcohol Free Aperitif 500ml,Mother Root Ginger 0.0% Alcohol Free Aperitif 500ml,sainsburys,27.95,5.59,ginger root,Mother
Sainsbury's Olive Spread 500g,Olive Spread 500g,sainsburys,1.5,0.3,olive spread,Sainsbury's
Bertolli Olive Oil Light Spread Alternative to Spreadable Bu...,Bertolli Olive Oil Light Spread Alternative to Spreadable Bu...,sainsburys,3.0,0.667,olive spread,Bertolli
Sainsbury's Blueberries 150g,Blueberries 150g,sainsburys,2.2,1.467,blueberries,Sainsbury's
Sainsbury's Blueberries 300g,Blueberries 300g,sainsburys,3.3,1.1,blueberries,Sainsbury's
Sainsbury's 360g Frozen Blueberries,360g Frozen Blueberries,sainsburys,3.3,0.917,blueberries,Sainsbury's
Heck Chicken Italia Gluten Free Chipolata Sausages x10 340g,Heck Chicken Italia Gluten Free Chipolata Sausages x10 340g,sainsburys,3.25,0.956,chicken sausages,Heck
Heck Simply Chicken Gluten Free Chipolata Sausages x10 340g,Heck Simply Chicken Gluten Free Chipolata Sausages x10 340g,sainsburys,2.5,0.735,chicken sausages,Heck
Najma Halal Mini Chicken Sausages Smoked 400g,Najma Halal Mini Chicken Sausages Smoked 400g,sainsburys,2.95,0.738,chicken sausages,Najma
Najma Halal Chicken Sausages Smoked 400g,Najma Halal Chicken Sausages Smoked 400g,sainsburys,2.95,0.738,chicken sausages,Najma
Sainsbury's Raspberries 150g,Raspberries 150g,sainsburys,2.5,1.6670000000000005,raspberries,Sainsbury's
Sainsbury's Raspberries 250g,Raspberries 250g,sainsburys,3.5,1.4,raspberries,Sainsbury's
Sainsbury's Spanish Chorizo Ring 225g,Spanish Chorizo Ring 225g,sainsburys,2.25,1.0,chorizo,Sainsbury's
Sainsbury's Carrots 500g,Carrots 500g,sainsburys,0.55,0.11,carrots,Sainsbury's
Sainsbury's Chantenay Carrots 400g,Chantenay Carrots 400g,sainsburys,1.05,0.263,carrots,Sainsbury's
Pilgrims Choice Extra Mature Cheddar Cheese 350g,Pilgrims Choice Extra Mature Cheddar Cheese 350g,sainsburys,4.25,1.214,mature cheddar,Pilgrims
Pilgrims Choice Mature Cheddar Cheese 350g,Pilgrims Choice Mature Cheddar Cheese 350g,sainsburys,4.25,1.214,mature cheddar,Pilgrims
Sainsbury's British Mature Cheddar Cheese 400g,British Mature Cheddar Cheese 400g,sainsburys,3.35,0.8380000000000001,mature cheddar,Sainsbury's
Cathedral City Mature Cheddar Cheese 350g,Cathedral City Mature Cheddar Cheese 350g,sainsburys,3.35,0.957,mature cheddar,Cathedral
Quorn Vegan Pepperoni 100g,Quorn Vegan Pepperoni 100g,sainsburys,1.85,1.85,pepperoni,Quorn
Sainsbury's German Pizza Pepperoni Slices x32 100g,German Pizza Pepperoni Slices x32 100g,sainsburys,1.0,1.0,pepperoni,Sainsbury's
Sainsbury's Double Pepperoni Thin Pizza 339g,Double Pepperoni Thin Pizza 339g,sainsburys,1.85,0.546,pepperoni,Sainsbury's
Sainsbury's Stonebaked Pepperoni Pizza 270g,Stonebaked Pepperoni Pizza 270g,sainsburys,3.8,1.407,pepperoni,Sainsbury's
Goodfella's Stonebaked Thin Pepperoni Pizza 332g,Goodfella's Stonebaked Thin Pepperoni Pizza 332g,sainsburys,3.0,0.904,pepperoni,Goodfella's
Sainsbury's British Parsnips 500g,British Parsnips 500g,sainsburys,0.74,0.148,parsnips,Sainsbury's
Sainsbury's Parsnips Loose,Parsnips Loose,sainsburys,1.48,0.148,parsnips,Sainsbury's
Sainsbury's Braeburn Apples x6,Braeburn Apples x6,sainsburys,1.2,,braeburn apples,Sainsbury's
Sainsbury's Braeburn Apple Single,Braeburn Apple Single,sainsburys,5.5,,braeburn apples,Sainsbury's
Sainsbury's Royal Gala Apples x6,Royal Gala Apples x6,sainsburys,1.803,,braeburn apples,Sainsbury's
Sainsbury's Pink Lady Apples x6,Pink Lady Apples x6,sainsburys,2.9048,,braeburn apples,Sainsbury's
Sainsbury's Pink Lady Apples x4,Pink Lady Apples x4,sainsburys,2.5063,,braeburn apples,Sainsbury's
Sainsbury's British Mild Cheddar Cheese 400g,British Mild Cheddar Cheese 400g,sainsburys,3.35,0.8380000000000001,mild cheddar,Sainsbury's
Stamford Street Co. Mild Cheddar Slices x10 200g,Mild Cheddar Slices x10 200g,sainsburys,1.39,0.6950000000000001,mild cheddar,Stamford
Stamford Street Co. Mild Cheddar 600g,Mild Cheddar 600g,sainsburys,3.74,0.623,mild cheddar,Stamford
Sainsbury's British Mild Cheddar Cheese Slices 240g,British Mild Cheddar Cheese Slices 240g,sainsburys,2.9,1.208,mild cheddar,Sainsbury's
Cathedral City Kids Snack Nibbles Mild Lighter Cheddar Chees...,Cathedral City Kids Snack Nibbles Mild Lighter Cheddar Chees...,sainsburys,2.0,2.5,mild cheddar,Cathedral
Quorn Vegan Smoky Ham Free Slices 100g,Quorn Vegan Smoky Ham Free Slices 100g,sainsburys,2.7,2.7,ham sliced,Quorn
Quorn Vegetarian Ham Slices 170g,Quorn Vegetarian Ham Slices 170g,sainsburys,3.1,1.824,ham sliced,Quorn
Sainsbury's 6 Honey Roast Ham Slices 120g,6 Honey Roast Ham Slices 120g,sainsburys,1.33,1.109,ham sliced,Sainsbury's
Deli Express British Drury Lane Cooked Ham Slices x4 150g,Deli Express British Drury Lane Cooked Ham Slices x4 150g,sainsburys,2.95,1.967,ham sliced,Deli
Sainsbury's Wafer Thin Brunswick Ham Slices 125g,Wafer Thin Brunswick Ham Slices 125g,sainsburys,1.85,1.48,ham sliced,Sainsbury's
Sainsbury's Tenderstem Broccoli 200g,Tenderstem Broccoli 200g,sainsburys,1.6,0.8,broccoli,Sainsbury's
Sainsbury's Broccoli Florets 900g,Broccoli Florets 900g,sainsburys,1.07,0.119,broccoli,Sainsbury's
Sainsbury's Purple Sprouting Broccoli Spears 200g,Purple Sprouting Broccoli Spears 200g,sainsburys,2.25,1.125,broccoli,Sainsbury's
Sainsbury's Broccoli & Cauliflower Florets 900g,Broccoli & Cauliflower Florets 900g,sainsburys,1.5,0.1669999999999999,broccoli,Sainsbury's
Sainsbury's Royal Gala Apples x6,Royal Gala Apples x6,sainsburys,1.803,,gala apples,Sainsbury's
"Sainsbury's Royal Gala Apples, SO Organic x6","Royal Gala Apples, SO Organic x6",sainsburys,2.3539,,gala apples,Sainsbury's
Sainsbury's Royal Gala Apple Single,Royal Gala Apple Single,sainsburys,3.95,,gala apples,Sainsbury's
Sainsbury's Pink Lady Apples x6,Pink Lady Apples x6,sainsburys,2.9048,,gala apples,Sainsbury's
Sainsbury's Braeburn Apples x6,Braeburn Apples x6,sainsburys,1.2,,gala apples,Sainsbury's
Pilgrims Choice Extra Mature Cheddar Cheese 350g,Pilgrims Choice Extra Mature Cheddar Cheese 350g,sainsburys,4.25,1.214,extra mature cheddar,Pilgrims
Pilgrims Choice Lighter Extra Mature Cheese 350g,Pilgrims Choice Lighter Extra Mature Cheese 350g,sainsburys,4.25,1.214,extra mature cheddar,Pilgrims
Sainsbury's British Extra Mature Cheddar Cheese 400g,British Extra Mature Cheddar Cheese 400g,sainsburys,3.35,0.8380000000000001,extra mature cheddar,Sainsbury's
Pilgrims Choice Extra Mature Cheddar Cheese 550g,Pilgrims Choice Extra Mature Cheddar Cheese 550g,sainsburys,4.0,0.727,extra mature cheddar,Pilgrims
Cathedral City Extra Mature Cheddar Cheese 550g,Cathedral City Extra Mature Cheddar Cheese 550g,sainsburys,5.5,1.0,extra mature cheddar,Cathedral
Sainsbury's Red Leicester Cheese 250g,Red Leicester Cheese 250g,sainsburys,2.85,1.14,red leicester,Sainsbury's
"Sainsbury's Red Leicester, SO Organic 270g","Red Leicester, SO Organic 270g",sainsburys,3.5,1.296,red leicester,Sainsbury's
Jacob's Mini Cheddars Red Leicester Baked Snacks Multipack 1...,Jacob's Mini Cheddars Red Leicester Baked Snacks Multipack 1...,sainsburys,3.5,1.268,red leicester,Jacob's
Jacob's Mini Cheddars Red Leicester Multipack Snacks 6x23g,Jacob's Mini Cheddars Red Leicester Multipack Snacks 6x23g,sainsburys,1.25,0.906,red leicester,Jacob's
Stamford Street Co. Red Leicester 600g,Red Leicester 600g,sainsburys,3.74,0.623,red leicester,Stamford
Mowi Scottish Salmon Fillets 230g,Mowi Scottish Salmon Fillets 230g,sainsburys,4.95,2.152,salmon fillets,Mowi
Sainsbury's 2 Skinless Scottish Salmon Fillets 220g,2 Skinless Scottish Salmon Fillets 220g,sainsburys,4.95,2.25,salmon fillets,Sainsbury's
Sainsbury's Skin on ASC Scottish Salmon Fillets x2 240g,Skin on ASC Scottish Salmon Fillets x2 240g,sainsburys,4.75,1.979,salmon fillets,Sainsbury's
Sainsbury's Skin on ASC Scottish Salmon Fillets x4 480g,Skin on ASC Scottish Salmon Fillets x4 480g,sainsburys,9.45,1.969,salmon fillets,Sainsbury's
Sainsbury's Sweet Chilli ASC Scottish Salmon Portions x2 180...,Sweet Chilli ASC Scottish Salmon Portions x2 180...,sainsburys,4.95,2.75,salmon fillets,Sainsbury's
Sainsbury's Cauliflower,Cauliflower,sainsburys,1.19,,cauliflower,Sainsbury's
Sainsbury's Cauliflower Florets 900g,Cauliflower Florets 900g,sainsburys,1.5,0.1669999999999999,cauliflower,Sainsbury's
Sainsbury's Broccoli & Cauliflower Florets 900g,Broccoli & Cauliflower Florets 900g,sainsburys,1.5,0.1669999999999999,cauliflower,Sainsbury's
Sainsbury's Oranges x5,Oranges x5,sainsburys,1.1,,oranges,Sainsbury's
Sainsbury's Oranges Large x4,Oranges Large x4,sainsburys,2.005,,oranges,Sainsbury's
Galbani Mozzarella Panini Slices x6 120g,Galbani Mozzarella Panini Slices x6 120g,sainsburys,1.5,1.25,mozzarella,Galbani
Stamford Street Co. Mozzarella Cheese Ball 125g,Mozzarella Cheese Ball 125g,sainsburys,0.69,0.5519999999999999,mozzarella,Stamford
Sainsbury's Grated Mozzarella Cheese 250g,Grated Mozzarella Cheese 250g,sainsburys,2.7,1.08,mozzarella,Sainsbury's
Fish Said Fred 2 Big Cod Fillets 300g,Fish Said Fred 2 Big Cod Fillets 300g,sainsburys,7.95,2.65,cod fillets,Fish
Sainsbury's Skinless & Boneless Cod Fillets 360g,Skinless & Boneless Cod Fillets 360g,sainsburys,5.5,1.528,cod fillets,Sainsbury's
Sainsbury's Breaded Cod Fillet Fish Fingers x10 300g,Breaded Cod Fillet Fish Fingers x10 300g,sainsburys,2.25,0.75,cod fillets,Sainsbury's
Sainsbury's Lightly Dusted MSC Cod Fillets x2 255g,Lightly Dusted MSC Cod Fillets x2 255g,sainsburys,3.95,1.549,cod fillets,Sainsbury's
Birds Eye Breaded Cod Fillets x4 400g,Birds Eye Breaded Cod Fillets x4 400g,sainsburys,4.5,1.125,cod fillets,Birds
Sainsbury's Small Whole Cucumber,Small Whole Cucumber,sainsburys,3.89,0.333,cucumber,Sainsbury's
Sainsbury's Large Whole Cucumber,Large Whole Cucumber,sainsburys,1.15,,cucumber,Sainsbury's
"Sainsbury's Lemons Unwaxed, SO Organic x3","Lemons Unwaxed, SO Organic x3",sainsburys,1.9063,,lemons,Sainsbury's
Sainsbury's 4 x Unwaxed Lemons,4 x Unwaxed Lemons,sainsburys,1.4035,,lemons,Sainsbury's
Sainsbury's Cypriot Halloumi Cheese 225g,Cypriot Halloumi Cheese 225g,sainsburys,1.99,0.884,halloumi,Sainsbury's
Sainsbury's Red Seedless Grapes 500g,Red Seedless Grapes 500g,sainsburys,1.6,0.32,grapes,Sainsbury's
Sainsbury's White Seedless Grapes 500g,White Seedless Grapes 500g,sainsburys,2.0,0.4,grapes,Sainsbury's
Sainsbury's Red & White Seedless Grapes 500g,Red & White Seedless Grapes 500g,sainsburys,2.0,0.4,grapes,Sainsbury's
Sainsbury's Mixed Grapes 900g,Mixed Grapes 900g,sainsburys,3.95,0.4389999999999999,grapes,Sainsbury's
Sainsbury's Gouda Cheese 265g,Gouda Cheese 265g,sainsburys,2.65,1.0,gouda,Sainsbury's
Mlekovita Gouda Slices 150g,Mlekovita Gouda Slices 150g,sainsburys,1.85,1.233,gouda,Mlekovita
Sainsbury's Chorizo & Gouda Rollitos x8 80g,Chorizo & Gouda Rollitos x8 80g,sainsburys,3.0,3.75,gouda,Sainsbury's
Sainsbury's Tuna Steak in Spring Water 3x120g,Tuna Steak in Spring Water 3x120g,sainsburys,3.9,1.083,tuna steaks,Sainsbury's
Sainsbury's Skinless & Boneless Yellowfin Tuna Steaks x2 220...,Skinless & Boneless Yellowfin Tuna Steaks x2 220...,sainsburys,5.49,2.495,tuna steaks,Sainsbury's
John West Tuna Steak with Spring Water 3x60g,John West Tuna Steak with Spring Water 3x60g,sainsburys,2.5,1.389,tuna steaks,John
John West No Drain Fridge Pot Tuna Steak with a Little Sprin...,John West No Drain Fridge Pot Tuna Steak with a Little Sprin...,sainsburys,2.05,1.864,tuna steaks,John
Sainsbury's Crownless Pineapple,Crownless Pineapple,sainsburys,1.0,,pineapple,Sainsbury's
Sainsbury's Pineapple 160g,Pineapple 160g,sainsburys,1.5,0.938,pineapple,Sainsbury's
Sainsbury's Large Pineapple,Large Pineapple,sainsburys,1.75,,pineapple,Sainsbury's
"Sainsbury's Apple, Pineapple & Grape 160g","Apple, Pineapple & Grape 160g",sainsburys,1.5,0.938,pineapple,Sainsbury's
"Sainsbury's Mango, Watermelon & Pineapple 260g","Mango, Watermelon & Pineapple 260g",sainsburys,2.8,1.077,pineapple,Sainsbury's
"Sainsbury's Romaine Lettuce Hearts, Twin Pack x2","Romaine Lettuce Hearts, Twin Pack x2",sainsburys,1.206,,romaine lettuce,Sainsbury's
Sainsbury's Sweet Gem Lettuce x2,Sweet Gem Lettuce x2,sainsburys,1.005,,romaine lettuce,Sainsbury's
Sainsbury's Iceberg Lettuce 200g,Iceberg Lettuce 200g,sainsburys,0.64,0.32,romaine lettuce,Sainsbury's
Sainsbury's Lambs Lettuce 60g,Lambs Lettuce 60g,sainsburys,1.0,1.6670000000000005,romaine lettuce,Sainsbury's
Sainsbury's Edam Cheese Slices 250g,Edam Cheese Slices 250g,sainsburys,2.5,1.0,edam,Sainsbury's
Sainsbury's Mild & Buttery Edam 300g,Mild & Buttery Edam 300g,sainsburys,3.3,1.065,edam,Sainsbury's
Sainsbury's Edam Cheese Slices 400g,Edam Cheese Slices 400g,sainsburys,3.95,0.988,edam,Sainsbury's
Mlekovita Edam Slices 150g,Mlekovita Edam Slices 150g,sainsburys,1.85,1.233,edam,Mlekovita
Sainsbury's Galia Melon,Galia Melon,sainsburys,1.7,,melon,Sainsbury's
Sainsbury's Honeydew Melon,Honeydew Melon,sainsburys,1.87,,melon,Sainsbury's
Sainsbury's Cantaloupe Melon,Cantaloupe Melon,sainsburys,2.0,,melon,Sainsbury's
Warburtons Soft Farmhouse Thick Sliced White Bread 800g,Warburtons Soft Farmhouse Thick Sliced White Bread 800g,sainsburys,1.65,0.206,white sliced bread,Warburtons
Hovis Soft Medium Sliced White Bread 800g,Hovis Soft Medium Sliced White Bread 800g,sainsburys,1.39,0.174,white sliced bread,Hovis
Kingsmill Medium Sliced 50/50 Bread 800g,Kingsmill Medium Sliced 50/50 Bread 800g,sainsburys,1.3,0.1629999999999999,white sliced bread,Kingsmill
Warburtons Toastie Thick Sliced White Bread 800g,Warburtons Toastie Thick Sliced White Bread 800g,sainsburys,1.4,0.175,white sliced bread,Warburtons
"Sainsbury's Sourdough Medium Sliced White Bread, Taste the D...","Sourdough Medium Sliced White Bread, Taste the D...",sainsburys,2.0,0.5,white sliced bread,Sainsbury's
Sainsbury's 300g Closed Cup Chestnut Mushrooms,300g Closed Cup Chestnut Mushrooms,sainsburys,1.05,0.35,mushrooms,Sainsbury's
Sainsbury's Closed Cup Mushrooms Vitamin D 400g,Closed Cup Mushrooms Vitamin D 400g,sainsburys,1.29,0.323,mushrooms,Sainsbury's
Sainsbury's White Baby Button Vitamin D Mushrooms 200g,White Baby Button Vitamin D Mushrooms 200g,sainsburys,1.2,0.6,mushrooms,Sainsbury's
Sainsbury's White Large Flat Vitamin D Mushrooms 250g,White Large Flat Vitamin D Mushrooms 250g,sainsburys,1.25,0.5,mushrooms,Sainsbury's
Sainsbury's Chestnut Super Mushrooms 300g,Chestnut Super Mushrooms 300g,sainsburys,1.65,0.55,mushrooms,Sainsbury's
Warburtons Medium Wholemeal Bread 800g,Warburtons Medium Wholemeal Bread 800g,sainsburys,1.35,0.1689999999999999,wholemeal bread,Warburtons
Sainsbury's Soft Multiseed Farmhouse Thick Sliced Wholemeal ...,Soft Multiseed Farmhouse Thick Sliced Wholemeal ...,sainsburys,1.6,0.2,wholemeal bread,Sainsbury's
Warburtons Medium Sliced Wholemeal Bread 400g,Warburtons Medium Sliced Wholemeal Bread 400g,sainsburys,0.95,0.238,wholemeal bread,Warburtons
Hovis Medium Sliced Wholemeal Bread 800g,Hovis Medium Sliced Wholemeal Bread 800g,sainsburys,1.5,0.188,wholemeal bread,Hovis
Allinson's Batch Baked Scandalous Seeds Wholemeal Bread 650g,Allinson's Batch Baked Scandalous Seeds Wholemeal Bread 650g,sainsburys,2.0,0.308,wholemeal bread,Allinson's
Sainsbury's Sliced Mixed Peppers 500g,Sliced Mixed Peppers 500g,sainsburys,0.99,0.198,peppers mixed,Sainsbury's
"Sainsbury's Mixed Peppers, SO Organic x3 (Colours may vary)","Mixed Peppers, SO Organic x3 (Colours may vary)",sainsburys,2.6588,,peppers mixed,Sainsbury's
"Sainsbury's Chargrilled Mixed Peppers, Inspired to Cook 280g...","Chargrilled Mixed Peppers, Inspired to Cook 280g...",sainsburys,2.95,1.0539999999999998,peppers mixed,Sainsbury's
Sainsbury's Inspired to Cook Mixed Pepper Stir Fry 300g,Inspired to Cook Mixed Pepper Stir Fry 300g,sainsburys,1.8,0.6,peppers mixed,Sainsbury's
Sainsbury's Kiwi Fruit x6,Kiwi Fruit x6,sainsburys,1.192,,kiwi,Sainsbury's
Sainsbury's Ripe & Ready Kiwi x4,Ripe & Ready Kiwi x4,sainsburys,1.604,,kiwi,Sainsbury's
Sainsbury's 4 x So Organic Kiwi,4 x So Organic Kiwi,sainsburys,1.8045,,kiwi,Sainsbury's
Sainsbury's Large Kiwi Fruit Single,Large Kiwi Fruit Single,sainsburys,3.95,,kiwi,Sainsbury's
Pilgrims Choice Grated Extra Mature Cheddar 180g,Pilgrims Choice Grated Extra Mature Cheddar 180g,sainsburys,2.55,1.417,grated cheddar,Pilgrims
Stamford Street Co. Grated Cheddar 500g,Grated Cheddar 500g,sainsburys,2.99,0.5980000000000001,grated cheddar,Stamford
Sainsbury's British Mature Grated Cheddar Cheese 250g,British Mature Grated Cheddar Cheese 250g,sainsburys,2.7,1.08,grated cheddar,Sainsbury's
Sainsbury's British Mature Cheddar Cheese Slices 240g,British Mature Cheddar Cheese Slices 240g,sainsburys,2.9,1.208,grated cheddar,Sainsbury's
Sainsbury's Grated Four Cheese Mix 250g,Grated Four Cheese Mix 250g,sainsburys,2.7,1.08,grated cheddar,Sainsbury's
Jason's Sourdough The Great White Bread 450g,Jason's Sourdough The Great White Bread 450g,sainsburys,2.2,0.489,sourdough bread,Jason's
"Sainsbury's Seeded Sourdough Loaf Bread, Taste the Differenc...","Seeded Sourdough Loaf Bread, Taste the Differenc...",sainsburys,2.0,0.5,sourdough bread,Sainsbury's
Jason's Sourdough White Ciabattin Bread 580g,Jason's Sourdough White Ciabattin Bread 580g,sainsburys,2.2,0.379,sourdough bread,Jason's
"Sainsbury's Sourdough Medium Sliced White Bread, Taste the D...","Sourdough Medium Sliced White Bread, Taste the D...",sainsburys,2.0,0.5,sourdough bread,Sainsbury's
Jason's Sourdough Grains & Seeds Ciabatt Bread,Jason's Sourdough Grains & Seeds Ciabatt Bread,sainsburys,2.2,0.379,sourdough bread,Jason's
Sainsbury's Gouda Cheese Slices 250g,Gouda Cheese Slices 250g,sainsburys,2.5,1.0,cheese slices,Sainsbury's
Sainsbury's Edam Cheese Slices 250g,Edam Cheese Slices 250g,sainsburys,2.5,1.0,cheese slices,Sainsbury's
Sainsbury's Grated Mozzarella Cheese 250g,Grated Mozzarella Cheese 250g,sainsburys,2.7,1.08,cheese slices,Sainsbury's
Sainsbury's Red Chillies 65g,Red Chillies 65g,sainsburys,0.55,0.8460000000000001,red chillies,Sainsbury's
Sainsbury's Red Kidney Beans in Chilli Sauce 400g,Red Kidney Beans in Chilli Sauce 400g,sainsburys,1.1,0.275,red chillies,Sainsbury's
Sainsbury's Bird Eye Chillies (Red or Green) 20g,Bird Eye Chillies (Red or Green) 20g,sainsburys,0.7,3.5,red chillies,Sainsbury's
Tyrrells Sweet Chilli & Red Pepper Sharing Crisps 150g,Tyrrells Sweet Chilli & Red Pepper Sharing Crisps 150g,sainsburys,2.75,1.8329999999999995,red chillies,Tyrrells
Sainsbury's Conference Pears x4,Conference Pears x4,sainsburys,1.604,,pears,Sainsbury's
Stamford Street Co. Mini Pears 550g,Mini Pears 550g,sainsburys,0.99,0.18,pears,Stamford
Sainsbury's Ripe & Ready Plums x5,Ripe & Ready Plums x5,sainsburys,2.0,,plums,Sainsbury's
Sainsbury's Courgettes Loose,Courgettes Loose,sainsburys,2.78,0.2779999999999999,courgettes,Sainsbury's
Sainsbury's Courgettes 500g,Courgettes 500g,sainsburys,1.45,0.29,courgettes,Sainsbury's
Sainsbury's Baby Courgettes 200g,Baby Courgettes 200g,sainsburys,1.9,0.95,courgettes,Sainsbury's
Hovis Seed Sensations Seven Seeds Medium Sliced Seeded Bread...,Hovis Seed Sensations Seven Seeds Medium Sliced Seeded Bread...,sainsburys,2.0,0.25,seeded bread,Hovis
Warburtons Thick Sliced Seeded Bread 800g,Warburtons Thick Sliced Seeded Bread 800g,sainsburys,1.7,0.213,seeded bread,Warburtons
Hovis Seed Sensations Seven Seeds Medium Sliced Seeded Bread...,Hovis Seed Sensations Seven Seeds Medium Sliced Seeded Bread...,sainsburys,1.2,0.3,seeded bread,Hovis
Sainsbury's Maris Piper Potatoes 2kg,Maris Piper Potatoes 2kg,sainsburys,1.809,,potatoes,Sainsbury's
Sainsbury's White Potatoes 2kg,White Potatoes 2kg,sainsburys,1.3266,,potatoes,Sainsbury's
Sainsbury's Baby Potatoes 1kg,Baby Potatoes 1kg,sainsburys,1.05,0.105,potatoes,Sainsbury's
Sainsbury's Sweet Potatoes Loose,Sweet Potatoes Loose,sainsburys,1.19,0.119,potatoes,Sainsbury's
Sacla' Char-Grilled Aubergine Pesto 190g,Sacla' Char-Grilled Aubergine Pesto 190g,sainsburys,3.35,1.763,aubergine,Sacla'
"Sainsbury's Aubergine Parmigiana Sauce, Taste the Difference...","Aubergine Parmigiana Sauce, Taste the Difference...",sainsburys,3.25,0.929,aubergine,Sainsbury's
White Rabbit 250g Gluten Free Filled Aubergine Parmigiana Gi...,White Rabbit 250g Gluten Free Filled Aubergine Parmigiana Gi...,sainsburys,3.0,1.2,aubergine,White
Sainsbury's Sweet Potatoes Loose,Sweet Potatoes Loose,sainsburys,1.19,0.119,sweet potatoes,Sainsbury's
Sainsbury's Sweet Potato 1.25kg,Sweet Potato 1.25kg,sainsburys,1.49,0.119,sweet potatoes,Sainsbury's
Sainsbury's Sweet Potato Fries 500g,Sweet Potato Fries 500g,sainsburys,2.9,0.58,sweet potatoes,Sainsbury's
"Sainsbury's Sweet Potato, SO Organic 750g","Sweet Potato, SO Organic 750g",sainsburys,2.7,0.36,sweet potatoes,Sainsbury's
Strong Roots Oven Baked Sweet Potato 500g,Strong Roots Oven Baked Sweet Potato 500g,sainsburys,3.65,0.73,sweet potatoes,Strong
Sainsbury's Fine Green Beans 200g,Fine Green Beans 200g,sainsburys,1.1,0.55,green beans,Sainsbury's
"Sainsbury's 200g Extra Fine Green Beans,Taste the Difference","200g Extra Fine Green Beans,Taste the Difference",sainsburys,1.55,0.775,green beans,Sainsbury's
Sainsbury's Green Beans 300g,Green Beans 300g,sainsburys,1.16,0.387,green beans,Sainsbury's
Sainsbury's Whole Green Beans 900g,Whole Green Beans 900g,sainsburys,1.07,0.119,green beans,Sainsbury's
Sainsbury's Runner Beans 225g,Runner Beans 225g,sainsburys,1.8,0.8,green beans,Sainsbury's
Sharwood's Garlic & Coriander Naan Breads x2,Sharwood's Garlic & Coriander Naan Breads x2,sainsburys,1.65,0.635,naan bread,Sharwood's
Sainsbury's Garlic & Coriander Naan x2 260g,Garlic & Coriander Naan x2 260g,sainsburys,0.69,0.265,naan bread,Sainsbury's
Sainsbury's Plain Naan x 2 260g,Plain Naan x 2 260g,sainsburys,0.69,0.265,naan bread,Sainsbury's
Sainsbury's Mini Plain Naan x4 188g,Mini Plain Naan x4 188g,sainsburys,1.0,0.532,naan bread,Sainsbury's
Sainsbury's Garlic & Coriander Mini Naan x4 188g,Garlic & Coriander Mini Naan x4 188g,sainsburys,1.0,0.532,naan bread,Sainsbury's
Sainsbury's Baby Potatoes 1kg,Baby Potatoes 1kg,sainsburys,1.05,0.105,baby potatoes,Sainsbury's
Sainsbury's Baby Potatoes with Herbs & Butter 385g,Baby Potatoes with Herbs & Butter 385g,sainsburys,1.2,0.312,baby potatoes,Sainsbury's
Root Zero Baby Potatoes 750g,Root Zero Baby Potatoes 750g,sainsburys,1.4,0.187,baby potatoes,Root
Sainsbury's Peeled New Potatoes In Water 300g (195g*),Peeled New Potatoes In Water 300g (195g*),sainsburys,1.23,0.41,baby potatoes,Sainsbury's
Sainsbury's Peeled New Potatoes In Water 560g (360g*),Peeled New Potatoes In Water 560g (360g*),sainsburys,1.1,0.319,baby potatoes,Sainsbury's
Old El Paso Mexican Regular Soft Flour Tortilla Wraps x8 326...,Old El Paso Mexican Regular Soft Flour Tortilla Wraps x8 326...,sainsburys,1.4,0.429,wraps tortilla,Old
Old El Paso Mexican Large Soft Flour Tortilla Wraps x6 350g,Old El Paso Mexican Large Soft Flour Tortilla Wraps x6 350g,sainsburys,1.4,0.4,wraps tortilla,Old
Old El Paso Mexican Regular Soft Whole Wheat Tortilla Wraps ...,Old El Paso Mexican Regular Soft Whole Wheat Tortilla Wraps ...,sainsburys,1.6,0.491,wraps tortilla,Old
Sainsbury's Plain Tortilla Wraps x8 496g,Plain Tortilla Wraps x8 496g,sainsburys,1.4018,,wraps tortilla,Sainsbury's
Sainsbury's Wholemeal Tortilla Wraps x8 512g,Wholemeal Tortilla Wraps x8 512g,sainsburys,1.4018,,wraps tortilla,Sainsbury's
Sainsbury's Asparagus Spears,Asparagus Spears,sainsburys,2.25,0.9,asparagus,Sainsbury's
Saisbury's Asparagus Tips 100g,Saisbury's Asparagus Tips 100g,sainsburys,1.7,1.7,asparagus,Saisbury's
Sainsbury's Asparagus Fine 100g,Asparagus Fine 100g,sainsburys,1.75,1.75,asparagus,Sainsbury's
Sainsbury's Minted Tenderstem Broccoli & Asparagus 260g,Minted Tenderstem Broccoli & Asparagus 260g,sainsburys,2.8,1.077,asparagus,Sainsbury's
Sainsbury's Sweetcorn Cobettes x4,Sweetcorn Cobettes x4,sainsburys,1.2932,,sweetcorn,Sainsbury's
Sainsbury's Naturally Sweet Sweetcorn In Water 198g (157g*),Naturally Sweet Sweetcorn In Water 198g (157g*),sainsburys,0.59,0.297,sweetcorn,Sainsbury's
Sainsbury's Sweetcorn 3x198g (157g*),Sweetcorn 3x198g (157g*),sainsburys,1.45,0.293,sweetcorn,Sainsbury's
Warburtons Crumpets x9,Warburtons Crumpets x9,sainsburys,1.1513,,crumpets,Warburtons
Genius 4 x Gluten Free Crumpets,Genius 4 x Gluten Free Crumpets,sainsburys,1.85,,crumpets,Genius
Warburtons Gluten Free Crumpets x4,Warburtons Gluten Free Crumpets x4,sainsburys,2.7569,,crumpets,Warburtons
Sainsbury's Celery Sticks 250g,Celery Sticks 250g,sainsburys,0.9,0.36,celery,Sainsbury's
All Things 240g Mixed Berries Cottage Cheese,All Things 240g Mixed Berries Cottage Cheese,sainsburys,1.75,0.729,cottage cheese,All
All Things 240g Mango Cottage Cheese,All Things 240g Mango Cottage Cheese,sainsburys,1.75,0.729,cottage cheese,All
All Things 240g Natural Cottage Cheese,All Things 240g Natural Cottage Cheese,sainsburys,1.85,0.771,cottage cheese,All
Graham's the Family Dairy Low Fat Cottage Cheese 300g,Graham's the Family Dairy Low Fat Cottage Cheese 300g,sainsburys,1.65,0.55,cottage cheese,Graham's
Graham's the Family Dairy Cottage Cheese Natural 300g,Graham's the Family Dairy Cottage Cheese Natural 300g,sainsburys,1.65,0.55,cottage cheese,Graham's
Clarence Court Mabel Pearmans's Burford Brown Medium Free Ra...,Clarence Court Mabel Pearmans's Burford Brown Medium Free Ra...,sainsburys,3.2053,,free range eggs,Clarence
Clarence Court Mabel Pearmans's Burford Browns Large Free Ra...,Clarence Court Mabel Pearmans's Burford Browns Large Free Ra...,sainsburys,3.1,,free range eggs,Clarence
St. Ewe Rich Yolk Free Range Eggs x10,St. Ewe Rich Yolk Free Range Eggs x10,sainsburys,3.85,,free range eggs,St.
"Sainsbury's Free Range Golden Yolk Eggs, Taste the Differenc...","Free Range Golden Yolk Eggs, Taste the Differenc...",sainsburys,4.7039,,free range eggs,Sainsbury's
"Sainsbury's Golden Yolk Free Range British Eggs, Taste the D...","Golden Yolk Free Range British Eggs, Taste the D...",sainsburys,2.7546,,free range eggs,Sainsbury's
Sainsbury's British Free Range Eggs Medium x12,British Free Range Eggs Medium x12,sainsburys,2.8524,,medium eggs,Sainsbury's
Sainsbury's British Free Range Eggs Medium x6,British Free Range Eggs Medium x6,sainsburys,1.803,,medium eggs,Sainsbury's
Sainsbury's Free Range British Eggs Medium x15,Free Range British Eggs Medium x15,sainsburys,3.5023,,medium eggs,Sainsbury's
Clarence Court Mabel Pearmans's Burford Brown Medium Free Ra...,Clarence Court Mabel Pearmans's Burford Brown Medium Free Ra...,sainsburys,3.2053,,medium eggs,Clarence
"Sainsbury's Woodland Free Range Medium Eggs, SO Organic x6","Woodland Free Range Medium Eggs, SO Organic x6",sainsburys,2.8548,,medium eggs,Sainsbury's
"Sainsbury's Woodland Free Range Medium Eggs, SO Organic x6","Woodland Free Range Medium Eggs, SO Organic x6",sainsburys,2.8548,,organic eggs,Sainsbury's
"Sainsbury's Woodland Free Range Large Eggs, SO Organic x6","Woodland Free Range Large Eggs, SO Organic x6",sainsburys,2.9549,,organic eggs,Sainsbury's
Purely Organic Free Range Eggs x10 540g,Purely Organic Free Range Eggs x10 540g,sainsburys,5.2052,,organic eggs,Purely
Stonegate Estate Organic Eggs Large x6,Stonegate Estate Organic Eggs Large x6,sainsburys,4.0067,,organic eggs,Stonegate
Danone Natural Skyr Icelandic Style Yoghurt 480g,Danone Natural Skyr Icelandic Style Yoghurt 480g,sainsburys,2.4,0.5,greek yoghurt,Danone
Danone Natural Skyr Icelandic Style Yoghurt 800g,Danone Natural Skyr Icelandic Style Yoghurt 800g,sainsburys,2.75,0.344,greek yoghurt,Danone
"Sainsbury's Authentic Greek Yogurt, Taste the Difference 500...","Authentic Greek Yogurt, Taste the Difference 500...",sainsburys,2.35,0.47,greek yoghurt,Sainsbury's
"Sainsbury's Authentic Fat Free Greek Yogurt, Taste the Diffe...","Authentic Fat Free Greek Yogurt, Taste the Diffe...",sainsburys,2.35,0.47,greek yoghurt,Sainsbury's
Sainsbury's Greek Style Natural Yogurt 1kg,Greek Style Natural Yogurt 1kg,sainsburys,1.95,0.195,greek yoghurt,Sainsbury's
Biotiful Gut Health Kefir Natural Yogurt Original 1kg,Biotiful Gut Health Kefir Natural Yogurt Original 1kg,sainsburys,3.5,0.35,natural yoghurt,Biotiful
Danone Natural Skyr Icelandic Style Yoghurt 480g,Danone Natural Skyr Icelandic Style Yoghurt 480g,sainsburys,2.4,0.5,natural yoghurt,Danone
Danone Natural Skyr Icelandic Style Yoghurt 800g,Danone Natural Skyr Icelandic Style Yoghurt 800g,sainsburys,2.75,0.344,natural yoghurt,Danone
Lindahls 150g Protein + Immunity Lemon Flavour Yoghurt,Lindahls 150g Protein + Immunity Lemon Flavour Yoghurt,sainsburys,1.4,0.933,flavoured yoghurt,Lindahls
Danone Natural Skyr Icelandic Style Yoghurt 480g,Danone Natural Skyr Icelandic Style Yoghurt 480g,sainsburys,2.4,0.5,skyr yoghurt,Danone
Danone Natural Skyr Icelandic Style Yoghurt 800g,Danone Natural Skyr Icelandic Style Yoghurt 800g,sainsburys,2.75,0.344,skyr yoghurt,Danone
Danone Strawberry Skyr Icelandic Style Yoghurt 270g,Danone Strawberry Skyr Icelandic Style Yoghurt 270g,sainsburys,1.5,0.5559999999999999,skyr yoghurt,Danone
Arla Skyr Natural Icelandic Style Yogurt 450g,Arla Skyr Natural Icelandic Style Yogurt 450g,sainsburys,2.5,0.5559999999999999,skyr yoghurt,Arla
Arla Skyr Strawberry Icelandic Style Yogurt 450g,Arla Skyr Strawberry Icelandic Style Yogurt 450g,sainsburys,2.5,0.5559999999999999,skyr yoghurt,Arla
Sainsbury's Double Cream 600ml,Double Cream 600ml,sainsburys,3.0,0.5,double cream,Sainsbury's
Sainsbury's British Extra Thick Double Fresh Cream 300ml,British Extra Thick Double Fresh Cream 300ml,sainsburys,2.0,0.667,double cream,Sainsbury's
Sainsbury's Double Cream 300ml,Double Cream 300ml,sainsburys,1.7,0.567,double cream,Sainsbury's
Sainsbury's British Double Cream 150ml,British Double Cream 150ml,sainsburys,1.2,0.8,double cream,Sainsbury's
Elmlea Double Alternative to Cream 270ml,Elmlea Double Alternative to Cream 270ml,sainsburys,1.75,0.648,double cream,Elmlea
Sainsbury's British Single Cream 300ml,British Single Cream 300ml,sainsburys,1.35,0.45,single cream,Sainsbury's
Sainsbury's British Single Cream 150ml,British Single Cream 150ml,sainsburys,0.95,0.633,single cream,Sainsbury's
Elmlea Single Alternative To Cream 270ml,Elmlea Single Alternative To Cream 270ml,sainsburys,1.5,0.5559999999999999,single cream,Elmlea
Sainsbury's British Single Fresh Cream 600ml,British Single Fresh Cream 600ml,sainsburys,2.25,0.375,single cream,Sainsbury's
Oatly Creamy Oat Single Cream Chilled 250ml,Oatly Creamy Oat Single Cream Chilled 250ml,sainsburys,1.25,0.5,single cream,Oatly
Sainsbury's Soured Cream 300ml,Soured Cream 300ml,sainsburys,0.99,0.3299999999999999,sour cream,Sainsbury's
Sainsbury's Fresh Soured Cream 150ml,Fresh Soured Cream 150ml,sainsburys,0.85,0.567,sour cream,Sainsbury's
Pringles 165g Sour Cream & Onion Sharing Crisps,Pringles 165g Sour Cream & Onion Sharing Crisps,sainsburys,1.75,1.061,sour cream,Pringles
Popchips Sour Cream & Onion Multipack Crisps 5pk,Popchips Sour Cream & Onion Multipack Crisps 5pk,sainsburys,2.25,2.647,sour cream,Popchips
Penn State Sour Cream & Chives Sharing Pretzels 175g,Penn State Sour Cream & Chives Sharing Pretzels 175g,sainsburys,1.65,0.943,sour cream,Penn
Yeo Valley Organic Half Fat Crème Fraiche 200g,Yeo Valley Organic Half Fat Crème Fraiche 200g,sainsburys,1.6,0.8,creme fraiche,Yeo
"Sainsbury's Petits Pois & Creme Fraiche Soup, Taste the Diff...","Petits Pois & Creme Fraiche Soup, Taste the Diff...",sainsburys,1.8,0.45,creme fraiche,Sainsbury's
Sainsbury's Hot Smoked Salmon with Lemon & Dill Creme Fraich...,Hot Smoked Salmon with Lemon & Dill Creme Fraich...,sainsburys,4.5,,creme fraiche,Sainsbury's
Sainsbury's Just Cook Hunters Chicken Breasts 430g,Just Cook Hunters Chicken Breasts 430g,sainsburys,4.5,1.0470000000000002,chicken breast,Sainsbury's
Sainsbury's Cajun British Chicken Breast Grills 330g,Cajun British Chicken Breast Grills 330g,sainsburys,3.75,1.137,chicken breast,Sainsbury's
Sainsbury's 320g British Fresh Skinless & Boneless Chicken B...,320g British Fresh Skinless & Boneless Chicken B...,sainsburys,2.34,0.731,chicken breast,Sainsbury's
Sainsbury's 1kg British Fresh Skinless & Boneless Chicken Br...,1kg British Fresh Skinless & Boneless Chicken Br...,sainsburys,6.49,0.649,chicken breast,Sainsbury's
Sainsbury's 640g British Fresh Skinless & Boneless Chicken B...,640g British Fresh Skinless & Boneless Chicken B...,sainsburys,4.42,0.6910000000000001,chicken breast,Sainsbury's
LEON Chicken Thigh Burgers 460g,LEON Chicken Thigh Burgers 460g,sainsburys,4.25,0.924,chicken thighs,LEON
Sainsbury's 2kg British Fresh Chicken Skin on Thighs,2kg British Fresh Chicken Skin on Thighs,sainsburys,5.75,0.288,chicken thighs,Sainsbury's
Sainsbury's Sweet Chilli Chicken Thighs 900g,Sweet Chilli Chicken Thighs 900g,sainsburys,4.0,0.444,chicken thighs,Sainsbury's
Sainsbury's 640g British Fresh Skinless & Boneless Chicken T...,640g British Fresh Skinless & Boneless Chicken T...,sainsburys,5.95,0.93,chicken thighs,Sainsbury's
Sainsbury's 1kg British Fresh Chicken Skin on Thighs,1kg British Fresh Chicken Skin on Thighs,sainsburys,2.99,0.299,chicken thighs,Sainsbury's
Sainsbury's 1.6kg British Fresh Medium Whole Chicken,1.6kg British Fresh Medium Whole Chicken,sainsburys,3.57,0.223,whole chicken,Sainsbury's
Sainsbury's 1.45kg Rotisserie Style Whole Chicken,1.45kg Rotisserie Style Whole Chicken,sainsburys,7.0,0.483,whole chicken,Sainsbury's
Sainsbury's Roast Whole Cooked British Chicken 894g - 1112g,Roast Whole Cooked British Chicken 894g - 1112g,sainsburys,5.5,0.548,whole chicken,Sainsbury's
Sainsbury's British Small Whole Chicken,British Small Whole Chicken,sainsburys,3.29,0.274,whole chicken,Sainsbury's
Sainsbury's 640g British Fresh Skinless & Boneless Chicken T...,640g British Fresh Skinless & Boneless Chicken T...,sainsburys,5.95,0.93,chicken drumsticks,Sainsbury's
Sainsbury's 1kg British Fresh Chicken Skin on Thighs,1kg British Fresh Chicken Skin on Thighs,sainsburys,2.99,0.299,chicken drumsticks,Sainsbury's
Sainsbury's 1kg British Chicken Thigh Fillets,1kg British Chicken Thigh Fillets,sainsburys,6.95,0.6950000000000001,chicken drumsticks,Sainsbury's
Sainsbury's 2kg British Fresh Chicken Skin on Thighs,2kg British Fresh Chicken Skin on Thighs,sainsburys,5.75,0.288,chicken drumsticks,Sainsbury's
Sainsbury's 1kg British Fresh Skin on Chicken Legs,1kg British Fresh Skin on Chicken Legs,sainsburys,2.25,0.225,chicken drumsticks,Sainsbury's
Sainsbury's 640g British Fresh Skinless & Boneless Chicken T...,640g British Fresh Skinless & Boneless Chicken T...,sainsburys,5.95,0.93,chicken wings,Sainsbury's
Sainsbury's 1kg British Fresh Chicken Skin on Thighs,1kg British Fresh Chicken Skin on Thighs,sainsburys,2.99,0.299,chicken wings,Sainsbury's
Sainsbury's 1kg British Chicken Thigh Fillets,1kg British Chicken Thigh Fillets,sainsburys,6.95,0.6950000000000001,chicken wings,Sainsbury's
Sainsbury's 2kg British Fresh Chicken Skin on Thighs,2kg British Fresh Chicken Skin on Thighs,sainsburys,5.75,0.288,chicken wings,Sainsbury's
Sainsbury's 1kg British Fresh Skin on Chicken Legs,1kg British Fresh Skin on Chicken Legs,sainsburys,2.25,0.225,chicken wings,Sainsbury's
Sainsbury's British or Irish 5% Fat Beef Mince 500g,British or Irish 5% Fat Beef Mince 500g,sainsburys,5.19,1.038,beef mince,Sainsbury's
Sainsbury's British or Irish 5% Fat Beef Mince 250g,British or Irish 5% Fat Beef Mince 250g,sainsburys,2.69,1.076,beef mince,Sainsbury's
Sainsbury's British or Irish 20% Fat Beef Mince 500g,British or Irish 20% Fat Beef Mince 500g,sainsburys,3.25,0.65,beef mince,Sainsbury's
Sainsbury's British or Irish 5% Fat Beef Mince 750g,British or Irish 5% Fat Beef Mince 750g,sainsburys,7.15,0.953,beef mince,Sainsbury's
Sainsbury's British or Irish Beef Mince 1kg,British or Irish Beef Mince 1kg,sainsburys,9.25,0.925,beef mince,Sainsbury's
"Sainsbury's British Beef Mince 5% Fat , Taste the Difference...","British Beef Mince 5% Fat , Taste the Difference...",sainsburys,6.25,1.25,lean beef mince,Sainsbury's
Sainsbury's Organic British Beef Mince 5% Fat 500g,Organic British Beef Mince 5% Fat 500g,sainsburys,9.25,1.85,lean beef mince,Sainsbury's
"Sainsbury's 30 Days Matured British Beef Sirloin Steak, Tast...","30 Days Matured British Beef Sirloin Steak, Tast...",sainsburys,7.0,3.111,sirloin steak,Sainsbury's
Sainsbury's British or Irish 21 Day Matured Sirloin Steak 22...,British or Irish 21 Day Matured Sirloin Steak 22...,sainsburys,6.5,2.889,sirloin steak,Sainsbury's
Sainsbury's 30 Days Matured British Beef Thin Cut Sirloin St...,30 Days Matured British Beef Thin Cut Sirloin St...,sainsburys,5.5,3.5479999999999996,sirloin steak,Sainsbury's
Sainsbury's 30 Days Matured British Beef Thick Cut Sirloin S...,30 Days Matured British Beef Thick Cut Sirloin S...,sainsburys,13.25,3.313,sirloin steak,Sainsbury's
"Sainsbury's 30 Days Matured British Beef Ribeye Steak, Taste...","30 Days Matured British Beef Ribeye Steak, Taste...",sainsburys,9.25,3.245,ribeye steak,Sainsbury's
Sainsbury's British or Irish 21 Day Matured Ribeye Steak 225...,British or Irish 21 Day Matured Ribeye Steak 225...,sainsburys,6.75,3.0,ribeye steak,Sainsbury's
Sainsbury's 30 Days Matured British Beef Thick Cut Ribeye St...,30 Days Matured British Beef Thick Cut Ribeye St...,sainsburys,14.0,3.5,ribeye steak,Sainsbury's
"Sainsbury's 30 Days Matured British Beef Ribeye Steak, So Or...","30 Days Matured British Beef Ribeye Steak, So Or...",sainsburys,9.25,4.111,ribeye steak,Sainsbury's
Sainsbury's British or Irish Extra Lean Casserole Steak 500g,British or Irish Extra Lean Casserole Steak 500g,sainsburys,6.25,1.25,beef stewing steak,Sainsbury's
"Sainsbury's Steak Casserole & Dumplings, Taste the Differenc...","Steak Casserole & Dumplings, Taste the Differenc...",sainsburys,4.85,1.213,beef stewing steak,Sainsbury's
"Sainsbury's Steak Casserole & Dumplings, Taste the Differenc...","Steak Casserole & Dumplings, Taste the Differenc...",sainsburys,6.75,0.844,beef stewing steak,Sainsbury's
Stamford Street Co. Corned Beef Slices 100g,Corned Beef Slices 100g,sainsburys,1.3,1.3,beef stewing steak,Stamford
Sainsburys Quick Cook Extra Thin British or Irish Beef 200g,Sainsburys Quick Cook Extra Thin British or Irish Beef 200g,sainsburys,2.75,1.375,beef stewing steak,Sainsbury's
Sainsbury's British or New Zealand 10% Fat Lamb Mince 500g,British or New Zealand 10% Fat Lamb Mince 500g,sainsburys,7.25,1.45,lamb mince,Sainsbury's
Sainsbury's British or New Zealand 20% Fat Lamb Mince 500g,British or New Zealand 20% Fat Lamb Mince 500g,sainsburys,7.0,1.4,lamb mince,Sainsbury's
Sainsbury's British or New Zealand 20% Fat Lamb Mince 250g,British or New Zealand 20% Fat Lamb Mince 250g,sainsburys,4.25,1.7,lamb mince,Sainsbury's
"Sainsbury's 20% Fat British Lamb Mince, SO Organic 400g","20% Fat British Lamb Mince, SO Organic 400g",sainsburys,6.25,1.5630000000000002,lamb mince,Sainsbury's
Sainsbury's 6 x Lamb Kofta Shish Kebabs 360g,6 x Lamb Kofta Shish Kebabs 360g,sainsburys,4.25,1.1800000000000002,lamb mince,Sainsbury's
"Sainsbury's Welsh Hill Lamb Cutlets, Taste the Difference x4...","Welsh Hill Lamb Cutlets, Taste the Difference x4...",sainsburys,7.05,2.66,lamb chops,Sainsbury's
"Sainsbury's Welsh Hill Lamb Rump Steaks, Taste the Differenc...","Welsh Hill Lamb Rump Steaks, Taste the Differenc...",sainsburys,7.35,2.45,lamb chops,Sainsbury's
Sainsbury's British or New Zealand Lamb Chops 340g,British or New Zealand Lamb Chops 340g,sainsburys,6.75,1.985,lamb chops,Sainsbury's
Sainsbury's British or New Zealand Lamb Chops 170g,British or New Zealand Lamb Chops 170g,sainsburys,3.25,1.912,lamb chops,Sainsbury's
"Sainsbury's So Organic British Lamb Chops, approx 325g","British Lamb Chops, approx 325g",sainsburys,7.15,2.2,lamb chops,Sainsbury's
Sainsbury's British Pork Mince 5% Fat 500g,British Pork Mince 5% Fat 500g,sainsburys,2.55,0.51,pork mince,Sainsbury's
Sainsbury's British Pork Mince 10% Fat 500g,British Pork Mince 10% Fat 500g,sainsburys,2.5,0.5,pork mince,Sainsbury's
Sainsbury's British 10% Fat Pork Mince 750g,British 10% Fat Pork Mince 750g,sainsburys,3.7,0.493,pork mince,Sainsbury's
Sainsbury's British Pork Mince 20% Fat 500g,British Pork Mince 20% Fat 500g,sainsburys,2.45,0.49,pork mince,Sainsbury's
"Sainsbury's 5% Fat Outdoor Bred British Pork Mince, Taste th...","5% Fat Outdoor Bred British Pork Mince, Taste th...",sainsburys,4.5,0.9,pork mince,Sainsbury's
Sainsbury's Naturally Sweet Sweetcorn In Water 198g (157g*),Naturally Sweet Sweetcorn In Water 198g (157g*),sainsburys,0.59,0.297,tinned sweetcorn,Sainsbury's
Sainsbury's Sweetcorn 3x198g (157g*),Sweetcorn 3x198g (157g*),sainsburys,1.45,0.293,tinned sweetcorn,Sainsbury's
Sainsbury's Naturally Sweet Sweetcorn in Water 325g (260g*),Naturally Sweet Sweetcorn in Water 325g (260g*),sainsburys,0.72,0.222,tinned sweetcorn,Sainsbury's
Heinz Cream of Tomato Soup 400g,Heinz Cream of Tomato Soup 400g,sainsburys,1.7,0.425,tinned soup,Heinz
Heinz Chicken & Vegetable Chunky Big Soup 400g,Heinz Chicken & Vegetable Chunky Big Soup 400g,sainsburys,2.2,0.55,tinned soup,Heinz
Heinz Cream of Tomato Soup x4 400g,Heinz Cream of Tomato Soup x4 400g,sainsburys,3.75,0.2339999999999999,tinned soup,Heinz
Sainsbury's Cream Of Tomato Soup 400g,Cream Of Tomato Soup 400g,sainsburys,0.59,0.148,tinned soup,Sainsbury's
Sainsbury's Cream Of Chicken Soup 400g,Cream Of Chicken Soup 400g,sainsburys,0.59,0.148,tinned soup,Sainsbury's
St Dalfour Strawberry Jam 284g,St Dalfour Strawberry Jam 284g,sainsburys,2.5,0.8800000000000001,jam strawberry,St
Sainsbury's Strawberry Jam 454g,Strawberry Jam 454g,sainsburys,0.89,0.196,jam strawberry,Sainsbury's
Bonne Maman Strawberry Conserve 370g,Bonne Maman Strawberry Conserve 370g,sainsburys,3.0,0.8109999999999999,jam strawberry,Bonne
"Sainsbury's Strawberry Conserve, Taste the Difference 340g","Strawberry Conserve, Taste the Difference 340g",sainsburys,2.55,0.75,jam strawberry,Sainsbury's
Stamford Street Co. Strawberry Jam 454g,Strawberry Jam 454g,sainsburys,0.49,0.108,jam strawberry,Stamford
Sainsbury's Butternut Squash Loose,Butternut Squash Loose,sainsburys,1.5,0.15,butternut squash,Sainsbury's
"Sainsbury's Butternut Squash Slices, Inspired to Cook 400g","Butternut Squash Slices, Inspired to Cook 400g",sainsburys,1.5,0.375,butternut squash,Sainsbury's
Sainsbury's Butternut Squash Chunks 500g,Butternut Squash Chunks 500g,sainsburys,0.99,0.198,butternut squash,Sainsbury's
Sainsbury's Butternut Squash & Spinach Croquettes 225g,Butternut Squash & Spinach Croquettes 225g,sainsburys,2.4,1.067,butternut squash,Sainsbury's
"Sainsbury's Butternut Squash, Organic (loose)","Butternut Squash, Organic (loose)",sainsburys,1.9,0.19,butternut squash,Sainsbury's
Sainsbury's Beetroot Vacuum Pack 250g,Beetroot Vacuum Pack 250g,sainsburys,0.8,0.32,beetroot,Sainsbury's
Sainsbury's Beetroot In Vinegar 300g,Beetroot In Vinegar 300g,sainsburys,0.9,0.3,beetroot,Sainsbury's
Sainsbury's Bunched Beetroot 500g,Bunched Beetroot 500g,sainsburys,2.3,0.4599999999999999,beetroot,Sainsbury's
Alpro Barista Coconut Milk Chilled Dairy Alternative 750ml,Alpro Barista Coconut Milk Chilled Dairy Alternative 750ml,sainsburys,1.75,0.233,coconut milk,Alpro
Alpro Coconut Milk Chilled Dairy Alternative 1L,Alpro Coconut Milk Chilled Dairy Alternative 1L,sainsburys,2.2,0.22,coconut milk,Alpro
Alpro Barista Coconut Milk Long Life Dairy Alternative 1L,Alpro Barista Coconut Milk Long Life Dairy Alternative 1L,sainsburys,2.3,0.2299999999999999,coconut milk,Alpro
Laila Coconut Milk 400ml,Laila Coconut Milk 400ml,sainsburys,1.1,0.275,coconut milk,Laila
KTC Coconut Milk 400ml,KTC Coconut Milk 400ml,sainsburys,1.35,0.3379999999999999,coconut milk,KTC
Pip & Nut Smooth Peanut Butter 300g,Pip & Nut Smooth Peanut Butter 300g,sainsburys,3.5,1.167,peanut butter,Pip
Pip & Nut Crunchy Peanut Butter 300g,Pip & Nut Crunchy Peanut Butter 300g,sainsburys,3.5,1.167,peanut butter,Pip
Sainsbury's Peanut Butter Smooth 340g,Peanut Butter Smooth 340g,sainsburys,1.15,0.3379999999999999,peanut butter,Sainsbury's
Stamford Street Co. Crunchy Peanut Butter 340g,Crunchy Peanut Butter 340g,sainsburys,0.99,0.291,peanut butter,Stamford
Meridian Crunchy Peanut Butter 1kg,Meridian Crunchy Peanut Butter 1kg,sainsburys,7.0,0.7,peanut butter,Meridian
Nutella Hazelnut & Chocolate Spread 350g,Nutella Hazelnut & Chocolate Spread 350g,sainsburys,3.2,0.914,nutella,Nutella
Nutella Hazelnut Chocolate Spread Jar 630g,Nutella Hazelnut Chocolate Spread Jar 630g,sainsburys,4.75,0.754,nutella,Nutella
Nutella Hazelnut & Chocolate Spread 200g,Nutella Hazelnut & Chocolate Spread 200g,sainsburys,2.35,1.175,nutella,Nutella
Nutella Hazelnut & Chocolate Spread 1kg,Nutella Hazelnut & Chocolate Spread 1kg,sainsburys,6.9,0.6900000000000001,nutella,Nutella
Nutella Plant Based Hazelnut & Chocolate Spread 350g,Nutella Plant Based Hazelnut & Chocolate Spread 350g,sainsburys,4.0,1.143,nutella,Nutella
Sainsbury's Fresh Packed Basil 30g,Fresh Packed Basil 30g,sainsburys,0.55,1.8329999999999995,fresh basil,Sainsbury's
Sainsbury's Tomato & Basil Sauce 350g (Serves 2),Tomato & Basil Sauce 350g (Serves 2),sainsburys,1.75,0.5,fresh basil,Sainsbury's
Sainsbury's Fresh Living Basil Pot,Fresh Living Basil Pot,sainsburys,1.6,,fresh basil,Sainsbury's
Sainsbury's Thai Basil 20g,Thai Basil 20g,sainsburys,0.9,4.5,fresh basil,Sainsbury's
"Sainsbury's Basil Pesto, Taste the Difference 150g","Basil Pesto, Taste the Difference 150g",sainsburys,3.0,2.0,fresh basil,Sainsbury's
Heinz 490g Tomato & Garlic Marinara Pasta Sauce,Heinz 490g Tomato & Garlic Marinara Pasta Sauce,sainsburys,1.75,0.357,pasta sauce tomato,Heinz
Heinz 490g Tomato & Basil Margherita Pasta Sauce,Heinz 490g Tomato & Basil Margherita Pasta Sauce,sainsburys,1.75,0.357,pasta sauce tomato,Heinz
Heinz 490g Tomato & Cheese Creamy Pasta Sauce,Heinz 490g Tomato & Cheese Creamy Pasta Sauce,sainsburys,1.75,0.357,pasta sauce tomato,Heinz
"Sainsbury's Tomato Puree, Double Concentrate 200g","Tomato Puree, Double Concentrate 200g",sainsburys,0.65,0.325,pasta sauce tomato,Sainsbury's
Sainsbury's Creamy Tomato Pasta Bake Sauce 480g,Creamy Tomato Pasta Bake Sauce 480g,sainsburys,0.69,0.144,pasta sauce tomato,Sainsbury's
Sainsbury's Fresh Packed Bunch Coriander 30g,Fresh Packed Bunch Coriander 30g,sainsburys,0.55,1.8329999999999995,fresh coriander,Sainsbury's
Sainsbury's Fresh Packed Coriander 100g,Fresh Packed Coriander 100g,sainsburys,1.25,1.25,fresh coriander,Sainsbury's
Sainsbury's Garlic & Coriander Naan x2 260g,Garlic & Coriander Naan x2 260g,sainsburys,0.69,0.265,fresh coriander,Sainsbury's
Sainsbury's Garlic & Coriander Mini Naan x4 188g,Garlic & Coriander Mini Naan x4 188g,sainsburys,1.0,0.532,fresh coriander,Sainsbury's
Sainsbury's Mini Garlic & Coriander Naans x4,Mini Garlic & Coriander Naans x4,sainsburys,1.1529,,fresh coriander,Sainsbury's
Sainsbury's Reduced Sugar Fine Cut Orange Marmalade 415g,Reduced Sugar Fine Cut Orange Marmalade 415g,sainsburys,1.1,0.265,marmalade,Sainsbury's
Stamford Street Co. Medium Cut Orange Marmalade 454g,Medium Cut Orange Marmalade 454g,sainsburys,0.85,0.187,marmalade,Stamford
Sainsbury's Green Pesto 190g,Green Pesto 190g,sainsburys,0.89,0.4679999999999999,pesto green,Sainsbury's
"Sainsbury's Green Pesto, Light 190g","Green Pesto, Light 190g",sainsburys,0.89,0.4679999999999999,pesto green,Sainsbury's
Sacla Basil Pesto 190g,Sacla Basil Pesto 190g,sainsburys,2.5,1.316,pesto green,Sacla
Sacla' Pesto Pots No. 1 Classic Basil 2x45g,Sacla' Pesto Pots No. 1 Classic Basil 2x45g,sainsburys,2.0,2.222,pesto green,Sacla'
Quaker Porridge Oats 1kg,Quaker Porridge Oats 1kg,sainsburys,2.25,0.225,porridge oats,Quaker
Quaker Oat So Simple 12 x 27g Original Porridge Sachets,Quaker Oat So Simple 12 x 27g Original Porridge Sachets,sainsburys,3.75,1.389,porridge oats,Quaker
Scott's Porage Original Porridge Oats 1kg,Scott's Porage Original Porridge Oats 1kg,sainsburys,2.95,0.295,porridge oats,Scott's
Sainsbury's Scottish Porridge Oats 1kg,Scottish Porridge Oats 1kg,sainsburys,1.35,0.135,porridge oats,Sainsbury's
Sainsbury's Scottish Porridge Oats 1.5kg,Scottish Porridge Oats 1.5kg,sainsburys,1.95,0.13,porridge oats,Sainsbury's
Sainsbury's Fresh Packed Mint 30g,Fresh Packed Mint 30g,sainsburys,0.55,1.8329999999999995,fresh mint,Sainsbury's
Sainsbury's Fresh Living Mint Pot,Fresh Living Mint Pot,sainsburys,1.6,,fresh mint,Sainsbury's
Sainsbury's 100g Mint,100g Mint,sainsburys,1.25,1.25,fresh mint,Sainsbury's
blu 2.0 Pods Fresh Mint 9mg/ml,blu 2.0 Pods Fresh Mint 9mg/ml,sainsburys,7.0,,fresh mint,blu
Sainsbury's Slow Cook Lamb Shanks with Mint 680g (Serves 2),Slow Cook Lamb Shanks with Mint 680g (Serves 2),sainsburys,6.5,0.956,fresh mint,Sainsbury's
Patak's Tikka Masala Spice Paste 283g,Patak's Tikka Masala Spice Paste 283g,sainsburys,2.75,0.971,curry paste tikka,Patak's
Patak's Tikka Masala Paste Pots 2 x 70g,Patak's Tikka Masala Paste Pots 2 x 70g,sainsburys,1.85,1.3210000000000002,curry paste tikka,Patak's
Sharwood's Tikka Masala Indian Curry Sauce Kit 280g,Sharwood's Tikka Masala Indian Curry Sauce Kit 280g,sainsburys,2.8,1.0,curry paste tikka,Sharwood's
The Spice Tailor Tikka Masala Indian Curry Paste Kit 120g,The Spice Tailor Tikka Masala Indian Curry Paste Kit 120g,sainsburys,2.0,1.6670000000000005,curry paste tikka,The
"Sainsbury's Fragrant Tikka Curry Paste, Inspired to Cook 200...","Fragrant Tikka Curry Paste, Inspired to Cook 200...",sainsburys,2.1,1.05,curry paste tikka,Sainsbury's
Blue Dragon Thai Green Curry Paste 170g,Blue Dragon Thai Green Curry Paste 170g,sainsburys,2.3,1.353,curry paste korma,Blue
Blue Dragon Thai Red Curry Paste 170g,Blue Dragon Thai Red Curry Paste 170g,sainsburys,2.3,1.353,curry paste korma,Blue
Patak's Tikka Masala Spice Paste 283g,Patak's Tikka Masala Spice Paste 283g,sainsburys,2.75,0.971,curry paste korma,Patak's
Patak's Korma Paste Pots 2 x 70g,Patak's Korma Paste Pots 2 x 70g,sainsburys,1.85,1.3210000000000002,curry paste korma,Patak's
Patak's Tikka Masala Paste Pots 2 x 70g,Patak's Tikka Masala Paste Pots 2 x 70g,sainsburys,1.85,1.3210000000000002,curry paste korma,Patak's
Sainsbury's Fresh Packed Flat Leaf Parsley 30g,Fresh Packed Flat Leaf Parsley 30g,sainsburys,0.55,1.8329999999999995,fresh parsley,Sainsbury's
Sainsbury's Fresh Packed Flat Leaf Parsley 100g,Fresh Packed Flat Leaf Parsley 100g,sainsburys,1.25,1.25,fresh parsley,Sainsbury's
Sainsbury's Fresh Curly Parsley 30g,Fresh Curly Parsley 30g,sainsburys,0.55,1.8329999999999995,fresh parsley,Sainsbury's
Sainsbury's Fresh Living Curly Parsley Pot,Fresh Living Curly Parsley Pot,sainsburys,1.6,,fresh parsley,Sainsbury's
Sainsbury's Fresh Living Flat Leaf Parsley Pot,Fresh Living Flat Leaf Parsley Pot,sainsburys,1.6,,fresh parsley,Sainsbury's
Sainsbury's Cornflakes Cereal 500g,Cornflakes Cereal 500g,sainsburys,0.95,0.19,cornflakes,Sainsbury's
Sainsbury's Honey Nut Cornflakes 500g,Honey Nut Cornflakes 500g,sainsburys,1.1,0.22,cornflakes,Sainsbury's
Sainsbury's Chinese Sauce 175g,Chinese Sauce 175g,sainsburys,1.3,0.743,stir fry sauce,Sainsbury's
Sainsbury's Teriyaki Stir Fry Sauce 175g,Teriyaki Stir Fry Sauce 175g,sainsburys,1.3,0.743,stir fry sauce,Sainsbury's
Sainsbury's Inspired to Cook Sweet Chilli Stir Fry Sauce 175...,Inspired to Cook Sweet Chilli Stir Fry Sauce 175...,sainsburys,1.3,0.743,stir fry sauce,Sainsbury's
Sainsbury's Plum & Hoisin Stir Fry Sauce 175g,Plum & Hoisin Stir Fry Sauce 175g,sainsburys,1.3,0.743,stir fry sauce,Sainsbury's
"Sainsbury's Soy Ginger & Garlic Stir Fry Sauce, Inspired to ...","Soy Ginger & Garlic Stir Fry Sauce, Inspired to ...",sainsburys,1.3,0.743,stir fry sauce,Sainsbury's
Dorset Cereals Nutty Granola Breakfast Cereal 450g,Dorset Cereals Nutty Granola Breakfast Cereal 450g,sainsburys,2.95,0.8,granola,Dorset
Dorset Cereals Oat Granola Breakfast Cereal 500g,Dorset Cereals Oat Granola Breakfast Cereal 500g,sainsburys,2.95,0.8,granola,Dorset
Dorset Cereals Honey Granola Breakfast Cereal 450g,Dorset Cereals Honey Granola Breakfast Cereal 450g,sainsburys,2.95,0.889,granola,Dorset
FUEL10K Chocolate Chunks Protein Granola Breakfast Cereal 40...,FUEL10K Chocolate Chunks Protein Granola Breakfast Cereal 40...,sainsburys,3.75,0.938,granola,FUEL10K
Heinz Top Down Ketchup 460g,Heinz Top Down Ketchup 460g,sainsburys,2.5,0.5429999999999999,tomato ketchup,Heinz
Heinz Tomato Ketchup 910g,Heinz Tomato Ketchup 910g,sainsburys,4.0,0.44,tomato ketchup,Heinz
Heinz Tomato Ketchup 700g,Heinz Tomato Ketchup 700g,sainsburys,3.9,0.557,tomato ketchup,Heinz
Sainsbury's Tomato Ketchup Sauce 460g,Tomato Ketchup Sauce 460g,sainsburys,0.95,0.207,tomato ketchup,Sainsbury's
Sainsbury's Tomato Ketchup Sauce 680g,Tomato Ketchup Sauce 680g,sainsburys,1.1,0.162,tomato ketchup,Sainsbury's
Barilla Spaghetti Pasta 500g,Barilla Spaghetti Pasta 500g,sainsburys,1.5,0.3,spaghetti,Barilla
Sainsbury's Spaghetti Pasta 500g,Spaghetti Pasta 500g,sainsburys,0.75,0.15,spaghetti,Sainsbury's
Sainsbury's Spaghetti Wholewheat Pasta 500g,Spaghetti Wholewheat Pasta 500g,sainsburys,0.75,0.15,spaghetti,Sainsbury's
Sainsbury's Spaghetti Pasta 1kg,Spaghetti Pasta 1kg,sainsburys,1.5,0.15,spaghetti,Sainsbury's
De Cecco Spaghetti Pasta 500g,De Cecco Spaghetti Pasta 500g,sainsburys,2.0,0.4,spaghetti,De
Weetabix 24 Original Cereal Pack,Weetabix 24 Original Cereal Pack,sainsburys,3.0,,weetabix,Weetabix
Weetabix 48 Original Cereal Pack,Weetabix 48 Original Cereal Pack,sainsburys,5.5011,,weetabix,Weetabix
Weetabix 500g Crispy Minis Chocolate Chip Breakfast Cereal,Weetabix 500g Crispy Minis Chocolate Chip Breakfast Cereal,sainsburys,2.75,0.55,weetabix,Weetabix
Weetabix 12 Original Cereal Pack,Weetabix 12 Original Cereal Pack,sainsburys,2.0017,,weetabix,Weetabix
Weetabix 24 Oatibix Cereal,Weetabix 24 Oatibix Cereal,sainsburys,3.8016,,weetabix,Weetabix
Sainsbury's Penne Pasta 1kg,Penne Pasta 1kg,sainsburys,1.38,0.1379999999999999,penne pasta,Sainsbury's
Sainsbury's Penne Rigate Pasta 500g,Penne Rigate Pasta 500g,sainsburys,0.69,0.1379999999999999,penne pasta,Sainsbury's
Sainsbury's Wholewheat Penne Pasta 500g,Wholewheat Penne Pasta 500g,sainsburys,0.69,0.1379999999999999,penne pasta,Sainsbury's
Sainsbury's Free from Penne Pasta 500g,Free from Penne Pasta 500g,sainsburys,0.75,0.15,penne pasta,Sainsbury's
De Cecco Penne Rigate Pasta 500g,De Cecco Penne Rigate Pasta 500g,sainsburys,2.0,0.4,penne pasta,De
Sainsbury's Fusilli Pasta 1kg,Fusilli Pasta 1kg,sainsburys,1.19,0.119,fusilli pasta,Sainsbury's
Sainsbury's Fusilli Pasta 500g,Fusilli Pasta 500g,sainsburys,0.6,0.12,fusilli pasta,Sainsbury's
Sainsbury's Wholewheat Fusilli Pasta 500g,Wholewheat Fusilli Pasta 500g,sainsburys,0.75,0.15,fusilli pasta,Sainsbury's
Sainsbury's Spirali Pasta 500g,Spirali Pasta 500g,sainsburys,0.75,0.15,fusilli pasta,Sainsbury's
Sainsbury's Free from Fusilli Pasta 500g,Free from Fusilli Pasta 500g,sainsburys,0.75,0.15,fusilli pasta,Sainsbury's
Hellmann's Real Squeezy Mayonnaise 750ml,Hellmann's Real Squeezy Mayonnaise 750ml,sainsburys,3.9,0.52,mayonnaise,Hellmann's
Hellmanns Real Squeezy Mayonnaise 580ml,Hellmanns Real Squeezy Mayonnaise 580ml,sainsburys,2.8,0.482,mayonnaise,Hellmanns
Heinz Seriously Good Mayonnaise 775g,Heinz Seriously Good Mayonnaise 775g,sainsburys,3.5,0.4519999999999999,mayonnaise,Heinz
Sainsbury's Mayonnaise Squeezy 500ml,Mayonnaise Squeezy 500ml,sainsburys,1.0,0.2,mayonnaise,Sainsbury's
Sainsbury's Rice Pops 375g,Rice Pops 375g,sainsburys,0.95,0.253,rice krispies,Sainsbury's
Kellogg's Rice Krispies Squares Delightfully Chocolatey Snac...,Kellogg's Rice Krispies Squares Delightfully Chocolatey Snac...,sainsburys,2.25,1.5630000000000002,rice krispies,Kellogg's
Sainsbury's Choco Rice Pops 375g,Choco Rice Pops 375g,sainsburys,0.95,0.253,rice krispies,Sainsbury's
Kellogg's Rice Krispies Breakfast Cereal 660g,Kellogg's Rice Krispies Breakfast Cereal 660g,sainsburys,4.35,0.659,rice krispies,Kellogg's
HP Squeezy Brown Sauce 425g,HP Squeezy Brown Sauce 425g,sainsburys,3.4,0.756,brown sauce,HP
Sainsbury's Brown Sauce 450g,Brown Sauce 450g,sainsburys,1.1,0.244,brown sauce,Sainsbury's
HP Brown Sauce 285g,HP Brown Sauce 285g,sainsburys,2.0,0.702,brown sauce,HP
HP The Original Brown Sauce 600g,HP The Original Brown Sauce 600g,sainsburys,3.5,0.583,brown sauce,HP
Daddies Brown Sauce 400g,Daddies Brown Sauce 400g,sainsburys,2.0,0.5,brown sauce,Daddies
Sainsbury's Fresh Egg Tagliatelle 500g,Fresh Egg Tagliatelle 500g,sainsburys,2.5,0.5,tagliatelle,Sainsbury's
Sainsbury's Tagliatelle Pasta 500g,Tagliatelle Pasta 500g,sainsburys,0.75,0.15,tagliatelle,Sainsbury's
Sainsbury's Ham & Mushroom Tagliatelle Ready Meal For 1 400g,Ham & Mushroom Tagliatelle Ready Meal For 1 400g,sainsburys,3.75,0.938,tagliatelle,Sainsbury's
Sainsbury's Linguine Pasta 500g,Linguine Pasta 500g,sainsburys,0.75,0.15,linguine,Sainsbury's
De Cecco Linguine Pasta 500g,De Cecco Linguine Pasta 500g,sainsburys,2.0,0.4,linguine,De
Barilla Linguine Pasta 500g,Barilla Linguine Pasta 500g,sainsburys,1.5,0.3,linguine,Barilla
Tropicana Smooth Orange Fruit Juice 1.5L,Tropicana Smooth Orange Fruit Juice 1.5L,sainsburys,3.0,0.2,orange juice,Tropicana
Tropicana Original Orange with Bits Fruit Juice 1.5L,Tropicana Original Orange with Bits Fruit Juice 1.5L,sainsburys,3.0,0.2,orange juice,Tropicana
Capri-Sun Orange 8 x 200ml,Capri-Sun Orange 8 x 200ml,sainsburys,2.5,0.157,orange juice,Capri-Sun
"Sainsbury's 100% Pure Squeezed Orange Juice with Bits, Not F...","100% Pure Squeezed Orange Juice with Bits, Not F...",sainsburys,2.0,0.2,orange juice,Sainsbury's
"Sainsbury's Freshly Squeezed Orange Juice with Bits, Taste t...","Freshly Squeezed Orange Juice with Bits, Taste t...",sainsburys,4.3,0.287,orange juice,Sainsbury's
Dolmio Lasagne Creamy White Pasta Sauce 440g,Dolmio Lasagne Creamy White Pasta Sauce 440g,sainsburys,2.6,0.591,lasagne sheets,Dolmio
Dolmio Lasagne Red Tomato Pasta Sauce 450g,Dolmio Lasagne Red Tomato Pasta Sauce 450g,sainsburys,2.6,0.5780000000000001,lasagne sheets,Dolmio
Sainsbury's Lasagne Sheets Pasta 500g,Lasagne Sheets Pasta 500g,sainsburys,0.75,0.15,lasagne sheets,Sainsbury's
Sainsbury's Fresh Egg Lasagne Sheets 250g,Fresh Egg Lasagne Sheets 250g,sainsburys,2.0,0.8,lasagne sheets,Sainsbury's
Sainsbury's Free From Lasagne Sheets 250g,Free From Lasagne Sheets 250g,sainsburys,0.75,0.3,lasagne sheets,Sainsbury's
Copella Cloudy Apple Fruit Juice 900ml,Copella Cloudy Apple Fruit Juice 900ml,sainsburys,2.0,0.223,apple juice,Copella
Copella Apple & Elderflower Fruit Juice 900ml,Copella Apple & Elderflower Fruit Juice 900ml,sainsburys,2.0,0.223,apple juice,Copella
"Sainsbury's 100% Pressed Apple Juice, Not From Concentrate 1...","100% Pressed Apple Juice, Not From Concentrate 1...",sainsburys,2.0,0.2,apple juice,Sainsbury's
"Sainsbury's Apple & Pear Juice, Not From Concentrate 1L","Apple & Pear Juice, Not From Concentrate 1L",sainsburys,2.0,0.2,apple juice,Sainsbury's
Sainsbury's Pure Apple Juice 1L,Pure Apple Juice 1L,sainsburys,1.6,0.16,apple juice,Sainsbury's
Sainsbury's Worcester Sauce 150ml,Worcester Sauce 150ml,sainsburys,1.25,0.833,worcestershire sauce,Sainsbury's
Lea & Perrins Worcester Sauce 150ml,Lea & Perrins Worcester Sauce 150ml,sainsburys,2.0,1.333,worcestershire sauce,Lea
Walkers Worcester Sauce Lea & Perrins Multipack Crisps 6 x 2...,Walkers Worcester Sauce Lea & Perrins Multipack Crisps 6 x 2...,sainsburys,2.2,1.467,worcestershire sauce,Walkers
Walkers Worcester Sauce Lea & Perrins Grab Bag Crisps 45g,Walkers Worcester Sauce Lea & Perrins Grab Bag Crisps 45g,sainsburys,1.2,2.6670000000000003,worcestershire sauce,Walkers
Cholula Original Hot Sauce 150ml,Cholula Original Hot Sauce 150ml,sainsburys,2.5,1.6670000000000005,hot sauce,Cholula
Frank's Redhot Original Pepper Sauce 148ml,Frank's Redhot Original Pepper Sauce 148ml,sainsburys,2.5,1.689,hot sauce,Frank's
Tabasco Sriracha Hot Chilli Sauce 256ml,Tabasco Sriracha Hot Chilli Sauce 256ml,sainsburys,3.15,1.23,hot sauce,Tabasco
Sainsbury's Sriracha Hot Sauce 300g,Sriracha Hot Sauce 300g,sainsburys,1.9,0.633,hot sauce,Sainsbury's
Blue Dragon Original Thai Sweet Chilli Sauce 315g,Blue Dragon Original Thai Sweet Chilli Sauce 315g,sainsburys,2.7,0.857,hot sauce,Blue
Ben's Original Classic Basmati Microwave Rice 220g,Ben's Original Classic Basmati Microwave Rice 220g,sainsburys,1.0,0.4549999999999999,basmati rice,Ben's
Sainsbury's Microwave Rice Basmati 250g,Microwave Rice Basmati 250g,sainsburys,0.49,0.196,basmati rice,Sainsbury's
Sainsbury's Basmati Rice 1kg,Basmati Rice 1kg,sainsburys,1.79,0.179,basmati rice,Sainsbury's
Tilda Microwave Rice Pure Basmati 250g,Tilda Microwave Rice Pure Basmati 250g,sainsburys,1.0,0.4,basmati rice,Tilda
Sainsbury's Basmati Rice 500g,Basmati Rice 500g,sainsburys,0.89,0.178,basmati rice,Sainsbury's
Clipper Organic Everyday Tea Bags x80,Clipper Organic Everyday Tea Bags x80,sainsburys,4.25,1.832,tea bags,Clipper
Twinings Superblends Feel Good Collection Tea Bags x20 38.4g,Twinings Superblends Feel Good Collection Tea Bags x20 38.4g,sainsburys,3.8,10.0,tea bags,Twinings
Clipper Fairtrade Everyday Tea Bags x80 23g,Clipper Fairtrade Everyday Tea Bags x80 23g,sainsburys,2.75,1.1,tea bags,Clipper
Yorkshire Tea Bags x240,Yorkshire Tea Bags x240,sainsburys,8.5,1.133,tea bags,Yorkshire
Sainsburys Red Label Fairtrade Decaf Tea Bags x80 250g,Sainsburys Red Label Fairtrade Decaf Tea Bags x80 250g,sainsburys,1.75,0.7,tea bags,Sainsbury's
French's Classic Yellow Mustard 226g,French's Classic Yellow Mustard 226g,sainsburys,2.5,1.106,mustard,French's
Sainsbury's Dijon Mustard 185g,Dijon Mustard 185g,sainsburys,0.45,0.243,mustard,Sainsbury's
Colman's Original English Mustard 100g,Colman's Original English Mustard 100g,sainsburys,2.0,2.0,mustard,Colman's
Colman's Original English Mustard 170g,Colman's Original English Mustard 170g,sainsburys,2.25,1.324,mustard,Colman's
Maille Dijon Original Mustard 215g,Maille Dijon Original Mustard 215g,sainsburys,3.2,1.488,mustard,Maille
Ben's Original Classic Long Grain Microwave Rice 220g,Ben's Original Classic Long Grain Microwave Rice 220g,sainsburys,1.0,0.4549999999999999,long grain rice,Ben's
Sainsbury's Microwave Rice Long Grain White 250g,Microwave Rice Long Grain White 250g,sainsburys,0.49,0.196,long grain rice,Sainsbury's
Sainsbury's Easy Cook Long Grain White Rice 1kg,Easy Cook Long Grain White Rice 1kg,sainsburys,1.25,0.125,long grain rice,Sainsbury's
Ben's Original Golden Vegetable Microwave Rice 220g,Ben's Original Golden Vegetable Microwave Rice 220g,sainsburys,1.0,0.454,long grain rice,Ben's
Ben's Original Mexican Style Microwave Rice 220g,Ben's Original Mexican Style Microwave Rice 220g,sainsburys,1.0,0.454,long grain rice,Ben's
L'OR Intense Instant Coffee 150g,L'OR Intense Instant Coffee 150g,sainsburys,6.95,4.634,instant coffee,L'OR
Nescafe Gold Blend Smooth Instant Coffee 190g,Nescafe Gold Blend Smooth Instant Coffee 190g,sainsburys,5.2,2.737,instant coffee,Nescafe
Nescafe Azera Americano Instant Coffee 140g,Nescafe Azera Americano Instant Coffee 140g,sainsburys,5.5,3.929,instant coffee,Nescafe
Nescafé Azera Americano Instant Coffee 90g,Nescafé Azera Americano Instant Coffee 90g,sainsburys,7.25,8.056000000000001,instant coffee,Nescafé
Nescafe Cappuccino Instant Coffee Sachets 12x15.5g,Nescafe Cappuccino Instant Coffee Sachets 12x15.5g,sainsburys,2.5,1.344,instant coffee,Nescafe
Gallo My Risotto Perfetto Porcini Mushroom 175g,Gallo My Risotto Perfetto Porcini Mushroom 175g,sainsburys,2.85,1.629,risotto rice,Gallo
Gallo Traditional Risotto Rice 500g,Gallo Traditional Risotto Rice 500g,sainsburys,3.0,0.6,risotto rice,Gallo
Gallo Easy Cook Risotto 500g,Gallo Easy Cook Risotto 500g,sainsburys,2.65,0.53,risotto rice,Gallo
Sainsbury's Arborio Risotto Rice 500g,Arborio Risotto Rice 500g,sainsburys,2.0,0.4,risotto rice,Sainsbury's
Yutaka Sushi Rice 500g,Yutaka Sushi Rice 500g,sainsburys,2.2,0.44,risotto rice,Yutaka
Sainsbury's Vegetable Oil 1L,Vegetable Oil 1L,sainsburys,1.65,0.1649999999999999,vegetable oil,Sainsbury's
Crisp 'N Dry Vegetable Oil 100% Rapeseed 1L,Crisp 'N Dry Vegetable Oil 100% Rapeseed 1L,sainsburys,2.95,0.295,vegetable oil,Crisp
Sainsbury's Vegetable Oil 3L,Vegetable Oil 3L,sainsburys,4.75,0.158,vegetable oil,Sainsbury's
Sainsbury's Pure Vegetable Oil 5L,Pure Vegetable Oil 5L,sainsburys,7.5,0.15,vegetable oil,Sainsbury's
Sainsbury's Vegetable Oil Spray 200ml,Vegetable Oil Spray 200ml,sainsburys,1.95,0.975,vegetable oil,Sainsbury's
JS Sunflower Oil 1L,JS Sunflower Oil 1L,sainsburys,1.65,0.1649999999999999,sunflower oil,JS
Frylight 1 Cal Golden Sunflower Oil Cooking Spray 190ml,Frylight 1 Cal Golden Sunflower Oil Cooking Spray 190ml,sainsburys,1.75,0.921,sunflower oil,Frylight
Sainsbury's Pure Sunflower Oil 5L,Pure Sunflower Oil 5L,sainsburys,7.5,0.15,sunflower oil,Sainsbury's
Flora Pure Sunflower Oil with Vitamin E 1L,Flora Pure Sunflower Oil with Vitamin E 1L,sainsburys,2.5,0.25,sunflower oil,Flora
Sainsbury's Sunflower Oil 3L,Sunflower Oil 3L,sainsburys,4.75,0.158,sunflower oil,Sainsbury's
Pepsi Max Lime No Sugar Cola Cans 8 x 330ml,Pepsi Max Lime No Sugar Cola Cans 8 x 330ml,sainsburys,4.95,0.188,pepsi,Pepsi
Pepsi Max No Sugar Cola Cans 8x330ml,Pepsi Max No Sugar Cola Cans 8x330ml,sainsburys,4.95,0.188,pepsi,Pepsi
Pepsi Max No Caffeine 8x330ml,Pepsi Max No Caffeine 8x330ml,sainsburys,4.95,0.188,pepsi,Pepsi
Pepsi Max No Sugar Cola Cans 12x330ml,Pepsi Max No Sugar Cola Cans 12x330ml,sainsburys,5.0,0.126,pepsi,Pepsi
Pepsi Max No Sugar Cola Cans 24x330ml,Pepsi Max No Sugar Cola Cans 24x330ml,sainsburys,12.0,0.152,pepsi,Pepsi
Sainsbury's Rice Noodles 250g,Rice Noodles 250g,sainsburys,1.0,0.4,rice noodles,Sainsbury's
Naked Rice Long Grain Rice Japanese Katsu Curry 78g,Naked Rice Long Grain Rice Japanese Katsu Curry 78g,sainsburys,1.25,1.6030000000000002,rice noodles,Naked
itsu Chick-n Ramen Rice Noodle Pot 64g,itsu Chick-n Ramen Rice Noodle Pot 64g,sainsburys,2.0,3.125,rice noodles,itsu
itsu Satay Rice Noodle Pot 64g,itsu Satay Rice Noodle Pot 64g,sainsburys,2.0,3.125,rice noodles,itsu
Ko-lee Rice Vermicelli Noodles,Ko-lee Rice Vermicelli Noodles,sainsburys,1.5,0.75,rice noodles,Ko-lee
McDougalls Plain Flour 1.1kg,McDougalls Plain Flour 1.1kg,sainsburys,1.85,0.1679999999999999,plain flour,McDougalls
Freee Gluten Free Plain White Flour 1kg,Freee Gluten Free Plain White Flour 1kg,sainsburys,1.95,0.195,plain flour,Freee
Carrs Breadmaker Strong White Flour 1.5kg,Carrs Breadmaker Strong White Flour 1.5kg,sainsburys,1.65,0.11,plain flour,Carrs
Homepride Plain Pre Sieved Flour 1.5kg,Homepride Plain Pre Sieved Flour 1.5kg,sainsburys,1.5,0.1,plain flour,Homepride
Doves Farm Organic White Flour 1kg,Doves Farm Organic White Flour 1kg,sainsburys,2.0,0.2,plain flour,Doves
Heinz Baked Beans in a Rich Tomato Sauce 6x200g,Heinz Baked Beans in a Rich Tomato Sauce 6x200g,sainsburys,3.6,0.3,baked beans,Heinz
Heinz Baked Beans in a Rich Tomato Sauce 6 x 415g,Heinz Baked Beans in a Rich Tomato Sauce 6 x 415g,sainsburys,4.5,0.181,baked beans,Heinz
Heinz Baked Beans in a Rich Tomato Sauce 415g,Heinz Baked Beans in a Rich Tomato Sauce 415g,sainsburys,1.1,0.265,baked beans,Heinz
Sainsbury's Baked Beans In Tomato Sauce 200g,Baked Beans In Tomato Sauce 200g,sainsburys,0.35,0.175,baked beans,Sainsbury's
Heinz Baked Beans in a Rich Tomato Sauce 4 x 415g,Heinz Baked Beans in a Rich Tomato Sauce 4 x 415g,sainsburys,3.9,0.235,baked beans,Heinz
Schweppes Lemonade 2L,Schweppes Lemonade 2L,sainsburys,1.4,,lemonade,Schweppes
Schweppes Lemonade Cans 8 x 330ml,Schweppes Lemonade Cans 8 x 330ml,sainsburys,4.6,0.174,lemonade,Schweppes
Schweppes Original Lemonade 12x150ml,Schweppes Original Lemonade 12x150ml,sainsburys,6.35,0.353,lemonade,Schweppes
Freee Gluten Free Self Raising White Flour 1kg,Freee Gluten Free Self Raising White Flour 1kg,sainsburys,1.95,0.195,self raising flour,Freee
McDougalls Self Raising Flour 1.1kg,McDougalls Self Raising Flour 1.1kg,sainsburys,1.85,0.1679999999999999,self raising flour,McDougalls
Homepride Self Raising Pre Sieved Flour 1.5kg,Homepride Self Raising Pre Sieved Flour 1.5kg,sainsburys,1.5,0.1,self raising flour,Homepride
McDougalls Speciality Supreme Sponge Self Raising Flour 1kg,McDougalls Speciality Supreme Sponge Self Raising Flour 1kg,sainsburys,2.5,0.25,self raising flour,McDougalls
Doves Farm Organic White Self Raising Flour 1kg,Doves Farm Organic White Self Raising Flour 1kg,sainsburys,2.15,0.215,self raising flour,Doves
Highland Spring Sparkling Spring Water 8x500ml,Highland Spring Sparkling Spring Water 8x500ml,sainsburys,3.2581,,sparkling water,Highland
San Pellegrino Sparkling Natural Mineral Water 6x1L,San Pellegrino Sparkling Natural Mineral Water 6x1L,sainsburys,7.0,0.1169999999999999,sparkling water,San
Highland Spring Sparkling Spring Water 6x1L,Highland Spring Sparkling Spring Water 6x1L,sainsburys,3.75,,sparkling water,Highland
Sainsburys British Bottled Sparkling Spring water 4x2L,British Bottled Sparkling Spring water 4x2L,sainsburys,2.2528,,sparkling water,Sainsbury's
Sainsbury's British Bottled Sparkling Spring Water 12x500ml,British Bottled Sparkling Spring Water 12x500ml,sainsburys,3.005,,sparkling water,Sainsbury's
Mutti Finely Chopped Tomatoes 4 x 400g,Mutti Finely Chopped Tomatoes 4 x 400g,sainsburys,4.0,0.25,chopped tomatoes,Mutti
Mutti Finely Chopped Tomatoes 400g,Mutti Finely Chopped Tomatoes 400g,sainsburys,1.6,0.4,chopped tomatoes,Mutti
Sainsbury's Chopped Tomatoes Can 400g,Chopped Tomatoes Can 400g,sainsburys,0.47,0.118,chopped tomatoes,Sainsbury's
Sainsbury's Italian Chopped Tomatoes 4×400g,Italian Chopped Tomatoes 4×400g,sainsburys,1.88,0.118,chopped tomatoes,Sainsbury's
Stamford Street Co. Chopped Tomatoes in Tomato Juice 400g,Chopped Tomatoes in Tomato Juice 400g,sainsburys,0.43,0.108,chopped tomatoes,Stamford
Sainsbury's Strong White Unbleached Bread Flour 1.5kg,Strong White Unbleached Bread Flour 1.5kg,sainsburys,1.4093,,bread flour,Sainsbury's
"Sainsbury's Golden Multiseed Bread Mix, Taste the Difference...","Golden Multiseed Bread Mix, Taste the Difference...",sainsburys,1.5,0.3,bread flour,Sainsbury's
Allinson's Strong White Bread Flour 1kg,Allinson's Strong White Bread Flour 1kg,sainsburys,1.75,0.175,bread flour,Allinson's
Bold Bean Co Queen Chickpeas 570g,Bold Bean Co Queen Chickpeas 570g,sainsburys,2.6,0.65,chickpeas tinned,Bold
Laila Chickpeas 1kg,Laila Chickpeas 1kg,sainsburys,2.25,0.225,chickpeas tinned,Laila
Merchant Gourmet Jumbo Chickpeas 240g,Merchant Gourmet Jumbo Chickpeas 240g,sainsburys,1.75,0.73,chickpeas tinned,Merchant
Village Quality Products Chickpeas in Brine 540g,Village Quality Products Chickpeas in Brine 540g,sainsburys,1.0,0.25,chickpeas tinned,Village
Sainsbury's White Caster Sugar 1kg,White Caster Sugar 1kg,sainsburys,1.75,0.175,caster sugar,Sainsbury's
Sainsbury's White Caster Sugar 500g,White Caster Sugar 500g,sainsburys,1.3,0.26,caster sugar,Sainsbury's
Sainsbury's Fairtrade Golden Caster Sugar 1kg,Fairtrade Golden Caster Sugar 1kg,sainsburys,2.85,0.285,caster sugar,Sainsbury's
Sainsbury's Fairtrade White Caster Sugar 1kg,Fairtrade White Caster Sugar 1kg,sainsburys,1.9,0.19,caster sugar,Sainsbury's
"Billington's Natural Golden Caster, Unrefined Cane Sugar 1kg","Billington's Natural Golden Caster, Unrefined Cane Sugar 1kg",sainsburys,2.85,0.285,caster sugar,Billington's
Highland Spring Still Water 6x1.5L,Highland Spring Still Water 6x1.5L,sainsburys,4.4549,,still water,Highland
Evian Natural Bottled Mineral Still Water 6x1.5L,Evian Natural Bottled Mineral Still Water 6x1.5L,sainsburys,6.0067,,still water,Evian
Highland Spring Still Water 12x500ml,Highland Spring Still Water 12x500ml,sainsburys,3.0,,still water,Highland
Sainsbury's British Bottled Spring Water 12x500ml,British Bottled Spring Water 12x500ml,sainsburys,2.3539,,still water,Sainsbury's
Sainsbury's British Bottled Still Spring Water 5L,British Bottled Still Spring Water 5L,sainsburys,1.6533,,still water,Sainsbury's
Sainsbury's Fairtrade Demerara Cane Sugar 500g,Fairtrade Demerara Cane Sugar 500g,sainsburys,1.7,0.3399999999999999,brown sugar,Sainsbury's
Sainsbury's Fairtrade Light Soft Brown Sugar 500g,Fairtrade Light Soft Brown Sugar 500g,sainsburys,2.0,0.4,brown sugar,Sainsbury's
Sainsbury's Fairtrade Demerara Cane Sugar 1kg,Fairtrade Demerara Cane Sugar 1kg,sainsburys,2.6,0.26,brown sugar,Sainsbury's
Sainsbury's Fairtrade Golden Granulated Sugar 1kg,Fairtrade Golden Granulated Sugar 1kg,sainsburys,2.6,0.26,brown sugar,Sainsbury's
Sainsbury's Fairtrade Dark Soft Brown Sugar 500g,Fairtrade Dark Soft Brown Sugar 500g,sainsburys,2.0,0.4,brown sugar,Sainsbury's
Sainsbury's Garden Peas 910g,Garden Peas 910g,sainsburys,1.55,0.1699999999999999,frozen peas,Sainsbury's
Birds Eye Garden Peas 375g,Birds Eye Garden Peas 375g,sainsburys,1.5,0.4,frozen peas,Birds
Stamford Street Co. Peas 850g,Peas 850g,sainsburys,1.09,0.128,frozen peas,Stamford
Sainsbury's Icing Sugar 1kg,Icing Sugar 1kg,sainsburys,2.65,0.265,icing sugar,Sainsbury's
Sainsbury's Icing Sugar 500g,Icing Sugar 500g,sainsburys,1.4,0.2799999999999999,icing sugar,Sainsbury's
Silver Spoon Icing Sugar 500g,Silver Spoon Icing Sugar 500g,sainsburys,1.7,0.3399999999999999,icing sugar,Silver
Betty Crocker Vanilla Buttercream Style Icing 400g,Betty Crocker Vanilla Buttercream Style Icing 400g,sainsburys,3.2,0.8,icing sugar,Betty
Betty Crocker Chocolate Fudge Icing 400g,Betty Crocker Chocolate Fudge Icing 400g,sainsburys,3.2,0.8,icing sugar,Betty
Bold Bean Co Queen Butter Beans 570g,Bold Bean Co Queen Butter Beans 570g,sainsburys,2.6,0.65,butter beans tinned,Bold
Heinz Baked Beans & Richmond Pork Sausages 200g,Heinz Baked Beans & Richmond Pork Sausages 200g,sainsburys,1.2,0.6,butter beans tinned,Heinz
Sainsbury's Sliced Mixed Peppers 500g,Sliced Mixed Peppers 500g,sainsburys,0.99,0.198,frozen mixed vegetables,Sainsbury's
Sainsbury's Mixed Vegetables 1kg,Mixed Vegetables 1kg,sainsburys,1.65,0.1649999999999999,frozen mixed vegetables,Sainsbury's
Sainsbury's Tuna Chunks in Spring Water 4x145g,Tuna Chunks in Spring Water 4x145g,sainsburys,2.49,0.61,tinned tuna,Sainsbury's
Sainsbury's Tuna Chunks in Brine 4x145g,Tuna Chunks in Brine 4x145g,sainsburys,2.49,0.61,tinned tuna,Sainsbury's
Princes Tuna Chunks in Spring Water 4x145g,Princes Tuna Chunks in Spring Water 4x145g,sainsburys,4.25,0.733,tinned tuna,Princes
Sainsbury's Tuna Chunks in Spring Water 145g,Tuna Chunks in Spring Water 145g,sainsburys,0.92,0.637,tinned tuna,Sainsbury's
Sainsbury's Tuna Chunks in Sunflower Oil 4x145g,Tuna Chunks in Sunflower Oil 4x145g,sainsburys,2.49,0.429,tinned tuna,Sainsbury's
Strong Roots Oven Baked Sweet Potato 500g,Strong Roots Oven Baked Sweet Potato 500g,sainsburys,3.65,0.73,frozen chips oven,Strong
Mccain Naked Oven Chips Straight 900g,Mccain Naked Oven Chips Straight 900g,sainsburys,2.0,0.222,frozen chips oven,Mccain
Mccain Naked Oven Chips Straight 1.7kg,Mccain Naked Oven Chips Straight 1.7kg,sainsburys,3.7,0.218,frozen chips oven,Mccain
Sainsbury's Garlic Slices x10 260g,Garlic Slices x10 260g,sainsburys,1.05,0.404,frozen garlic bread,Sainsbury's
Sainsbury's Garlic Baguette x2 338g,Garlic Baguette x2 338g,sainsburys,0.85,0.251,frozen garlic bread,Sainsbury's
Sainsbury's Cheese & Garlic Pizza Bread 281g,Cheese & Garlic Pizza Bread 281g,sainsburys,1.75,0.623,frozen garlic bread,Sainsbury's
Wholecreations Dairy & Gluten Free Garlic Bread Baguette 190...,Wholecreations Dairy & Gluten Free Garlic Bread Baguette 190...,sainsburys,2.0,1.053,frozen garlic bread,Wholecreations
White Rabbit 2 x Gluten Free Sourdough Roasted Garlic Focacc...,White Rabbit 2 x Gluten Free Sourdough Roasted Garlic Focacc...,sainsburys,3.5,1.296,frozen garlic bread,White
Goodfella's 532g New York Style Fully Loaded Pepperoni Pizza,Goodfella's 532g New York Style Fully Loaded Pepperoni Pizza,sainsburys,3.0,0.572,frozen pizza,Goodfella's
Goodfella's 534g New York Style Ultimate Four Cheese Pizza,Goodfella's 534g New York Style Ultimate Four Cheese Pizza,sainsburys,3.0,0.541,frozen pizza,Goodfella's
Crosta Mollica Regina Sourdough Pizza 448g,Crosta Mollica Regina Sourdough Pizza 448g,sainsburys,6.0,1.139,frozen pizza,Crosta
Sainsbury's Thin & Crispy Four Cheese Pizza 354g,Thin & Crispy Four Cheese Pizza 354g,sainsburys,1.85,0.523,frozen pizza,Sainsbury's
Sainsbury's Double Pepperoni Thin Pizza 339g,Double Pepperoni Thin Pizza 339g,sainsburys,1.85,0.546,frozen pizza,Sainsbury's
Sainsbury's Strawberry & Vanilla Cones 4x110ml,Strawberry & Vanilla Cones 4x110ml,sainsburys,1.35,0.307,vanilla ice cream,Sainsbury's
Viennetta Vanilla Ice Cream Dessert 650ml,Viennetta Vanilla Ice Cream Dessert 650ml,sainsburys,1.5,0.231,vanilla ice cream,Viennetta
Sainsbury's Toffee & Vanilla Cones 4x110ml,Toffee & Vanilla Cones 4x110ml,sainsburys,1.35,0.307,vanilla ice cream,Sainsbury's
Wall's 1.8L Soft Scoop Vanilla Ice Cream Tub,Wall's 1.8L Soft Scoop Vanilla Ice Cream Tub,sainsburys,2.4,0.133,vanilla ice cream,Wall's
Ben & Jerry's Cookie Dough Vanilla Ice Cream Tub 465ml,Ben & Jerry's Cookie Dough Vanilla Ice Cream Tub 465ml,sainsburys,2.77,0.596,vanilla ice cream,Ben
Little Moons Vegan Passionfruit & Mango Mochi Ice Cream Froz...,Little Moons Vegan Passionfruit & Mango Mochi Ice Cream Froz...,sainsburys,5.0,2.415,ice lollies,Little
Sainsbury's Raspberry & Yoghurt Ice Lollies x4 70ml,Raspberry & Yoghurt Ice Lollies x4 70ml,sainsburys,2.75,0.982,ice lollies,Sainsbury's
Sainsbury's Mint & Chocolate Cones 4x110ml,Mint & Chocolate Cones 4x110ml,sainsburys,1.35,0.307,chocolate ice cream,Sainsbury's
Sainsbury's Chocolate & Nut Cones 4x110ml,Chocolate & Nut Cones 4x110ml,sainsburys,1.35,0.307,chocolate ice cream,Sainsbury's
Sainsbury's Milk Chocolate Ice Creams 4 X 110ml,Milk Chocolate Ice Creams 4 X 110ml,sainsburys,2.19,0.498,chocolate ice cream,Sainsbury's
Ben & Jerry's Chocolate Fudge Brownie Ice Cream Tub 465ml,Ben & Jerry's Chocolate Fudge Brownie Ice Cream Tub 465ml,sainsburys,2.77,0.596,chocolate ice cream,Ben
Sainsbury's Milk Chocolate & Almonds Ice Creams 4 X 110ml,Milk Chocolate & Almonds Ice Creams 4 X 110ml,sainsburys,2.19,0.498,chocolate ice cream,Sainsbury's
LEON Chunky Fish Fingers Lightly Battered x6 390g,LEON Chunky Fish Fingers Lightly Battered x6 390g,sainsburys,5.5,1.41,frozen fish fingers,LEON
Birds Eye Omega 3 Fish Fingers x10 280g,Birds Eye Omega 3 Fish Fingers x10 280g,sainsburys,1.5,0.536,frozen fish fingers,Birds
Sainsbury's Breaded Cod Fillet Fish Fingers x10 300g,Breaded Cod Fillet Fish Fingers x10 300g,sainsburys,2.25,0.75,frozen fish fingers,Sainsbury's
"Sainsbury's Chunky Cod Fish Fingers, Taste the Difference x8...","Chunky Cod Fish Fingers, Taste the Difference x8...",sainsburys,5.25,1.094,frozen fish fingers,Sainsbury's
Sainsbury's Omega 3 Fish Fingers x30 900g,Omega 3 Fish Fingers x30 900g,sainsburys,2.78,0.309,frozen fish fingers,Sainsbury's
Walkers Ready Salted Multipack Crisps 6x25g,Walkers Ready Salted Multipack Crisps 6x25g,sainsburys,2.2,1.467,ready salted crisps,Walkers
Sainsbury's Ready Salted Multipack Crisps 6x25g,Ready Salted Multipack Crisps 6x25g,sainsburys,1.1,0.733,ready salted crisps,Sainsbury's
Walkers Baked Ready Salted Multipack Crisps Snacks 6x22g,Walkers Baked Ready Salted Multipack Crisps Snacks 6x22g,sainsburys,1.75,1.326,ready salted crisps,Walkers
Walkers Ready Salted Multipack Crisps 12x25g,Walkers Ready Salted Multipack Crisps 12x25g,sainsburys,3.19,1.0630000000000002,ready salted crisps,Walkers
Walkers French Fries Ready Salted Multipack Crisps Snacks 6x...,Walkers French Fries Ready Salted Multipack Crisps Snacks 6x...,sainsburys,1.5,1.389,ready salted crisps,Walkers
Walkers Cheese & Onion Multipack Crisps 6x25g,Walkers Cheese & Onion Multipack Crisps 6x25g,sainsburys,2.2,1.467,cheese onion crisps,Walkers
Sainsbury's Cheese & Onion Multipack Crisps 6x25g,Cheese & Onion Multipack Crisps 6x25g,sainsburys,1.1,0.733,cheese onion crisps,Sainsbury's
Walkers Baked Cheese & Onion Multipack Crisps Snacks 6x22g,Walkers Baked Cheese & Onion Multipack Crisps Snacks 6x22g,sainsburys,1.75,1.326,cheese onion crisps,Walkers
Walkers Cheese & Onion Multipack Crisps 12x25g,Walkers Cheese & Onion Multipack Crisps 12x25g,sainsburys,3.19,1.0630000000000002,cheese onion crisps,Walkers
Jacobs Crinklys Cheese & Onion 30% Less Fat Multipack Snack...,Jacobs Crinklys Cheese & Onion 30% Less Fat Multipack Snack...,sainsburys,1.8,1.3039999999999998,cheese onion crisps,Jacobs
Walkers Salt & Vinegar Multipack Crisps 6 x 25g,Walkers Salt & Vinegar Multipack Crisps 6 x 25g,sainsburys,2.2,1.467,salt vinegar crisps,Walkers
"Sainsbury's Sea Salt & Cider Vinegar Crisps, Taste the Diffe...","Sea Salt & Cider Vinegar Crisps, Taste the Diffe...",sainsburys,1.5,1.0,salt vinegar crisps,Sainsbury's
Walkers Squares Salt & Vinegar Multipack CrispsSnacks 6x22g,Walkers Squares Salt & Vinegar Multipack CrispsSnacks 6x22g,sainsburys,1.5,1.137,salt vinegar crisps,Walkers
Hula Hoops Salt & Vinegar Multipack Crisps x6,Hula Hoops Salt & Vinegar Multipack Crisps x6,sainsburys,2.35,1.632,salt vinegar crisps,Hula
Tyrrells Cider Vinegar & Salt Sharing Crisps 150g,Tyrrells Cider Vinegar & Salt Sharing Crisps 150g,sainsburys,2.75,1.8329999999999995,salt vinegar crisps,Tyrrells
Sanex Zero% Sensitive Skin Shower Gel Body Wash 450ml,Sanex Zero% Sensitive Skin Shower Gel Body Wash 450ml,sainsburys,2.5,0.5549999999999999,shower gel,Sanex
Sanex Expert Skin Health Moisturising Shower Gel Body Wash 4...,Sanex Expert Skin Health Moisturising Shower Gel Body Wash 4...,sainsburys,2.5,0.5549999999999999,shower gel,Sanex
Radox Feel Awake Sea Minerals 2in1 Shower Gel Body Wash Sham...,Radox Feel Awake Sea Minerals 2in1 Shower Gel Body Wash Sham...,sainsburys,1.0,0.444,shower gel,Radox
Radox Feel Radiant Shower Gel Strawberry & Raspberry Body Wa...,Radox Feel Radiant Shower Gel Strawberry & Raspberry Body Wa...,sainsburys,1.0,0.444,shower gel,Radox
Corsodyl Gum+ Breath & Sensitivity Whitening Toothpaste 75ml,Corsodyl Gum+ Breath & Sensitivity Whitening Toothpaste 75ml,sainsburys,3.5,4.6659999999999995,toothpaste,Corsodyl
Colgate Triple Action Toothpaste 75ml,Colgate Triple Action Toothpaste 75ml,sainsburys,1.25,1.6670000000000005,toothpaste,Colgate
Aquafresh Fresh & Minty Toothpaste 75ml,Aquafresh Fresh & Minty Toothpaste 75ml,sainsburys,0.95,1.267,toothpaste,Aquafresh
Doritos Chilli Heatwave Tortilla Chips Sharing Bag Crisps 18...,Doritos Chilli Heatwave Tortilla Chips Sharing Bag Crisps 18...,sainsburys,2.5,1.389,tortilla chips,Doritos
Doritos Cool Original Tortilla Chips Sharing Bag Crisps 180g,Doritos Cool Original Tortilla Chips Sharing Bag Crisps 180g,sainsburys,2.5,1.389,tortilla chips,Doritos
Blanco Nino Smoky Chipotle Tortilla Chips 170g,Blanco Nino Smoky Chipotle Tortilla Chips 170g,sainsburys,3.0,1.765,tortilla chips,Blanco
Sainsbury's Tortilla Chips Salted 200g,Tortilla Chips Salted 200g,sainsburys,0.89,0.445,tortilla chips,Sainsbury's
Stamford Street Co. Tortilla Chips 200g,Tortilla Chips 200g,sainsburys,0.57,0.285,tortilla chips,Stamford
OGX Biotin & Collagen Hair Thickening Shampoo 385ml,OGX Biotin & Collagen Hair Thickening Shampoo 385ml,sainsburys,8.5,2.2079999999999997,shampoo,OGX
L'Oréal Paris Elvive Glycolic Gloss Sulphate Free Shampoo fo...,L'Oréal Paris Elvive Glycolic Gloss Sulphate Free Shampoo fo...,sainsburys,6.5,3.25,shampoo,L'Oréal
L'Oreal Paris Elvive Growth Booster Shampoo Anti Hair Loss f...,L'Oreal Paris Elvive Growth Booster Shampoo Anti Hair Loss f...,sainsburys,6.5,3.25,shampoo,L'Oreal
Head & Shoulders Classic Clean Anti-Dandruff Shampoo 400ml,Head & Shoulders Classic Clean Anti-Dandruff Shampoo 400ml,sainsburys,3.5,0.875,shampoo,Head
Alberto Balsam Sunkissed Raspberry Shampoo 300ml,Alberto Balsam Sunkissed Raspberry Shampoo 300ml,sainsburys,0.95,0.317,shampoo,Alberto
Sainsbury's Mixed Nuts 300g,Mixed Nuts 300g,sainsburys,4.5,1.5,mixed nuts,Sainsbury's
Sainsbury's Unsalted Mixed Nuts & Raisins 200g,Unsalted Mixed Nuts & Raisins 200g,sainsburys,1.7,0.85,mixed nuts,Sainsbury's
Sainsbury's Roasted & Salted Mixed Nuts 200g,Roasted & Salted Mixed Nuts 200g,sainsburys,3.0,1.5,mixed nuts,Sainsbury's
Sainsbury's Unsalted Mixed Nuts 200g,Unsalted Mixed Nuts 200g,sainsburys,3.0,1.5,mixed nuts,Sainsbury's
"Sainsbury's Mixed Nuts, SO Organic 300g","Mixed Nuts, SO Organic 300g",sainsburys,5.5,1.8329999999999995,mixed nuts,Sainsbury's
Propercorn Sweet & Salty Popcorn Multipack 6 x 14g,Propercorn Sweet & Salty Popcorn Multipack 6 x 14g,sainsburys,2.1,2.5,popcorn,Propercorn
Sainsbury's Sweet & Salty Butterfly Popcorn 110g,Sweet & Salty Butterfly Popcorn 110g,sainsburys,0.99,0.9,popcorn,Sainsbury's
Sainsbury's Simply Salty Butterfly Popcorn 90g,Simply Salty Butterfly Popcorn 90g,sainsburys,0.99,1.1,popcorn,Sainsbury's
Sainsbury's Simply Sweet Butterfly Popcorn 110g,Simply Sweet Butterfly Popcorn 110g,sainsburys,0.99,0.9,popcorn,Sainsbury's
Sainsbury's Sweet & Salty Butterfly Popcorn 6x14g,Sweet & Salty Butterfly Popcorn 6x14g,sainsburys,1.65,1.964,popcorn,Sainsbury's
Dove 400ml Scalp + Hair Therapy Soothing Hydration Condition...,Dove 400ml Scalp + Hair Therapy Soothing Hydration Condition...,sainsburys,6.0,1.5,conditioner hair,Dove
Herbal Essences Hello Hydration Conditioner Moisturises Dry ...,Herbal Essences Hello Hydration Conditioner Moisturises Dry ...,sainsburys,2.0,0.727,conditioner hair,Herbal
"Aussie Miracle Moist Hair Conditioner, Moisturising Hair Con...","Aussie Miracle Moist Hair Conditioner, Moisturising Hair Con...",sainsburys,3.3,1.65,conditioner hair,Aussie
Palmolive Hygiene Plus Sensitive Antibacterial hand wash soa...,Palmolive Hygiene Plus Sensitive Antibacterial hand wash soa...,sainsburys,2.5,0.25,hand soap,Palmolive
Palmolive Naturals Milk & Honey Handwash Soap Refill 1000ml,Palmolive Naturals Milk & Honey Handwash Soap Refill 1000ml,sainsburys,2.5,0.25,hand soap,Palmolive
Kind Chocolate Chip Cashew Cereal Bars Multipack 3x30g,Kind Chocolate Chip Cashew Cereal Bars Multipack 3x30g,sainsburys,3.0,3.3329999999999997,chocolate bar,Kind
Kind Caramel Chocolate Peanut Bars 3 x 30g,Kind Caramel Chocolate Peanut Bars 3 x 30g,sainsburys,3.0,3.3329999999999997,chocolate bar,Kind
KitKat 2 Finger Milk Chocolate Biscuit Bar Multipack 8 x 20....,KitKat 2 Finger Milk Chocolate Biscuit Bar Multipack 8 x 20....,sainsburys,1.75,1.057,chocolate bar,KitKat
Cadbury Twirl 9 x Milk Chocolate 193.5g,Cadbury Twirl 9 x Milk Chocolate 193.5g,sainsburys,2.5,1.288,chocolate bar,Cadbury
Cadbury Dairy Milk 4 x 33.5g Multipack Chocolate Bar,Cadbury Dairy Milk 4 x 33.5g Multipack Chocolate Bar,sainsburys,2.25,1.6789999999999998,chocolate bar,Cadbury
McVitie's Digestives The Original Biscuits Twin Pack 2x360g,McVitie's Digestives The Original Biscuits Twin Pack 2x360g,sainsburys,3.2,0.444,biscuits digestive,McVitie's
McVitie's Milk Chocolate Digestives Biscuits Twin Pack 2x316...,McVitie's Milk Chocolate Digestives Biscuits Twin Pack 2x316...,sainsburys,4.0,0.633,biscuits digestive,McVitie's
McVitie's Digestives The Original Biscuits 360g,McVitie's Digestives The Original Biscuits 360g,sainsburys,1.9,0.528,biscuits digestive,McVitie's
"Sure Women Anti-Perspirant Deodorant Roll On, Bright Bouquet...","Sure Women Anti-Perspirant Deodorant Roll On, Bright Bouquet...",sainsburys,1.4,2.8,deodorant,Sure
Sure Men Invisible Ice 48h Antiperspirant Deodorant 200ml,Sure Men Invisible Ice 48h Antiperspirant Deodorant 200ml,sainsburys,2.25,1.125,deodorant,Sure
Gillette Fusion 5 Men's Razor Blades x11,Gillette Fusion 5 Men's Razor Blades x11,sainsburys,22.0,,razor blades,Gillette
Gillette Mach 3 Men's Razor Blades x12,Gillette Mach 3 Men's Razor Blades x12,sainsburys,17.0,,razor blades,Gillette
Gillette Fusion Razor Blades x4,Gillette Fusion Razor Blades x4,sainsburys,13.0,,razor blades,Gillette
Gillette Mach3 Men's Razor,Gillette Mach3 Men's Razor,sainsburys,5.0,,razor blades,Gillette
Harry's Men's Razor Blades 4 Pack,Harry's Men's Razor Blades 4 Pack,sainsburys,9.0,,razor blades,Harry's
Border Dark Chocolate & Ginger Biscuits 150g,Border Dark Chocolate & Ginger Biscuits 150g,sainsburys,2.25,1.5,biscuits chocolate,Border
Border Milk Chocolate Vienese 150g,Border Milk Chocolate Vienese 150g,sainsburys,2.25,1.5,biscuits chocolate,Border
Border Dark Chocolate Ginger Chocolate Bars x 6 144g,Border Dark Chocolate Ginger Chocolate Bars x 6 144g,sainsburys,2.0,1.389,biscuits chocolate,Border
KitKat 2 Finger Milk Chocolate Biscuit Bar Multipack 8 x 20....,KitKat 2 Finger Milk Chocolate Biscuit Bar Multipack 8 x 20....,sainsburys,1.75,1.057,biscuits chocolate,KitKat
Fairy Lemon Washing Up Liquid with Lift Action 1015ml,Fairy Lemon Washing Up Liquid with Lift Action 1015ml,sainsburys,2.7,0.266,washing up liquid,Fairy
Fairy Max Power Antibacterial Washing Up Liquid Tea Tree 660...,Fairy Max Power Antibacterial Washing Up Liquid Tea Tree 660...,sainsburys,3.0,0.454,washing up liquid,Fairy
Fairy Max Power Washing Up Liquid Original 660ml,Fairy Max Power Washing Up Liquid Original 660ml,sainsburys,3.0,0.454,washing up liquid,Fairy
Fairy Original Green Washing Up Liquid with Lift Action 320m...,Fairy Original Green Washing Up Liquid with Lift Action 320m...,sainsburys,1.0,0.313,washing up liquid,Fairy
Sainsbury's Lemon Washing Up Liquid 500ml,Lemon Washing Up Liquid 500ml,sainsburys,0.7,0.1399999999999999,washing up liquid,Sainsbury's
Sainsbury's Antibacterial Total Cleaning Surface Wipes x40,Antibacterial Total Cleaning Surface Wipes x40,sainsburys,1.003,,surface cleaner antibacterial,Sainsbury's
Dettol Antibacterial Multi Surface Cleaning Spray 750ml,Dettol Antibacterial Multi Surface Cleaning Spray 750ml,sainsburys,2.3,0.307,surface cleaner antibacterial,Dettol
Dettol Antibacterial Multi Surface Cleaning Wipes x30,Dettol Antibacterial Multi Surface Cleaning Wipes x30,sainsburys,1.234,,surface cleaner antibacterial,Dettol
Sainsbury's Green Care Home Laurel & Basil Antibacterial Sur...,Green Care Home Laurel & Basil Antibacterial Sur...,sainsburys,1.75,0.233,surface cleaner antibacterial,Sainsbury's
Neat Lime & Matcha Antibacterial Multi Surface Cleaner Conce...,Neat Lime & Matcha Antibacterial Multi Surface Cleaner Conce...,sainsburys,3.0,10.0,surface cleaner antibacterial,Neat
Fairy Non Bio All-in-1 Pods Laundry Detergent Washing Capsul...,Fairy Non Bio All-in-1 Pods Laundry Detergent Washing Capsul...,sainsburys,12.0,1.165,washing capsules laundry,Fairy
Ariel All-in-1 Pods Laundry Detergent Washing Capsules Origi...,Ariel All-in-1 Pods Laundry Detergent Washing Capsules Origi...,sainsburys,12.0,1.379,washing capsules laundry,Ariel
Fairy Non Bio Platinum Pods Laundry Detergent Washing Capsul...,Fairy Non Bio Platinum Pods Laundry Detergent Washing Capsul...,sainsburys,12.5,1.141,washing capsules laundry,Fairy
Fairy Non Bio Pods Washing Capsules 70 Washes,Fairy Non Bio Pods Washing Capsules 70 Washes,sainsburys,13.5,0.86,washing capsules laundry,Fairy
Lenor Outdoorable Spring Awakening Fabric Conditioner 60 Was...,Lenor Outdoorable Spring Awakening Fabric Conditioner 60 Was...,sainsburys,4.0,0.476,fabric conditioner,Lenor
Fairy 29 Washes Fabric Softener,Fairy 29 Washes Fabric Softener,sainsburys,2.25,0.251,fabric conditioner,Fairy
Comfort Ultra Fresh & Protect Fresh Sky Fabric Conditioner 5...,Comfort Ultra Fresh & Protect Fresh Sky Fabric Conditioner 5...,sainsburys,5.0,0.575,fabric conditioner,Comfort
Comfort Pure Sensitive Fabric Conditioner 31 Washes 930ml,Comfort Pure Sensitive Fabric Conditioner 31 Washes 930ml,sainsburys,2.0,0.215,fabric conditioner,Comfort
Lenor Outdoorable Spring Awakening Fabric Conditioner 86 Was...,Lenor Outdoorable Spring Awakening Fabric Conditioner 86 Was...,sainsburys,5.5,0.457,fabric conditioner,Lenor
Regina Blitz Kitchen Towel Rolls x2,Regina Blitz Kitchen Towel Rolls x2,sainsburys,3.0,,kitchen roll,Regina
Plenty Original Kitchen Roll 2 Rolls,Plenty Original Kitchen Roll 2 Rolls,sainsburys,5.0,,kitchen roll,Plenty
Plenty Original Kitchen Roll 4 Rolls,Plenty Original Kitchen Roll 4 Rolls,sainsburys,5.0,,kitchen roll,Plenty
Stamford Street Co. Jumbo Kitchen Roll,Jumbo Kitchen Roll,sainsburys,1.195,,kitchen roll,Stamford
Sainsbury's Super Absorbent Kitchen Towels x2,Super Absorbent Kitchen Towels x2,sainsburys,2.0,,kitchen roll,Sainsbury's
Andrex Ultimate Quilts Toilet Rolls x9,Andrex Ultimate Quilts Toilet Rolls x9,sainsburys,5.5,,toilet roll,Andrex
Andrex Complete Clean Mega Toilet Rolls x12,Andrex Complete Clean Mega Toilet Rolls x12,sainsburys,8.5,,toilet roll,Andrex
"Sainsbury's Super Soft Toilet Tissue, Quilted x9 Rolls","Super Soft Toilet Tissue, Quilted x9 Rolls",sainsburys,4.0026,,toilet roll,Sainsbury's
Andrex Complete Clean Toilet Rolls x9,Andrex Complete Clean Toilet Rolls x9,sainsburys,5.9535,,toilet roll,Andrex
Stamford Street Co. Toilet Tissue Double Rolls 4 Equals 8 Ro...,Toilet Tissue Double Rolls 4 Equals 8 Ro...,sainsburys,1.519,,toilet roll,Stamford
Sainsbury's Non Pvc Cling Film 40m,Non Pvc Cling Film 40m,sainsburys,1.855,,cling film,Sainsbury's
Bacofoil PVC Free Cling Film with Easy-Cut System 32.5cm x 3...,Bacofoil PVC Free Cling Film with Easy-Cut System 32.5cm x 3...,sainsburys,3.3011,,cling film,Bacofoil
Sainsbury's Non PVC Cling Film 100m,Non PVC Cling Film 100m,sainsburys,3.193,,cling film,Sainsbury's
Hero Cling Film Easy Sliding Cutter Strip 60m,Hero Cling Film Easy Sliding Cutter Strip 60m,sainsburys,3.756,,cling film,Hero
Beast Incredibly Tough Drawstring Bin Bags x10 70L,Beast Incredibly Tough Drawstring Bin Bags x10 70L,sainsburys,3.7538,,bin bags,Beast
Beast Bin Bags Incredibly Tough Tall and Slim Drawstring Ped...,Beast Bin Bags Incredibly Tough Tall and Slim Drawstring Ped...,sainsburys,2.7528,,bin bags,Beast
Beast Bin Bags Incredibly Tough Drawstring Swing Bin Bags x1...,Beast Bin Bags Incredibly Tough Drawstring Swing Bin Bags x1...,sainsburys,3.5035,,bin bags,Beast
Beast 10m Strength Super Strong Kitchen Foil,Beast 10m Strength Super Strong Kitchen Foil,sainsburys,3.7538,,tin foil,Beast
Sainsbury's Kitchen Foil 300mm x10m,Kitchen Foil 300mm x10m,sainsburys,1.5015,,tin foil,Sainsbury's
Sainsbury's Extra Strong Foil 10mx300mm,Extra Strong Foil 10mx300mm,sainsburys,1.7518,,tin foil,Sainsbury's
Stamford Street Co. Wrapping Foil 20m,Wrapping Foil 20m,sainsburys,1.095,,tin foil,Stamford
Sainsbury's Extra Strong Kitchen Foil 300mmx20m,Extra Strong Kitchen Foil 300mmx20m,sainsburys,3.2516,,tin foil,Sainsbury's
"Sainsbury's Vittoria Cherry Vine Tomatoes, Taste the Differe...","Vittoria Cherry Vine Tomatoes, Taste the Differe...",sainsburys,1.95,0.78,vine tomatoes,Sainsbury's
"Sainsbury's Jubilee Large Vine Tomatoes, Taste the Differenc...","Jubilee Large Vine Tomatoes, Taste the Differenc...",sainsburys,1.8,0.4,vine tomatoes,Sainsbury's
"Sainsbury's Majestic Vine Ripened Tomatoes, Taste the Differ...","Majestic Vine Ripened Tomatoes, Taste the Differ...",sainsburys,2.05,0.683,vine tomatoes,Sainsbury's
"Sainsbury's Vittoria Cherry Vine Tomatoes, Taste the Differe...","Vittoria Cherry Vine Tomatoes, Taste the Differe...",sainsburys,3.3,0.825,vine tomatoes,Sainsbury's
Sainsbury's Large Vine Tomatoes 500g,Large Vine Tomatoes 500g,sainsburys,1.4,0.2799999999999999,vine tomatoes,Sainsbury's
Sainsbury's White Soft Cheese 300g,White Soft Cheese 300g,sainsburys,2.35,0.783,cream cheese,Sainsbury's
Sainsbury's Light Soft Cheese 250g,Light Soft Cheese 250g,sainsburys,1.95,0.78,cream cheese,Sainsbury's
Philadelphia Original Soft Cream Cheese 165g,Philadelphia Original Soft Cream Cheese 165g,sainsburys,2.25,1.364,cream cheese,Philadelphia
Stamford Street Co. Soft Cheese 200g,Soft Cheese 200g,sainsburys,0.95,0.475,cream cheese,Stamford
Philadelphia Light Low Fat Soft Cream Cheese 165g,Philadelphia Light Low Fat Soft Cream Cheese 165g,sainsburys,2.25,1.364,cream cheese,Philadelphia
Sainsbury's Skin on & Boneless Smoked MSC Haddock Fillets 24...,Skin on & Boneless Smoked MSC Haddock Fillets 24...,sainsburys,5.95,2.479,haddock fillets,Sainsbury's
Sainsbury's Skin On & Boneless Smoked Haddock Fillets 360g,Skin On & Boneless Smoked Haddock Fillets 360g,sainsburys,5.5,1.528,haddock fillets,Sainsbury's
Sainsbury's Lightly Dusted MSC Haddock Fillets x2 255g,Lightly Dusted MSC Haddock Fillets x2 255g,sainsburys,5.5,2.157,haddock fillets,Sainsbury's
Sainsbury's Haddock Fillet Portion 360g,Haddock Fillet Portion 360g,sainsburys,5.5,1.528,haddock fillets,Sainsbury's
Sainsbury's Breaded MSC Haddock Fillets x2 300g,Breaded MSC Haddock Fillets x2 300g,sainsburys,2.99,0.997,haddock fillets,Sainsbury's
"Sainsbury's Vittoria Cherry Vine Tomatoes, Taste the Differe...","Vittoria Cherry Vine Tomatoes, Taste the Differe...",sainsburys,1.95,0.78,cherry tomatoes,Sainsbury's
Sainsbury's Cherry Tomatoes 300g,Cherry Tomatoes 300g,sainsburys,1.0,0.333,cherry tomatoes,Sainsbury's
"Sainsbury's Vittoria Cherry Vine Tomatoes, Taste the Differe...","Vittoria Cherry Vine Tomatoes, Taste the Differe...",sainsburys,3.3,0.825,cherry tomatoes,Sainsbury's
Sainsbury's SO Organic Cherry on the Vine Tomatoes 200g,Cherry on the Vine Tomatoes 200g,sainsburys,1.75,0.875,cherry tomatoes,Sainsbury's
Sainsbury's Cherry Tomatoes 500g,Cherry Tomatoes 500g,sainsburys,1.5,0.3,cherry tomatoes,Sainsbury's
Sainsbury's Grated Parmesan Cheese 120g,Grated Parmesan Cheese 120g,sainsburys,3.36,2.8,parmesan,Sainsbury's
Fish Said Fred Whole Sea Bass x2 520g,Fish Said Fred Whole Sea Bass x2 520g,sainsburys,7.95,1.529,sea bass,Fish
Sainsbury's Sea Bass Fillets ASC 180g,Sea Bass Fillets ASC 180g,sainsburys,4.95,2.75,sea bass,Sainsbury's
Sainsburys Sea Bass Fillets ASC x4 360g,Sainsburys Sea Bass Fillets ASC x4 360g,sainsburys,10.95,3.0420000000000003,sea bass,Sainsbury's
"Sainsbury's Sea Bass Fillets ASC with Soy, Chilli and Ginger...","Sea Bass Fillets ASC with Soy, Chilli and Ginger...",sainsburys,6.5,3.1710000000000003,sea bass,Sainsbury's
"Sainsbury's 2 x Mediterranean Style Stuffed Sea Bass, Taste ...","2 x Mediterranean Style Stuffed Sea Bass, Taste ...",sainsburys,6.95,2.388,sea bass,Sainsbury's
Essential British Free Range Semi-Skimmed Milk 4 Pints,British Free Range Semi-Skimmed Milk 4 Pints,waitrose,1.75,0.077,semi skimmed milk,Waitrose
Essential British Free Range Semi-Skimmed Milk 2 Pints,British Free Range Semi-Skimmed Milk 2 Pints,waitrose,1.25,0.11,semi skimmed milk,Waitrose
Cravendale Filtered Fresher for Longer Semi-Skimmed Milk,Cravendale Filtered Fresher for Longer Semi-Skimmed Milk,waitrose,2.9,0.145,semi skimmed milk,Cravendale
Essential British Free Range Semi-Skimmed Milk 1 Pint,British Free Range Semi-Skimmed Milk 1 Pint,waitrose,1.67,0.1669999999999999,semi skimmed milk,Waitrose
Duchy Organic Semi-Skimmed Milk 4 pints,Semi-Skimmed Milk 4 pints,waitrose,2.45,0.108,semi skimmed milk,Duchy Organic
Tom Parker Vitamin Enriched Whole Milk,Tom Parker Vitamin Enriched Whole Milk,waitrose,1.7,0.3399999999999999,whole milk,Tom
Duchy Organic Unhomogenised Whole Milk 4 Pints,Unhomogenised Whole Milk 4 Pints,waitrose,2.45,0.108,whole milk,Duchy Organic
Essential British Free Range Whole Milk 4 Pints,British Free Range Whole Milk 4 Pints,waitrose,1.75,0.077,whole milk,Waitrose
Essential British Free Range Whole Milk 2 Pints,British Free Range Whole Milk 2 Pints,waitrose,1.25,0.11,whole milk,Waitrose
Yeo Valley Organic Fresh Whole Milk,Yeo Valley Organic Fresh Whole Milk,waitrose,2.25,0.1129999999999999,whole milk,Yeo
Essential British Free Range Skimmed Milk 4 Pints,British Free Range Skimmed Milk 4 Pints,waitrose,1.75,0.077,skimmed milk,Waitrose
Essential British Free Range Skimmed Milk 2 Pints,British Free Range Skimmed Milk 2 Pints,waitrose,1.25,0.11,skimmed milk,Waitrose
Cravendale Filtered Fresher for Longer Skimmed Milk,Cravendale Filtered Fresher for Longer Skimmed Milk,waitrose,2.9,0.145,skimmed milk,Cravendale
Essential British Free Range Skimmed Milk 1 Pint,British Free Range Skimmed Milk 1 Pint,waitrose,1.67,0.1669999999999999,skimmed milk,Waitrose
Essential Long Life Skimmed Milk,Long Life Skimmed Milk,waitrose,1.4,0.1399999999999999,skimmed milk,Waitrose
MOMA Extra Creamy Oat,MOMA Extra Creamy Oat,waitrose,1.8,0.24,oat milk,MOMA
Essential Oat Milk Unsweetened Dairy Free Milk Alternative,Oat Milk Unsweetened Dairy Free Milk Alternative,waitrose,1.55,0.155,oat milk,Waitrose
MOMA Barista Oat,MOMA Barista Oat,waitrose,1.8,0.24,oat milk,MOMA
Oato Fresh Barista Whole Oat Milk Alternative,Oato Fresh Barista Whole Oat Milk Alternative,waitrose,1.85,0.185,oat milk,Oato
Alpro Oat No Sugar Chilled Dairy Free Drink,Alpro Oat No Sugar Chilled Dairy Free Drink,waitrose,2.2,0.22,oat milk,Alpro
Alpro No Added Sugar Chilled Dairy Free Almond Milk Alternative,Alpro No Added Sugar Chilled Dairy Free Almond Milk Alternative,waitrose,2.3,0.2299999999999999,almond milk,Alpro
Essential Almond Unsweetened Milk Alternative,Almond Unsweetened Milk Alternative,waitrose,1.4,0.1399999999999999,almond milk,Waitrose
Alpro Almond Long Life No Sugar Dairy Free Milk Alternative,Alpro Almond Long Life No Sugar Dairy Free Milk Alternative,waitrose,1.6,0.16,almond milk,Alpro
Plenish Almond Chilled Unsweetened Organic Milk Alternative,Plenish Almond Chilled Unsweetened Organic Milk Alternative,waitrose,2.0,0.2,almond milk,Plenish
Alpro Original Chilled Dairy Free Almond Milk Drink,Alpro Original Chilled Dairy Free Almond Milk Drink,waitrose,2.3,0.2299999999999999,almond milk,Alpro
New York Bakery Sourdough Bagels,New York Bakery Sourdough Bagels,waitrose,2.15,,bagels,New
Fitzgeralds Sourdough Bagels,Fitzgeralds Sourdough Bagels,waitrose,2.2,,bagels,Fitzgeralds
New York Bakery Plain Bagels,New York Bakery Plain Bagels,waitrose,1.6,,bagels,New
New York Bakery Cinnamon & Raisin Bagels,New York Bakery Cinnamon & Raisin Bagels,waitrose,1.6,,bagels,New
Essential Soya Unsweetened Milk Alternative,Soya Unsweetened Milk Alternative,waitrose,1.4,0.1399999999999999,soy milk,Waitrose
Alpro Soya Chilled No Sugar Dairy Free Milk Alternative,Alpro Soya Chilled No Sugar Dairy Free Milk Alternative,waitrose,1.9,0.19,soy milk,Alpro
Alpro Soya Chilled Dairy Free Milk Alternative,Alpro Soya Chilled Dairy Free Milk Alternative,waitrose,1.9,0.19,soy milk,Alpro
Alpro Organic Soya Long Life No Sugar Dairy Free Milk Alternative,Alpro Organic Soya Long Life No Sugar Dairy Free Milk Alternative,waitrose,1.7,0.1699999999999999,soy milk,Alpro
Waitrose Croissants,Croissants,waitrose,2.5,,croissants,Waitrose
No.1 2 Butter Croissants,2 Butter Croissants,waitrose,2.5,,croissants,No.1
Waitrose Frozen 8 Butter Croissants,Frozen 8 Butter Croissants,waitrose,5.0,1.136,croissants,Waitrose
Waitrose 8 All Butter Croissants,8 All Butter Croissants,waitrose,4.75,,croissants,Waitrose
St Pierre 6 Croissants,St Pierre 6 Croissants,waitrose,1.65,,croissants,St
Arla Lactofree Lactose Free Semi-Skimmed Milk Alternative,Arla Lactofree Lactose Free Semi-Skimmed Milk Alternative,waitrose,2.0,0.2,lactose free milk,Arla
Arla Lactofree Lactose Free Skimmed Milk Alternative,Arla Lactofree Lactose Free Skimmed Milk Alternative,waitrose,2.0,0.2,lactose free milk,Arla
Arla LactoFREE Whole Milk Drink,Arla LactoFREE Whole Milk Drink,waitrose,2.0,0.2,lactose free milk,Arla
Oato Fresh Barista Whole Oat Milk Alternative,Oato Fresh Barista Whole Oat Milk Alternative,waitrose,1.85,0.185,lactose free milk,Oato
Alpro Soya Chilled Dairy Free Milk Alternative,Alpro Soya Chilled Dairy Free Milk Alternative,waitrose,1.9,0.19,lactose free milk,Alpro
Waitrose 4 Brioche Burger Buns,4 Brioche Burger Buns,waitrose,1.75,,burger buns,Waitrose
St Pierre 4 Burger Buns (Pre-Sliced),St Pierre 4 Burger Buns (Pre-Sliced),waitrose,2.5,,burger buns,St
All Things Butter Organic Salted Butter,All Things Butter Organic Salted Butter,waitrose,2.25,1.125,salted butter,All
Essential Salted Butter,Salted Butter,waitrose,2.25,0.9,salted butter,Waitrose
Golden Hooves Salted Butter,Golden Hooves Salted Butter,waitrose,2.35,1.175,salted butter,Golden
Yeo Valley Organic Salted Butter,Yeo Valley Organic Salted Butter,waitrose,2.25,1.125,salted butter,Yeo
Essential Salted Butter Large,Salted Butter Large,waitrose,4.4,0.8800000000000001,salted butter,Waitrose
Waitrose Sliced Brioche Loaf,Sliced Brioche Loaf,waitrose,2.95,0.738,brioche,Waitrose
Waitrose 8 Chocolate Chip Brioche Rolls,8 Chocolate Chip Brioche Rolls,waitrose,2.0,,brioche,Waitrose
Waitrose 8 Brioche Rolls,8 Brioche Rolls,waitrose,2.0,,brioche,Waitrose
Waitrose 4 Brioche Burger Buns,4 Brioche Burger Buns,waitrose,1.75,,brioche,Waitrose
Genius Gluten Free Brioche Burger Buns,Genius Gluten Free Brioche Burger Buns,waitrose,1.45,1.036,brioche,Genius
All Things Butter Garlic & Herb Butter,All Things Butter Garlic & Herb Butter,waitrose,2.85,2.478,unsalted butter,All
Essential Unsalted Butter,Unsalted Butter,waitrose,2.25,0.9,unsalted butter,Waitrose
Yeo Valley Organic Unsalted Butter,Yeo Valley Organic Unsalted Butter,waitrose,2.25,1.125,unsalted butter,Yeo
Lurpak Unsalted Butter,Lurpak Unsalted Butter,waitrose,2.95,1.475,unsalted butter,Lurpak
Duchy Organic English Unsalted Butter,English Unsalted Butter,waitrose,3.5,1.4,unsalted butter,Duchy Organic
Waitrose Fairtrade Bananas,Fairtrade Bananas,waitrose,1.1,0.11,bananas,Waitrose
Essential Fairtrade Bananas,Fairtrade Bananas,waitrose,1.0,,bananas,Waitrose
Waitrose Small Fairtrade Bananas,Small Fairtrade Bananas,waitrose,1.25,,bananas,Waitrose
Duchy Organic Fairtrade Bananas,Fairtrade Bananas,waitrose,1.95,,bananas,Duchy Organic
Essential Cottage Cheese Strength 1,Cottage Cheese Strength 1,waitrose,1.75,0.583,cottage cheese,Waitrose
Essential Fat Free Cottage Cheese,Fat Free Cottage Cheese,waitrose,1.75,0.583,cottage cheese,Waitrose
All Things Cottage Cheese Natural,All Things Cottage Cheese Natural,waitrose,2.6,0.5780000000000001,cottage cheese,All
Lindahls Protein Cottage Cheese,Lindahls Protein Cottage Cheese,waitrose,1.5,0.857,cottage cheese,Lindahls
Longley Farm Yorkshire Natural Cottage Cheese,Longley Farm Yorkshire Natural Cottage Cheese,waitrose,2.05,0.82,cottage cheese,Longley
Flora Buttery Spreadable Butter Alternative,Flora Buttery Spreadable Butter Alternative,waitrose,1.9,0.423,spreadable butter,Flora
Waitrose Spreadable Butter,Spreadable Butter,waitrose,2.75,0.55,spreadable butter,Waitrose
Yeo Valley Organic Spreadable Blend of Butter and Rapeseed Oil,Yeo Valley Organic Spreadable Blend of Butter and Rapeseed Oil,waitrose,5.25,1.3130000000000002,spreadable butter,Yeo
Lurpak Slightly Salted Spreadable Blend of Butter and Rapeseed Oil,Lurpak Slightly Salted Spreadable Blend of Butter and Rapeseed Oil,waitrose,3.25,0.8130000000000001,spreadable butter,Lurpak
Waitrose Onions,Onions,waitrose,1.05,0.105,brown onions,Waitrose
Waitrose Onions,Onions,waitrose,1.55,,brown onions,Waitrose
Duchy Organic Onions,Onions,waitrose,1.8,0.24,brown onions,Duchy Organic
Waitrose Onions Spiced & Pickled,Onions Spiced & Pickled,waitrose,1.4,0.8240000000000001,brown onions,Waitrose
Waitrose Red Onions,Red Onions,waitrose,1.2,,red onions,Waitrose
Duchy Organic Red Onions,Red Onions,waitrose,1.6,0.32,red onions,Duchy Organic
Waitrose Stonebaked Goats Cheese & Caramelised Red Onion Pizza,Stonebaked Goats Cheese & Caramelised Red Onion Pizza,waitrose,3.75,0.987,red onions,Waitrose
Waitrose Caramelised Red Onion Chutney,Caramelised Red Onion Chutney,waitrose,2.65,0.757,red onions,Waitrose
Linda McCartney's Vegan Red Onion & Rosemary Sausages,Linda McCartney's Vegan Red Onion & Rosemary Sausages,waitrose,2.0,0.741,red onions,Linda
Clarence Court Burford Buff 6 Large Eggs,Clarence Court Burford Buff 6 Large Eggs,waitrose,2.72,,free range eggs,Clarence
Range Farm 12 Large Free Range Hen Eggs,Range Farm 12 Large Free Range Hen Eggs,waitrose,4.4,,free range eggs,Range
Clarence Court Burford Brown Medium Eggs,Clarence Court Burford Brown Medium Eggs,waitrose,2.95,,free range eggs,Clarence
Duchy Organic British Free Range Eggs,British Free Range Eggs,waitrose,5.35,,free range eggs,Duchy Organic
Clarence Court Large Burford Browns FR Eggs,Clarence Court Large Burford Browns FR Eggs,waitrose,4.0,,free range eggs,Clarence
Waitrose Strawberries,Strawberries,waitrose,3.25,0.8130000000000001,strawberries,Waitrose
Waitrose Strawberries,Strawberries,waitrose,4.5,0.75,strawberries,Waitrose
Essential Olive Spread,Olive Spread,waitrose,1.6,0.32,olive spread,Waitrose
Bertolli Light Olive Oil Spread,Bertolli Light Olive Oil Spread,waitrose,3.15,0.7,olive spread,Bertolli
Bertolli Olive Oil Spread,Bertolli Olive Oil Spread,waitrose,3.15,0.7,olive spread,Bertolli
Benecol Olive Oil Spread,Benecol Olive Oil Spread,waitrose,3.75,0.75,olive spread,Benecol
Waitrose Blueberries,Blueberries,waitrose,4.6,1.278,blueberries,Waitrose
Waitrose Blueberries,Blueberries,waitrose,2.8,1.245,blueberries,Waitrose
No.1 Speciality Blueberries,Speciality Blueberries,waitrose,3.9,1.733,blueberries,No.1
Essential Frozen Blueberries,Frozen Blueberries,waitrose,3.0,0.75,blueberries,Waitrose
Pilgrims Choice Extra Mature Cheddar Cheese,Pilgrims Choice Extra Mature Cheddar Cheese,waitrose,3.3,0.943,mature cheddar,Pilgrims
Essential Mature Cheddar Cheese Strength 4 Large,Mature Cheddar Cheese Strength 4 Large,waitrose,4.0,0.727,mature cheddar,Waitrose
Pilgrims Choice Mature Cheddar Cheese,Pilgrims Choice Mature Cheddar Cheese,waitrose,3.3,0.943,mature cheddar,Pilgrims
Essential Mature Cheddar Cheese Strength 4,Mature Cheddar Cheese Strength 4,waitrose,2.75,0.786,mature cheddar,Waitrose
Pilgrims Choice Vintage Mature Cheddar Cheese,Pilgrims Choice Vintage Mature Cheddar Cheese,waitrose,3.3,1.1,mature cheddar,Pilgrims
Higgidy Hoisin Pulled Mushroom & Spring Onion Rolls,Higgidy Hoisin Pulled Mushroom & Spring Onion Rolls,waitrose,2.5,1.5630000000000002,spring onions,Higgidy
Duchy Organic Salad Onions Bunch,Salad Onions Bunch,waitrose,1.1,,spring onions,Duchy Organic
Trimmed Salad Onions,Trimmed Salad Onions,waitrose,1.5,1.2,spring onions,Trimmed
Waitrose Continental Salad Onions,Continental Salad Onions,waitrose,1.25,,spring onions,Waitrose
Natoora Fresh Tropea Onions,Natoora Fresh Tropea Onions,waitrose,3.3,1.65,spring onions,Natoora
Waitrose British Blacktail FR Medium Eggs,British Blacktail FR Medium Eggs,waitrose,1.9,,medium eggs,Waitrose
Clarence Court Burford Brown Medium Eggs,Clarence Court Burford Brown Medium Eggs,waitrose,2.95,,medium eggs,Clarence
Clarence Court Burford Buff 10 Medium Eggs,Clarence Court Burford Buff 10 Medium Eggs,waitrose,4.5,,medium eggs,Clarence
Duchy Organic British Free Range Medium Eggs,British Free Range Medium Eggs,waitrose,3.1,,medium eggs,Duchy Organic
Essential Free Range White Eggs,Free Range White Eggs,waitrose,1.5,,medium eggs,Waitrose
Duchy Organic British Free Range Eggs,British Free Range Eggs,waitrose,5.35,,organic eggs,Duchy Organic
Duchy Organic British FR Eggs Very Large,British FR Eggs Very Large,waitrose,3.95,,organic eggs,Duchy Organic
Duchy Organic British Free Range Eggs Large,British Free Range Eggs Large,waitrose,3.45,,organic eggs,Duchy Organic
Duchy Organic British Free Range Medium Eggs,British Free Range Medium Eggs,waitrose,3.1,,organic eggs,Duchy Organic
Yeo Valley Organic Unsalted Butter,Yeo Valley Organic Unsalted Butter,waitrose,2.25,1.125,organic eggs,Yeo
Essential Mild Cheddar Cheese Strength 2 Large,Mild Cheddar Cheese Strength 2 Large,waitrose,4.0,0.727,mild cheddar,Waitrose
Essential Mild Cheddar S2,Mild Cheddar S2,waitrose,2.75,0.786,mild cheddar,Waitrose
Waitrose Grated Cheddar & Mozzarella Cheese Strength 2,Grated Cheddar & Mozzarella Cheese Strength 2,waitrose,2.9,1.16,mild cheddar,Waitrose
Waitrose Raspberries,Raspberries,waitrose,2.6,1.733,raspberries,Waitrose
Waitrose Raspberries,Raspberries,waitrose,3.75,1.6670000000000005,raspberries,Waitrose
Stokes Garlic Mayonnaise,Stokes Garlic Mayonnaise,waitrose,3.2,0.928,garlic,Stokes
Duchy Organic Garlic,Garlic,waitrose,1.15,,garlic,Duchy Organic
Cooks' Ingredients Peeled Garlic Cloves,Peeled Garlic Cloves,waitrose,1.35,2.7,garlic,Cooks'
Cooks' Ingredients Chopped Garlic,Chopped Garlic,waitrose,2.0,1.379,garlic,Cooks'
Cooks' Ingredients Garlic Granules,Garlic Granules,waitrose,1.8,3.4619999999999997,garlic,Cooks'
Pilgrims Choice Extra Mature Cheddar Cheese,Pilgrims Choice Extra Mature Cheddar Cheese,waitrose,3.3,0.943,extra mature cheddar,Pilgrims
Essential Extra Mature Cheddar Cheese Strength 6 Large,Extra Mature Cheddar Cheese Strength 6 Large,waitrose,5.0,0.667,extra mature cheddar,Waitrose
Pilgrims Choice Mature Cheddar Cheese,Pilgrims Choice Mature Cheddar Cheese,waitrose,3.3,0.943,extra mature cheddar,Pilgrims
Essential Extra Mature Cheddar Cheese Strength 6 Large,Extra Mature Cheddar Cheese Strength 6 Large,waitrose,4.0,0.727,extra mature cheddar,Waitrose
Pilgrims Choice Vintage Mature Cheddar Cheese,Pilgrims Choice Vintage Mature Cheddar Cheese,waitrose,3.3,1.1,extra mature cheddar,Pilgrims
No.1 Greek Yogurt With Honey,Greek Yogurt With Honey,waitrose,2.7,0.54,greek yoghurt,No.1
The Collective Straight Up Greek Style Yogurt,The Collective Straight Up Greek Style Yogurt,waitrose,3.75,0.417,greek yoghurt,The
No.1 Greek Yogurt with Vanilla,Greek Yogurt with Vanilla,waitrose,2.7,0.54,greek yoghurt,No.1
Cooks' Ingredients Root Ginger,Root Ginger,waitrose,6.35,,ginger root,Cooks'
Natoora Organic Root Ginger,Natoora Organic Root Ginger,waitrose,2.15,1.654,ginger root,Natoora
Mother Root Ginger Non-Alcoholic Aperitif,Mother Root Ginger Non-Alcoholic Aperitif,waitrose,27.95,5.59,ginger root,Mother
Daily Dose Apple & Root Ginger,Daily Dose Apple & Root Ginger,waitrose,2.33,0.259,ginger root,Daily
Twinings Superblends Detox Lemon & Ginger with Burdock Root & Fennel 20 Tea Bags,Twinings Superblends Detox Lemon & Ginger with Burdock Root & Fennel 20 Tea Bags,waitrose,3.85,9.625,ginger root,Twinings
Waitrose Braeburn Apples,Braeburn Apples,waitrose,1.85,,braeburn apples,Waitrose
Waitrose Braeburn Apples,Braeburn Apples,waitrose,1.6,,braeburn apples,Waitrose
Waitrose Pink Lady Apples,Pink Lady Apples,waitrose,2.13,,braeburn apples,Waitrose
Waitrose Jazz Apples,Jazz Apples,waitrose,2.0,,braeburn apples,Waitrose
Duchy Organic Pink Lady Apples,Pink Lady Apples,waitrose,3.75,,braeburn apples,Duchy Organic
Waitrose Belton Red Leicester Cheese Strength 3,Belton Red Leicester Cheese Strength 3,waitrose,3.0,1.2,red leicester,Waitrose
Essential Red Leicester Cheese Strength 3,Red Leicester Cheese Strength 3,waitrose,3.75,1.0710000000000002,red leicester,Waitrose
No. 1 Smoked Red Fox Vintage Red Leicester Cheese Strength 4,No. 1 Smoked Red Fox Vintage Red Leicester Cheese Strength 4,waitrose,2.88,1.44,red leicester,No.
Duchy Organic Aged Red Leicester,Aged Red Leicester,waitrose,2.8,1.4,red leicester,Duchy Organic
Jacob's Red Leicester Mini Cheddars,Jacob's Red Leicester Mini Cheddars,waitrose,1.5,1.087,red leicester,Jacob's
Duchy Organic Carrots,Carrots,waitrose,1.45,0.207,carrots,Duchy Organic
Waitrose Sweet Kingdom Carrots,Sweet Kingdom Carrots,waitrose,1.85,0.411,carrots,Waitrose
Waitrose British Wonderfully Wonky Carrots,British Wonderfully Wonky Carrots,waitrose,1.0,0.067,carrots,Waitrose
Duchy Organic Bunched Carrots,Bunched Carrots,waitrose,2.0,,carrots,Duchy Organic
Waitrose Baby Carrots,Baby Carrots,waitrose,1.9,1.267,carrots,Waitrose
Waitrose British Royal Gala Apples,British Royal Gala Apples,waitrose,1.9,,gala apples,Waitrose
Waitrose British Royal Gala Apples Loose,British Royal Gala Apples Loose,waitrose,2.2,0.22,gala apples,Waitrose
Duchy Organic British Gala Apples,British Gala Apples,waitrose,2.45,,gala apples,Duchy Organic
Waitrose British Royal Gala Apples,British Royal Gala Apples,waitrose,2.2,,gala apples,Waitrose
Waitrose Pink Lady Apples,Pink Lady Apples,waitrose,2.13,,gala apples,Waitrose
Danone Skyr High Protein 0% Fat Natural Yogurt,Danone Skyr High Protein 0% Fat Natural Yogurt,waitrose,1.5,0.3339999999999999,natural yoghurt,Danone
The Coconut Collab Plant Based Natural Coconut Yoghurt,The Coconut Collab Plant Based Natural Coconut Yoghurt,waitrose,3.95,0.5269999999999999,natural yoghurt,The
Danone Skyr High Protein 0% Fat Natural Yogurt,Danone Skyr High Protein 0% Fat Natural Yogurt,waitrose,3.5,0.438,natural yoghurt,Danone
The Collective Cultured Kefir Natural Yogurt,The Collective Cultured Kefir Natural Yogurt,waitrose,2.75,0.688,natural yoghurt,The
Galbani Italian Mozzarella Cheese,Galbani Italian Mozzarella Cheese,waitrose,1.5,1.2,mozzarella,Galbani
Waitrose Grated Mozzarella Cheese Strength 1,Grated Mozzarella Cheese Strength 1,waitrose,2.8,1.12,mozzarella,Waitrose
Waitrose Italian Mozzarella Strength 1,Italian Mozzarella Strength 1,waitrose,1.7,1.133,mozzarella,Waitrose
No. 1 Mozzarella Di Bufala Campana DOP Italian Mozzarella Cheese Strength 2,No. 1 Mozzarella Di Bufala Campana DOP Italian Mozzarella Cheese Strength 2,waitrose,2.48,1.984,mozzarella,No.
Essential Lighter Italian Mozzarella Cheese Strength 1,Lighter Italian Mozzarella Cheese Strength 1,waitrose,1.1,0.8800000000000001,mozzarella,Waitrose
Essential Parsnips,Parsnips,waitrose,1.7,0.1699999999999999,parsnips,Waitrose
Waitrose Parsnips,Parsnips,waitrose,1.6,0.16,parsnips,Waitrose
Waitrose Baby Parsnips,Baby Parsnips,waitrose,2.4,0.8,parsnips,Waitrose
Waitrose Honey Roasted Parsnips,Honey Roasted Parsnips,waitrose,2.5,0.417,parsnips,Waitrose
Aunt Bessie's Honey Glazed Roast Parsnips,Aunt Bessie's Honey Glazed Roast Parsnips,waitrose,2.5,0.5,parsnips,Aunt
Natoora Blood Oranges,Natoora Blood Oranges,waitrose,3.95,,oranges,Natoora
Waitrose Large Oranges,Large Oranges,waitrose,3.0,,oranges,Waitrose
Waitrose Blush Oranges,Blush Oranges,waitrose,3.2,,oranges,Waitrose
Essential Oranges,Oranges,waitrose,1.65,,oranges,Waitrose
Waitrose Extra Large Oranges,Extra Large Oranges,waitrose,3.25,,oranges,Waitrose
RE:NOURISH Protect Broccoli & Cheddar Soup,RE:NOURISH Protect Broccoli & Cheddar Soup,waitrose,3.25,0.65,broccoli,RE:NOURISH
Essential Broccoli,Broccoli,waitrose,2.4,0.24,broccoli,Waitrose
Tenderstem Broccoli Spears,Tenderstem Broccoli Spears,waitrose,1.8,0.9,broccoli,Tenderstem
Waitrose Large Broccoli Crown,Large Broccoli Crown,waitrose,1.35,0.403,broccoli,Waitrose
Duchy Organic Broccoli,Broccoli,waitrose,1.65,0.471,broccoli,Duchy Organic
Essential Soft Cheese Strength 1,Soft Cheese Strength 1,waitrose,1.95,0.78,cream cheese,Waitrose
Boursin French Garlic & Herb Soft Cheese,Boursin French Garlic & Herb Soft Cheese,waitrose,2.32,1.5470000000000002,cream cheese,Boursin
Philadelphia Garlic & Herbs Soft Cream Cheese,Philadelphia Garlic & Herbs Soft Cream Cheese,waitrose,2.35,1.424,cream cheese,Philadelphia
Boursin Velvety French Garlic & Herb Whipped Soft Cheese Dip,Boursin Velvety French Garlic & Herb Whipped Soft Cheese Dip,waitrose,2.75,2.2,cream cheese,Boursin
Danone Skyr High Protein 0% Fat Natural Yogurt,Danone Skyr High Protein 0% Fat Natural Yogurt,waitrose,1.5,0.3339999999999999,skyr yoghurt,Danone
Arla Skyr Natural Icelandic Style Yogurt,Arla Skyr Natural Icelandic Style Yogurt,waitrose,2.65,0.589,skyr yoghurt,Arla
Danone Skyr High Protein 0% Fat Natural Yogurt,Danone Skyr High Protein 0% Fat Natural Yogurt,waitrose,3.5,0.438,skyr yoghurt,Danone
Isey Skyr Strawberry Icelandic High Protein Fat Free Yogurt,Isey Skyr Strawberry Icelandic High Protein Fat Free Yogurt,waitrose,1.5,0.882,skyr yoghurt,Isey
Isey Skyr Blueberry Icelandic High Protein Fat Free Yogurt,Isey Skyr Blueberry Icelandic High Protein Fat Free Yogurt,waitrose,1.5,0.882,skyr yoghurt,Isey
Cooks' Ingredients Unwaxed Lemons,Unwaxed Lemons,waitrose,1.9,,lemons,Cooks'
Strong Roots Cauliflower Hash Browns,Strong Roots Cauliflower Hash Browns,waitrose,3.5,0.933,cauliflower,Strong
Essential Cauliflower,Cauliflower,waitrose,1.35,,cauliflower,Waitrose
Waitrose Large Trimmed Cauliflower,Large Trimmed Cauliflower,waitrose,1.95,,cauliflower,Waitrose
Duchy Organic Cauliflower,Cauliflower,waitrose,2.2,,cauliflower,Duchy Organic
Essential Frozen British Cauliflower Florets,Frozen British Cauliflower Florets,waitrose,1.8,0.2,cauliflower,Waitrose
Waitrose Parmigiano Reggiano DOP Parmesan Cheese Strength 6,Parmigiano Reggiano DOP Parmesan Cheese Strength 6,waitrose,5.95,2.38,parmesan,Waitrose
Duchy Organic Parmigiano Reggiano DOP Parmesan Cheese Strength 6,Parmigiano Reggiano DOP Parmesan Cheese Strength 6,waitrose,4.25,2.8329999999999997,parmesan,Duchy Organic
Elmlea Vegetarian Double Cream Alternative,Elmlea Vegetarian Double Cream Alternative,waitrose,1.5,0.5559999999999999,double cream,Elmlea
Essential Free Range Double Cream,Free Range Double Cream,waitrose,1.85,0.617,double cream,Waitrose
Essential Free Range Double Cream Large,Free Range Double Cream Large,waitrose,3.15,0.525,double cream,Waitrose
Essential Free Range Double Cream Small,Free Range Double Cream Small,waitrose,1.3,0.867,double cream,Waitrose
Duchy Organic British Free Range Double Cream,British Free Range Double Cream,waitrose,2.0,0.667,double cream,Duchy Organic
Essential Cucumber,Cucumber,waitrose,1.1,,cucumber,Waitrose
Duchy Organic Salad Cucumber,Salad Cucumber,waitrose,1.45,,cucumber,Duchy Organic
Essential Large Cucumber,Large Cucumber,waitrose,1.25,,cucumber,Waitrose
Waitrose Baby Cucumber,Baby Cucumber,waitrose,1.3,0.65,cucumber,Waitrose
Duchy Organic Ridge Cucumber,Ridge Cucumber,waitrose,1.75,,cucumber,Duchy Organic
Elmlea Single Cream Alternative,Elmlea Single Cream Alternative,waitrose,1.25,0.4629999999999999,single cream,Elmlea
Essential Free Range Single Cream,Free Range Single Cream,waitrose,1.45,0.483,single cream,Waitrose
Essential Free Range Single Cream Small,Free Range Single Cream Small,waitrose,1.0,0.667,single cream,Waitrose
Essential Free Range Single Cream Large,Free Range Single Cream Large,waitrose,2.35,0.392,single cream,Waitrose
Oatly Creamy Oat Single Cream Chilled,Oatly Creamy Oat Single Cream Chilled,waitrose,1.1,0.44,single cream,Oatly
Waitrose British Somerset Brie Cheese Strength 2,British Somerset Brie Cheese Strength 2,waitrose,3.4,1.478,brie,Waitrose
Castello Extra Creamy Brie Cheese,Castello Extra Creamy Brie Cheese,waitrose,2.0,1.0,brie,Castello
Essential French Brie Cheese Strength 2,French Brie Cheese Strength 2,waitrose,1.85,0.925,brie,Waitrose
President French Brie Cheese,President French Brie Cheese,waitrose,3.1,1.55,brie,President
Le Rustique le Bon Brie Cheese,Le Rustique le Bon Brie Cheese,waitrose,3.0,1.5,brie,Le
Essential Limes 5s,Limes 5s,waitrose,1.6,,limes,Waitrose
Waitrose Cherry Vine Tomatoes,Cherry Vine Tomatoes,waitrose,3.45,0.8630000000000001,vine tomatoes,Waitrose
Waitrose Classic Vine Tomatoes,Classic Vine Tomatoes,waitrose,2.35,0.522,vine tomatoes,Waitrose
Waitrose Cherry Vine Tomatoes,Cherry Vine Tomatoes,waitrose,2.55,0.944,vine tomatoes,Waitrose
Duchy Organic Vine Tomatoes,Vine Tomatoes,waitrose,2.25,0.9,vine tomatoes,Duchy Organic
Waitrose Cypriot Halloumi Cheese Strength 1,Cypriot Halloumi Cheese Strength 1,waitrose,3.0,1.2,halloumi,Waitrose
Duchy Organic Cypriot Halloumi,Cypriot Halloumi,waitrose,3.75,1.5,halloumi,Duchy Organic
No. 1 Halloumi Cheese with Mint Strength 2,No. 1 Halloumi Cheese with Mint Strength 2,waitrose,3.28,1.3119999999999998,halloumi,No.
Waitrose Halloumi Fries,Halloumi Fries,waitrose,3.0,1.765,halloumi,Waitrose
Higgidy Cypriot Halloumi & Hot Honey Rolls,Higgidy Cypriot Halloumi & Hot Honey Rolls,waitrose,2.5,1.5630000000000002,halloumi,Higgidy
Mister Free'd Gluten Free Avocado Tortilla Chips,Mister Free'd Gluten Free Avocado Tortilla Chips,waitrose,2.1,1.556,avocado,Mister
Waitrose Perfectly Ripe Large Avocado,Perfectly Ripe Large Avocado,waitrose,1.2,,avocado,Waitrose
British Creme Fraiche,British Creme Fraiche,waitrose,1.1,0.367,creme fraiche,British
No.1 French Creme Fraiche,French Creme Fraiche,waitrose,1.65,0.825,creme fraiche,No.1
Reduced Fat Creme Fraiche,Reduced Fat Creme Fraiche,waitrose,1.1,0.367,creme fraiche,Reduced
No.1 French Half Fat Creme Fraiche,French Half Fat Creme Fraiche,waitrose,1.65,0.825,creme fraiche,No.1
Isigny Ste Mere d'Isigny 40% Fat Creme Fraiche,Isigny Ste Mere d'Isigny 40% Fat Creme Fraiche,waitrose,2.1,1.05,creme fraiche,Isigny
Waitrose Cherry Vine Tomatoes,Cherry Vine Tomatoes,waitrose,3.45,0.8630000000000001,cherry tomatoes,Waitrose
Waitrose Cherry Vine Tomatoes,Cherry Vine Tomatoes,waitrose,2.55,0.944,cherry tomatoes,Waitrose
Essential Cherry Tomatoes,Cherry Tomatoes,waitrose,1.6,0.32,cherry tomatoes,Waitrose
Duchy Organic Cherry Vine Tomatoes,Cherry Vine Tomatoes,waitrose,2.25,1.125,cherry tomatoes,Duchy Organic
No.1 Colston Bassett Blue Stilton Cheese Strength 5,Colston Bassett Blue Stilton Cheese Strength 5,waitrose,3.2,1.6,stilton,No.1
No. 1 Cropwell Bishop PDO Blue Stilton Cheese Strength 5,No. 1 Cropwell Bishop PDO Blue Stilton Cheese Strength 5,waitrose,3.32,1.66,stilton,No.
Waitrose Long Clawson Stilton Cheese Strength 4 Large,Long Clawson Stilton Cheese Strength 4 Large,waitrose,4.4,1.938,stilton,Waitrose
1912 Artisan Stilton,1912 Artisan Stilton,waitrose,2.25,1.5,stilton,1912
Duchy Organic Cropwell Bishop PDO Blue Stilton Cheese Strength 5,Cropwell Bishop PDO Blue Stilton Cheese Strength 5,waitrose,4.67,2.3329999999999997,stilton,Duchy Organic
The Good Crisp Co Sour Cream,The Good Crisp Co Sour Cream,waitrose,3.4,2.125,sour cream,The
Essential Soured Cream,Soured Cream,waitrose,1.2,0.4,sour cream,Waitrose
Waitrose Sour Cream & Chive Dip,Sour Cream & Chive Dip,waitrose,1.85,0.925,sour cream,Waitrose
Waitrose Sour Cream & Chive Snack Mix Sharing Crisps,Sour Cream & Chive Snack Mix Sharing Crisps,waitrose,1.85,1.233,sour cream,Waitrose
Pringles Sour Cream & Onion Sharing Crisps,Pringles Sour Cream & Onion Sharing Crisps,waitrose,2.5,1.515,sour cream,Pringles
Waitrose Cotton Candy Grapes,Cotton Candy Grapes,waitrose,3.2,0.8,grapes,Waitrose
Waitrose Green Seedless Grapes,Green Seedless Grapes,waitrose,2.5,0.5,grapes,Waitrose
Waitrose Red Seedless Grapes,Red Seedless Grapes,waitrose,2.5,0.5,grapes,Waitrose
Waitrose Black Seedless Grapes,Black Seedless Grapes,waitrose,2.8,0.7,grapes,Waitrose
The Collective Gourmet Mango Yogurt,The Collective Gourmet Mango Yogurt,waitrose,3.1,0.729,mango,The
Waitrose Mango Chunks,Mango Chunks,waitrose,3.9,1.393,mango,Waitrose
No.1 Speciality Mango,Speciality Mango,waitrose,11.0,,mango,No.1
Tims Mango Greek Family Yogurt,Tims Mango Greek Family Yogurt,waitrose,2.5,0.5559999999999999,mango,Tims
Brite Natural Energy Pineapple & Mango Drink,Brite Natural Energy Pineapple & Mango Drink,waitrose,2.0,0.606,mango,Brite
Waitrose Slower Reared Chicken Breast Fillets - XL Pack,Slower Reared Chicken Breast Fillets - XL Pack,waitrose,9.5,0.792,chicken breast,Waitrose
Waitrose Slower Reared Chicken Breast Fillets,Slower Reared Chicken Breast Fillets,waitrose,5.5,0.917,chicken breast,Waitrose
Waitrose Slower Reared 2 Chicken Breast Fillets,Slower Reared 2 Chicken Breast Fillets,waitrose,4.75,1.25,chicken breast,Waitrose
Waitrose Slower Reared Chicken Breast Fillets - Large Pack,Slower Reared Chicken Breast Fillets - Large Pack,waitrose,9.95,0.995,chicken breast,Waitrose
Waitrose Slower Reared Chicken Breast Mini Fillets,Slower Reared Chicken Breast Mini Fillets,waitrose,4.75,1.1880000000000002,chicken breast,Waitrose
Essential Sliced Gouda Cheese Strength 2,Sliced Gouda Cheese Strength 2,waitrose,3.1,1.24,gouda,Waitrose
Essential Dutch Gouda Cheese Strength 2,Dutch Gouda Cheese Strength 2,waitrose,2.75,1.038,gouda,Waitrose
No. 1 Beemster Dutch Gouda Cheese PDO,No. 1 Beemster Dutch Gouda Cheese PDO,waitrose,2.8,1.867,gouda,No.
No.1 Goat's Milk Gouda Cheese Strength 6,Goat's Milk Gouda Cheese Strength 6,waitrose,3.68,1.84,gouda,No.1
Waitrose Baby Spinach,Baby Spinach,waitrose,1.6,1.333,baby spinach,Waitrose
Essential Edam Cheese Strength 2,Edam Cheese Strength 2,waitrose,3.35,1.117,edam,Waitrose
Essential Dutch Sliced Edam Cheese Strength 2,Dutch Sliced Edam Cheese Strength 2,waitrose,3.1,1.24,edam,Waitrose
"Waitrose Slower Reared Chicken Thighs, Skin-on & Bone-in","Slower Reared Chicken Thighs, Skin-on & Bone-in",waitrose,3.95,0.395,chicken thighs,Waitrose
"Waitrose Chicken Thigh Fillets, Skinless & Boneless","Chicken Thigh Fillets, Skinless & Boneless",waitrose,6.48,1.095,chicken thighs,Waitrose
"Waitrose Chicken Thigh Fillets, Skinless & Boneless - Large","Chicken Thigh Fillets, Skinless & Boneless - Large",waitrose,10.95,1.095,chicken thighs,Waitrose
No.1 British Free Range Chicken Thighs,British Free Range Chicken Thighs,waitrose,3.88,0.775,chicken thighs,No.1
"Duchy Organic Chicken Thighs, Skin-on & Bone-in","Chicken Thighs, Skin-on & Bone-in",waitrose,7.32,1.2,chicken thighs,Duchy Organic
Waitrose Wild Rocket Salad,Wild Rocket Salad,waitrose,1.95,1.773,rocket salad,Waitrose
Waitrose Watercress Spinach Rocket Salad,Watercress Spinach Rocket Salad,waitrose,2.2,2.0,rocket salad,Waitrose
Duchy Organic Babyleaf & Rocket Salad,Babyleaf & Rocket Salad,waitrose,2.85,2.85,rocket salad,Duchy Organic
Waitrose Wild Rocket,Wild Rocket,waitrose,2.75,1.8329999999999995,rocket salad,Waitrose
Waitrose Wild Rocket,Wild Rocket,waitrose,1.8,2.0,rocket salad,Waitrose
Brite Natural Energy Pineapple & Mango Drink,Brite Natural Energy Pineapple & Mango Drink,waitrose,2.0,0.606,pineapple,Brite
Waitrose Supersweet Medium Pineapple,Supersweet Medium Pineapple,waitrose,1.7,,pineapple,Waitrose
Waitrose Extra Large Pineapple,Extra Large Pineapple,waitrose,2.35,,pineapple,Waitrose
Waitrose Pineapple,Pineapple,waitrose,3.9,0.78,pineapple,Waitrose
Essential Extra Mature Grated Cheddar Cheese Strength 6,Extra Mature Grated Cheddar Cheese Strength 6,waitrose,2.8,1.12,grated cheddar,Waitrose
Essential Mature Grated Cheddar Cheese Strength 4 Large,Mature Grated Cheddar Cheese Strength 4 Large,waitrose,4.95,0.99,grated cheddar,Waitrose
Waitrose Davidstow Cornish Mature Grated Cheddar Cheese Strength 5,Davidstow Cornish Mature Grated Cheddar Cheese Strength 5,waitrose,3.25,1.3,grated cheddar,Waitrose
Essential Mature Grated Cheddar Cheese Strength 4,Mature Grated Cheddar Cheese Strength 4,waitrose,2.8,1.12,grated cheddar,Waitrose
Cathedral City Mature Grated Cheddar Cheese,Cathedral City Mature Grated Cheddar Cheese,waitrose,2.0,1.112,grated cheddar,Cathedral
Waitrose Cantaloupe Melon,Cantaloupe Melon,waitrose,2.95,,melon,Waitrose
Waitrose Honeydew Melon,Honeydew Melon,waitrose,2.2,,melon,Waitrose
Waitrose Melon Slices,Melon Slices,waitrose,2.95,1.0539999999999998,melon,Waitrose
Waitrose Orange Melon Chunks,Orange Melon Chunks,waitrose,2.95,1.1800000000000002,melon,Waitrose
Waitrose Melon Trio,Melon Trio,waitrose,2.95,1.341,melon,Waitrose
Waitrose Stock Brined Whole Chicken,Stock Brined Whole Chicken,waitrose,6.18,0.412,whole chicken,Waitrose
Waitrose Slower Reared Large Whole Chicken,Slower Reared Large Whole Chicken,waitrose,6.95,0.397,whole chicken,Waitrose
Waitrose Slower Reared Extra Large Whole Chicken,Slower Reared Extra Large Whole Chicken,waitrose,8.05,0.35,whole chicken,Waitrose
No.1 British Free Range Whole Chicken,British Free Range Whole Chicken,waitrose,14.2,0.875,whole chicken,No.1
Waitrose Slower Reared Small Whole Chicken,Slower Reared Small Whole Chicken,waitrose,5.25,0.438,whole chicken,Waitrose
Essential Iceberg Lettuce,Iceberg Lettuce,waitrose,1.0,,iceberg lettuce,Waitrose
Essential Iceberg Lettuce,Iceberg Lettuce,waitrose,1.0,0.4,iceberg lettuce,Waitrose
Lindahls Protein Cheese Slices,Lindahls Protein Cheese Slices,waitrose,1.6,1.28,cheese slices,Lindahls
Port Salut French Sliced Cheese,Port Salut French Sliced Cheese,waitrose,2.17,1.809,cheese slices,Port
Essential Sliced Cheese for Burgers Strength 2,Sliced Cheese for Burgers Strength 2,waitrose,1.55,0.775,cheese slices,Waitrose
Waitrose Cooked Chicken Breast Slices,Cooked Chicken Breast Slices,waitrose,4.75,2.375,cheese slices,Waitrose
Port Salut French Soft Cheese,Port Salut French Soft Cheese,waitrose,3.1,1.6760000000000002,cheese slices,Port
"Waitrose Chicken Drumsticks, Skin-on & Bone-in","Chicken Drumsticks, Skin-on & Bone-in",waitrose,4.95,0.309,chicken drumsticks,Waitrose
No. 1 British Free Range Chicken Drumsticks,No. 1 British Free Range Chicken Drumsticks,waitrose,3.52,0.725,chicken drumsticks,No.
"Duchy Organic Chicken Drumsticks 6, Skin-on & Bone-in","Chicken Drumsticks 6, Skin-on & Bone-in",waitrose,7.23,1.095,chicken drumsticks,Duchy Organic
Waitrose Southern Fried Chicken Drumsticks & Thighs,Southern Fried Chicken Drumsticks & Thighs,waitrose,5.25,0.6559999999999999,chicken drumsticks,Waitrose
Waitrose Cooked Roast Chicken Drumsticks,Cooked Roast Chicken Drumsticks,waitrose,4.5,0.865,chicken drumsticks,Waitrose
Waitrose Perfectly Ripe Kiwi,Perfectly Ripe Kiwi,waitrose,2.85,,kiwi,Waitrose
Waitrose Perfectly Ripe Golden Kiwi,Perfectly Ripe Golden Kiwi,waitrose,3.75,,kiwi,Waitrose
Duchy Organic Kiwi Fruit,Kiwi Fruit,waitrose,3.0,,kiwi,Duchy Organic
Waitrose King Green Kiwi,King Green Kiwi,waitrose,1.0,,kiwi,Waitrose
Waitrose Kiwi,Kiwi,waitrose,2.1,1.75,kiwi,Waitrose
Waitrose Romaine Lettuce,Romaine Lettuce,waitrose,1.4,,romaine lettuce,Waitrose
Waitrose Slower Reared Chicken Wings,Slower Reared Chicken Wings,waitrose,1.8,0.379,chicken wings,Waitrose
Duchy Organic Chicken Wings,Chicken Wings,waitrose,3.5,0.875,chicken wings,Duchy Organic
Waitrose Cooked Sweet & Smoky Chicken Wings,Cooked Sweet & Smoky Chicken Wings,waitrose,4.25,1.118,chicken wings,Waitrose
Waitrose Cooked Honey Sriracha Chicken Wings,Cooked Honey Sriracha Chicken Wings,waitrose,4.25,1.118,chicken wings,Waitrose
"Waitrose Chicken Drumsticks, Skin-on & Bone-in","Chicken Drumsticks, Skin-on & Bone-in",waitrose,4.95,0.309,chicken wings,Waitrose
Waitrose Conference Pears,Conference Pears,waitrose,2.5,,pears,Waitrose
Waitrose Blush Pears,Blush Pears,waitrose,2.15,,pears,Waitrose
Waitrose Conference Pears Loose,Conference Pears Loose,waitrose,2.5,0.25,pears,Waitrose
Essential Conference Pears,Conference Pears,waitrose,2.1,,pears,Waitrose
Waitrose British King Oyster Mushrooms,British King Oyster Mushrooms,waitrose,2.5,1.923,mushrooms,Waitrose
Waitrose Chestnut Mushrooms,Chestnut Mushrooms,waitrose,1.3,0.52,mushrooms,Waitrose
Essential Cup Mushrooms,Cup Mushrooms,waitrose,1.45,0.363,mushrooms,Waitrose
No.1 Maitake Mushrooms,Maitake Mushrooms,waitrose,2.5,2.0,mushrooms,No.1
Waitrose Chestnut Mushrooms,Chestnut Mushrooms,waitrose,2.3,0.511,mushrooms,Waitrose
Essential Mixed Peppers,Mixed Peppers,waitrose,1.9,,peppers mixed,Waitrose
Waitrose Sweet Mixed Baby Peppers,Sweet Mixed Baby Peppers,waitrose,2.2,1.467,peppers mixed,Waitrose
Mixed Romano Peppers,Mixed Romano Peppers,waitrose,2.75,1.375,peppers mixed,Mixed
Waitrose Frozen Sliced Peppers,Frozen Sliced Peppers,waitrose,1.1,0.22,peppers mixed,Waitrose
Waitrose British Native Breeds Beef Mince 15%,British Native Breeds Beef Mince 15%,waitrose,7.0,0.933,beef mince,Waitrose
Waitrose British Native Breed Beef Mince 5% Fat,British Native Breed Beef Mince 5% Fat,waitrose,7.5,1.5,beef mince,Waitrose
Duchy Organic British Beef Mince 12% Fat,British Beef Mince 12% Fat,waitrose,8.0,1.6,beef mince,Duchy Organic
Waitrose British Native Breed Beef Mince 12% Fat,British Native Breed Beef Mince 12% Fat,waitrose,4.5,0.9,beef mince,Waitrose
Essential British Beef Mince 12% Fat,British Beef Mince 12% Fat,waitrose,5.0,1.0,beef mince,Waitrose
Waitrose Plums,Plums,waitrose,2.6,,plums,Waitrose
Essential Home Ripening Plums,Home Ripening Plums,waitrose,1.7,0.425,plums,Waitrose
Waitrose British Native Breed Beef Mince 5% Fat,British Native Breed Beef Mince 5% Fat,waitrose,7.5,1.5,lean beef mince,Waitrose
Root Zero Potatoes,Root Zero Potatoes,waitrose,1.68,0.112,potatoes,Root
Waitrose British Baby Potatoes,British Baby Potatoes,waitrose,1.2,0.6,potatoes,Waitrose
Waitrose British Extra Large Potatoes,British Extra Large Potatoes,waitrose,1.56,,potatoes,Waitrose
Waitrose Red Chilli & Tomato Pesto,Red Chilli & Tomato Pesto,waitrose,2.4,1.656,red chillies,Waitrose
"No.1 Calabrian Chilli, Red Pepper & Almond Pesto","Calabrian Chilli, Red Pepper & Almond Pesto",waitrose,2.4,1.264,red chillies,No.1
Cooks' Ingredients Red Chilli Paste,Red Chilli Paste,waitrose,2.0,2.105,red chillies,Cooks'
Cauldron Butternut & Red Chilli Bites,Cauldron Butternut & Red Chilli Bites,waitrose,2.0,1.143,red chillies,Cauldron
Tyrrells Sweet Chilli & Red Pepper Crisps,Tyrrells Sweet Chilli & Red Pepper Crisps,waitrose,2.75,1.8329999999999995,red chillies,Tyrrells
Essential Courgettes,Courgettes,waitrose,2.85,0.285,courgettes,Waitrose
Waitrose Courgettes,Courgettes,waitrose,2.1,0.42,courgettes,Waitrose
Duchy Organic Courgettes,Courgettes,waitrose,2.65,0.883,courgettes,Duchy Organic
Essential Courgettes,Courgettes,waitrose,2.0,0.333,courgettes,Waitrose
Waitrose Baby Courgettes,Baby Courgettes,waitrose,2.2,1.1,courgettes,Waitrose
Strong Roots Garlic Roasted Sweet Potato,Strong Roots Garlic Roasted Sweet Potato,waitrose,3.65,0.73,sweet potatoes,Strong
Strong Roots Oven Baked Sweet Potato Fries,Strong Roots Oven Baked Sweet Potato Fries,waitrose,3.85,0.77,sweet potatoes,Strong
Waitrose Sweet Potatoes,Sweet Potatoes,waitrose,1.3,0.13,sweet potatoes,Waitrose
Duchy Organic Sweet Potatoes,Sweet Potatoes,waitrose,2.75,0.393,sweet potatoes,Duchy Organic
Waitrose Evangeline Sweet Potatoes,Evangeline Sweet Potatoes,waitrose,2.1,0.35,sweet potatoes,Waitrose
Waitrose 2 British Beef Sirloin Steaks,2 British Beef Sirloin Steaks,waitrose,14.0,3.5,sirloin steak,Waitrose
No.1 British Dry Aged Sirloin Steak,British Dry Aged Sirloin Steak,waitrose,14.0,6.087,sirloin steak,No.1
Waitrose British Beef Sirloin Steak,British Beef Sirloin Steak,waitrose,8.0,4.0,sirloin steak,Waitrose
Waitrose British Native Breed Thick Cut Sirloin Steak,British Native Breed Thick Cut Sirloin Steak,waitrose,9.0,3.0,sirloin steak,Waitrose
No.1 Wagyu Beef Sirloin Steak,Wagyu Beef Sirloin Steak,waitrose,16.0,6.4,sirloin steak,No.1
itsu Glazed Miso Aubergine,itsu Glazed Miso Aubergine,waitrose,3.35,1.015,aubergine,itsu
Natoora Large Aubergine,Natoora Large Aubergine,waitrose,3.0,,aubergine,Natoora
Ottolenghi Roasted Aubergine & Tomato Sauce,Ottolenghi Roasted Aubergine & Tomato Sauce,waitrose,3.65,1.043,aubergine,Ottolenghi
Waitrose Vegetarian Aubergine & Feta Burgers,Vegetarian Aubergine & Feta Burgers,waitrose,2.95,1.405,aubergine,Waitrose
Waitrose British Beef Ribeye Steak,British Beef Ribeye Steak,waitrose,9.0,4.090999999999999,ribeye steak,Waitrose
Waitrose British Beef Thick Cut Ribeye Steak,British Beef Thick Cut Ribeye Steak,waitrose,14.0,4.0,ribeye steak,Waitrose
Duchy Organic British Beef Ribeye Steak,British Beef Ribeye Steak,waitrose,10.58,4.7,ribeye steak,Duchy Organic
No.1 Wagyu Beef Ribeye Steak,Wagyu Beef Ribeye Steak,waitrose,18.0,7.2,ribeye steak,No.1
No.1 Free Range Pork Ribeye Steaks & Miso Butter,Free Range Pork Ribeye Steaks & Miso Butter,waitrose,4.87,1.133,ribeye steak,No.1
Waitrose Baby New Potatoes,Baby New Potatoes,waitrose,1.85,0.247,baby potatoes,Waitrose
Waitrose British Baby Potatoes,British Baby Potatoes,waitrose,1.2,0.6,baby potatoes,Waitrose
Waitrose Loose Baby Potatoes,Loose Baby Potatoes,waitrose,1.25,0.125,baby potatoes,Waitrose
Waitrose Wild Garlic Baby Potatoes,Wild Garlic Baby Potatoes,waitrose,2.8,0.7,baby potatoes,Waitrose
Duchy Organic British Baby Potatoes,British Baby Potatoes,waitrose,2.0,0.267,baby potatoes,Duchy Organic
Waitrose Fine Green Beans,Fine Green Beans,waitrose,2.0,0.667,green beans,Waitrose
Waitrose Trimmed Fine Green Beans,Trimmed Fine Green Beans,waitrose,1.6,0.8,green beans,Waitrose
Waitrose Extra Fine Whole Green Beans,Extra Fine Whole Green Beans,waitrose,1.75,0.35,green beans,Waitrose
Waitrose Trimmed Fine Green Beans,Trimmed Fine Green Beans,waitrose,1.2,1.5,green beans,Waitrose
Essential Cut Green Beans in Water,Cut Green Beans in Water,waitrose,1.5,0.732,green beans,Waitrose
Waitrose British Native Breed Diced Beef Braising Steak,British Native Breed Diced Beef Braising Steak,waitrose,6.0,1.5,beef stewing steak,Waitrose
Duchy Organic British Beef Diced Casserole Steak,British Beef Diced Casserole Steak,waitrose,6.5,1.625,beef stewing steak,Duchy Organic
Waitrose British Native Breed Beef Rump Steak Stir Fry Strips,British Native Breed Beef Rump Steak Stir Fry Strips,waitrose,6.0,2.4,beef stewing steak,Waitrose
Waitrose British Beef Short Ribs,British Beef Short Ribs,waitrose,7.62,1.4,beef stewing steak,Waitrose
Essential Sweetcorn,Sweetcorn,waitrose,4.17,0.417,sweetcorn,Waitrose
Essential Frozen Supersweet Sweetcorn,Frozen Supersweet Sweetcorn,waitrose,1.4,0.187,sweetcorn,Waitrose
Waitrose Sweetcorn,Sweetcorn,waitrose,1.55,,sweetcorn,Waitrose
Green Giant Original Sweetcorn,Green Giant Original Sweetcorn,waitrose,3.5,0.53,sweetcorn,Green
Waitrose Sweetcorn Kebabs,Sweetcorn Kebabs,waitrose,1.9,,sweetcorn,Waitrose
Waitrose British Lamb Mince 20% Fat,British Lamb Mince 20% Fat,waitrose,7.5,1.5,lamb mince,Waitrose
Duchy Organic British Lamb Mince 20% Fat,British Lamb Mince 20% Fat,waitrose,8.0,2.0,lamb mince,Duchy Organic
Waitrose Early British Asparagus,Early British Asparagus,waitrose,3.6,1.8,asparagus,Waitrose
Waitrose Asparagus,Asparagus,waitrose,2.5,1.087,asparagus,Waitrose
Waitrose Fine Asparagus,Fine Asparagus,waitrose,2.35,2.136,asparagus,Waitrose
Waitrose Asparagus Tips,Asparagus Tips,waitrose,2.0,2.0,asparagus,Waitrose
Natoora Green Asparagus,Natoora Green Asparagus,waitrose,5.0,2.273,asparagus,Natoora
Waitrose 4 British Lamb Loin Chops,4 British Lamb Loin Chops,waitrose,13.69,3.22,lamb chops,Waitrose
Waitrose 2 British Lamb Loin Chops,2 British Lamb Loin Chops,waitrose,7.54,3.28,lamb chops,Waitrose
Duchy Organic British Lamb Loin Chops,British Lamb Loin Chops,waitrose,12.37,3.0,lamb chops,Duchy Organic
Waitrose British Lamb Cutlets,British Lamb Cutlets,waitrose,11.59,3.035,lamb chops,Waitrose
No.1 2 British Abervale Lamb Thick Cut Loin Chops,2 British Abervale Lamb Thick Cut Loin Chops,waitrose,6.56,2.98,lamb chops,No.1
Waitrose Free Range 2 Pork Chops,Free Range 2 Pork Chops,waitrose,4.6,1.15,pork chops,Waitrose
Duchy Organic Free Range British Pork Chops,Free Range British Pork Chops,waitrose,5.88,1.611,pork chops,Duchy Organic
No.1 Free Range Pork Ribeye Steaks & Miso Butter,Free Range Pork Ribeye Steaks & Miso Butter,waitrose,4.87,1.133,pork chops,No.1
Waitrose Free Range Pork 4 Loin Steaks,Free Range Pork 4 Loin Steaks,waitrose,6.0,1.25,pork chops,Waitrose
No.1 Free Range Pork Cutlets Brandy & Peppercorn,Free Range Pork Cutlets Brandy & Peppercorn,waitrose,8.65,1.559,pork chops,No.1
Waitrose Free Range British Pork Lean Mince 5% Fat,Free Range British Pork Lean Mince 5% Fat,waitrose,4.3,0.86,pork mince,Waitrose
Essential Free Range Pork Mince 12% Fat,Free Range Pork Mince 12% Fat,waitrose,2.9,0.58,pork mince,Waitrose
Waitrose Free Range Pork 5% Fat Lean Mince,Free Range Pork 5% Fat Lean Mince,waitrose,5.7,0.76,pork mince,Waitrose
Duchy Organic Free Range British Pork 12 Meatballs,Free Range British Pork 12 Meatballs,waitrose,4.9,1.6329999999999998,pork mince,Duchy Organic
Waitrose Free Range Pork 12 Meatballs,Free Range Pork 12 Meatballs,waitrose,3.9,1.3,pork mince,Waitrose
Duchy Organic Celery,Celery,waitrose,1.4,,celery,Duchy Organic
Waitrose Celery Sticks,Celery Sticks,waitrose,1.4,0.4,celery,Waitrose
Waitrose Celery Hearts,Celery Hearts,waitrose,1.95,,celery,Waitrose
Waitrose Cheddar & Celery Sandwich,Cheddar & Celery Sandwich,waitrose,3.25,,celery,Waitrose
La Vie Plant-Based Smoked Bacon,La Vie Plant-Based Smoked Bacon,waitrose,3.7,3.0829999999999997,smoked bacon,La
Essential 10 Smoked Bacon Rashers,10 Smoked Bacon Rashers,waitrose,2.75,0.917,smoked bacon,Waitrose
Waitrose 12 Made Without Nitrite Smoked Streaky Bacon Rashers,12 Made Without Nitrite Smoked Streaky Bacon Rashers,waitrose,4.0,1.6,smoked bacon,Waitrose
Essential 12 Smoked Streaky Bacon Rashers,12 Smoked Streaky Bacon Rashers,waitrose,2.75,1.1,smoked bacon,Waitrose
No.1 Free Range Dry Cured Beech Smoked Bacon Lardons,Free Range Dry Cured Beech Smoked Bacon Lardons,waitrose,4.0,2.0,smoked bacon,No.1
Essential 10 Unsmoked Bacon Rashers,10 Unsmoked Bacon Rashers,waitrose,2.75,0.917,unsmoked bacon,Waitrose
Waitrose 8 Dry Cured Unsmoked Back Bacon Rashers,8 Dry Cured Unsmoked Back Bacon Rashers,waitrose,4.0,1.6,unsmoked bacon,Waitrose
Essential 12 Unsmoked Streaky Bacon Rashers,12 Unsmoked Streaky Bacon Rashers,waitrose,2.75,1.1,unsmoked bacon,Waitrose
Waitrose 8 Made Without Nitrite Unsmoked Back Bacon Rashers,8 Made Without Nitrite Unsmoked Back Bacon Rashers,waitrose,4.0,1.6,unsmoked bacon,Waitrose
Finnebrogue Naked 6 Unsmoked Back Bacon,Finnebrogue Naked 6 Unsmoked Back Bacon,waitrose,2.96,1.48,unsmoked bacon,Finnebrogue
Waitrose 12 Made Without Nitrite Unsmoked Streaky Bacon Rashers,12 Made Without Nitrite Unsmoked Streaky Bacon Rashers,waitrose,4.0,1.6,streaky bacon,Waitrose
No.1 10 Free Range Unsmoked Dry Cured Streaky Bacon Rashers,10 Free Range Unsmoked Dry Cured Streaky Bacon Rashers,waitrose,5.25,2.283,streaky bacon,No.1
Waitrose 12 Smoked Dry Cured Streaky Bacon Rashers,12 Smoked Dry Cured Streaky Bacon Rashers,waitrose,4.0,1.6,streaky bacon,Waitrose
Essential 12 Smoked Streaky Bacon Rashers,12 Smoked Streaky Bacon Rashers,waitrose,2.75,1.1,streaky bacon,Waitrose
Waitrose 12 Made Without Nitrite Smoked Streaky Bacon Rashers,12 Made Without Nitrite Smoked Streaky Bacon Rashers,waitrose,4.0,1.6,streaky bacon,Waitrose
Waitrose 6 Pork Sausages with Pepper & Nutmeg,6 Pork Sausages with Pepper & Nutmeg,waitrose,4.0,1.0,pork sausages,Waitrose
"Waitrose British Pork, Bramley Apple Sausages","British Pork, Bramley Apple Sausages",waitrose,4.0,1.0,pork sausages,Waitrose
No.1 British Free Range 6 Pork Sausages,British Free Range 6 Pork Sausages,waitrose,5.25,1.3130000000000002,pork sausages,No.1
Finnebrogue Naked 6 Pork Sausages,Finnebrogue Naked 6 Pork Sausages,waitrose,2.96,0.74,pork sausages,Finnebrogue
Essential 8 British Pork Sausages,8 British Pork Sausages,waitrose,1.8,0.397,pork sausages,Waitrose
HECK Chicken Italia Gluten Free Chipolata Sausages 10 pack,HECK Chicken Italia Gluten Free Chipolata Sausages 10 pack,waitrose,3.75,1.103,chicken sausages,HECK
Borough Broth Organic Free Range Chicken Bone Broth,Borough Broth Organic Free Range Chicken Bone Broth,waitrose,5.0,1.543,chicken sausages,Borough
Goikoa Chorizo De Navarra,Goikoa Chorizo De Navarra,waitrose,5.85,2.25,chorizo,Goikoa
Cooks' Ingredients Spanish Navara Chorizo,Spanish Navara Chorizo,waitrose,3.0,1.579,chorizo,Cooks'
Waitrose Mild & Smoky Chorizo Ring,Mild & Smoky Chorizo Ring,waitrose,3.75,1.6670000000000005,chorizo,Waitrose
Artysán Chorizo Riojano IGP,Artysán Chorizo Riojano IGP,waitrose,3.9,1.734,chorizo,Artysán
Pajariel Chorizo de Leon,Pajariel Chorizo de Leon,waitrose,5.5,2.5,chorizo,Pajariel
Cooks' Ingredients Spicy Italian Pepperoni,Spicy Italian Pepperoni,waitrose,3.25,3.25,pepperoni,Cooks'
Waitrose Italian Pepperoni Slices,Italian Pepperoni Slices,waitrose,3.5,3.889,pepperoni,Waitrose
Waitrose Stonebaked Pepperoni Pizza,Stonebaked Pepperoni Pizza,waitrose,3.75,0.975,pepperoni,Waitrose
"Pizza Express Classic American, Pepperoni","Pizza Express Classic American, Pepperoni",waitrose,6.0,2.4,pepperoni,Pizza
No.1 Wood-fired Pepperoni & Fior Di Latte Sourdough Pizza,Wood-fired Pepperoni & Fior Di Latte Sourdough Pizza,waitrose,6.75,1.607,pepperoni,No.1
La Vie Plant-Based Smoked Ham,La Vie Plant-Based Smoked Ham,waitrose,3.15,3.15,ham sliced,La
Waitrose British Wiltshire Cured Ham 4 Slices,British Wiltshire Cured Ham 4 Slices,waitrose,3.85,2.962,ham sliced,Waitrose
Waitrose British Honey Roast Ham Finely Sliced,British Honey Roast Ham Finely Sliced,waitrose,3.75,1.875,ham sliced,Waitrose
Waitrose British Roast Ham 6 Slices,British Roast Ham 6 Slices,waitrose,3.35,2.174,ham sliced,Waitrose
Waitrose British Roast Ham Finely Sliced,British Roast Ham Finely Sliced,waitrose,3.75,1.875,ham sliced,Waitrose
Waitrose 2 Scottish Salmon Fillets,2 Scottish Salmon Fillets,waitrose,6.0,2.308,salmon fillets,Waitrose
No.1 Scottish Salmon Prime Fillet,Scottish Salmon Prime Fillet,waitrose,13.0,2.6,salmon fillets,No.1
Waitrose 4 Scottish Salmon Fillets,4 Scottish Salmon Fillets,waitrose,10.8,2.25,salmon fillets,Waitrose
Waitrose 2 MSC Wild Keta Salmon Fillets,2 MSC Wild Keta Salmon Fillets,waitrose,6.5,2.955,salmon fillets,Waitrose
No.1 2 Wild Alaskan Sockeye Salmon Fillets,2 Wild Alaskan Sockeye Salmon Fillets,waitrose,9.25,4.205,salmon fillets,No.1
Waitrose Cod Fillets MSC,Cod Fillets MSC,waitrose,7.75,3.229,cod fillets,Waitrose
Waitrose Frozen Line Caught Cod Fillets MSC,Frozen Line Caught Cod Fillets MSC,waitrose,12.5,2.632,cod fillets,Waitrose
Waitrose Frozen 2 Breaded Cod Fillets,Frozen 2 Breaded Cod Fillets,waitrose,5.0,1.6670000000000005,cod fillets,Waitrose
Waitrose 2 Battered Cod Fillets,2 Battered Cod Fillets,waitrose,5.0,1.6670000000000005,cod fillets,Waitrose
No.1 Bubbly Battered Cod Fillets,Bubbly Battered Cod Fillets,waitrose,7.75,2.039,cod fillets,No.1
Waitrose Haddock Fillets MSC,Haddock Fillets MSC,waitrose,7.3,3.0420000000000003,haddock fillets,Waitrose
No.1 Bubbly Beer Battered Haddock Fillets,Bubbly Beer Battered Haddock Fillets,waitrose,7.75,2.123,haddock fillets,No.1
Waitrose MSC 2 Seeded Haddock Fillets 260g,MSC 2 Seeded Haddock Fillets 260g,waitrose,5.0,1.923,haddock fillets,Waitrose
Waitrose Smoked Haddock Fillets MSC,Smoked Haddock Fillets MSC,waitrose,7.45,3.104,haddock fillets,Waitrose
Waitrose 2 Breaded Haddock Fillets,2 Breaded Haddock Fillets,waitrose,5.0,1.6670000000000005,haddock fillets,Waitrose
Waitrose 2 Mediterranean Sea Bass Fillets,2 Mediterranean Sea Bass Fillets,waitrose,7.25,4.0280000000000005,sea bass,Waitrose
Waitrose 4 Mediterranean Sea Bass Fillets,4 Mediterranean Sea Bass Fillets,waitrose,11.5,3.194,sea bass,Waitrose
"Waitrose 2 Mediterranean Caught Sea Bass Fillets with Coriander, Lime & Chilli","2 Mediterranean Caught Sea Bass Fillets with Coriander, Lime & Chilli",waitrose,7.75,3.875,sea bass,Waitrose
"Waitrose 2 Sea Bass Fillets, Pesto Butter","2 Sea Bass Fillets, Pesto Butter",waitrose,6.5,3.095,sea bass,Waitrose
"Waitrose 2 Sea Bass Fillets, Tomatoes and Olives","2 Sea Bass Fillets, Tomatoes and Olives",waitrose,9.0,2.8129999999999997,sea bass,Waitrose
Waitrose ASC Extra Large King Prawns,ASC Extra Large King Prawns,waitrose,4.95,3.3,king prawns,Waitrose
Waitrose ASC Extra Large Raw King Prawns,ASC Extra Large Raw King Prawns,waitrose,5.25,3.182,king prawns,Waitrose
Waitrose ASC Extra Large King Prawns,ASC Extra Large King Prawns,waitrose,6.95,3.159,king prawns,Waitrose
Waitrose ASC Raw King Prawns Stir Fry,ASC Raw King Prawns Stir Fry,waitrose,4.25,2.576,king prawns,Waitrose
Duchy Organic Cooked King Prawns,Cooked King Prawns,waitrose,5.25,3.5,king prawns,Duchy Organic
LEAP Smoked Sockeye Salmon,LEAP Smoked Sockeye Salmon,waitrose,6.16,6.16,smoked salmon,LEAP
Waitrose Mild Scottish Smoked Salmon,Mild Scottish Smoked Salmon,waitrose,5.75,4.0,smoked salmon,Waitrose
No.1 Chestnut Scottish Smoked Salmon,Chestnut Scottish Smoked Salmon,waitrose,6.5,6.5,smoked salmon,No.1
Ghillie & Glen Scottish Smoked Salmon,Ghillie & Glen Scottish Smoked Salmon,waitrose,5.96,2.98,smoked salmon,Ghillie
No.1 Cherrywood Smoked Scottish Salmon,Cherrywood Smoked Scottish Salmon,waitrose,6.5,6.5,smoked salmon,No.1
Waitrose 6 Chunky Cod Fish Fingers,6 Chunky Cod Fish Fingers,waitrose,6.6,2.0,fish fingers,Waitrose
Birds Eye 32 Omega 3 Fish Fingers,Birds Eye 32 Omega 3 Fish Fingers,waitrose,5.35,0.597,fish fingers,Birds
Waitrose 6 Chunky Haddock Fish Fingers,6 Chunky Haddock Fish Fingers,waitrose,6.6,1.941,fish fingers,Waitrose
Essential 10 Frozen Cod Fish Fingers MSC,10 Frozen Cod Fish Fingers MSC,waitrose,3.0,1.0,fish fingers,Waitrose
Waitrose Frozen 6 Battered Haddock Fish Fingers,Frozen 6 Battered Haddock Fish Fingers,waitrose,4.5,1.364,fish fingers,Waitrose
Waitrose MSC Tuna Steak In Spring Water,MSC Tuna Steak In Spring Water,waitrose,7.0,1.167,tuna steaks,Waitrose
Waitrose MSC Tuna Steak in Olive Oil,MSC Tuna Steak in Olive Oil,waitrose,7.0,0.875,tuna steaks,Waitrose
John West MSC No Drain Tuna Steak in Spring Water,John West MSC No Drain Tuna Steak in Spring Water,waitrose,3.75,2.0829999999999997,tuna steaks,John
John West No Drain Fridge Pot Tuna Steak with a Little Spring Water MSC 3x110g,John West No Drain Fridge Pot Tuna Steak with a Little Spring Water MSC 3x110g,waitrose,5.75,1.7420000000000002,tuna steaks,John
Waitrose MSC Tuna Steak in Spring Water,MSC Tuna Steak in Spring Water,waitrose,2.25,1.5,tuna steaks,Waitrose
Waitrose Soft White Toastie Thick Sliced Bread,Soft White Toastie Thick Sliced Bread,waitrose,1.0,0.125,white sliced bread,Waitrose
Waitrose Soft White Farmhouse Sliced Bread,Soft White Farmhouse Sliced Bread,waitrose,1.1,0.275,white sliced bread,Waitrose
Waitrose Soft White Farmhouse Sliced Bread,Soft White Farmhouse Sliced Bread,waitrose,1.5,0.188,white sliced bread,Waitrose
Waitrose Super Soft White Medium Sliced Bread,Super Soft White Medium Sliced Bread,waitrose,1.0,0.125,white sliced bread,Waitrose
Hovis Soft White Medium Sliced White Bread,Hovis Soft White Medium Sliced White Bread,waitrose,1.5,0.188,white sliced bread,Hovis
Hovis Wholemeal Medium Sliced Bread,Hovis Wholemeal Medium Sliced Bread,waitrose,1.1,0.275,wholemeal bread,Hovis
Jason's Sourdough Wholemeal Ciabattin Bread,Jason's Sourdough Wholemeal Ciabattin Bread,waitrose,2.35,0.4049999999999999,wholemeal bread,Jason's
Hovis Wholemeal Medium Sliced Bread,Hovis Wholemeal Medium Sliced Bread,waitrose,1.3,0.1629999999999999,wholemeal bread,Hovis
New York Bakery Sourdough Bagels,New York Bakery Sourdough Bagels,waitrose,2.15,,sourdough bread,New
No.1 White Sourdough Bread,White Sourdough Bread,waitrose,2.25,0.45,sourdough bread,No.1
No.1 Seeded Sourdough Bread,Seeded Sourdough Bread,waitrose,2.25,0.45,sourdough bread,No.1
No.1 Spelt Sourdough Bread,Spelt Sourdough Bread,waitrose,2.5,0.5,sourdough bread,No.1
Jacksons Super Seeded Bloomer,Jacksons Super Seeded Bloomer,waitrose,2.1,0.263,seeded bread,Jacksons
Waitrose Multi-Seeded Farmhouse Bread,Multi-Seeded Farmhouse Bread,waitrose,1.7,0.213,seeded bread,Waitrose
Bertinet Bakery Seeded Sourdough Bread,Bertinet Bakery Seeded Sourdough Bread,waitrose,1.92,0.35,seeded bread,Bertinet
Wildfarmed Sliced Seeded Bread,Wildfarmed Sliced Seeded Bread,waitrose,2.25,0.409,seeded bread,Wildfarmed
Waitrose Large Tortilla Wraps,Large Tortilla Wraps,waitrose,1.24,,wraps tortilla,Waitrose
Waitrose 8 Large Wholemeal Tortilla Wraps,8 Large Wholemeal Tortilla Wraps,waitrose,1.24,,wraps tortilla,Waitrose
Waitrose 8 Seeded Tortilla Wraps,8 Seeded Tortilla Wraps,waitrose,1.24,,wraps tortilla,Waitrose
Old El Paso Tortilla Wraps,Old El Paso Tortilla Wraps,waitrose,2.25,0.643,wraps tortilla,Old
Old El Paso White Corn Tortilla Wrap,Old El Paso White Corn Tortilla Wrap,waitrose,1.75,0.842,wraps tortilla,Old
BFree Gluten Free Wholegrain Pitta Breads,BFree Gluten Free Wholegrain Pitta Breads,waitrose,2.0,0.91,pitta bread,BFree
Sharwood's Mini Naan Garlic & Coriander,Sharwood's Mini Naan Garlic & Coriander,waitrose,2.1,,naan bread,Sharwood's
Waitrose 4 Easter Bunny Crumpets,4 Easter Bunny Crumpets,waitrose,1.5,,crumpets,Waitrose
Wildfarmed Crumpets,Wildfarmed Crumpets,waitrose,1.5,,crumpets,Wildfarmed
Warburtons Crumpets,Warburtons Crumpets,waitrose,1.1,,crumpets,Warburtons
Waitrose 6 Sourdough Crumpets,6 Sourdough Crumpets,waitrose,1.5,,crumpets,Waitrose
Waitrose 6 Toastie Crumpets,6 Toastie Crumpets,waitrose,1.5,,crumpets,Waitrose
Essential Butternut Squash,Butternut Squash,waitrose,1.65,,butternut squash,Waitrose
Cooks' Ingredients Butternut Squash Slices,Butternut Squash Slices,waitrose,1.75,0.4549999999999999,butternut squash,Cooks'
Duchy Organic Butternut Squash,Butternut Squash,waitrose,2.29,0.22,butternut squash,Duchy Organic
Waitrose Golden Butternut Squash,Golden Butternut Squash,waitrose,2.59,0.225,butternut squash,Waitrose
Cooks' Ingredients Frozen Butternut Vine Squash Chunks,Frozen Butternut Vine Squash Chunks,waitrose,1.6,0.32,butternut squash,Cooks'
"Benefit Menosupport Berries, Cherries & Beetroot Juice","Benefit Menosupport Berries, Cherries & Beetroot Juice",waitrose,4.5,0.5,beetroot,Benefit
Baxters Baby Beetroot,Baxters Baby Beetroot,waitrose,2.1,0.627,beetroot,Baxters
Waitrose Fresh Beetroot Pouch,Fresh Beetroot Pouch,waitrose,1.7,0.515,beetroot,Waitrose
Baxters Crinkled Beetroot,Baxters Crinkled Beetroot,waitrose,2.1,0.627,beetroot,Baxters
Cooks' Ingredients Medium Basil Pot,Medium Basil Pot,waitrose,1.85,,fresh basil,Cooks'
Cooks' Ingredients Large Basil Pot,Large Basil Pot,waitrose,2.35,,fresh basil,Cooks'
Cooks' Ingredients Basil,Basil,waitrose,1.75,1.75,fresh basil,Cooks'
Waitrose Green Pesto with Basil,Green Pesto with Basil,waitrose,2.4,1.656,fresh basil,Waitrose
Real Olive Co. Wild Garlic & Basil Olives,Real Olive Co. Wild Garlic & Basil Olives,waitrose,2.9,1.934,fresh basil,Real
Cooks' Ingredients Coriander,Coriander,waitrose,1.7,1.7,fresh coriander,Cooks'
Cooks' Ingredients Coriander Pot,Coriander Pot,waitrose,1.85,,fresh coriander,Cooks'
Cooks' Ingredients Coriander Seeds,Coriander Seeds,waitrose,1.8,7.5,fresh coriander,Cooks'
Bart Coriander Seeds,Bart Coriander Seeds,waitrose,2.5,12.5,fresh coriander,Bart
"Easy to Cook Ginger, Coriander & Lime Chicken Breasts","Easy to Cook Ginger, Coriander & Lime Chicken Breasts",waitrose,5.6,1.965,fresh coriander,Easy
Cooks' Ingredients Mint,Mint,waitrose,1.75,1.75,fresh mint,Cooks'
Cooks' Ingredients Mint Pot,Mint Pot,waitrose,1.85,,fresh mint,Cooks'
Essential Fresh Mint Mouthwash,Fresh Mint Mouthwash,waitrose,1.35,0.27,fresh mint,Waitrose
Colgate Total Active Prevention Fresh Mint Toothpaste,Colgate Total Active Prevention Fresh Mint Toothpaste,waitrose,3.65,2.92,fresh mint,Colgate
Corsodyl Daily Gum Care Mouthwash Alcohol Free Fresh Mint 500ml,Corsodyl Daily Gum Care Mouthwash Alcohol Free Fresh Mint 500ml,waitrose,5.0,1.0,fresh mint,Corsodyl
Cooks' Ingredients Curly Parsley Medium Pot,Curly Parsley Medium Pot,waitrose,1.8,,fresh parsley,Cooks'
Cooks' Ingredients Flat Leaf Parsley,Flat Leaf Parsley,waitrose,1.7,1.7,fresh parsley,Cooks'
Cooks' Ingredients Flat Leaf Parsley,Flat Leaf Parsley,waitrose,1.85,,fresh parsley,Cooks'
Waitrose 2 Chicken Kyivs With Garlic And Parsley Butter,2 Chicken Kyivs With Garlic And Parsley Butter,waitrose,5.25,1.641,fresh parsley,Waitrose
Waitrose Garlic & Parsley Ciabatta Breadsticks,Garlic & Parsley Ciabatta Breadsticks,waitrose,2.75,2.037,fresh parsley,Waitrose
De Cecco Spaghetti,De Cecco Spaghetti,waitrose,2.0,0.4,spaghetti,De
Essential Spaghetti,Spaghetti,waitrose,1.5,0.15,spaghetti,Waitrose
Heinz Spaghetti Hoops in Tomato Sauce,Heinz Spaghetti Hoops in Tomato Sauce,waitrose,1.5,0.4389999999999999,spaghetti,Heinz
Heinz Spaghetti Hoops in Tomato Sauce,Heinz Spaghetti Hoops in Tomato Sauce,waitrose,1.25,0.313,spaghetti,Heinz
Heinz Spaghetti in Tomato Sauce Single Serve,Heinz Spaghetti in Tomato Sauce Single Serve,waitrose,1.5,0.45,spaghetti,Heinz
De Cecco Pasta Penne Rigate,De Cecco Pasta Penne Rigate,waitrose,2.0,0.4,penne pasta,De
Waitrose High Protein Penne Pasta,High Protein Penne Pasta,waitrose,3.0,0.75,penne pasta,Waitrose
Essential Penne,Penne,waitrose,1.5,0.15,penne pasta,Waitrose
Essential Penne,Penne,waitrose,1.6,0.16,penne pasta,Waitrose
Northern Pasta Co Fusilli Pasta,Northern Pasta Co Fusilli Pasta,waitrose,3.95,1.097,fusilli pasta,Northern
No.1 Italian Fusilli Bucati Pasta,Italian Fusilli Bucati Pasta,waitrose,2.4,0.48,fusilli pasta,No.1
De Cecco Fusilli,De Cecco Fusilli,waitrose,2.0,0.4,fusilli pasta,De
Waitrose Fresh Fusilli,Fresh Fusilli,waitrose,2.08,0.416,fusilli pasta,Waitrose
Waitrose Wholewheat Fusilli,Wholewheat Fusilli,waitrose,1.85,0.37,fusilli pasta,Waitrose
Waitrose Fresh Tagliatelle,Fresh Tagliatelle,waitrose,2.08,0.416,tagliatelle,Waitrose
Crosta & Mollica Tagliatelle Pasta,Crosta & Mollica Tagliatelle Pasta,waitrose,2.4,0.48,tagliatelle,Crosta
Waitrose Italian Ham & Mushroom Tagliatelle for 1,Italian Ham & Mushroom Tagliatelle for 1,waitrose,4.1,1.025,tagliatelle,Waitrose
De Cecco Linguine,De Cecco Linguine,waitrose,2.0,0.4,linguine,De
Waitrose Linguine,Linguine,waitrose,1.85,0.37,linguine,Waitrose
Waitrose Fresh Linguine,Fresh Linguine,waitrose,2.08,0.416,linguine,Waitrose
Waitrose Egg Lasagne Sheets,Egg Lasagne Sheets,waitrose,1.85,0.493,lasagne sheets,Waitrose
Essential Lasagne Sheets,Lasagne Sheets,waitrose,2.13,0.213,lasagne sheets,Waitrose
Waitrose Free From Gluten Lasagne Sheets,Free From Gluten Lasagne Sheets,waitrose,1.95,0.78,lasagne sheets,Waitrose
Waitrose Fresh Lasagne,Fresh Lasagne,waitrose,2.08,0.6940000000000001,lasagne sheets,Waitrose
Dolmio Lasagne Original Creamy Sauce,Dolmio Lasagne Original Creamy Sauce,waitrose,2.75,0.625,lasagne sheets,Dolmio
Essential Basmati Rice,Basmati Rice,waitrose,2.5,0.25,basmati rice,Waitrose
Tilda Pure Basmati Rice,Tilda Pure Basmati Rice,waitrose,13.4,0.268,basmati rice,Tilda
Tilda Pure Basmati Rice,Tilda Pure Basmati Rice,waitrose,5.25,0.525,basmati rice,Tilda
Essential Long Grain Rice Easy Cook,Long Grain Rice Easy Cook,waitrose,1.6,0.16,long grain rice,Waitrose
Essential Long Grain Rice Easy Cook,Long Grain Rice Easy Cook,waitrose,1.0,0.2,long grain rice,Waitrose
Duchy Organic Long Grain Rice,Long Grain Rice,waitrose,2.45,0.49,long grain rice,Duchy Organic
Ben's Original Long Grain Rice,Ben's Original Long Grain Rice,waitrose,1.2,0.4549999999999999,long grain rice,Ben's
Ben's Original Long Grain Rice,Ben's Original Long Grain Rice,waitrose,4.0,0.4,long grain rice,Ben's
Tilda Fragrant Jasmine Rice,Tilda Fragrant Jasmine Rice,waitrose,2.0,0.4,jasmine rice,Tilda
Tilda Fragrant Jasmine Rice,Tilda Fragrant Jasmine Rice,waitrose,1.0,0.4,jasmine rice,Tilda
Waitrose Satay Chicken with Jasmine Rice,Satay Chicken with Jasmine Rice,waitrose,5.3,1.325,jasmine rice,Waitrose
Charlie Bigham's Beef Massaman & Jasmine Rice,Charlie Bigham's Beef Massaman & Jasmine Rice,waitrose,8.76,1.168,jasmine rice,Charlie
Charlie Bigham's Sweet & Sour Pork with Jasmine Rice,Charlie Bigham's Sweet & Sour Pork with Jasmine Rice,waitrose,9.95,1.327,jasmine rice,Charlie
Gallo Risotto Arborio Rice,Gallo Risotto Arborio Rice,waitrose,3.25,0.65,risotto rice,Gallo
Waitrose Arborio Risotto Rice,Arborio Risotto Rice,waitrose,2.65,0.53,risotto rice,Waitrose
Gallo Carnaroli Risotto Rice,Gallo Carnaroli Risotto Rice,waitrose,3.25,0.65,risotto rice,Gallo
Duchy Organic Arborio Risotto Rice,Arborio Risotto Rice,waitrose,3.75,0.75,risotto rice,Duchy Organic
Waitrose Egg Noodles,Egg Noodles,waitrose,1.35,0.491,egg noodles,Waitrose
Waitrose Egg Noodles Medium,Egg Noodles Medium,waitrose,1.3,0.52,egg noodles,Waitrose
Waitrose Fine Egg Noodles,Fine Egg Noodles,waitrose,1.3,0.52,egg noodles,Waitrose
Sharwood's Medium Egg Noodles,Sharwood's Medium Egg Noodles,waitrose,1.25,0.554,egg noodles,Sharwood's
Blue Dragon Medium Egg Noodles,Blue Dragon Medium Egg Noodles,waitrose,1.75,0.7,egg noodles,Blue
Waitrose Rice Noodles,Rice Noodles,waitrose,1.5,0.833,rice noodles,Waitrose
Thai Taste Vermicelli Rice Noodles Nests,Thai Taste Vermicelli Rice Noodles Nests,waitrose,1.75,0.875,rice noodles,Thai
Blue Dragon Pad Thai Rice Noodles,Blue Dragon Pad Thai Rice Noodles,waitrose,1.75,0.875,rice noodles,Blue
Waitrose Rice Noodles,Rice Noodles,waitrose,1.5,0.545,rice noodles,Waitrose
Waitrose Singapore Rice Noodles,Singapore Rice Noodles,waitrose,1.5,0.545,rice noodles,Waitrose
Heinz Baked Beans 6 Pack,Heinz Baked Beans 6 Pack,waitrose,5.5,0.221,baked beans,Heinz
Mr Organic Baked Beans,Mr Organic Baked Beans,waitrose,1.3,0.325,baked beans,Mr
Essential Baked Beans in Tomato Sauce,Baked Beans in Tomato Sauce,waitrose,1.19,0.119,baked beans,Waitrose
Heinz Baked Beans No Added Sugar 6 Pack,Heinz Baked Beans No Added Sugar 6 Pack,waitrose,5.5,0.221,baked beans,Heinz
Heinz Beans & Richmond Sausages,Heinz Beans & Richmond Sausages,waitrose,2.1,0.506,baked beans,Heinz
Mr Organic Italian Organic Chopped Tomatoes,Mr Organic Italian Organic Chopped Tomatoes,waitrose,6.25,0.391,chopped tomatoes,Mr
Essential Chopped Tomatoes in Natural Juice,Chopped Tomatoes in Natural Juice,waitrose,2.4,0.15,chopped tomatoes,Waitrose
Cirio Polpa Chopped Tomatoes,Cirio Polpa Chopped Tomatoes,waitrose,5.0,0.313,chopped tomatoes,Cirio
Mutti Finely Chopped Tomatoes,Mutti Finely Chopped Tomatoes,waitrose,4.0,0.25,chopped tomatoes,Mutti
Mutti Finely Chopped Tomatoes,Mutti Finely Chopped Tomatoes,waitrose,1.7,0.425,chopped tomatoes,Mutti
Mr Organic Chickpeas,Mr Organic Chickpeas,waitrose,2.3,1.095,chickpeas tinned,Mr
Essential Chickpeas in Water,Chickpeas in Water,waitrose,3.13,0.313,chickpeas tinned,Waitrose
Duchy Organic Chickpeas in Water,Chickpeas in Water,waitrose,1.25,0.508,chickpeas tinned,Duchy Organic
Bold Bean Co. Queen Chickpeas,Bold Bean Co. Queen Chickpeas,waitrose,2.8,0.7,chickpeas tinned,Bold
Belazu Gordo Especial Chickpeas,Belazu Gordo Especial Chickpeas,waitrose,3.0,1.2,chickpeas tinned,Belazu
Essential Red Kidney Beans in Water,Red Kidney Beans in Water,waitrose,3.13,0.313,kidney beans tinned,Waitrose
Essential Red Kidney Beans in Chilli Sauce,Red Kidney Beans in Chilli Sauce,waitrose,1.0,0.253,kidney beans tinned,Waitrose
Essential Red Kidney Beans in Water,Red Kidney Beans in Water,waitrose,3.61,0.361,kidney beans tinned,Waitrose
Duchy Organic Red Kidney Beans in Water,Red Kidney Beans in Water,waitrose,1.25,0.49,kidney beans tinned,Duchy Organic
Waitrose Red Kidney Beans,Red Kidney Beans,waitrose,2.15,0.43,kidney beans tinned,Waitrose
Essential Lentils in Water,Lentils in Water,waitrose,2.88,0.288,lentils tinned,Waitrose
Epicure Organic Bijoux Verts Lentils,Epicure Organic Bijoux Verts Lentils,waitrose,1.2,0.5,lentils tinned,Epicure
Waitrose Green Lentils,Green Lentils,waitrose,2.15,0.43,lentils tinned,Waitrose
Belazu Pardina Lentils,Belazu Pardina Lentils,waitrose,3.0,1.034,lentils tinned,Belazu
Epicure Organic Butter Beans in Water,Epicure Organic Butter Beans in Water,waitrose,1.2,0.5,butter beans tinned,Epicure
Essential Butter Beans,Butter Beans,waitrose,1.75,0.175,butter beans tinned,Waitrose
Bold Bean Co. Queen Butter Beans,Bold Bean Co. Queen Butter Beans,waitrose,2.8,0.7,butter beans tinned,Bold
Duchy Organic Butter Beans,Butter Beans,waitrose,1.25,0.512,butter beans tinned,Duchy Organic
Mr Organic Butter Beans,Mr Organic Butter Beans,waitrose,2.3,0.657,butter beans tinned,Mr
John West No Drain Tuna Chunks with a Little Spring Water MSC 3x100g,John West No Drain Tuna Chunks with a Little Spring Water MSC 3x100g,waitrose,3.0,1.0,tinned tuna,John
Essential MSC Tuna Chunks in Spring Water,MSC Tuna Chunks in Spring Water,waitrose,4.75,1.06,tinned tuna,Waitrose
Waitrose MSC Tuna Steak in Olive Oil,MSC Tuna Steak in Olive Oil,waitrose,7.0,0.875,tinned tuna,Waitrose
John West MSC No Drain Tuna Steak in Spring Water,John West MSC No Drain Tuna Steak in Spring Water,waitrose,3.75,2.0829999999999997,tinned tuna,John
Waitrose MSC Tuna Steak In Spring Water,MSC Tuna Steak In Spring Water,waitrose,7.0,1.167,tinned tuna,Waitrose
Essential Sweetcorn,Sweetcorn,waitrose,4.17,0.417,tinned sweetcorn,Waitrose
Green Giant Original Sweetcorn,Green Giant Original Sweetcorn,waitrose,3.5,0.53,tinned sweetcorn,Green
Green Giant No Added Salt Sweetcorn,Green Giant No Added Salt Sweetcorn,waitrose,3.5,0.53,tinned sweetcorn,Green
Essential Sweetcorn,Sweetcorn,waitrose,1.0,0.385,tinned sweetcorn,Waitrose
Waitrose Duchy Organic Sweetcorn,Sweetcorn,waitrose,1.2,0.857,tinned sweetcorn,Waitrose
Waitrose Spicy Keralan Inspired Soup,Spicy Keralan Inspired Soup,waitrose,1.2,0.3,tinned soup,Waitrose
Baxters Super Good Root Veg & Turmeric Soup,Baxters Super Good Root Veg & Turmeric Soup,waitrose,2.5,0.625,tinned soup,Baxters
Heinz Classic Vegetable Soup,Heinz Classic Vegetable Soup,waitrose,1.75,0.375,tinned soup,Heinz
Mr Organic Black Bean Soup,Mr Organic Black Bean Soup,waitrose,1.95,0.488,tinned soup,Mr
Heinz Classic Cream of Chicken Soup,Heinz Classic Cream of Chicken Soup,waitrose,1.75,0.375,tinned soup,Heinz
Alpro Coconut Barista With Soya,Alpro Coconut Barista With Soya,waitrose,2.4,0.24,coconut milk,Alpro
Essential Coconut Milk,Coconut Milk,waitrose,1.25,0.313,coconut milk,Waitrose
Alpro Barista Coconut Chilled Dairy Free Milk Alternative,Alpro Barista Coconut Chilled Dairy Free Milk Alternative,waitrose,1.85,0.247,coconut milk,Alpro
Rude Health Chilled Coconut Milk Alternative,Rude Health Chilled Coconut Milk Alternative,waitrose,1.8,0.18,coconut milk,Rude
Duchy Organic Coconut Milk,Coconut Milk,waitrose,2.5,0.625,coconut milk,Duchy Organic
Loyd Grossman Tomato & Roasted Garlic Sauce,Loyd Grossman Tomato & Roasted Garlic Sauce,waitrose,3.0,0.857,pasta sauce tomato,Loyd
No.1 Tomato & Vodka Pasta Sauce,Tomato & Vodka Pasta Sauce,waitrose,3.75,1.25,pasta sauce tomato,No.1
Loyd Grossman Tomato & Chilli Pasta Sauce,Loyd Grossman Tomato & Chilli Pasta Sauce,waitrose,3.0,0.857,pasta sauce tomato,Loyd
Loyd Grossman Tomato & Basil Pasta Sauce,Loyd Grossman Tomato & Basil Pasta Sauce,waitrose,3.0,0.857,pasta sauce tomato,Loyd
Waitrose Red Chilli & Tomato Pesto,Red Chilli & Tomato Pesto,waitrose,2.4,1.656,pasta sauce tomato,Waitrose
Waitrose Green Pesto with Basil,Green Pesto with Basil,waitrose,2.4,1.656,pesto green,Waitrose
Waitrose High Protein Green Pesto Chicken,High Protein Green Pesto Chicken,waitrose,5.0,1.25,pesto green,Waitrose
Waitrose Green Basil Pesto,Green Basil Pesto,waitrose,2.2,1.158,pesto green,Waitrose
All Plants By Deliciously Ella Green Basil Vegan Pesto With Tofu,All Plants By Deliciously Ella Green Basil Vegan Pesto With Tofu,waitrose,2.4,1.334,pesto green,All
Sharwood's Tikka Masala Curry Sauce,Sharwood's Tikka Masala Curry Sauce,waitrose,2.65,0.631,curry paste tikka,Sharwood's
Waitrose Tikka Masala Paste,Tikka Masala Paste,waitrose,2.1,1.167,curry paste tikka,Waitrose
Holy Cow! Delhi Tikka Masala Curry Sauce,Holy Cow! Delhi Tikka Masala Curry Sauce,waitrose,2.5,1.0,curry paste tikka,Holy
Patak's Tikka Masala Paste,Patak's Tikka Masala Paste,waitrose,3.5,1.237,curry paste tikka,Patak's
Waitrose Tikka Masala Sauce,Tikka Masala Sauce,waitrose,1.75,0.389,curry paste tikka,Waitrose
Sharwood's Korma Curry Sauce,Sharwood's Korma Curry Sauce,waitrose,2.65,0.631,curry paste korma,Sharwood's
Waitrose Korma Spice Paste,Korma Spice Paste,waitrose,2.1,1.167,curry paste korma,Waitrose
Patak's Mild Korma Spice Paste,Patak's Mild Korma Spice Paste,waitrose,3.5,1.207,curry paste korma,Patak's
Waitrose Korma Sauce,Korma Sauce,waitrose,1.75,0.389,curry paste korma,Waitrose
Bang! Curry Korma Sauce Kit,Bang! Curry Korma Sauce Kit,waitrose,2.25,6.618,curry paste korma,Bang!
St. Dalfour Strawberry Spread,St. Dalfour Strawberry Spread,waitrose,3.4,1.197,jam strawberry,St.
Essential Waitrose strawberry jam,strawberry jam,waitrose,1.2,0.264,jam strawberry,Waitrose
Bonne Maman Strawberry Jam,Bonne Maman Strawberry Jam,waitrose,4.2,1.254,jam strawberry,Bonne
Waitrose Strawberry Jam & Cream Victoria Sponge,Strawberry Jam & Cream Victoria Sponge,waitrose,4.0,1.176,jam strawberry,Waitrose
Duchy Organic Strawberry Extra Jam Preserve,Strawberry Extra Jam Preserve,waitrose,2.8,0.8240000000000001,jam strawberry,Duchy Organic
Pip & Nut Crunchy Peanut Butter,Pip & Nut Crunchy Peanut Butter,waitrose,3.6,1.2,peanut butter,Pip
Waitrose 100% Peanuts Smooth Peanut Butter,100% Peanuts Smooth Peanut Butter,waitrose,2.0,0.588,peanut butter,Waitrose
Pip & Nut Smooth Peanut Butter,Pip & Nut Smooth Peanut Butter,waitrose,3.6,1.2,peanut butter,Pip
Bonne Maman Sweet & Crunchy Peanut Spread,Bonne Maman Sweet & Crunchy Peanut Spread,waitrose,3.0,1.3039999999999998,peanut butter,Bonne
Waitrose 100% Peanuts Crunchy Peanut Butter,100% Peanuts Crunchy Peanut Butter,waitrose,2.0,0.588,peanut butter,Waitrose
Sharwood's Thai Green Curry Sauce,Sharwood's Thai Green Curry Sauce,waitrose,1.85,0.446,stir fry sauce,Sharwood's
Waitrose Soy & Ginger Stir Fry Sauce,Soy & Ginger Stir Fry Sauce,waitrose,1.3,0.867,stir fry sauce,Waitrose
Sharwood's Chinese Curry Sauce,Sharwood's Chinese Curry Sauce,waitrose,1.85,0.436,stir fry sauce,Sharwood's
Sharwood's Thai Red Curry Sauce,Sharwood's Thai Red Curry Sauce,waitrose,1.85,0.446,stir fry sauce,Sharwood's
Waitrose Coconut & Lemongrass Stir Fry Sauce,Coconut & Lemongrass Stir Fry Sauce,waitrose,1.3,0.867,stir fry sauce,Waitrose
Nutella Chocolate Hazelnut Spread,Nutella Chocolate Hazelnut Spread,waitrose,5.5,0.873,nutella,Nutella
Nutella Chocolate Hazelnut Spread,Nutella Chocolate Hazelnut Spread,waitrose,3.25,0.929,nutella,Nutella
Nutella B-Ready Chocolate Hazelnut Wafer Biscuit Multipack 6 Bars,Nutella B-Ready Chocolate Hazelnut Wafer Biscuit Multipack 6 Bars,waitrose,2.5,1.894,nutella,Nutella
Nutella Biscuits Chocolate Hazelnut Pouch Multipack,Nutella Biscuits Chocolate Hazelnut Pouch Multipack,waitrose,3.65,1.322,nutella,Nutella
Nutella Ice Cream,Nutella Ice Cream,waitrose,4.5,0.958,nutella,Nutella
Heinz Tomato Ketchup,Heinz Tomato Ketchup,waitrose,3.9,0.557,tomato ketchup,Heinz
Essential Tomato Ketchup,Tomato Ketchup,waitrose,1.0,0.213,tomato ketchup,Waitrose
Stokes Reduced Sugar Tomato Ketchup,Stokes Reduced Sugar Tomato Ketchup,waitrose,3.0,0.632,tomato ketchup,Stokes
Dr. Will's Tomato Ketchup,Dr. Will's Tomato Ketchup,waitrose,2.8,1.12,tomato ketchup,Dr.
Heinz Tomato Ketchup,Heinz Tomato Ketchup,waitrose,3.0,0.6519999999999999,tomato ketchup,Heinz
Heinz Seriously Good Mayonnaise,Heinz Seriously Good Mayonnaise,waitrose,3.5,0.4519999999999999,mayonnaise,Heinz
Essential Mayonnaise,Mayonnaise,waitrose,1.4,0.2799999999999999,mayonnaise,Waitrose
Hunter & Gather Avocado Oil Mayonnaise,Hunter & Gather Avocado Oil Mayonnaise,waitrose,4.5,2.571,mayonnaise,Hunter
Stokes Garlic Mayonnaise,Stokes Garlic Mayonnaise,waitrose,3.2,0.928,mayonnaise,Stokes
Duchy Organic Mayonnaise,Mayonnaise,waitrose,2.9,1.16,mayonnaise,Duchy Organic
Tracklements Caramelised Onion Marmalade,Tracklements Caramelised Onion Marmalade,waitrose,2.6,1.239,marmalade,Tracklements
Frank Cooper's Original Oxford Marmalade,Frank Cooper's Original Oxford Marmalade,waitrose,2.5,0.5509999999999999,marmalade,Frank
La Vieja Fábrica Seville Orange Marmalade,La Vieja Fábrica Seville Orange Marmalade,waitrose,2.0,0.548,marmalade,La
Essential Seville Orange Marmalade Thick Cut,Seville Orange Marmalade Thick Cut,waitrose,1.2,0.264,marmalade,Waitrose
Tiptree 'Old Times' Orange Marmalade,Tiptree 'Old Times' Orange Marmalade,waitrose,2.95,0.868,marmalade,Tiptree
Scott's Porage Original Porridge Oats 1kg,Scott's Porage Original Porridge Oats 1kg,waitrose,3.15,0.225,porridge oats,Scott's
Essential Porridge Oats 1kg,Porridge Oats 1kg,waitrose,1.25,0.125,porridge oats,Waitrose
Scott's Porage Old Fashioned Porridge Oats 1kg,Scott's Porage Old Fashioned Porridge Oats 1kg,waitrose,3.15,0.225,porridge oats,Scott's
Quaker Oat So Simple Family Pack Original Porridge Sachets 540g,Quaker Oat So Simple Family Pack Original Porridge Sachets 540g,waitrose,5.0,0.926,porridge oats,Quaker
Flahavan's Organic Porridge Oats 1kg,Flahavan's Organic Porridge Oats 1kg,waitrose,3.0,0.3,porridge oats,Flahavan's
HP Brown Sauce,HP Brown Sauce,waitrose,3.5,0.778,brown sauce,HP
Essential Squeezy Brown Sauce,Squeezy Brown Sauce,waitrose,1.15,0.245,brown sauce,Waitrose
Stokes Real Brown Sauce,Stokes Real Brown Sauce,waitrose,3.6,1.125,brown sauce,Stokes
HP Brown Sauce Small Bottle,HP Brown Sauce Small Bottle,waitrose,2.0,0.702,brown sauce,HP
HP Fruity Brown Sauce,HP Fruity Brown Sauce,waitrose,3.5,0.745,brown sauce,HP
Kikkoman Soy Sauce,Kikkoman Soy Sauce,waitrose,4.5,0.9,soy sauce,Kikkoman
Kikkoman Soy Sauce,Kikkoman Soy Sauce,waitrose,2.25,1.5,soy sauce,Kikkoman
Waitrose Reduced Salt Light Soy Sauce,Reduced Salt Light Soy Sauce,waitrose,1.35,0.9,soy sauce,Waitrose
Lea & Perrins Worcestershire Sauce,Lea & Perrins Worcestershire Sauce,waitrose,2.0,1.334,worcestershire sauce,Lea
Lea & Perrins Worcestershire Sauce,Lea & Perrins Worcestershire Sauce,waitrose,3.5,1.207,worcestershire sauce,Lea
Spoon Granola Cinnamon + Pecan 400g,Spoon Granola Cinnamon + Pecan 400g,waitrose,3.5,0.875,granola,Spoon
Waitrose Berry Granola 1Kg,Berry Granola 1Kg,waitrose,3.0,0.3,granola,Waitrose
Bio&Me Gluten Free Granola Fruit & Nut,Bio&Me Gluten Free Granola Fruit & Nut,waitrose,2.95,0.843,granola,Bio&Me
Bio&Me Gluten Free Granola Berry Burst,Bio&Me Gluten Free Granola Berry Burst,waitrose,2.95,0.843,granola,Bio&Me
Waitrose Simply Granola Breakfast Cereal,Simply Granola Breakfast Cereal,waitrose,3.0,0.3,granola,Waitrose
Cholula Original Hot Sauce,Cholula Original Hot Sauce,waitrose,2.7,1.8,hot sauce,Cholula
Cholula Chipotle Hot Sauce,Cholula Chipotle Hot Sauce,waitrose,2.7,1.8,hot sauce,Cholula
Frank's RedHot Buffalo Wings Sauce,Frank's RedHot Buffalo Wings Sauce,waitrose,2.8,1.892,hot sauce,Frank's
Sauce Shop Buffalo Hot Sauce,Sauce Shop Buffalo Hot Sauce,waitrose,2.6,1.625,hot sauce,Sauce
Weetabix,Weetabix,waitrose,3.0,,weetabix,Weetabix
Weetabix 48 pack 48s,Weetabix 48 pack 48s,waitrose,5.8,,weetabix,Weetabix
Weetabix Organic 24s,Weetabix Organic 24s,waitrose,4.3,,weetabix,Weetabix
Weetabix 72s,Weetabix 72s,waitrose,8.45,,weetabix,Weetabix
Weetabix Protein 24s,Weetabix Protein 24s,waitrose,4.0,,weetabix,Weetabix
French's Classic Yellow Mustard,French's Classic Yellow Mustard,waitrose,3.6,0.907,mustard,French's
Colman's Original English Mustard,Colman's Original English Mustard,waitrose,2.4,1.412,mustard,Colman's
Essential English Mustard,English Mustard,waitrose,1.0,0.5559999999999999,mustard,Waitrose
Maille Original Dijon Mustard,Maille Original Dijon Mustard,waitrose,3.6,1.674,mustard,Maille
Essential Wholegrain Mustard,Wholegrain Mustard,waitrose,1.0,0.541,mustard,Waitrose
Alpen No Added Sugar Swiss Style Muesli,Alpen No Added Sugar Swiss Style Muesli,waitrose,4.25,0.4469999999999999,muesli,Alpen
Essential Fruit & Nut Muesli 1kg,Fruit & Nut Muesli 1kg,waitrose,3.3,0.3299999999999999,muesli,Waitrose
Alpen Original Muesli,Alpen Original Muesli,waitrose,4.25,0.4469999999999999,muesli,Alpen
Dorset Gloriously Nutty Muesli Breakfast Cereal,Dorset Gloriously Nutty Muesli Breakfast Cereal,waitrose,4.5,0.9,muesli,Dorset
Essential Fruit Muesli 1kg,Fruit Muesli 1kg,waitrose,3.25,0.325,muesli,Waitrose
Kellogg's Rice Krispies Breakfast Cereal Large Pack 660g,Kellogg's Rice Krispies Breakfast Cereal Large Pack 660g,waitrose,3.75,0.5690000000000001,rice krispies,Kellogg's
Kellogg's Rice Krispies Breakfast Cereal 430g,Kellogg's Rice Krispies Breakfast Cereal 430g,waitrose,3.75,0.8720000000000001,rice krispies,Kellogg's
Kellogg's Rice Krispies Multi-Grain Shapes Breakfast Cereal 350g,Kellogg's Rice Krispies Multi-Grain Shapes Breakfast Cereal 350g,waitrose,2.85,0.8150000000000001,rice krispies,Kellogg's
Kellogg's Rice Krispies Cereal Bars,Kellogg's Rice Krispies Cereal Bars,waitrose,1.25,1.5630000000000002,rice krispies,Kellogg's
Kellogg's Rice Krispies Squares Marshmallow Cereal Snack Bars,Kellogg's Rice Krispies Squares Marshmallow Cereal Snack Bars,waitrose,1.85,1.652,rice krispies,Kellogg's
Omega Pressery Extra Virgin Macadamia Oil,Omega Pressery Extra Virgin Macadamia Oil,waitrose,6.8,2.72,olive oil extra virgin,Omega
Olio del Castello Extra Virgin Olive Oil,Olio del Castello Extra Virgin Olive Oil,waitrose,13.5,1.35,olive oil extra virgin,Olio
Citizens of Soil Extra Virgin Olive Oil Bottle,Citizens of Soil Extra Virgin Olive Oil Bottle,waitrose,19.25,3.85,olive oil extra virgin,Citizens
Citizens of Soil Extra Virgin Olive Oil Refill,Citizens of Soil Extra Virgin Olive Oil Refill,waitrose,16.5,3.3,olive oil extra virgin,Citizens
La Espanola Organic Extra Virgin Olive Oil,La Espanola Organic Extra Virgin Olive Oil,waitrose,9.0,1.8,olive oil extra virgin,La
Essential Vegetable Oil,Vegetable Oil,waitrose,2.1,0.21,vegetable oil,Waitrose
Mazola Corn Oil,Mazola Corn Oil,waitrose,3.25,0.325,vegetable oil,Mazola
Waitrose wok oil,wok oil,waitrose,2.45,0.98,vegetable oil,Waitrose
Waitrose Chopped Tomatoes with Olive Oil & Garlic,Chopped Tomatoes with Olive Oil & Garlic,waitrose,2.38,0.238,vegetable oil,Waitrose
Waitrose Aged Balsamic & Olive Oil Dressing,Aged Balsamic & Olive Oil Dressing,waitrose,1.55,1.033,vegetable oil,Waitrose
Innocent Pure Smooth Orange Fruit Juice Family Size,Innocent Pure Smooth Orange Fruit Juice Family Size,waitrose,3.5,0.2,orange juice,Innocent
Waitrose Smooth Orange Juice,Smooth Orange Juice,waitrose,2.2,0.2,orange juice,Waitrose
No. 1 Freshly Squeezed Orange Juice with Bits,No. 1 Freshly Squeezed Orange Juice with Bits,waitrose,3.75,0.375,orange juice,No.
Waitrose Smooth Orange Juice Large,Smooth Orange Juice Large,waitrose,3.4,0.194,orange juice,Waitrose
Waitrose Orange Juice with Bits,Orange Juice with Bits,waitrose,2.2,0.2,orange juice,Waitrose
innocent Pure Apple Fruit Juice Family Size,innocent Pure Apple Fruit Juice Family Size,waitrose,3.5,0.2,apple juice,innocent
Waitrose Pressed Apple Juice,Pressed Apple Juice,waitrose,2.2,0.2,apple juice,Waitrose
Daily Dose Orchard Apple Juice 900ml,Daily Dose Orchard Apple Juice 900ml,waitrose,2.33,0.259,apple juice,Daily
Daily Dose Cold Pressed Strawberry & Apple Juice,Daily Dose Cold Pressed Strawberry & Apple Juice,waitrose,4.0,0.533,apple juice,Daily
Essential Pure Apple Juice,Pure Apple Juice,waitrose,1.75,0.175,apple juice,Waitrose
Essential Sunflower Oil,Sunflower Oil,waitrose,2.4,0.24,sunflower oil,Waitrose
Waitrose sunflower oil,sunflower oil,waitrose,1.4,0.2799999999999999,sunflower oil,Waitrose
Flora Sunflower Oil,Flora Sunflower Oil,waitrose,3.75,0.375,sunflower oil,Flora
Flora Sunflower Oil,Flora Sunflower Oil,waitrose,4.5,0.225,sunflower oil,Flora
Fry Light Sunflower Oil Spray,Fry Light Sunflower Oil Spray,waitrose,1.75,0.922,sunflower oil,Fry
McDougalls Plain Flour,McDougalls Plain Flour,waitrose,2.25,0.205,plain flour,McDougalls
Duchy Organic Plain White Flour,Plain White Flour,waitrose,2.6,0.173,plain flour,Duchy Organic
Leckford Estate Plain White Flour,Leckford Estate Plain White Flour,waitrose,2.3,0.153,plain flour,Leckford
Homepride Plain Flour,Homepride Plain Flour,waitrose,2.0,0.133,plain flour,Homepride
Duchy Organic Stoneground Wholemeal Plain Flour,Stoneground Wholemeal Plain Flour,waitrose,2.6,0.173,plain flour,Duchy Organic
Twinings English Breakfast 80 Tea Bags,Twinings English Breakfast 80 Tea Bags,waitrose,3.0,1.5,tea bags,Twinings
Essential Original Blend 160 Tea Bags,Original Blend 160 Tea Bags,waitrose,2.5,0.5,tea bags,Waitrose
Twinings Superblends Wind Down Collection 20 Tea Bags,Twinings Superblends Wind Down Collection 20 Tea Bags,waitrose,3.85,11.596,tea bags,Twinings
Clipper Organic Fairtrade 80 Tea Bags,Clipper Organic Fairtrade 80 Tea Bags,waitrose,4.5,1.94,tea bags,Clipper
Waitrose Gold 80 Tea Bags,Gold 80 Tea Bags,waitrose,2.15,0.86,tea bags,Waitrose
Duchy Organic Self Raising White Flour,Self Raising White Flour,waitrose,2.6,0.173,self raising flour,Duchy Organic
McDougalls Self Raising Flour,McDougalls Self Raising Flour,waitrose,2.25,0.205,self raising flour,McDougalls
Homepride Self Raising Flour,Homepride Self Raising Flour,waitrose,2.0,0.133,self raising flour,Homepride
Leckford Estate Self-Raising White Flour,Leckford Estate Self-Raising White Flour,waitrose,2.3,0.153,self raising flour,Leckford
Freee Gluten Free Self Raising Flour,Freee Gluten Free Self Raising Flour,waitrose,2.1,0.21,self raising flour,Freee
Grind Craft Instant Coffee Smooth Barista Blend,Grind Craft Instant Coffee Smooth Barista Blend,waitrose,6.5,7.222,instant coffee,Grind
Waitrose Italian Style Instant Coffee,Italian Style Instant Coffee,waitrose,3.2,3.2,instant coffee,Waitrose
Waitrose Gold Roast Instant Coffee,Gold Roast Instant Coffee,waitrose,3.7,3.7,instant coffee,Waitrose
Waitrose Gold Colombian Instant Coffee,Gold Colombian Instant Coffee,waitrose,4.65,4.65,instant coffee,Waitrose
Waitrose Gold Roast Instant Coffee,Gold Roast Instant Coffee,waitrose,6.5,3.25,instant coffee,Waitrose
McDougalls Plain Flour,McDougalls Plain Flour,waitrose,2.25,0.205,bread flour,McDougalls
Essential Strong White Bread Flour,Strong White Bread Flour,waitrose,1.4,0.093,bread flour,Waitrose
McDougalls Self Raising Flour,McDougalls Self Raising Flour,waitrose,2.25,0.205,bread flour,McDougalls
Hovis Granary Bread Flour,Hovis Granary Bread Flour,waitrose,2.3,0.2299999999999999,bread flour,Hovis
Waitrose White Canadian Bread Flour,White Canadian Bread Flour,waitrose,2.3,0.153,bread flour,Waitrose
Tate & Lyle Fairtrade Cane Sugar Caster Sugar,Tate & Lyle Fairtrade Cane Sugar Caster Sugar,waitrose,3.0,0.3,caster sugar,Tate
Waitrose Fairtrade Golden Caster Sugar,Fairtrade Golden Caster Sugar,waitrose,3.0,0.3,caster sugar,Waitrose
Tate & Lyle Fairtrade Caster Sugar,Tate & Lyle Fairtrade Caster Sugar,waitrose,1.9,0.38,caster sugar,Tate
Billington's Golden Caster Sugar,Billington's Golden Caster Sugar,waitrose,2.95,0.295,caster sugar,Billington's
Tate & Lyle Fairtrade Caster Sugar,Tate & Lyle Fairtrade Caster Sugar,waitrose,4.35,0.218,caster sugar,Tate
Cadbury Drinking Chocolate Hot Chocolate,Cadbury Drinking Chocolate Hot Chocolate,waitrose,4.8,0.96,hot chocolate,Cadbury
Clipper Fairtrade Instant Hot Chocolate,Clipper Fairtrade Instant Hot Chocolate,waitrose,5.25,1.5,hot chocolate,Clipper
Cadbury Instant Hot Chocolate Jar,Cadbury Instant Hot Chocolate Jar,waitrose,4.2,1.4,hot chocolate,Cadbury
Options Instant Belgian Hot Chocolate Drink,Options Instant Belgian Hot Chocolate Drink,waitrose,5.65,2.568,hot chocolate,Options
Galaxy Instant Hot Chocolate,Galaxy Instant Hot Chocolate,waitrose,4.2,1.135,hot chocolate,Galaxy
Waitrose Fairtrade Light Brown Soft Sugar,Fairtrade Light Brown Soft Sugar,waitrose,3.75,0.375,brown sugar,Waitrose
Tate & Lyle Fairtrade Light Soft Brown Sugar,Tate & Lyle Fairtrade Light Soft Brown Sugar,waitrose,2.9,0.29,brown sugar,Tate
Waitrose Fairtrade Dark Brown Soft Sugar,Fairtrade Dark Brown Soft Sugar,waitrose,3.75,0.375,brown sugar,Waitrose
Waitrose Fairtrade Dark Brown Muscovado Sugar,Fairtrade Dark Brown Muscovado Sugar,waitrose,3.75,0.375,brown sugar,Waitrose
Waitrose Fairtrade Light Brown Muscovado Sugar,Fairtrade Light Brown Muscovado Sugar,waitrose,3.75,0.375,brown sugar,Waitrose
Tate & Lyle Fairtrade Icing Sugar,Tate & Lyle Fairtrade Icing Sugar,waitrose,2.65,0.265,icing sugar,Tate
Tate & Lyle Fairtrade Icing Sugar,Tate & Lyle Fairtrade Icing Sugar,waitrose,1.75,0.35,icing sugar,Tate
Billington's Golden Icing Sugar,Billington's Golden Icing Sugar,waitrose,2.0,0.4,icing sugar,Billington's
Tate & Lyle Fairtrade Fondant Icing Sugar,Tate & Lyle Fairtrade Fondant Icing Sugar,waitrose,1.35,0.27,icing sugar,Tate
Betty Crocker Vanilla Buttercream Style Icing,Betty Crocker Vanilla Buttercream Style Icing,waitrose,3.35,0.625,icing sugar,Betty
Pepsi Max No Sugar Cola Cans,Pepsi Max No Sugar Cola Cans,waitrose,8.0,0.102,pepsi,Pepsi
Pepsi Max No Sugar Cola Bottle,Pepsi Max No Sugar Cola Bottle,waitrose,2.55,0.088,pepsi,Pepsi
Pepsi Cola Bottle,Pepsi Cola Bottle,waitrose,2.55,0.088,pepsi,Pepsi
Pepsi Max No Caffeine No Sugar Cola Bottle,Pepsi Max No Caffeine No Sugar Cola Bottle,waitrose,2.55,0.088,pepsi,Pepsi
Diet Pepsi Cola Cans,Diet Pepsi Cola Cans,waitrose,3.75,0.143,pepsi,Diet
Sanex Moisturising Shower Gel,Sanex Moisturising Shower Gel,waitrose,2.63,0.585,shower gel,Sanex
Essential Seamoss Shower Gel,Seamoss Shower Gel,waitrose,1.0,0.4,shower gel,Waitrose
Sanex Zero% Sensitive Shower Gel,Sanex Zero% Sensitive Shower Gel,waitrose,2.63,0.585,shower gel,Sanex
Original Source Coconut & Shea Shower Gel,Original Source Coconut & Shea Shower Gel,waitrose,1.65,0.3299999999999999,shower gel,Original
No.1 British Summer Honey,British Summer Honey,waitrose,5.0,2.0,honey,No.1
Essential Squeezy Honey,Squeezy Honey,waitrose,2.0,0.441,honey,Waitrose
Rowse Runny Honey Squeezy,Rowse Runny Honey Squeezy,waitrose,3.15,0.926,honey,Rowse
Cawston Press Elderflower Lemonade Cans,Cawston Press Elderflower Lemonade Cans,waitrose,4.75,0.475,lemonade,Cawston
R.White's Lemonade Bottle,R.White's Lemonade Bottle,waitrose,1.55,0.063,lemonade,R.White's
FIX8 Water Kefir Raspberry Lemonade Live Sparkling Soda,FIX8 Water Kefir Raspberry Lemonade Live Sparkling Soda,waitrose,2.13,0.646,lemonade,FIX8
FIX8 Pink Lemonade Water Kefir Multipack,FIX8 Pink Lemonade Water Kefir Multipack,waitrose,5.0,0.5,lemonade,FIX8
Waitrose Lemonade with No Added Sugar,Lemonade with No Added Sugar,waitrose,2.3,0.1159999999999999,lemonade,Waitrose
DASH Water Mixed Pack,DASH Water Mixed Pack,waitrose,9.95,0.252,sparkling water,DASH
Essential Sparkling Natural Mineral Water,Sparkling Natural Mineral Water,waitrose,2.25,0.028,sparkling water,Waitrose
Agua De Madre Raspberry & Passion Fruit Water Kefir,Agua De Madre Raspberry & Passion Fruit Water Kefir,waitrose,7.5,0.008,sparkling water,Agua
Highland Spring Sparkling Water,Highland Spring Sparkling Water,waitrose,4.5,0.075,sparkling water,Highland
Colgate Total Active Prevention Fresh Mint Toothpaste,Colgate Total Active Prevention Fresh Mint Toothpaste,waitrose,3.65,2.92,toothpaste,Colgate
Colgate Triple Action Toothpaste,Colgate Triple Action Toothpaste,waitrose,1.35,1.8,toothpaste,Colgate
"Aquafresh Kids Little Teeth Toothpaste 3-5 Years, 75ml","Aquafresh Kids Little Teeth Toothpaste 3-5 Years, 75ml",waitrose,2.3,3.067,toothpaste,Aquafresh
"Aquafresh Kids Big Teeth Toothpaste 6-8 Years, 75ml","Aquafresh Kids Big Teeth Toothpaste 6-8 Years, 75ml",waitrose,2.3,3.067,toothpaste,Aquafresh
Oral-B Pro Expert Protection Toothpaste,Oral-B Pro Expert Protection Toothpaste,waitrose,4.0,2.6670000000000003,toothpaste,Oral-B
Aussie Mega Shampoo,Aussie Mega Shampoo,waitrose,5.25,1.75,shampoo,Aussie
Essential Daily Care Shampoo,Daily Care Shampoo,waitrose,1.75,0.583,shampoo,Waitrose
Pantene Grow Strong Shampoo,Pantene Grow Strong Shampoo,waitrose,6.8,1.7,shampoo,Pantene
Head & Shoulders Classic Clean Shampoo,Head & Shoulders Classic Clean Shampoo,waitrose,5.25,1.3130000000000002,shampoo,Head
Herbal Essence Argan Oil Repair Shampoo,Herbal Essence Argan Oil Repair Shampoo,waitrose,3.15,0.9,shampoo,Herbal
Evian Still Mineral Water,Evian Still Mineral Water,waitrose,6.25,0.0689999999999999,still water,Evian
Essential Still Natural Mineral Water,Still Natural Mineral Water,waitrose,2.15,0.027,still water,Waitrose
Evian Still Mineral Water,Evian Still Mineral Water,waitrose,3.6,0.12,still water,Evian
Evian Still Mineral Water Sportscap,Evian Still Mineral Water Sportscap,waitrose,2.8,0.003,still water,Evian
Highland Spring Still Water,Highland Spring Still Water,waitrose,4.75,0.053,still water,Highland
Aussie Mega Hair Conditioner,Aussie Mega Hair Conditioner,waitrose,5.25,2.625,conditioner hair,Aussie
Aussie Miracle Moist Hair Conditioner,Aussie Miracle Moist Hair Conditioner,waitrose,5.25,2.625,conditioner hair,Aussie
Pantene Miracles Bond Repair Conditioner,Pantene Miracles Bond Repair Conditioner,waitrose,6.8,4.25,conditioner hair,Pantene
Head & Shoulders Supreme Moisture Conditioner,Head & Shoulders Supreme Moisture Conditioner,waitrose,5.25,1.909,conditioner hair,Head
Robinsons Orange No Added Sugar Squash,Robinsons Orange No Added Sugar Squash,waitrose,2.1,0.21,squash cordial,Robinsons
Essential No Added Sugar Apple & Blackcurrant Squash,No Added Sugar Apple & Blackcurrant Squash,waitrose,1.5,0.1,squash cordial,Waitrose
Robinsons Apple & Blackcurrant No Added Sugar Squash,Robinsons Apple & Blackcurrant No Added Sugar Squash,waitrose,2.1,0.21,squash cordial,Robinsons
Robinsons Fruit & Barley Apple & Pear Squash,Robinsons Fruit & Barley Apple & Pear Squash,waitrose,2.3,0.2299999999999999,squash cordial,Robinsons
Essential No Added Sugar Orange Squash,No Added Sugar Orange Squash,waitrose,1.5,0.1,squash cordial,Waitrose
Faith in Nature Grapefruit & Orange Hand Wash,Faith in Nature Grapefruit & Orange Hand Wash,waitrose,5.0,1.25,hand soap,Faith
Ecover Hand Soap Citrus,Ecover Hand Soap Citrus,waitrose,2.4,0.96,hand soap,Ecover
Faith in Nature Wild Rose Hand Wash,Faith in Nature Wild Rose Hand Wash,waitrose,5.0,1.25,hand soap,Faith
Ecover Hand Soap Lavender & Aloe Vera,Ecover Hand Soap Lavender & Aloe Vera,waitrose,2.4,0.96,hand soap,Ecover
Faith in Nature Aloe Vera Soap,Faith in Nature Aloe Vera Soap,waitrose,3.5,3.5,hand soap,Faith
Essential Frozen British Garden Peas,Frozen British Garden Peas,waitrose,1.25,0.172,frozen peas,Waitrose
Essential Frozen British Garden Peas,Frozen British Garden Peas,waitrose,2.25,0.18,frozen peas,Waitrose
Essential Frozen British Petits Pois,Frozen British Petits Pois,waitrose,1.65,0.2279999999999999,frozen peas,Waitrose
Rock Face Antiperspirant Deodorant,Rock Face Antiperspirant Deodorant,waitrose,4.0,2.0,deodorant,Rock
Sure Women Cotton Dry Roll-On Deodorant,Sure Women Cotton Dry Roll-On Deodorant,waitrose,1.16,2.32,deodorant,Sure
Wild Navy Case and Sandalwood & Cedar Deodorant Refill,Wild Navy Case and Sandalwood & Cedar Deodorant Refill,waitrose,13.65,34.125,deodorant,Wild
Dove Anti-perspirant Deodorant Fresh,Dove Anti-perspirant Deodorant Fresh,waitrose,4.1,2.05,deodorant,Dove
Essential Frozen Supersweet Sweetcorn,Frozen Supersweet Sweetcorn,waitrose,1.4,0.187,frozen sweetcorn,Waitrose
Duchy Organic Frozen Sweetcorn,Frozen Sweetcorn,waitrose,2.1,0.42,frozen sweetcorn,Duchy Organic
Birds Eye Supersweet Sweetcorn,Birds Eye Supersweet Sweetcorn,waitrose,2.25,0.352,frozen sweetcorn,Birds
Essential Frozen Sliced Carrots,Frozen Sliced Carrots,waitrose,1.1,0.122,frozen sweetcorn,Waitrose
Birds Eye Garden Peas & Sweetcorn,Birds Eye Garden Peas & Sweetcorn,waitrose,2.25,0.352,frozen sweetcorn,Birds
Duchy Organic Frozen Vegetable Mix,Frozen Vegetable Mix,waitrose,2.95,0.393,frozen mixed vegetables,Duchy Organic
Waitrose Frozen Grilled Vegetable Mix,Frozen Grilled Vegetable Mix,waitrose,2.9,0.58,frozen mixed vegetables,Waitrose
Essential Frozen British Chunky Vegetable Mix,Frozen British Chunky Vegetable Mix,waitrose,1.6,0.213,frozen mixed vegetables,Waitrose
Essential Mixed Vegetables,Mixed Vegetables,waitrose,1.65,0.1649999999999999,frozen mixed vegetables,Waitrose
Waitrose Frozen Fine Cut Vegetable Steamers,Frozen Fine Cut Vegetable Steamers,waitrose,2.75,0.43,frozen mixed vegetables,Waitrose
Gillette Fusion Blades,Gillette Fusion Blades,waitrose,13.65,,razor blades,Gillette
"Gillette Fusion 5, 11 Razor Blade Refills","Gillette Fusion 5, 11 Razor Blade Refills",waitrose,28.35,,razor blades,Gillette
Gillette Mach 3 Razor Blades,Gillette Mach 3 Razor Blades,waitrose,23.1,,razor blades,Gillette
Essential Frozen Straight Cut Oven Chips,Frozen Straight Cut Oven Chips,waitrose,1.75,0.194,frozen chips oven,Waitrose
Essential Frozen Crinkle Cut Oven Chips,Frozen Crinkle Cut Oven Chips,waitrose,1.75,0.194,frozen chips oven,Waitrose
Strong Roots Oven Baked Sweet Potato Fries,Strong Roots Oven Baked Sweet Potato Fries,waitrose,3.85,0.77,frozen chips oven,Strong
Crosta Mollica Pizza Margherita,Crosta Mollica Pizza Margherita,waitrose,4.4,1.092,frozen pizza,Crosta
Crosta Mollica 2 Frozen Stromboli Sourdough Pizzas,Crosta Mollica 2 Frozen Stromboli Sourdough Pizzas,waitrose,6.0,1.382,frozen pizza,Crosta
Crosta Mollica Frozen Regina Sourdough Pizza,Crosta Mollica Frozen Regina Sourdough Pizza,waitrose,6.0,1.1720000000000002,frozen pizza,Crosta
Crosta Mollica 2 Frozen Vegana Sourdough Pizzas,Crosta Mollica 2 Frozen Vegana Sourdough Pizzas,waitrose,6.0,1.1949999999999998,frozen pizza,Crosta
Crosta Mollica Pizza Stromboli,Crosta Mollica Pizza Stromboli,waitrose,4.4,0.985,frozen pizza,Crosta
Whole Creations Gluten Free Garlic Bread Baguette,Whole Creations Gluten Free Garlic Bread Baguette,waitrose,2.1,1.105,frozen garlic bread,Whole
Essential 2 Garlic Baguettes,2 Garlic Baguettes,waitrose,1.25,0.37,frozen garlic bread,Waitrose
Crosta Mollica Roast Garlic & Mozzarella Flatbread,Crosta Mollica Roast Garlic & Mozzarella Flatbread,waitrose,3.25,1.419,frozen garlic bread,Crosta
Carte D'Or Madagascan Vanilla Ice Cream Tub,Carte D'Or Madagascan Vanilla Ice Cream Tub,waitrose,2.5,0.2779999999999999,vanilla ice cream,Carte
No.1 Madagascan Vanilla Ice Cream,Madagascan Vanilla Ice Cream,waitrose,3.5,0.7,vanilla ice cream,No.1
Duchy Organic Vanilla Ice Cream,Vanilla Ice Cream,waitrose,3.75,0.7809999999999999,vanilla ice cream,Duchy Organic
Halo Top Gooey Brownie Ice Cream,Halo Top Gooey Brownie Ice Cream,waitrose,5.5,1.1960000000000002,chocolate ice cream,Halo
No.1 Santo Domingo Chocolate Ice Cream,Santo Domingo Chocolate Ice Cream,waitrose,3.5,0.73,chocolate ice cream,No.1
Halo Top Honeycomb Crunch Ice Cream,Halo Top Honeycomb Crunch Ice Cream,waitrose,5.5,1.1960000000000002,chocolate ice cream,Halo
Waitrose Chocolate Dairy Ice Cream,Chocolate Dairy Ice Cream,waitrose,3.55,0.355,chocolate ice cream,Waitrose
Jude's Chocolate Guinness Cake Ice Cream,Jude's Chocolate Guinness Cake Ice Cream,waitrose,5.75,1.25,chocolate ice cream,Jude's
Solero Mini Exotic & Berry Bliss Ice Cream Lollies,Solero Mini Exotic & Berry Bliss Ice Cream Lollies,waitrose,3.5,1.167,ice lollies,Solero
Remeo Mango Ice Lollies,Remeo Mango Ice Lollies,waitrose,4.5,1.6670000000000005,ice lollies,Remeo
Little Jude's Milk Ice Lollies,Little Jude's Milk Ice Lollies,waitrose,3.5,1.296,ice lollies,Little
Calippo Mini Orange & Lemon-Lime Ice Lollies,Calippo Mini Orange & Lemon-Lime Ice Lollies,waitrose,3.0,0.75,ice lollies,Calippo
Essential 10 Frozen Cod Fish Fingers MSC,10 Frozen Cod Fish Fingers MSC,waitrose,3.0,1.0,frozen fish fingers,Waitrose
Birds Eye 32 Omega 3 Fish Fingers,Birds Eye 32 Omega 3 Fish Fingers,waitrose,5.35,0.597,frozen fish fingers,Birds
Waitrose Frozen 6 Battered Haddock Fish Fingers,Frozen 6 Battered Haddock Fish Fingers,waitrose,4.5,1.364,frozen fish fingers,Waitrose
Waitrose 6 Frozen Breaded Cod Fingers,6 Frozen Breaded Cod Fingers,waitrose,4.5,1.364,frozen fish fingers,Waitrose
Birds Eye 10 Cod Fish Fingers,Birds Eye 10 Cod Fish Fingers,waitrose,4.7,1.6789999999999998,frozen fish fingers,Birds
Walkers Ready Salted Multipack Crisps,Walkers Ready Salted Multipack Crisps,waitrose,2.35,1.567,ready salted crisps,Walkers
Essential Ready Salted Multipack Crisps,Ready Salted Multipack Crisps,waitrose,1.2,0.8,ready salted crisps,Waitrose
Walkers Ready Salted Multipack Crisps,Walkers Ready Salted Multipack Crisps,waitrose,3.35,1.117,ready salted crisps,Walkers
Walkers Sharing Bag Ready Salted Crisps,Walkers Sharing Bag Ready Salted Crisps,waitrose,1.5,1.0,ready salted crisps,Walkers
Walkers Cheese & Onion Multipack Crisps,Walkers Cheese & Onion Multipack Crisps,waitrose,2.35,1.567,cheese onion crisps,Walkers
Essential Cheese & Onion Multipack Crisps,Cheese & Onion Multipack Crisps,waitrose,1.2,0.8,cheese onion crisps,Waitrose
Walkers Less Salt Mild Cheese & Onion Multipack Crisps,Walkers Less Salt Mild Cheese & Onion Multipack Crisps,waitrose,2.35,1.567,cheese onion crisps,Walkers
Hula Hoops Cheese & Onion Multipack,Hula Hoops Cheese & Onion Multipack,waitrose,1.75,1.216,cheese onion crisps,Hula
Kettle Chips Mature Cheddar & Red Onion,Kettle Chips Mature Cheddar & Red Onion,waitrose,1.65,1.27,cheese onion crisps,Kettle
Tyrrells Sea Salt & Cider Vinegar Crisps,Tyrrells Sea Salt & Cider Vinegar Crisps,waitrose,2.75,1.8329999999999995,salt vinegar crisps,Tyrrells
Walkers Salt & Vinegar Multipack Crisps,Walkers Salt & Vinegar Multipack Crisps,waitrose,2.35,1.567,salt vinegar crisps,Walkers
Tyrrells Furrows Salt & Vinegar Crisps,Tyrrells Furrows Salt & Vinegar Crisps,waitrose,1.75,1.167,salt vinegar crisps,Tyrrells
Chipsticks Salt & Vinegar Multipack Crisps,Chipsticks Salt & Vinegar Multipack Crisps,waitrose,1.5,1.471,salt vinegar crisps,Chipsticks
Walkers Squares Salt & Vinegar Crisps Multipack Snacks,Walkers Squares Salt & Vinegar Crisps Multipack Snacks,waitrose,1.75,,salt vinegar crisps,Walkers
Doritos Cool Original Tortilla Chips Sharing Bag Crisps 180g,Doritos Cool Original Tortilla Chips Sharing Bag Crisps 180g,waitrose,2.5,1.389,tortilla chips,Doritos
Essential Tortilla Chips Salted,Tortilla Chips Salted,waitrose,1.1,0.55,tortilla chips,Waitrose
Doritos Dip or Load Salted Tortilla Chips Sharing Crisps,Doritos Dip or Load Salted Tortilla Chips Sharing Crisps,waitrose,1.75,0.761,tortilla chips,Doritos
Blanco Niño Lightly Salted Tortilla Chips,Blanco Niño Lightly Salted Tortilla Chips,waitrose,2.25,1.324,tortilla chips,Blanco
Doritos Tangy Cheese Tortilla Chips Sharing Bag Crisps,Doritos Tangy Cheese Tortilla Chips Sharing Bag Crisps,waitrose,2.5,1.389,tortilla chips,Doritos
Waitrose Mixed Nuts,Mixed Nuts,waitrose,11.0,1.467,mixed nuts,Waitrose
Waitrose Mixed Nuts,Mixed Nuts,waitrose,6.75,1.688,mixed nuts,Waitrose
Waitrose Mixed Nuts,Mixed Nuts,waitrose,5.0,2.0,mixed nuts,Waitrose
Waitrose Roasted & Salted Mixed Nuts Can,Roasted & Salted Mixed Nuts Can,waitrose,5.75,1.9170000000000005,mixed nuts,Waitrose
Waitrose Essential Roasted Salted Mixed Nuts,Roasted Salted Mixed Nuts,waitrose,3.0,1.5,mixed nuts,Waitrose
Proper Corn Sweet & Salty Popcorn,Proper Corn Sweet & Salty Popcorn,waitrose,2.1,2.3329999999999997,popcorn,Proper
Waitrose Sweet & Salty Popcorn Sharing Bag,Sweet & Salty Popcorn Sharing Bag,waitrose,1.2,1.2,popcorn,Waitrose
Joe & Seph's Toffee Gourmet Popcorn,Joe & Seph's Toffee Gourmet Popcorn,waitrose,2.75,2.037,popcorn,Joe
Proper Corn Sweet & Salty Popcorn,Proper Corn Sweet & Salty Popcorn,waitrose,1.5,1.786,popcorn,Proper
Proper Corn Lightly Sea Salted Popcorn,Proper Corn Lightly Sea Salted Popcorn,waitrose,2.1,3.0,popcorn,Proper
Green & Black's Organic Ginger Dark Chocolate Bar,Green & Black's Organic Ginger Dark Chocolate Bar,waitrose,3.5,3.889,chocolate bar,Green
Lindt Excellence Milk Extra Creamy Chocolate Bar,Lindt Excellence Milk Extra Creamy Chocolate Bar,waitrose,3.25,3.25,chocolate bar,Lindt
Essential Dark Chocolate Digestive Biscuits,Dark Chocolate Digestive Biscuits,waitrose,1.3,0.433,biscuits digestive,Waitrose
Essential Digestive Biscuits,Digestive Biscuits,waitrose,1.88,0.188,biscuits digestive,Waitrose
Essential Milk Chocolate Digestive Biscuits,Milk Chocolate Digestive Biscuits,waitrose,1.3,0.433,biscuits digestive,Waitrose
McVitie's Dark Chocolate Digestive Biscuits,McVitie's Dark Chocolate Digestive Biscuits,waitrose,2.35,0.883,biscuits digestive,McVitie's
McVitie's Milk Chocolate Digestive Biscuits,McVitie's Milk Chocolate Digestive Biscuits,waitrose,2.35,0.883,biscuits digestive,McVitie's
Border Dark Chocolate Gingers,Border Dark Chocolate Gingers,waitrose,2.35,1.567,biscuits chocolate,Border
Bahlsen PiCK UP! Dark Chocolate Biscuits,Bahlsen PiCK UP! Dark Chocolate Biscuits,waitrose,1.5,1.072,biscuits chocolate,Bahlsen
Bahlsen PiCK UP! Milk Chocolate Biscuits,Bahlsen PiCK UP! Milk Chocolate Biscuits,waitrose,1.5,1.072,biscuits chocolate,Bahlsen
Border Chocolate & Ginger Bars,Border Chocolate & Ginger Bars,waitrose,2.1,1.458,biscuits chocolate,Border
Fairy Platinum Quick wash Original Washing Up Liquid,Fairy Platinum Quick wash Original Washing Up Liquid,waitrose,3.0,0.3339999999999999,washing up liquid,Fairy
Essential Washing Up Liquid Citrus,Washing Up Liquid Citrus,waitrose,1.6,0.16,washing up liquid,Waitrose
Fairy Max Power Anti-Bac Hand Dishwashing Liquid,Fairy Max Power Anti-Bac Hand Dishwashing Liquid,waitrose,3.5,0.48,washing up liquid,Fairy
Fairy Original Washing Up Liquid,Fairy Original Washing Up Liquid,waitrose,1.0,0.313,washing up liquid,Fairy
Ecover Power Washing Up Liquid 950ml,Ecover Power Washing Up Liquid 950ml,waitrose,3.96,0.417,washing up liquid,Ecover
Dettol Antibacterial Kitchen Surface Hob Cleaner Spray,Dettol Antibacterial Kitchen Surface Hob Cleaner Spray,waitrose,2.3,0.307,surface cleaner antibacterial,Dettol
Dettol Antibacterial Multi Surface Cleaning Wipes,Dettol Antibacterial Multi Surface Cleaning Wipes,waitrose,2.5,,surface cleaner antibacterial,Dettol
Dettol Antibacterial Multi Surface Cleaning Spray,Dettol Antibacterial Multi Surface Cleaning Spray,waitrose,2.3,0.307,surface cleaner antibacterial,Dettol
Dettol Antibacterial Multi Surface Cleaning Spray Lime & Mint,Dettol Antibacterial Multi Surface Cleaning Spray Lime & Mint,waitrose,2.9,0.387,surface cleaner antibacterial,Dettol
Dettol Antibacterial Multi Surface Cleaning Wipes Citrus,Dettol Antibacterial Multi Surface Cleaning Wipes Citrus,waitrose,4.2,,surface cleaner antibacterial,Dettol
Persil Non Bio Fabric Cleaning Washing Powder 60W,Persil Non Bio Fabric Cleaning Washing Powder 60W,waitrose,10.0,0.3339999999999999,washing capsules laundry,Persil
Persil 3 in 1 Non Bio Laundry Washing Capsules,Persil 3 in 1 Non Bio Laundry Washing Capsules,waitrose,8.95,,washing capsules laundry,Persil
Persil 3 in 1 Bio Laundry Washing Capsules,Persil 3 in 1 Bio Laundry Washing Capsules,waitrose,8.95,,washing capsules laundry,Persil
Persil Pure Heaven Scent Non Bio Laundry Washing Detergent Capsules 44 Washes,Persil Pure Heaven Scent Non Bio Laundry Washing Detergent Capsules 44 Washes,waitrose,11.0,,washing capsules laundry,Persil
Fairy Non Bio Washing Capsules,Fairy Non Bio Washing Capsules,waitrose,10.5,,washing capsules laundry,Fairy
Lenor Outdoorable Spring Awakening Fabric Conditioner,Lenor Outdoorable Spring Awakening Fabric Conditioner,waitrose,3.5,0.417,fabric conditioner,Lenor
Comfort Pure Fabric Conditioner for Sensitive Skin Large,Comfort Pure Fabric Conditioner for Sensitive Skin Large,waitrose,5.5,0.229,fabric conditioner,Comfort
Fairy Fabric Conditioner for Sensitive Skin 85W,Fairy Fabric Conditioner for Sensitive Skin 85W,waitrose,6.0,0.2279999999999999,fabric conditioner,Fairy
Fairy Outdoorable Fabric Conditioner,Fairy Outdoorable Fabric Conditioner,waitrose,4.5,0.383,fabric conditioner,Fairy
Who Gives A Crap 50% Longer Kitchen Roll,Who Gives A Crap 50% Longer Kitchen Roll,waitrose,3.25,,kitchen roll,Who
Essential Kitchen Rolls,Kitchen Rolls,waitrose,4.3,,kitchen roll,Waitrose
Waitrose Essential Kitchen Rolls 2s,Kitchen Rolls 2s,waitrose,2.7,,kitchen roll,Waitrose
Plenty Original Kitchen 2 Rolls,Plenty Original Kitchen 2 Rolls,waitrose,2.7,,kitchen roll,Plenty
Plenty Original Kitchen Roll 4 Rolls,Plenty Original Kitchen Roll 4 Rolls,waitrose,9.2,,kitchen roll,Plenty
Andrex Ultimate Quilts Toilet Tissue Standard Roll,Andrex Ultimate Quilts Toilet Tissue Standard Roll,waitrose,5.0,,toilet roll,Andrex
Andrex Complete Clean Toilet Tissue Standard Roll,Andrex Complete Clean Toilet Tissue Standard Roll,waitrose,6.6,,toilet roll,Andrex
Andrex Complete Clean Toilet Tissue MEGA Roll 12 Rolls,Andrex Complete Clean Toilet Tissue MEGA Roll 12 Rolls,waitrose,8.0,,toilet roll,Andrex
Who Gives A Crap Extra Soft Toilet Tissue 12 Mega Rolls,Who Gives A Crap Extra Soft Toilet Tissue 12 Mega Rolls,waitrose,12.85,,toilet roll,Who
BEAST Super Strong Drawstring Bin Bags 70L,BEAST Super Strong Drawstring Bin Bags 70L,waitrose,3.95,,bin bags,BEAST
Waitrose Tie Handle Refuse Bags,Tie Handle Refuse Bags,waitrose,2.95,,bin bags,Waitrose
Waitrose Swing Bin Liners,Swing Bin Liners,waitrose,2.25,,bin bags,Waitrose
Essential Pedal Bin Liners Tie Handles,Pedal Bin Liners Tie Handles,waitrose,2.35,,bin bags,Waitrose
Essential Tie Handle Swing Bin Liners,Tie Handle Swing Bin Liners,waitrose,2.95,,bin bags,Waitrose
Waitrose 40m x 350mm NON PVC Cling Film,40m x 350mm NON PVC Cling Film,waitrose,2.4,,cling film,Waitrose
Bacofoil Cling Film PVC Free,Bacofoil Cling Film PVC Free,waitrose,3.0,,cling film,Bacofoil
Waitrose 75m x 350mm Non-PVC Cling Film,75m x 350mm Non-PVC Cling Film,waitrose,4.15,,cling film,Waitrose
Essential Aluminium Foil 10m x 300mm,Aluminium Foil 10m x 300mm,waitrose,1.6,,tin foil,Waitrose
Waitrose 20m Extra Strong Kitchen Foil,20m Extra Strong Kitchen Foil,waitrose,3.8,,tin foil,Waitrose
Waitrose 10M Kitchen Foil,10M Kitchen Foil,waitrose,3.6,,tin foil,Waitrose
Waitrose Extra Strong Kitchen Foil 10m x 300mm,Extra Strong Kitchen Foil 10m x 300mm,waitrose,2.25,,tin foil,Waitrose
Bacofoil Non-Stick Kitchen Foil 5m,Bacofoil Non-Stick Kitchen Foil 5m,waitrose,3.75,,tin foil,Bacofoil
